# Blender 5.0.1
# www.blender.org
mtllib CandleHolder.mtl
o Circle
v 0.000000 -7.243724 -9.999999
v -1.950903 -7.243724 -9.807852
v -3.826835 -7.243723 -9.238794
v -5.555702 -7.243723 -8.314695
v -7.071068 -7.243723 -7.071067
v -8.314696 -7.243723 -5.555702
v -9.238795 -7.243723 -3.826834
v -9.807853 -7.243723 -1.950902
v -10.000000 -7.243723 0.000001
v -9.807853 -7.243723 1.950904
v -9.238795 -7.243722 3.826835
v -8.314696 -7.243722 5.555703
v -7.071068 -7.243722 7.071068
v -5.555702 -7.243722 8.314697
v -3.826835 -7.243722 9.238796
v -1.950903 -7.243722 9.807854
v 0.000000 -7.243722 10.000001
v 1.950903 -7.243722 9.807854
v 3.826835 -7.243722 9.238796
v 5.555702 -7.243722 8.314697
v 7.071068 -7.243722 7.071068
v 8.314696 -7.243722 5.555703
v 9.238795 -7.243722 3.826835
v 9.807853 -7.243723 1.950904
v 10.000000 -7.243723 0.000001
v 9.807853 -7.243723 -1.950902
v 9.238795 -7.243723 -3.826834
v 8.314696 -7.243723 -5.555702
v 7.071068 -7.243723 -7.071067
v 5.555702 -7.243723 -8.314695
v 3.826835 -7.243723 -9.238794
v 1.950903 -7.243724 -9.807852
v 0.000000 -5.341082 -10.000000
v -1.950903 -5.341082 -9.807853
v -3.826835 -5.341082 -9.238795
v -5.555702 -5.341082 -8.314696
v -7.071068 -5.341082 -7.071067
v -8.314696 -5.341082 -5.555702
v -9.238795 -5.341082 -3.826834
v -9.807853 -5.341081 -1.950903
v -10.000000 -5.341081 0.000000
v -9.807853 -5.341081 1.950903
v -9.238795 -5.341081 3.826835
v -8.314696 -5.341081 5.555703
v -7.071068 -5.341081 7.071068
v -5.555702 -5.341081 8.314696
v -3.826835 -5.341081 9.238795
v -1.950903 -5.341080 9.807853
v 0.000000 -5.341080 10.000000
v 1.950903 -5.341080 9.807853
v 3.826835 -5.341081 9.238795
v 5.555702 -5.341081 8.314696
v 7.071068 -5.341081 7.071068
v 8.314696 -5.341081 5.555703
v 9.238795 -5.341081 3.826835
v 9.807853 -5.341081 1.950903
v 10.000000 -5.341081 0.000000
v 9.807853 -5.341081 -1.950903
v 9.238795 -5.341082 -3.826834
v 8.314696 -5.341082 -5.555702
v 7.071068 -5.341082 -7.071067
v 5.555702 -5.341082 -8.314696
v 3.826835 -5.341082 -9.238795
v 1.950903 -5.341082 -9.807853
v 0.000000 -7.338857 -10.999999
v -2.145993 -7.338857 -10.788636
v -4.209518 -7.338857 -10.162673
v -6.111273 -7.338857 -9.146165
v -7.778175 -7.338857 -7.778174
v -9.146166 -7.338857 -6.111272
v -10.162674 -7.338857 -4.209517
v -10.788637 -7.338856 -2.145993
v -11.000000 -7.338856 0.000001
v -10.788637 -7.338856 2.145993
v -10.162674 -7.338856 4.209518
v -9.146166 -7.338856 6.111273
v -7.778175 -7.338856 7.778175
v -6.111273 -7.338856 9.146167
v -4.209518 -7.338855 10.162675
v -2.145993 -7.338855 10.788638
v 0.000000 -7.338855 11.000001
v 2.145993 -7.338855 10.788638
v 4.209518 -7.338855 10.162675
v 6.111273 -7.338856 9.146167
v 7.778175 -7.338856 7.778175
v 9.146166 -7.338856 6.111273
v 10.162674 -7.338856 4.209518
v 10.788637 -7.338856 2.145993
v 11.000000 -7.338856 0.000001
v 10.788637 -7.338856 -2.145993
v 10.162674 -7.338857 -4.209517
v 9.146166 -7.338857 -6.111272
v 7.778175 -7.338857 -7.778174
v 6.111273 -7.338857 -9.146165
v 4.209518 -7.338857 -10.162673
v 2.145993 -7.338857 -10.788636
v 0.000000 -5.245950 -11.000000
v -2.145993 -5.245950 -10.788637
v -4.209518 -5.245950 -10.162674
v -6.111273 -5.245949 -9.146166
v -7.778175 -5.245949 -7.778174
v -9.146166 -5.245949 -6.111272
v -10.162674 -5.245949 -4.209517
v -10.788637 -5.245949 -2.145993
v -11.000000 -5.245949 0.000000
v -10.788637 -5.245949 2.145993
v -10.162674 -5.245948 4.209518
v -9.146166 -5.245948 6.111273
v -7.778175 -5.245948 7.778175
v -6.111273 -5.245948 9.146166
v -4.209518 -5.245948 10.162674
v -2.145993 -5.245948 10.788637
v 0.000000 -5.245948 11.000000
v 2.145993 -5.245948 10.788637
v 4.209518 -5.245948 10.162674
v 6.111273 -5.245948 9.146166
v 7.778175 -5.245948 7.778175
v 9.146166 -5.245948 6.111273
v 10.162674 -5.245948 4.209518
v 10.788637 -5.245949 2.145993
v 11.000000 -5.245949 0.000000
v 10.788637 -5.245949 -2.145993
v 10.162674 -5.245949 -4.209517
v 9.146166 -5.245949 -6.111272
v 7.778175 -5.245949 -7.778174
v 6.111273 -5.245949 -9.146166
v 4.209518 -5.245950 -10.162674
v 2.145993 -5.245950 -10.788637
vn 0.9569 -0.0000 -0.2903
vn -0.9952 -0.0000 -0.0980
vn 0.8819 -0.0000 -0.4714
vn -0.9952 -0.0000 0.0980
vn 0.7730 -0.0000 -0.6344
vn -0.9569 -0.0000 0.2903
vn 0.6344 -0.0000 -0.7730
vn -0.8819 -0.0000 0.4714
vn 0.4714 -0.0000 -0.8819
vn 0.0980 -0.0000 0.9952
vn -0.7730 -0.0000 0.6344
vn 0.2903 -0.0000 -0.9569
vn 0.2903 -0.0000 0.9569
vn -0.6344 -0.0000 0.7730
vn 0.0980 -0.0000 -0.9952
vn 0.4714 -0.0000 0.8819
vn -0.4714 -0.0000 0.8819
vn -0.0980 -0.0000 -0.9952
vn 0.6344 -0.0000 0.7730
vn -0.2903 -0.0000 0.9569
vn -0.2903 -0.0000 -0.9569
vn 0.7730 -0.0000 0.6344
vn -0.0980 -0.0000 0.9952
vn -0.4714 -0.0000 -0.8819
vn 0.8819 -0.0000 0.4714
vn -0.6344 -0.0000 -0.7730
vn 0.9569 -0.0000 0.2903
vn -0.7730 -0.0000 -0.6344
vn 0.9952 -0.0000 0.0980
vn -0.8819 -0.0000 -0.4714
vn 0.9952 -0.0000 -0.0980
vn -0.9569 -0.0000 -0.2903
vn 0.0276 0.9955 -0.0911
vn -0.0736 -0.9955 -0.0604
vn 0.0093 0.9955 -0.0947
vn -0.0839 -0.9955 -0.0449
vn -0.0093 0.9955 -0.0947
vn -0.0911 -0.9955 -0.0276
vn -0.0276 0.9955 -0.0911
vn -0.0947 -0.9955 -0.0093
vn -0.0449 0.9955 -0.0839
vn -0.0947 -0.9955 0.0093
vn -0.0604 0.9955 -0.0736
vn -0.0911 -0.9955 0.0276
vn -0.0736 0.9955 -0.0604
vn -0.0839 -0.9955 0.0449
vn 0.0093 -0.9955 0.0947
vn -0.0839 0.9955 -0.0449
vn -0.0736 -0.9955 0.0604
vn 0.0276 -0.9955 0.0911
vn -0.0911 0.9955 -0.0276
vn -0.0604 -0.9955 0.0736
vn 0.0449 -0.9955 0.0839
vn -0.0947 0.9955 -0.0093
vn -0.0449 -0.9955 0.0839
vn 0.0604 -0.9955 0.0736
vn -0.0947 0.9955 0.0093
vn -0.0276 -0.9955 0.0911
vn 0.0736 -0.9955 0.0604
vn -0.0911 0.9955 0.0276
vn -0.0093 -0.9955 0.0947
vn 0.0839 -0.9955 0.0449
vn -0.0839 0.9955 0.0449
vn 0.0093 0.9955 0.0947
vn 0.0911 -0.9955 0.0276
vn -0.0736 0.9955 0.0604
vn 0.0276 0.9955 0.0911
vn 0.0947 -0.9955 0.0093
vn -0.0604 0.9955 0.0736
vn 0.0449 0.9955 0.0839
vn 0.0947 -0.9955 -0.0093
vn -0.0449 0.9955 0.0839
vn 0.0604 0.9955 0.0736
vn 0.0911 -0.9955 -0.0276
vn -0.0276 0.9955 0.0911
vn 0.0736 0.9955 0.0604
vn 0.0839 -0.9955 -0.0449
vn -0.0093 0.9955 0.0947
vn 0.0839 0.9955 0.0449
vn 0.0736 -0.9955 -0.0604
vn 0.0911 0.9955 0.0276
vn 0.0604 -0.9955 -0.0736
vn 0.0947 0.9955 0.0093
vn 0.0449 -0.9955 -0.0839
vn 0.0947 0.9955 -0.0093
vn 0.0276 -0.9955 -0.0911
vn 0.0911 0.9955 -0.0276
vn 0.0093 -0.9955 -0.0947
vn 0.0839 0.9955 -0.0449
vn -0.0093 -0.9955 -0.0947
vn 0.0736 0.9955 -0.0604
vn -0.0276 -0.9955 -0.0911
vn 0.0604 0.9955 -0.0736
vn -0.0449 -0.9955 -0.0839
vn 0.0449 0.9955 -0.0839
vn -0.0604 -0.9955 -0.0736
vt 0.000000 0.000000
s 1
usemtl Material.002
f 11/1/1 10/1/1 42/1/1 43/1/1
f 25/1/2 24/1/2 56/1/2 57/1/2
f 12/1/3 11/1/3 43/1/3 44/1/3
f 26/1/4 25/1/4 57/1/4 58/1/4
f 13/1/5 12/1/5 44/1/5 45/1/5
f 27/1/6 26/1/6 58/1/6 59/1/6
f 14/1/7 13/1/7 45/1/7 46/1/7
f 28/1/8 27/1/8 59/1/8 60/1/8
f 15/1/9 14/1/9 46/1/9 47/1/9
f 2/1/10 1/1/10 33/1/10 34/1/10
f 29/1/11 28/1/11 60/1/11 61/1/11
f 16/1/12 15/1/12 47/1/12 48/1/12
f 3/1/13 2/1/13 34/1/13 35/1/13
f 30/1/14 29/1/14 61/1/14 62/1/14
f 17/1/15 16/1/15 48/1/15 49/1/15
f 4/1/16 3/1/16 35/1/16 36/1/16
f 31/1/17 30/1/17 62/1/17 63/1/17
f 18/1/18 17/1/18 49/1/18 50/1/18
f 5/1/19 4/1/19 36/1/19 37/1/19
f 32/1/20 31/1/20 63/1/20 64/1/20
f 19/1/21 18/1/21 50/1/21 51/1/21
f 6/1/22 5/1/22 37/1/22 38/1/22
f 1/1/23 32/1/23 64/1/23 33/1/23
f 20/1/24 19/1/24 51/1/24 52/1/24
f 7/1/25 6/1/25 38/1/25 39/1/25
f 21/1/26 20/1/26 52/1/26 53/1/26
f 8/1/27 7/1/27 39/1/27 40/1/27
f 22/1/28 21/1/28 53/1/28 54/1/28
f 9/1/29 8/1/29 40/1/29 41/1/29
f 23/1/30 22/1/30 54/1/30 55/1/30
f 10/1/31 9/1/31 41/1/31 42/1/31
f 24/1/32 23/1/32 55/1/32 56/1/32
f 75/1/6 107/1/6 106/1/6 74/1/6
f 89/1/29 121/1/29 120/1/29 88/1/29
f 76/1/8 108/1/8 107/1/8 75/1/8
f 90/1/31 122/1/31 121/1/31 89/1/31
f 77/1/11 109/1/11 108/1/11 76/1/11
f 91/1/1 123/1/1 122/1/1 90/1/1
f 78/1/14 110/1/14 109/1/14 77/1/14
f 92/1/3 124/1/3 123/1/3 91/1/3
f 79/1/17 111/1/17 110/1/17 78/1/17
f 66/1/18 98/1/18 97/1/18 65/1/18
f 93/1/5 125/1/5 124/1/5 92/1/5
f 80/1/20 112/1/20 111/1/20 79/1/20
f 67/1/21 99/1/21 98/1/21 66/1/21
f 94/1/7 126/1/7 125/1/7 93/1/7
f 81/1/23 113/1/23 112/1/23 80/1/23
f 68/1/24 100/1/24 99/1/24 67/1/24
f 95/1/9 127/1/9 126/1/9 94/1/9
f 82/1/10 114/1/10 113/1/10 81/1/10
f 69/1/26 101/1/26 100/1/26 68/1/26
f 96/1/12 128/1/12 127/1/12 95/1/12
f 83/1/13 115/1/13 114/1/13 82/1/13
f 70/1/28 102/1/28 101/1/28 69/1/28
f 65/1/15 97/1/15 128/1/15 96/1/15
f 84/1/16 116/1/16 115/1/16 83/1/16
f 71/1/30 103/1/30 102/1/30 70/1/30
f 85/1/19 117/1/19 116/1/19 84/1/19
f 72/1/32 104/1/32 103/1/32 71/1/32
f 86/1/22 118/1/22 117/1/22 85/1/22
f 73/1/2 105/1/2 104/1/2 72/1/2
f 87/1/25 119/1/25 118/1/25 86/1/25
f 74/1/4 106/1/4 105/1/4 73/1/4
f 88/1/27 120/1/27 119/1/27 87/1/27
f 47/1/33 111/1/33 112/1/33 48/1/33
f 22/1/34 86/1/34 85/1/34 21/1/34
f 48/1/35 112/1/35 113/1/35 49/1/35
f 23/1/36 87/1/36 86/1/36 22/1/36
f 49/1/37 113/1/37 114/1/37 50/1/37
f 24/1/38 88/1/38 87/1/38 23/1/38
f 50/1/39 114/1/39 115/1/39 51/1/39
f 25/1/40 89/1/40 88/1/40 24/1/40
f 51/1/41 115/1/41 116/1/41 52/1/41
f 26/1/42 90/1/42 89/1/42 25/1/42
f 52/1/43 116/1/43 117/1/43 53/1/43
f 27/1/44 91/1/44 90/1/44 26/1/44
f 53/1/45 117/1/45 118/1/45 54/1/45
f 28/1/46 92/1/46 91/1/46 27/1/46
f 2/1/47 66/1/47 65/1/47 1/1/47
f 54/1/48 118/1/48 119/1/48 55/1/48
f 29/1/49 93/1/49 92/1/49 28/1/49
f 3/1/50 67/1/50 66/1/50 2/1/50
f 55/1/51 119/1/51 120/1/51 56/1/51
f 30/1/52 94/1/52 93/1/52 29/1/52
f 4/1/53 68/1/53 67/1/53 3/1/53
f 56/1/54 120/1/54 121/1/54 57/1/54
f 31/1/55 95/1/55 94/1/55 30/1/55
f 5/1/56 69/1/56 68/1/56 4/1/56
f 57/1/57 121/1/57 122/1/57 58/1/57
f 32/1/58 96/1/58 95/1/58 31/1/58
f 6/1/59 70/1/59 69/1/59 5/1/59
f 58/1/60 122/1/60 123/1/60 59/1/60
f 1/1/61 65/1/61 96/1/61 32/1/61
f 7/1/62 71/1/62 70/1/62 6/1/62
f 59/1/63 123/1/63 124/1/63 60/1/63
f 33/1/64 97/1/64 98/1/64 34/1/64
f 8/1/65 72/1/65 71/1/65 7/1/65
f 60/1/66 124/1/66 125/1/66 61/1/66
f 34/1/67 98/1/67 99/1/67 35/1/67
f 9/1/68 73/1/68 72/1/68 8/1/68
f 61/1/69 125/1/69 126/1/69 62/1/69
f 35/1/70 99/1/70 100/1/70 36/1/70
f 10/1/71 74/1/71 73/1/71 9/1/71
f 62/1/72 126/1/72 127/1/72 63/1/72
f 36/1/73 100/1/73 101/1/73 37/1/73
f 11/1/74 75/1/74 74/1/74 10/1/74
f 63/1/75 127/1/75 128/1/75 64/1/75
f 37/1/76 101/1/76 102/1/76 38/1/76
f 12/1/77 76/1/77 75/1/77 11/1/77
f 64/1/78 128/1/78 97/1/78 33/1/78
f 38/1/79 102/1/79 103/1/79 39/1/79
f 13/1/80 77/1/80 76/1/80 12/1/80
f 39/1/81 103/1/81 104/1/81 40/1/81
f 14/1/82 78/1/82 77/1/82 13/1/82
f 40/1/83 104/1/83 105/1/83 41/1/83
f 15/1/84 79/1/84 78/1/84 14/1/84
f 41/1/85 105/1/85 106/1/85 42/1/85
f 16/1/86 80/1/86 79/1/86 15/1/86
f 42/1/87 106/1/87 107/1/87 43/1/87
f 17/1/88 81/1/88 80/1/88 16/1/88
f 43/1/89 107/1/89 108/1/89 44/1/89
f 18/1/90 82/1/90 81/1/90 17/1/90
f 44/1/91 108/1/91 109/1/91 45/1/91
f 19/1/92 83/1/92 82/1/92 18/1/92
f 45/1/93 109/1/93 110/1/93 46/1/93
f 20/1/94 84/1/94 83/1/94 19/1/94
f 46/1/95 110/1/95 111/1/95 47/1/95
f 21/1/96 85/1/96 84/1/96 20/1/96
o Cube
v 0.500000 -6.267692 -10.007685
v 0.500000 0.528954 -0.657433
v -0.500000 -6.267692 -10.007684
v -0.500000 0.528954 -0.657433
v 0.500000 -5.560742 -10.521562
v 0.500000 1.235903 -1.171310
v -0.500000 -5.560742 -10.521561
v -0.500000 1.235903 -1.171310
vn -0.0000 -0.8089 0.5880
vn -1.0000 -0.0000 -0.0000
vn -0.0000 0.8089 -0.5880
vn 1.0000 -0.0000 -0.0000
vn -0.0000 -0.5880 -0.8089
vn -0.0000 0.5880 0.8089
vt 0.375000 0.000000
vt 0.625000 0.000000
vt 0.625000 0.250000
vt 0.375000 0.250000
vt 0.625000 0.500000
vt 0.375000 0.500000
vt 0.625000 0.750000
vt 0.375000 0.750000
vt 0.625000 1.000000
vt 0.375000 1.000000
vt 0.125000 0.500000
vt 0.125000 0.750000
vt 0.875000 0.500000
vt 0.875000 0.750000
s 1
usemtl Material.002
f 129/2/97 130/3/97 132/4/97 131/5/97
f 131/5/98 132/4/98 136/6/98 135/7/98
f 135/7/99 136/6/99 134/8/99 133/9/99
f 133/9/100 134/8/100 130/10/100 129/11/100
f 131/12/101 135/7/101 133/9/101 129/13/101
f 136/6/102 132/14/102 130/15/102 134/8/102
o Cube.001
v -0.500000 -6.267691 10.007687
v -0.500000 0.528954 0.657435
v 0.500000 -6.267691 10.007687
v 0.500000 0.528954 0.657436
v -0.500000 -5.560741 10.521564
v -0.500000 1.235904 1.171313
v 0.500000 -5.560741 10.521564
v 0.500000 1.235904 1.171313
vn -0.0000 -0.8089 -0.5880
vn 1.0000 -0.0000 -0.0000
vn -0.0000 0.8089 0.5880
vn -1.0000 -0.0000 -0.0000
vn -0.0000 -0.5880 0.8089
vn -0.0000 0.5880 -0.8089
vt 0.375000 0.000000
vt 0.625000 0.000000
vt 0.625000 0.250000
vt 0.375000 0.250000
vt 0.625000 0.500000
vt 0.375000 0.500000
vt 0.625000 0.750000
vt 0.375000 0.750000
vt 0.625000 1.000000
vt 0.375000 1.000000
vt 0.125000 0.500000
vt 0.125000 0.750000
vt 0.875000 0.500000
vt 0.875000 0.750000
s 1
usemtl Material.002
f 137/16/103 138/17/103 140/18/103 139/19/103
f 139/19/104 140/18/104 144/20/104 143/21/104
f 143/21/105 144/20/105 142/22/105 141/23/105
f 141/23/106 142/22/106 138/24/106 137/25/106
f 139/26/107 143/21/107 141/23/107 137/27/107
f 144/20/108 140/28/108 138/29/108 142/22/108
o Cylinder
v 0.000000 20.070415 -3.479082
v 0.000000 24.730202 -3.479083
v 0.678735 20.070415 -3.412232
v 0.678735 24.730202 -3.412233
v 1.331387 20.070415 -3.214252
v 1.331387 24.730202 -3.214253
v 1.932874 20.070415 -2.892751
v 1.932874 24.730202 -2.892752
v 2.460082 20.070415 -2.460083
v 2.460082 24.730202 -2.460084
v 2.892750 20.070415 -1.932876
v 2.892750 24.730202 -1.932876
v 3.214251 20.070415 -1.331389
v 3.214251 24.730202 -1.331389
v 3.412231 20.070415 -0.678737
v 3.412231 24.730202 -0.678737
v 3.479081 20.070415 -0.000002
v 3.479081 24.730202 -0.000002
v 3.412231 20.070415 0.678734
v 3.412231 24.730202 0.678733
v 3.214251 20.070415 1.331385
v 3.214251 24.730202 1.331385
v 2.892750 20.070415 1.932872
v 2.892750 24.730202 1.932872
v 2.460082 20.070415 2.460081
v 2.460082 24.730202 2.460080
v 1.932874 20.070415 2.892749
v 1.932874 24.730202 2.892748
v 1.331387 20.070415 3.214250
v 1.331387 24.730202 3.214249
v 0.678735 20.070415 3.412230
v 0.678735 24.730202 3.412229
v 0.000000 20.070415 3.479079
v 0.000000 24.730202 3.479079
v -0.678735 20.070415 3.412230
v -0.678735 24.730202 3.412229
v -1.331387 20.070415 3.214250
v -1.331387 24.730202 3.214249
v -1.932874 20.070415 2.892749
v -1.932874 24.730202 2.892748
v -2.460082 20.070415 2.460081
v -2.460082 24.730202 2.460080
v -2.892750 20.070415 1.932872
v -2.892750 24.730202 1.932872
v -3.214251 20.070415 1.331385
v -3.214251 24.730202 1.331385
v -3.412231 20.070415 0.678734
v -3.412231 24.730202 0.678733
v -3.479081 20.070415 -0.000002
v -3.479081 24.730202 -0.000002
v -3.412231 20.070415 -0.678737
v -3.412231 24.730202 -0.678737
v -3.214251 20.070415 -1.331389
v -3.214251 24.730202 -1.331389
v -2.892750 20.070415 -1.932876
v -2.892750 24.730202 -1.932876
v -2.460082 20.070415 -2.460083
v -2.460082 24.730202 -2.460084
v -1.932874 20.070415 -2.892751
v -1.932874 24.730202 -2.892752
v -1.331387 20.070415 -3.214252
v -1.331387 24.730202 -3.214253
v -0.678735 20.070415 -3.412232
v -0.678735 24.730202 -3.412233
v 0.000000 19.070429 -1.907841
v -0.163841 19.070429 -1.644184
v -0.101259 19.070429 -1.217578
v 0.101259 19.070429 -1.217578
v 0.163841 19.070429 -1.644184
v 0.000000 17.987896 -1.384319
v -0.237764 18.137499 -1.193011
v -0.146946 18.379560 -0.883468
v 0.146947 18.379560 -0.883468
v 0.237765 18.137499 -1.193011
v 0.000000 17.987896 1.384317
v -0.237764 18.137499 1.193009
v -0.146946 18.379560 0.883466
v 0.146946 18.379560 0.883466
v 0.237764 18.137499 1.193009
v 0.000000 19.070429 1.907839
v -0.163841 19.070429 1.644182
v -0.101259 19.070429 1.217576
v 0.101259 19.070429 1.217576
v 0.163841 19.070429 1.644182
v 0.000000 20.152960 1.657329
v -0.237764 20.003357 1.428291
v -0.146947 19.761297 1.057701
v 0.146946 19.761297 1.057701
v 0.237764 20.003359 1.428291
v 0.000000 20.152960 -1.657333
v -0.237764 20.003359 -1.428295
v -0.146946 19.761297 -1.057705
v 0.146946 19.761297 -1.057705
v 0.237764 20.003359 -1.428295
vn 0.0980 -0.0000 -0.9952
vn 0.2903 -0.0000 -0.9569
vn 0.4714 -0.0000 -0.8819
vn 0.6344 -0.0000 -0.7730
vn 0.7730 -0.0000 -0.6344
vn 0.8819 -0.0000 -0.4714
vn 0.9569 -0.0000 -0.2903
vn 0.9952 -0.0000 -0.0980
vn 0.9952 -0.0000 0.0980
vn 0.9569 -0.0000 0.2903
vn 0.8819 -0.0000 0.4714
vn 0.7730 -0.0000 0.6344
vn 0.6344 -0.0000 0.7730
vn 0.4714 -0.0000 0.8819
vn 0.2903 -0.0000 0.9569
vn 0.0980 -0.0000 0.9952
vn -0.0980 -0.0000 0.9952
vn -0.2903 -0.0000 0.9569
vn -0.4714 -0.0000 0.8819
vn -0.6344 -0.0000 0.7730
vn -0.7730 -0.0000 0.6344
vn -0.8819 -0.0000 0.4714
vn -0.9569 -0.0000 0.2903
vn -0.9952 -0.0000 0.0980
vn -0.9952 -0.0000 -0.0980
vn -0.9569 -0.0000 -0.2903
vn -0.8819 -0.0000 -0.4714
vn -0.7730 -0.0000 -0.6344
vn -0.6344 -0.0000 -0.7730
vn -0.4714 -0.0000 -0.8819
vn -0.0000 1.0000 -0.0000
vn -0.2903 -0.0000 -0.9569
vn -0.0980 -0.0000 -0.9952
vn -0.0000 -1.0000 -0.0000
vn -0.7649 -0.2575 -0.5905
vn -0.9769 0.1470 0.1552
vn -0.0000 0.4354 0.9003
vn 0.9769 0.1470 0.1552
vn 0.7649 -0.2575 -0.5905
vn -0.5326 -0.8464 -0.0000
vn -0.9363 0.3513 -0.0000
vn 0.9363 0.3513 -0.0000
vn 0.5326 -0.8464 -0.0000
vn -0.7649 -0.2575 0.5905
vn -0.9769 0.1470 -0.1552
vn -0.0000 0.4354 -0.9003
vn 0.9769 0.1470 -0.1552
vn 0.7649 -0.2575 0.5905
vn -0.7866 0.1117 0.6073
vn -0.9818 -0.1084 -0.1560
vn -0.0000 -0.2255 -0.9743
vn 0.9818 -0.1084 -0.1560
vn 0.7866 0.1117 0.6073
vn -0.5326 0.8464 -0.0000
vn -0.9363 -0.3513 -0.0000
vn 0.9363 -0.3513 -0.0000
vn 0.5326 0.8464 -0.0000
vn -0.7866 0.1117 -0.6073
vn -0.9818 -0.1084 0.1560
vn -0.0000 -0.2255 0.9743
vn 0.9818 -0.1084 0.1560
vn 0.7866 0.1117 -0.6073
vt 1.000000 0.500000
vt 1.000000 1.000000
vt 0.968750 1.000000
vt 0.968750 0.500000
vt 0.937500 1.000000
vt 0.937500 0.500000
vt 0.906250 1.000000
vt 0.906250 0.500000
vt 0.875000 1.000000
vt 0.875000 0.500000
vt 0.843750 1.000000
vt 0.843750 0.500000
vt 0.812500 1.000000
vt 0.812500 0.500000
vt 0.781250 1.000000
vt 0.781250 0.500000
vt 0.750000 1.000000
vt 0.750000 0.500000
vt 0.718750 1.000000
vt 0.718750 0.500000
vt 0.687500 1.000000
vt 0.687500 0.500000
vt 0.656250 1.000000
vt 0.656250 0.500000
vt 0.625000 1.000000
vt 0.625000 0.500000
vt 0.593750 1.000000
vt 0.593750 0.500000
vt 0.562500 1.000000
vt 0.562500 0.500000
vt 0.531250 1.000000
vt 0.531250 0.500000
vt 0.500000 1.000000
vt 0.500000 0.500000
vt 0.468750 1.000000
vt 0.468750 0.500000
vt 0.437500 1.000000
vt 0.437500 0.500000
vt 0.406250 1.000000
vt 0.406250 0.500000
vt 0.375000 1.000000
vt 0.375000 0.500000
vt 0.343750 1.000000
vt 0.343750 0.500000
vt 0.312500 1.000000
vt 0.312500 0.500000
vt 0.281250 1.000000
vt 0.281250 0.500000
vt 0.250000 1.000000
vt 0.250000 0.500000
vt 0.218750 1.000000
vt 0.218750 0.500000
vt 0.187500 1.000000
vt 0.187500 0.500000
vt 0.156250 1.000000
vt 0.156250 0.500000
vt 0.125000 1.000000
vt 0.125000 0.500000
vt 0.093750 1.000000
vt 0.093750 0.500000
vt 0.062500 1.000000
vt 0.062500 0.500000
vt 0.296822 0.485388
vt 0.250000 0.490000
vt 0.203178 0.485388
vt 0.158156 0.471731
vt 0.116663 0.449553
vt 0.080294 0.419706
vt 0.050447 0.383337
vt 0.028269 0.341844
vt 0.014612 0.296822
vt 0.010000 0.250000
vt 0.014612 0.203178
vt 0.028269 0.158156
vt 0.050447 0.116663
vt 0.080294 0.080294
vt 0.116663 0.050447
vt 0.158156 0.028269
vt 0.203178 0.014612
vt 0.250000 0.010000
vt 0.296822 0.014612
vt 0.341844 0.028269
vt 0.383337 0.050447
vt 0.419706 0.080294
vt 0.449553 0.116663
vt 0.471731 0.158156
vt 0.485388 0.203178
vt 0.490000 0.250000
vt 0.485388 0.296822
vt 0.471731 0.341844
vt 0.449553 0.383337
vt 0.419706 0.419706
vt 0.383337 0.449553
vt 0.341844 0.471731
vt 0.031250 1.000000
vt 0.031250 0.500000
vt 0.000000 1.000000
vt 0.000000 0.500000
vt 0.750000 0.490000
vt 0.796822 0.485388
vt 0.841844 0.471731
vt 0.883337 0.449553
vt 0.919706 0.419706
vt 0.949553 0.383337
vt 0.971731 0.341844
vt 0.985388 0.296822
vt 0.990000 0.250000
vt 0.985388 0.203178
vt 0.971731 0.158156
vt 0.949553 0.116663
vt 0.919706 0.080294
vt 0.883337 0.050447
vt 0.841844 0.028269
vt 0.796822 0.014612
vt 0.750000 0.010000
vt 0.703178 0.014612
vt 0.658156 0.028269
vt 0.616663 0.050447
vt 0.580294 0.080294
vt 0.550447 0.116663
vt 0.528269 0.158156
vt 0.514612 0.203178
vt 0.510000 0.250000
vt 0.514612 0.296822
vt 0.528269 0.341844
vt 0.550447 0.383337
vt 0.580294 0.419706
vt 0.616663 0.449553
vt 0.658156 0.471731
vt 0.703178 0.485388
vt 0.500000 0.600000
vt 0.666667 0.600000
vt 0.666667 0.800000
vt 0.500000 0.800000
vt 0.666667 1.000000
vt 0.500000 0.000000
vt 0.666667 0.000000
vt 0.666667 0.200000
vt 0.500000 0.200000
vt 0.666667 0.400000
vt 0.500000 0.400000
vt 0.833333 0.600000
vt 0.833333 0.800000
vt 0.833333 1.000000
vt 0.833333 0.000000
vt 0.833333 0.200000
vt 0.833333 0.400000
vt 1.000000 0.600000
vt 1.000000 0.800000
vt 1.000000 0.000000
vt 1.000000 0.200000
vt 1.000000 0.400000
vt -0.000000 0.600000
vt 0.166667 0.600000
vt 0.166667 0.800000
vt -0.000000 0.800000
vt 0.166667 1.000000
vt -0.000000 0.000000
vt 0.166667 0.000000
vt 0.166667 0.200000
vt -0.000000 0.200000
vt 0.166667 0.400000
vt -0.000000 0.400000
vt 0.333333 0.600000
vt 0.333333 0.800000
vt 0.333333 1.000000
vt 0.333333 0.000000
vt 0.333333 0.200000
vt 0.333333 0.400000
s 1
usemtl Material.001
f 145/30/109 146/31/109 148/32/109 147/33/109
f 147/33/110 148/32/110 150/34/110 149/35/110
f 149/35/111 150/34/111 152/36/111 151/37/111
f 151/37/112 152/36/112 154/38/112 153/39/112
f 153/39/113 154/38/113 156/40/113 155/41/113
f 155/41/114 156/40/114 158/42/114 157/43/114
f 157/43/115 158/42/115 160/44/115 159/45/115
f 159/45/116 160/44/116 162/46/116 161/47/116
f 161/47/117 162/46/117 164/48/117 163/49/117
f 163/49/118 164/48/118 166/50/118 165/51/118
f 165/51/119 166/50/119 168/52/119 167/53/119
f 167/53/120 168/52/120 170/54/120 169/55/120
f 169/55/121 170/54/121 172/56/121 171/57/121
f 171/57/122 172/56/122 174/58/122 173/59/122
f 173/59/123 174/58/123 176/60/123 175/61/123
f 175/61/124 176/60/124 178/62/124 177/63/124
f 177/63/125 178/62/125 180/64/125 179/65/125
f 179/65/126 180/64/126 182/66/126 181/67/126
f 181/67/127 182/66/127 184/68/127 183/69/127
f 183/69/128 184/68/128 186/70/128 185/71/128
f 185/71/129 186/70/129 188/72/129 187/73/129
f 187/73/130 188/72/130 190/74/130 189/75/130
f 189/75/131 190/74/131 192/76/131 191/77/131
f 191/77/132 192/76/132 194/78/132 193/79/132
f 193/79/133 194/78/133 196/80/133 195/81/133
f 195/81/134 196/80/134 198/82/134 197/83/134
f 197/83/135 198/82/135 200/84/135 199/85/135
f 199/85/136 200/84/136 202/86/136 201/87/136
f 201/87/137 202/86/137 204/88/137 203/89/137
f 203/89/138 204/88/138 206/90/138 205/91/138
f 148/92/139 146/93/139 208/94/139 206/95/139 204/96/139 202/97/139 200/98/139 198/99/139 196/100/139 194/101/139 192/102/139 190/103/139 188/104/139 186/105/139 184/106/139 182/107/139 180/108/139 178/109/139 176/110/139 174/111/139 172/112/139 170/113/139 168/114/139 166/115/139 164/116/139 162/117/139 160/118/139 158/119/139 156/120/139 154/121/139 152/122/139 150/123/139
f 205/91/140 206/90/140 208/124/140 207/125/140
f 207/125/141 208/124/141 146/126/141 145/127/141
f 145/128/142 147/129/142 149/130/142 151/131/142 153/132/142 155/133/142 157/134/142 159/135/142 161/136/142 163/137/142 165/138/142 167/139/142 169/140/142 171/141/142 173/142/142 175/143/142 177/144/142 179/145/142 181/146/142 183/147/142 185/148/142 187/149/142 189/150/142 191/151/142 193/152/142 195/153/142 197/154/142 199/155/142 201/156/142 203/157/142 205/158/142 207/159/142
f 209/160/143 214/161/143 215/162/143 210/163/143
f 210/163/144 215/162/144 216/164/144 211/62/144
f 211/165/145 216/166/145 217/167/145 212/168/145
f 212/168/146 217/167/146 218/169/146 213/170/146
f 213/170/147 218/169/147 214/161/147 209/160/147
f 214/161/148 219/171/148 220/172/148 215/162/148
f 215/162/149 220/172/149 221/173/149 216/164/149
f 216/166/139 221/174/139 222/175/139 217/167/139
f 217/167/150 222/175/150 223/176/150 218/169/150
f 218/169/151 223/176/151 219/171/151 214/161/151
f 219/171/152 224/177/152 225/178/152 220/172/152
f 220/172/153 225/178/153 226/31/153 221/173/153
f 221/174/154 226/179/154 227/180/154 222/175/154
f 222/175/155 227/180/155 228/181/155 223/176/155
f 223/176/156 228/181/156 224/177/156 219/171/156
f 224/182/157 229/183/157 230/184/157 225/185/157
f 225/185/158 230/184/158 231/186/158 226/126/158
f 226/187/159 231/188/159 232/189/159 227/190/159
f 227/190/160 232/189/160 233/191/160 228/192/160
f 228/192/161 233/191/161 229/183/161 224/182/161
f 229/183/162 234/193/162 235/194/162 230/184/162
f 230/184/163 235/194/163 236/195/163 231/186/163
f 231/188/142 236/196/142 237/197/142 232/189/142
f 232/189/164 237/197/164 238/198/164 233/191/164
f 233/191/165 238/198/165 234/193/165 229/183/165
f 234/193/166 209/160/166 210/163/166 235/194/166
f 235/194/167 210/163/167 211/62/167 236/195/167
f 236/196/168 211/165/168 212/168/168 237/197/168
f 237/197/169 212/168/169 213/170/169 238/198/169
f 238/198/170 213/170/170 209/160/170 234/193/170
o Cylinder.001
v -16.171921 -2.100859 0.756592
v -16.171921 -1.707483 0.756592
v -16.171921 -1.314111 0.756592
v -16.171921 -0.920735 0.756592
v -16.171921 -0.527363 0.756592
v -16.171921 -0.133987 0.756592
v -16.171921 0.259389 0.756592
v -16.171921 0.652761 0.756592
v -16.726961 -2.100859 -0.559567
v -16.726961 -1.707484 -0.559567
v -16.726961 -1.314111 -0.559567
v -16.726961 -0.920735 -0.559567
v -16.726961 -0.527363 -0.559567
v -16.726961 -0.133987 -0.559567
v -16.726961 0.259389 -0.559567
v -16.726961 0.652761 -0.559567
v -15.457205 0.682633 0.131288
v -15.556633 1.046137 -0.000000
v -15.457205 0.682633 -0.131288
v -15.495657 0.939669 0.092832
v -15.458309 0.892501 -0.000000
v -15.495657 0.939669 -0.092832
v -15.425348 0.682633 -0.000000
v -15.253920 -3.351379 0.000000
v -14.995771 -3.084295 0.000000
v -15.114601 -3.273151 0.000000
v -15.756140 1.046137 0.481648
v -15.596169 0.682633 0.466784
v -15.786509 0.682633 0.639408
v -15.647997 0.939669 0.465652
v -15.690104 0.892501 0.554460
v -15.669472 0.682633 0.577208
v -15.782589 0.939669 0.587720
v -15.545259 -3.351379 0.703360
v -15.362720 -3.084295 0.885900
v -15.446749 -3.273151 0.801872
v -16.176661 1.046136 0.609508
v -16.171921 0.682633 0.756592
v -16.173307 0.939668 0.713512
v -16.248621 -3.351380 0.994700
v -16.248621 -3.084295 1.252849
v -16.248621 -3.273152 1.134020
v -16.743280 1.046136 0.476393
v -16.708353 0.682633 0.630569
v -16.901072 0.682632 0.466785
v -16.714552 0.939668 0.580673
v -16.807096 0.892500 0.551481
v -16.826128 0.682632 0.573877
v -16.850824 0.939668 0.464857
v -16.951981 -3.351380 0.703361
v -17.134516 -3.084296 0.885901
v -17.050491 -3.273152 0.801873
v -16.934343 1.046136 0.015121
v -17.040041 0.682632 0.131289
v -17.016417 0.682632 -0.118779
v -17.003344 0.939668 0.097805
v -17.032616 0.892500 0.005841
v -17.061380 0.682632 0.003121
v -16.986645 0.939668 -0.079019
v -17.243320 -3.351380 0.000001
v -17.501469 -3.084296 0.000001
v -17.382641 -3.273152 0.000001
v -16.626053 1.046136 -0.454347
v -16.726961 0.682633 -0.559567
v -16.697405 0.939668 -0.528747
v -16.951981 -3.351380 -0.703359
v -17.134516 -3.084296 -0.885899
v -17.050491 -3.273152 -0.801871
v -16.236977 1.046136 -0.687164
v -16.370560 0.682633 -0.772831
v -16.117332 0.682633 -0.791420
v -16.330959 0.939668 -0.741260
v -16.244184 0.892500 -0.785363
v -16.246361 0.682633 -0.814979
v -16.151899 0.939668 -0.754404
v -16.248621 -3.351380 -0.994700
v -16.248621 -3.084295 -1.252848
v -16.248621 -3.273152 -1.134019
v -15.759312 1.046137 -0.489308
v -15.781836 0.682633 -0.652452
v -15.596169 0.682633 -0.466784
v -15.759312 0.939669 -0.598072
v -15.686476 0.892505 -0.562144
v -15.673077 0.682633 -0.575544
v -15.650553 0.939669 -0.489308
v -15.545259 -3.351379 -0.703360
v -15.362720 -3.084295 -0.885900
v -15.446749 -3.273151 -0.801872
v -15.457205 0.652761 -0.131288
v -15.457205 0.652761 0.131288
v -15.434677 0.652761 -0.000000
v -15.457205 0.259389 -0.131288
v -15.457205 0.259389 0.131288
v -15.434677 0.259389 -0.000000
v -15.457205 -0.133987 -0.131288
v -15.457205 -0.133987 0.131288
v -15.434677 -0.133987 0.000000
v -15.457205 -0.527363 -0.131288
v -15.457205 -0.527363 0.131288
v -15.434677 -0.527363 0.000000
v -15.457205 -0.920735 -0.131288
v -15.457205 -0.920735 0.131288
v -15.434677 -0.920735 0.000000
v -15.457205 -1.314111 -0.131288
v -15.457205 -1.314111 0.131288
v -15.434677 -1.314111 0.000000
v -15.457205 -1.707483 -0.131288
v -15.457205 -1.707483 0.131288
v -15.434677 -1.707483 0.000000
v -15.457205 -2.100859 -0.131288
v -15.457205 -2.100859 0.131288
v -15.434677 -2.100859 0.000000
v -15.457205 -2.130732 0.131288
v -15.457205 -2.130732 -0.131288
v -15.254225 -2.588083 0.000000
v -15.434677 -2.130732 0.000000
v -15.398924 -2.356400 0.000000
v -15.381985 -2.415256 -0.054764
v -15.381985 -2.415256 0.054764
v -14.995771 -3.084295 0.000000
v -15.040031 -2.723363 0.000000
v -14.965517 -2.867951 0.000000
v -15.394020 -2.723363 0.854600
v -15.362720 -3.084295 0.885900
v -15.341328 -2.867951 0.907292
v -15.596169 -2.130732 0.466784
v -15.545477 -2.588083 0.703144
v -15.781836 -2.159843 0.652452
v -15.597092 -2.415256 0.574084
v -15.648315 -2.362551 0.601044
v -15.677153 -2.423579 0.652564
v -15.673077 -2.145288 0.575544
v -15.786509 -2.100859 0.639408
v -15.596169 -2.100859 0.466784
v -15.674444 -2.100859 0.571724
v -15.786509 -1.707483 0.639408
v -15.596169 -1.707483 0.466784
v -15.674444 -1.707483 0.571724
v -15.786509 -1.314111 0.639408
v -15.596169 -1.314111 0.466784
v -15.674444 -1.314111 0.571724
v -15.786509 -0.920735 0.639408
v -15.596169 -0.920735 0.466784
v -15.674444 -0.920735 0.571724
v -15.786509 -0.527363 0.639408
v -15.596169 -0.527363 0.466784
v -15.674444 -0.527363 0.571724
v -15.786509 -0.133987 0.639408
v -15.596169 -0.133987 0.466784
v -15.674444 -0.133987 0.571724
v -15.786509 0.259389 0.639408
v -15.596169 0.259389 0.466784
v -15.674444 0.259389 0.571724
v -15.596169 0.652761 0.466784
v -15.786509 0.652761 0.639408
v -15.674444 0.652761 0.571724
v -16.248621 -2.723363 1.208588
v -16.248621 -3.084295 1.252849
v -16.248621 -2.867951 1.283104
v -16.187201 -2.179231 0.774364
v -16.248621 -2.588083 0.994396
v -16.230633 -2.429460 0.868400
v -17.103224 -2.723363 0.854601
v -17.134516 -3.084296 0.885901
v -17.155912 -2.867951 0.907293
v -16.715405 -2.105819 0.652453
v -16.951765 -2.588084 0.703145
v -16.901072 -2.130732 0.466785
v -16.824793 -2.408108 0.650729
v -16.849865 -2.351135 0.600653
v -16.900148 -2.415256 0.574085
v -16.824163 -2.118276 0.575545
v -16.901072 -2.100859 0.466785
v -16.708353 -2.100859 0.630569
v -16.822100 -2.100859 0.569137
v -16.901072 -1.707484 0.466785
v -16.708353 -1.707484 0.630569
v -16.822100 -1.707484 0.569137
v -16.901072 -1.314111 0.466785
v -16.708353 -1.314111 0.630569
v -16.822100 -1.314111 0.569137
v -16.901072 -0.920735 0.466785
v -16.708353 -0.920735 0.630569
v -16.822100 -0.920735 0.569137
v -16.901072 -0.527363 0.466785
v -16.708353 -0.527363 0.630569
v -16.822100 -0.527363 0.569137
v -16.901072 -0.133987 0.466785
v -16.708353 -0.133987 0.630569
v -16.822100 -0.133987 0.569137
v -16.901072 0.259388 0.466785
v -16.708353 0.259389 0.630569
v -16.822100 0.259388 0.569137
v -16.708353 0.652761 0.630569
v -16.901072 0.652761 0.466785
v -16.822100 0.652761 0.569137
v -17.457209 -2.723363 0.000001
v -17.501469 -3.084296 0.000001
v -17.531725 -2.867951 0.000001
v -17.040041 -2.130732 0.131289
v -17.243015 -2.588084 0.000001
v -17.040041 -2.109416 -0.131287
v -17.115261 -2.415256 0.054765
v -17.098465 -2.351896 0.000357
v -17.116041 -2.409140 -0.053003
v -17.062565 -2.120076 0.000001
v -17.016417 -2.100859 -0.118779
v -17.040041 -2.100859 0.131289
v -17.055645 -2.100859 0.003665
v -17.016417 -1.707484 -0.118779
v -17.040041 -1.707484 0.131289
v -17.055645 -1.707484 0.003665
v -17.016417 -1.314111 -0.118779
v -17.040041 -1.314111 0.131289
v -17.055645 -1.314111 0.003665
v -17.016417 -0.920735 -0.118779
v -17.040041 -0.920735 0.131289
v -17.055645 -0.920735 0.003665
v -17.016417 -0.527363 -0.118779
v -17.040041 -0.527363 0.131289
v -17.055645 -0.527363 0.003665
v -17.016417 -0.133987 -0.118779
v -17.040041 -0.133987 0.131289
v -17.055645 -0.133987 0.003665
v -17.016417 0.259388 -0.118779
v -17.040041 0.259388 0.131289
v -17.055645 0.259388 0.003665
v -17.040041 0.652761 0.131289
v -17.016417 0.652761 -0.118779
v -17.055645 0.652761 0.003665
v -17.103224 -2.723363 -0.854599
v -17.134516 -3.084296 -0.885899
v -17.155912 -2.867951 -0.907291
v -16.755705 -2.195296 -0.568811
v -16.951765 -2.588084 -0.703143
v -16.850817 -2.434164 -0.620275
v -16.248621 -2.723363 -1.208588
v -16.248621 -3.084295 -1.252848
v -16.248621 -2.867951 -1.283103
v -16.379908 -2.155035 -0.791420
v -16.248621 -2.588083 -0.994395
v -16.117332 -2.130732 -0.791420
v -16.305525 -2.422204 -0.865712
v -16.249056 -2.361536 -0.849515
v -16.193855 -2.415256 -0.866639
v -16.248621 -2.142883 -0.813944
v -16.117332 -2.100859 -0.791420
v -16.370560 -2.100859 -0.772831
v -16.245884 -2.100859 -0.808500
v -16.117332 -1.707483 -0.791420
v -16.370560 -1.707484 -0.772831
v -16.245884 -1.707483 -0.808500
v -16.117332 -1.314111 -0.791420
v -16.370560 -1.314111 -0.772831
v -16.245884 -1.314111 -0.808500
v -16.117332 -0.920735 -0.791420
v -16.370560 -0.920735 -0.772831
v -16.245884 -0.920735 -0.808500
v -16.117332 -0.527363 -0.791420
v -16.370560 -0.527363 -0.772831
v -16.245884 -0.527363 -0.808500
v -16.117332 -0.133987 -0.791420
v -16.370560 -0.133987 -0.772831
v -16.245884 -0.133987 -0.808500
v -16.117332 0.259389 -0.791420
v -16.370560 0.259389 -0.772831
v -16.245884 0.259389 -0.808500
v -16.370560 0.652761 -0.772831
v -16.117332 0.652761 -0.791420
v -16.245884 0.652761 -0.808500
v -15.394020 -2.723363 -0.854600
v -15.362720 -3.084295 -0.885900
v -15.341328 -2.867951 -0.907292
v -15.781836 -2.130732 -0.652452
v -15.545477 -2.588083 -0.703144
v -15.596169 -2.130732 -0.466784
v -15.674536 -2.415256 -0.651528
v -15.647797 -2.356400 -0.600828
v -15.597092 -2.415256 -0.574084
v -15.673077 -2.130732 -0.575544
v -15.596169 -2.100859 -0.466784
v -15.781836 -2.100859 -0.652452
v -15.673077 -2.100859 -0.575544
v -15.596169 -1.707483 -0.466784
v -15.781836 -1.707483 -0.652452
v -15.673077 -1.707483 -0.575544
v -15.596169 -1.314111 -0.466784
v -15.781836 -1.314111 -0.652452
v -15.673077 -1.314111 -0.575544
v -15.596169 -0.920735 -0.466784
v -15.781836 -0.920735 -0.652452
v -15.673077 -0.920735 -0.575544
v -15.596169 -0.527363 -0.466784
v -15.781836 -0.527363 -0.652452
v -15.673077 -0.527363 -0.575544
v -15.596169 -0.133987 -0.466784
v -15.781836 -0.133987 -0.652452
v -15.673077 -0.133987 -0.575544
v -15.596169 0.259389 -0.466784
v -15.781836 0.259389 -0.652452
v -15.673077 0.259389 -0.575544
v -15.781836 0.652761 -0.652452
v -15.596169 0.652761 -0.466784
v -15.673077 0.652761 -0.575544
v -10.272872 -7.002295 0.600625
v -10.122627 -6.852051 0.600977
v -10.272872 -6.840907 0.751221
v -10.166632 -6.958291 0.600801
v -10.186128 -6.936443 0.687645
v -10.166632 -6.846479 0.707213
v -10.272872 -6.955159 0.706929
v -10.122627 -5.650103 0.600976
v -10.272872 -5.499859 0.600976
v -10.272872 -5.658803 0.751220
v -10.166632 -5.542059 0.600976
v -10.186128 -5.565195 0.687720
v -10.272872 -5.548215 0.707212
v -10.166632 -5.654451 0.707212
v -11.625064 -6.840463 0.751221
v -11.625064 -7.002295 0.600609
v -11.625064 -6.954895 0.707109
v -11.625064 -5.499859 0.600976
v -11.625064 -5.659151 0.751220
v -11.625064 -5.546515 0.707212
v -10.272872 -7.002295 -0.600623
v -10.272872 -6.840907 -0.751219
v -10.122627 -6.852051 -0.600975
v -10.272872 -6.955159 -0.706927
v -10.186128 -6.936443 -0.687643
v -10.166632 -6.846479 -0.707211
v -10.166632 -6.958291 -0.600799
v -10.272872 -5.499859 -0.600976
v -10.122627 -5.650103 -0.600976
v -10.272872 -5.658803 -0.751220
v -10.166632 -5.543863 -0.600976
v -10.186128 -5.565195 -0.687720
v -10.166632 -5.654451 -0.707212
v -10.272872 -5.546307 -0.707064
v -11.625064 -7.002295 -0.600607
v -11.625064 -6.840463 -0.751219
v -11.625064 -6.954895 -0.707107
v -11.625064 -5.659151 -0.751220
v -11.625064 -5.499859 -0.600976
v -11.625064 -5.546515 -0.707212
v -12.618812 -6.282071 0.751220
v -12.618812 -6.444679 0.600568
v -12.618812 -6.397051 0.707092
v -12.618812 -4.942243 0.600976
v -12.618812 -5.101947 0.751220
v -12.618812 -4.989019 0.707212
v -12.618812 -6.444679 -0.600568
v -12.618812 -6.282071 -0.751220
v -12.618812 -6.397051 -0.707092
v -12.618812 -5.101947 -0.751220
v -12.618812 -4.942243 -0.600976
v -12.618812 -4.989019 -0.707212
v -14.065084 -5.524223 0.751220
v -14.065084 -5.686931 0.600492
v -14.065084 -5.639275 0.707072
v -14.065084 -4.184495 0.600976
v -14.065084 -4.343719 0.751220
v -14.065084 -4.231132 0.707212
v -14.065084 -5.686931 -0.600492
v -14.065084 -5.524223 -0.751220
v -14.065084 -5.639275 -0.707072
v -14.065084 -4.343719 -0.751220
v -14.065084 -4.184495 -0.600976
v -14.065084 -4.231132 -0.707212
v -15.936111 -4.824759 0.510996
v -16.079763 -4.762988 0.325764
v -15.939508 -4.967095 0.294940
v -16.037693 -4.802912 0.438440
v -16.022297 -4.877448 0.395504
v -16.038685 -4.885004 0.310352
v -15.949976 -4.921015 0.418784
v -15.929520 -4.329348 0.685948
v -15.929520 -4.184495 0.600976
v -16.079763 -4.334740 0.518728
v -15.929523 -4.226687 0.687836
v -16.016268 -4.249512 0.652440
v -16.035761 -4.228499 0.559852
v -16.035761 -4.344828 0.630708
v -15.939508 -4.967095 -0.294944
v -16.079763 -4.762988 -0.325764
v -15.936111 -4.824759 -0.510996
v -16.038685 -4.885004 -0.310352
v -16.022297 -4.877448 -0.395504
v -16.037693 -4.802912 -0.438440
v -15.949976 -4.921015 -0.418784
v -15.929520 -4.184495 -0.600976
v -15.929520 -4.329348 -0.685948
v -16.079763 -4.334740 -0.518728
v -15.929520 -4.225803 -0.691612
v -16.016264 -4.246856 -0.656544
v -16.035761 -4.332044 -0.633456
v -16.035761 -4.229615 -0.573368
v -15.767233 -5.100507 0.481388
v -15.596476 -4.951672 0.500504
v -15.748116 -4.951672 0.652144
v -15.654696 -5.056915 0.486700
v -15.672112 -5.037600 0.576508
v -15.641180 -4.951672 0.607440
v -15.761921 -5.056915 0.593924
v -15.397188 -3.505459 0.699796
v -15.526920 -3.356619 0.721700
v -15.548824 -3.505459 0.851433
v -15.426401 -3.400215 0.714996
v -15.449141 -3.419527 0.799480
v -15.533625 -3.400215 0.822221
v -15.441889 -3.505459 0.806732
v -16.730009 -5.100508 0.481389
v -16.749125 -4.951672 0.652145
v -16.900761 -4.951672 0.500505
v -16.735321 -5.056915 0.593925
v -16.825129 -5.037600 0.576509
v -16.856060 -4.951672 0.607441
v -16.842545 -5.056915 0.486701
v -16.970320 -3.356620 0.721701
v -17.100052 -3.505460 0.699797
v -16.948416 -3.505460 0.851433
v -17.070841 -3.400216 0.714997
v -17.048100 -3.419528 0.799481
v -17.055353 -3.505460 0.806733
v -16.963615 -3.400216 0.822221
v -15.767233 -5.100507 -0.481388
v -15.748116 -4.951672 -0.652144
v -15.596476 -4.951672 -0.500504
v -15.761921 -5.056915 -0.593924
v -15.672112 -5.037600 -0.576508
v -15.641180 -4.951672 -0.607440
v -15.654696 -5.056915 -0.486700
v -15.526920 -3.356619 -0.721700
v -15.397188 -3.505459 -0.699796
v -15.548824 -3.505459 -0.851432
v -15.426401 -3.400215 -0.714996
v -15.449141 -3.419527 -0.799480
v -15.441889 -3.505459 -0.806732
v -15.533625 -3.400215 -0.822220
v -16.730009 -5.100508 -0.481387
v -16.900764 -4.951672 -0.500503
v -16.749125 -4.951672 -0.652143
v -16.842545 -5.056915 -0.486699
v -16.825129 -5.037600 -0.576507
v -16.856060 -4.951672 -0.607439
v -16.735321 -5.056915 -0.593923
v -16.970320 -3.356620 -0.721699
v -16.948416 -3.505460 -0.851431
v -17.100052 -3.505460 -0.699795
v -16.963615 -3.400216 -0.822219
v -17.048100 -3.419528 -0.799479
v -17.055353 -3.505460 -0.806731
v -17.070841 -3.400216 -0.714995
v -16.170048 1.409137 -0.000000
v -16.170048 1.009044 -0.000000
v -16.171556 1.409137 0.015328
v -16.171556 1.009044 0.015328
v -16.176027 1.409137 0.030068
v -16.176027 1.009044 0.030068
v -16.183289 1.409137 0.043652
v -16.183289 1.009044 0.043652
v -16.193060 1.409137 0.055560
v -16.193060 1.009044 0.055560
v -16.204967 1.409137 0.065332
v -16.204967 1.009044 0.065332
v -16.218552 1.409137 0.072592
v -16.218552 1.009044 0.072592
v -16.233292 1.409137 0.077064
v -16.233292 1.009044 0.077064
v -16.248621 1.409137 0.078572
v -16.248621 1.009044 0.078572
v -16.263948 1.409137 0.077064
v -16.263948 1.009044 0.077064
v -16.278688 1.409137 0.072592
v -16.278688 1.009044 0.072592
v -16.292273 1.409137 0.065333
v -16.292273 1.009044 0.065333
v -16.304180 1.409137 0.055560
v -16.304180 1.009044 0.055560
v -16.313951 1.409137 0.043653
v -16.313951 1.009044 0.043653
v -16.321213 1.409137 0.030068
v -16.321213 1.009044 0.030068
v -16.325684 1.409137 0.015328
v -16.325684 1.009044 0.015328
v -16.327192 1.409137 -0.000000
v -16.327192 1.009044 -0.000000
v -16.325684 1.409137 -0.015328
v -16.325684 1.009044 -0.015328
v -16.321213 1.409137 -0.030068
v -16.321213 1.009044 -0.030068
v -16.313951 1.409137 -0.043652
v -16.313951 1.009044 -0.043652
v -16.304180 1.409137 -0.055560
v -16.304180 1.009044 -0.055560
v -16.292273 1.409137 -0.065332
v -16.292273 1.009044 -0.065332
v -16.278688 1.409137 -0.072591
v -16.278688 1.009044 -0.072591
v -16.263948 1.409137 -0.077064
v -16.263948 1.009044 -0.077064
v -16.248621 1.409137 -0.078571
v -16.248621 1.009044 -0.078571
v -16.233292 1.409137 -0.077064
v -16.233292 1.009044 -0.077064
v -16.218552 1.409137 -0.072592
v -16.218552 1.009044 -0.072592
v -16.204967 1.409137 -0.065332
v -16.204967 1.009044 -0.065332
v -16.193060 1.409137 -0.055560
v -16.193060 1.009044 -0.055560
v -16.183289 1.409137 -0.043652
v -16.183289 1.009044 -0.043652
v -16.176027 1.409137 -0.030068
v -16.176027 1.009044 -0.030068
v -16.171556 1.409137 -0.015328
v -16.171556 1.009044 -0.015328
v -16.248621 -3.648384 0.000000
v -16.248621 -3.278347 0.000000
v -16.942148 -3.648384 -0.693527
v -17.229420 -3.648384 0.000001
v -17.229420 -3.278347 0.000001
v -16.942148 -3.278347 -0.693527
v -16.248621 -3.648384 -0.980796
v -16.248621 -3.278347 -0.980796
v -15.555092 -3.648383 -0.693528
v -15.555092 -3.278347 -0.693528
v -15.267824 -3.648383 0.000000
v -15.267824 -3.278347 0.000000
v -15.555092 -3.648383 0.693528
v -15.555092 -3.278347 0.693528
v -16.248621 -3.648384 0.980796
v -16.248621 -3.278347 0.980796
v -16.942148 -3.648384 0.693529
v -16.942148 -3.278347 0.693529
v -17.922949 -3.463364 0.693529
v -16.942148 -3.463364 1.674328
v -15.555092 -3.463363 1.674328
v -14.574297 -3.463363 0.693528
v -14.574297 -3.463363 -0.693528
v -15.555092 -3.463363 -1.674327
v -16.942148 -3.463364 -1.674327
v -17.922949 -3.463364 -0.693527
v -17.312689 -3.051755 0.440753
v -17.643892 -3.131299 0.577941
v -16.689373 -3.051755 1.064068
v -16.826561 -3.131299 1.395272
v -15.670681 -3.131299 1.395272
v -15.807869 -3.051755 1.064068
v -14.853348 -3.131299 0.577940
v -15.184553 -3.051755 0.440752
v -14.853348 -3.131299 -0.577940
v -15.184553 -3.051755 -0.440752
v -15.670681 -3.131299 -1.395272
v -15.807869 -3.051755 -1.064067
v -16.826561 -3.131299 -1.395272
v -16.689373 -3.051755 -1.064067
v -17.643892 -3.131299 -0.577939
v -17.312689 -3.051755 -0.440751
v -18.141621 -3.631475 0.165605
v -18.141621 -3.631475 -0.165603
v -18.016201 -3.648384 0.000001
v -18.170033 -3.631475 0.000001
v -18.146128 -3.641240 0.000001
v -18.113209 -3.643431 -0.097007
v -18.113209 -3.643431 0.097009
v -18.141621 -3.295252 -0.165603
v -18.141621 -3.295252 0.165605
v -18.016201 -3.278347 0.000001
v -18.170033 -3.295252 0.000001
v -18.146128 -3.285491 0.000001
v -18.113209 -3.283296 0.097009
v -18.113209 -3.283296 -0.097007
v -17.704271 -3.631475 -1.221455
v -17.470076 -3.631475 -1.455651
v -17.498487 -3.648384 -1.249867
v -17.607264 -3.631475 -1.358643
v -17.590361 -3.641240 -1.341739
v -17.498487 -3.643431 -1.387055
v -17.635675 -3.643431 -1.249867
v -17.470076 -3.295252 -1.455651
v -17.704271 -3.295252 -1.221455
v -17.498487 -3.278347 -1.249867
v -17.607264 -3.295252 -1.358643
v -17.590361 -3.285491 -1.341739
v -17.635675 -3.283296 -1.249867
v -17.498487 -3.283296 -1.387055
v -16.414225 -3.631475 -1.893000
v -16.083021 -3.631475 -1.893000
v -16.248621 -3.648384 -1.767580
v -16.248621 -3.631475 -1.921412
v -16.248621 -3.641240 -1.897508
v -16.151611 -3.643431 -1.864588
v -16.345629 -3.643431 -1.864588
v -16.083021 -3.295252 -1.893000
v -16.414225 -3.295252 -1.893000
v -16.248621 -3.278347 -1.767580
v -16.248621 -3.295252 -1.921412
v -16.248621 -3.285491 -1.897508
v -16.345629 -3.283296 -1.864588
v -16.151611 -3.283296 -1.864588
v -15.027164 -3.631475 -1.455652
v -14.792969 -3.631475 -1.221456
v -14.998753 -3.648383 -1.249868
v -14.889977 -3.631475 -1.358644
v -14.906879 -3.641239 -1.341740
v -14.861565 -3.643431 -1.249868
v -14.998753 -3.643431 -1.387056
v -14.792969 -3.295251 -1.221456
v -15.027164 -3.295251 -1.455652
v -14.998753 -3.278347 -1.249868
v -14.889977 -3.295251 -1.358644
v -14.906879 -3.285491 -1.341740
v -14.998753 -3.283295 -1.387056
v -14.861565 -3.283295 -1.249868
v -14.355619 -3.631475 -0.165604
v -14.355619 -3.631475 0.165604
v -14.481041 -3.648383 0.000000
v -14.327208 -3.631475 0.000000
v -14.351112 -3.641239 0.000000
v -14.384031 -3.643431 0.097008
v -14.384031 -3.643431 -0.097008
v -14.355619 -3.295251 0.165604
v -14.355619 -3.295251 -0.165604
v -14.481041 -3.278347 0.000000
v -14.327208 -3.295251 0.000000
v -14.351112 -3.285491 0.000000
v -14.384031 -3.283295 -0.097008
v -14.384031 -3.283295 0.097008
v -14.792969 -3.631475 1.221457
v -15.027164 -3.631475 1.455652
v -14.998753 -3.648383 1.249869
v -14.889977 -3.631475 1.358644
v -14.906879 -3.641239 1.341740
v -14.998753 -3.643431 1.387056
v -14.861565 -3.643431 1.249869
v -15.027164 -3.295251 1.455652
v -14.792969 -3.295251 1.221457
v -14.998753 -3.278347 1.249869
v -14.889977 -3.295251 1.358644
v -14.906879 -3.285491 1.341740
v -14.861565 -3.283295 1.249869
v -14.998753 -3.283295 1.387056
v -16.083021 -3.631475 1.893000
v -16.414225 -3.631475 1.893000
v -16.248621 -3.648384 1.767581
v -16.248621 -3.631475 1.921412
v -16.248621 -3.641240 1.897509
v -16.345629 -3.643431 1.864588
v -16.151611 -3.643431 1.864588
v -16.414225 -3.295252 1.893000
v -16.083021 -3.295252 1.893000
v -16.248621 -3.278347 1.767581
v -16.248621 -3.295252 1.921412
v -16.248621 -3.285491 1.897509
v -16.151611 -3.283296 1.864588
v -16.345629 -3.283296 1.864588
v -17.470076 -3.631475 1.455653
v -17.704271 -3.631475 1.221457
v -17.498487 -3.648384 1.249869
v -17.607264 -3.631475 1.358645
v -17.590361 -3.641240 1.341741
v -17.635675 -3.643431 1.249869
v -17.498487 -3.643431 1.387057
v -17.704271 -3.295252 1.221457
v -17.470076 -3.295252 1.455653
v -17.498487 -3.278347 1.249869
v -17.607264 -3.295252 1.358645
v -17.590361 -3.285491 1.341741
v -17.498487 -3.283296 1.387057
v -17.635675 -3.283296 1.249869
v -17.757343 -3.648384 -0.624931
v -17.922949 -3.631475 -0.693527
v -17.874445 -3.643431 -0.673435
v -17.757343 -3.278347 -0.624931
v -17.922949 -3.295252 -0.693527
v -17.874445 -3.283296 -0.673435
v -18.141621 -3.463364 -0.165603
v -18.141621 -3.463364 0.165605
v -18.170033 -3.463364 0.000001
v -17.704271 -3.463364 -1.221455
v -17.470076 -3.463364 -1.455651
v -17.607264 -3.463364 -1.358643
v -16.873556 -3.648384 -1.508723
v -16.942148 -3.631475 -1.674327
v -16.922060 -3.643431 -1.625823
v -16.873556 -3.278347 -1.508723
v -16.942148 -3.295252 -1.674327
v -16.922060 -3.283296 -1.625823
v -16.414225 -3.463364 -1.893000
v -16.083021 -3.463364 -1.893000
v -16.248621 -3.463364 -1.921412
v -15.623688 -3.648383 -1.508723
v -15.555092 -3.631475 -1.674327
v -15.575184 -3.643431 -1.625823
v -15.623688 -3.278347 -1.508723
v -15.555092 -3.295251 -1.674327
v -15.575184 -3.283295 -1.625823
v -15.027164 -3.463363 -1.455652
v -14.792969 -3.463363 -1.221456
v -14.889977 -3.463363 -1.358644
v -14.739897 -3.648383 -0.624932
v -14.574297 -3.631475 -0.693528
v -14.622801 -3.643431 -0.673436
v -14.739897 -3.278347 -0.624932
v -14.574297 -3.295251 -0.693528
v -14.622801 -3.283295 -0.673436
v -14.355619 -3.463363 -0.165604
v -14.355619 -3.463363 0.165604
v -14.327208 -3.463363 0.000000
v -14.739897 -3.648383 0.624932
v -14.574297 -3.631475 0.693528
v -14.622801 -3.643431 0.673436
v -14.739897 -3.278347 0.624932
v -14.574297 -3.295251 0.693528
v -14.622801 -3.283295 0.673436
v -14.792969 -3.463363 1.221457
v -15.027164 -3.463363 1.455652
v -14.889977 -3.463363 1.358644
v -15.623688 -3.648383 1.508724
v -15.555092 -3.631475 1.674328
v -15.575184 -3.643431 1.625824
v -15.623688 -3.278347 1.508724
v -15.555092 -3.295251 1.674328
v -15.575184 -3.283295 1.625824
v -16.083021 -3.463364 1.893000
v -16.414225 -3.463364 1.893000
v -16.248621 -3.463364 1.921412
v -16.873556 -3.648384 1.508724
v -16.942148 -3.631475 1.674328
v -16.922060 -3.643431 1.625824
v -16.873556 -3.278347 1.508724
v -16.942148 -3.295252 1.674328
v -16.922060 -3.283296 1.625824
v -17.470076 -3.463364 1.455653
v -17.704271 -3.463364 1.221457
v -17.607264 -3.463364 1.358645
v -17.757343 -3.648384 0.624933
v -17.922949 -3.631475 0.693529
v -17.874445 -3.643431 0.673437
v -17.757343 -3.278347 0.624933
v -17.922949 -3.295252 0.693529
v -17.874445 -3.283296 0.673437
v -17.814688 -3.299412 -0.165603
v -17.689268 -3.316319 0.000001
v -17.814688 -3.299412 0.165605
v -17.786276 -3.311368 -0.097007
v -17.819197 -3.309171 0.000001
v -17.786276 -3.311368 0.097009
v -17.843100 -3.299412 0.000001
v -17.814688 -2.963188 -0.165603
v -17.814688 -2.963188 0.165605
v -17.689268 -2.946280 0.000001
v -17.843100 -2.963188 0.000001
v -17.819197 -2.953428 0.000001
v -17.786276 -2.951231 0.097009
v -17.786276 -2.951231 -0.097007
v -17.473097 -3.299412 -0.990279
v -17.238901 -3.299412 -1.224475
v -17.267313 -3.316319 -1.018691
v -17.376089 -3.299412 -1.127467
v -17.359184 -3.309171 -1.110563
v -17.267313 -3.311368 -1.155879
v -17.404501 -3.311368 -1.018691
v -17.267313 -2.946280 -1.018691
v -17.238901 -2.963188 -1.224475
v -17.473097 -2.963188 -0.990279
v -17.267313 -2.951231 -1.155879
v -17.359184 -2.953428 -1.110563
v -17.376089 -2.963188 -1.127467
v -17.404501 -2.951231 -1.018691
v -16.414221 -3.299412 -1.566068
v -16.083015 -3.299412 -1.566068
v -16.248621 -3.316319 -1.440647
v -16.248621 -3.299412 -1.594480
v -16.248621 -3.309171 -1.570575
v -16.151611 -3.311368 -1.537655
v -16.345629 -3.311368 -1.537655
v -16.083015 -2.963187 -1.566068
v -16.414221 -2.963187 -1.566068
v -16.248621 -2.946280 -1.440647
v -16.248621 -2.963187 -1.594480
v -16.248621 -2.953427 -1.570575
v -16.345629 -2.951231 -1.537655
v -16.151611 -2.951231 -1.537655
v -15.258341 -3.299411 -1.224476
v -15.024145 -3.299411 -0.990280
v -15.229929 -3.316319 -1.018692
v -15.121153 -3.299411 -1.127468
v -15.138056 -3.309171 -1.110564
v -15.092741 -3.311367 -1.018692
v -15.229929 -3.311367 -1.155879
v -15.229929 -2.946280 -1.018692
v -15.024145 -2.963187 -0.990280
v -15.258341 -2.963187 -1.224476
v -15.092741 -2.951231 -1.018692
v -15.138056 -2.953427 -1.110564
v -15.121153 -2.963187 -1.127468
v -15.229929 -2.951231 -1.155879
v -14.682552 -3.299411 -0.165604
v -14.682552 -3.299411 0.165604
v -14.807972 -3.316319 0.000000
v -14.654140 -3.299411 0.000000
v -14.678043 -3.309171 0.000000
v -14.710964 -3.311367 0.097008
v -14.710964 -3.311367 -0.097008
v -14.807972 -2.946279 0.000000
v -14.682552 -2.963187 0.165604
v -14.682552 -2.963187 -0.165604
v -14.710964 -2.951231 0.097008
v -14.678043 -2.953427 0.000000
v -14.654140 -2.963187 0.000000
v -14.710964 -2.951231 -0.097008
v -15.024145 -3.299411 0.990280
v -15.258341 -3.299411 1.224476
v -15.229929 -3.316319 1.018692
v -15.121153 -3.299411 1.127468
v -15.138056 -3.309171 1.110564
v -15.229929 -3.311367 1.155880
v -15.092741 -3.311367 1.018692
v -15.258341 -2.963187 1.224476
v -15.024145 -2.963187 0.990280
v -15.229929 -2.946280 1.018692
v -15.121153 -2.963187 1.127468
v -15.138056 -2.953427 1.110564
v -15.092741 -2.951231 1.018692
v -15.229929 -2.951231 1.155880
v -16.248621 -3.316319 1.440648
v -16.083015 -3.299412 1.566069
v -16.414221 -3.299412 1.566069
v -16.151611 -3.311368 1.537656
v -16.248621 -3.309171 1.570576
v -16.248621 -3.299412 1.594481
v -16.345629 -3.311368 1.537656
v -16.414221 -2.963187 1.566069
v -16.083015 -2.963187 1.566069
v -16.248621 -2.946280 1.440648
v -16.248621 -2.963187 1.594481
v -16.248621 -2.953427 1.570576
v -16.151611 -2.951231 1.537656
v -16.345629 -2.951231 1.537656
v -17.238901 -3.299412 1.224477
v -17.473097 -3.299412 0.990281
v -17.267313 -3.316319 1.018693
v -17.376089 -3.299412 1.127469
v -17.359184 -3.309171 1.110565
v -17.404501 -3.311368 1.018693
v -17.267313 -3.311368 1.155881
v -17.473097 -2.963188 0.990281
v -17.238901 -2.963188 1.224477
v -17.267313 -2.946280 1.018693
v -17.376089 -2.963188 1.127469
v -17.359184 -2.953428 1.110565
v -17.267313 -2.951231 1.155881
v -17.404501 -2.951231 1.018693
v -17.643892 -3.299412 -0.577939
v -17.478289 -3.316319 -0.509343
v -17.595388 -3.311368 -0.557847
v -17.478289 -2.946280 -0.509343
v -17.643892 -2.963188 -0.577939
v -17.595388 -2.951231 -0.557847
v -17.814688 -3.131299 0.165605
v -17.814688 -3.131299 -0.165603
v -17.843100 -3.131299 0.000001
v -17.426657 -3.051755 0.165605
v -17.426657 -3.051755 -0.165603
v -17.455069 -3.051755 0.000001
v -17.473097 -3.131299 -0.990279
v -17.238901 -3.131299 -1.224475
v -17.376089 -3.131299 -1.127467
v -16.964520 -3.051755 -0.950095
v -17.198717 -3.051755 -0.715899
v -17.101707 -3.051755 -0.853087
v -16.757965 -3.316319 -1.229668
v -16.826561 -3.299412 -1.395272
v -16.806469 -3.311368 -1.346768
v -16.826561 -2.963188 -1.395272
v -16.757965 -2.946280 -1.229668
v -16.806469 -2.951231 -1.346768
v -16.414221 -3.131299 -1.566068
v -16.083015 -3.131299 -1.566068
v -16.248621 -3.131299 -1.594480
v -16.083015 -3.051755 -1.178035
v -16.414221 -3.051755 -1.178035
v -16.248621 -3.051755 -1.206452
v -15.739273 -3.316319 -1.229668
v -15.670681 -3.299411 -1.395272
v -15.690767 -3.311367 -1.346768
v -15.739273 -2.946280 -1.229668
v -15.670681 -2.963187 -1.395272
v -15.690767 -2.951231 -1.346768
v -15.258341 -3.131299 -1.224476
v -15.024145 -3.131299 -0.990280
v -15.121153 -3.131299 -1.127468
v -15.298525 -3.051755 -0.715900
v -15.532721 -3.051755 -0.950096
v -15.395529 -3.051755 -0.853088
v -15.018948 -3.316319 -0.509344
v -14.853348 -3.299411 -0.577940
v -14.901852 -3.311367 -0.557848
v -14.853348 -2.963187 -0.577940
v -15.018948 -2.946279 -0.509344
v -14.901852 -2.951231 -0.557848
v -14.682552 -3.131299 -0.165604
v -14.682552 -3.131299 0.165604
v -14.654140 -3.131299 0.000000
v -15.070580 -3.051755 0.165604
v -15.070580 -3.051755 -0.165604
v -15.042168 -3.051755 0.000000
v -15.018948 -3.316319 0.509344
v -14.853348 -3.299411 0.577940
v -14.901852 -3.311367 0.557848
v -14.853348 -2.963187 0.577940
v -15.018948 -2.946279 0.509344
v -14.901852 -2.951231 0.557848
v -15.298525 -3.051755 0.715900
v -15.532721 -3.051755 0.950096
v -15.395529 -3.051755 0.853088
v -15.024145 -3.131299 0.990280
v -15.258341 -3.131299 1.224476
v -15.121153 -3.131299 1.127468
v -15.739273 -3.316319 1.229668
v -15.670681 -3.299411 1.395272
v -15.690767 -3.311367 1.346768
v -15.739273 -2.946280 1.229668
v -15.670681 -2.963187 1.395272
v -15.690767 -2.951231 1.346768
v -16.083015 -3.131299 1.566069
v -16.414221 -3.131299 1.566069
v -16.248621 -3.131299 1.594481
v -16.083015 -3.051755 1.178036
v -16.414221 -3.051755 1.178036
v -16.248621 -3.051755 1.206452
v -16.826561 -3.299412 1.395272
v -16.757965 -3.316319 1.229668
v -16.806469 -3.311368 1.346768
v -16.826561 -2.963188 1.395272
v -16.757965 -2.946280 1.229668
v -16.806469 -2.951231 1.346768
v -17.238901 -3.131299 1.224477
v -17.473097 -3.131299 0.990281
v -17.376089 -3.131299 1.127469
v -16.964520 -3.051755 0.950097
v -17.198717 -3.051755 0.715901
v -17.101707 -3.051755 0.853089
v -17.478289 -3.316319 0.509345
v -17.643892 -3.299412 0.577941
v -17.595388 -3.311368 0.557849
v -17.478289 -2.946280 0.509345
v -17.643892 -2.963188 0.577941
v -17.595388 -2.951231 0.557849
v -17.198717 -2.963188 0.715901
v -17.267313 -2.946280 1.018693
v -16.964520 -2.963188 0.950097
v -17.198717 -2.951231 0.853089
v -17.134439 -2.953428 0.885821
v -17.101707 -2.951231 0.950097
v -17.101707 -2.963188 0.853089
v -17.255859 -2.963188 0.577941
v -17.449877 -2.946280 0.577941
v -17.312689 -2.951231 0.577941
v -17.478289 -2.946280 0.509345
v -17.312689 -2.963188 0.440753
v -17.361193 -2.951231 0.460845
v -17.369513 -2.963188 0.303561
v -17.506701 -2.946280 0.440753
v -17.409693 -2.951231 0.343745
v -17.426657 -2.963188 -0.165603
v -17.689268 -2.946280 0.000001
v -17.426657 -2.963188 0.165605
v -17.523664 -2.951231 -0.068595
v -17.501360 -2.953428 0.000001
v -17.523664 -2.951231 0.068597
v -17.455069 -2.963188 0.000001
v -17.369513 -3.299412 0.303561
v -17.506701 -3.316319 0.440753
v -17.409693 -3.311368 0.343745
v -17.426657 -3.299412 -0.165603
v -17.426657 -3.299412 0.165605
v -17.689268 -3.316319 0.000001
v -17.455069 -3.299412 0.000001
v -17.501360 -3.309171 0.000001
v -17.523664 -3.311368 0.068597
v -17.523664 -3.311368 -0.068595
v -17.478289 -3.316319 0.509345
v -17.312689 -3.299412 0.440753
v -17.361193 -3.311368 0.460845
v -17.255859 -3.299412 0.577941
v -17.449877 -3.316319 0.577941
v -17.312689 -3.311368 0.577941
v -16.964520 -3.299412 0.950097
v -17.267313 -3.316319 1.018693
v -17.198717 -3.299412 0.715901
v -17.101707 -3.311368 0.950097
v -17.134439 -3.309171 0.885821
v -17.198717 -3.311368 0.853089
v -17.101707 -3.299412 0.853089
v -16.552179 -2.963187 1.120893
v -16.689373 -2.946280 1.258085
v -16.592363 -2.951231 1.161076
v -16.414221 -2.963187 1.178036
v -16.248621 -2.946280 1.440648
v -16.083015 -2.963187 1.178036
v -16.317217 -2.951231 1.275044
v -16.248621 -2.953427 1.252741
v -16.180025 -2.951231 1.275044
v -16.248621 -2.963187 1.206452
v -16.689373 -2.963187 1.064068
v -16.757965 -2.946280 1.229668
v -16.709459 -2.951231 1.112572
v -16.826561 -2.963188 1.007241
v -16.826561 -2.946280 1.201257
v -16.826561 -2.951231 1.064068
v -16.826561 -3.299412 1.007241
v -16.826561 -3.316319 1.201257
v -16.826561 -3.311368 1.064068
v -16.552179 -3.299412 1.120893
v -16.689373 -3.316319 1.258085
v -16.592363 -3.311368 1.161076
v -16.689373 -3.299412 1.064068
v -16.757965 -3.316319 1.229668
v -16.709459 -3.311368 1.112572
v -16.414221 -3.299412 1.178036
v -16.083015 -3.299412 1.178036
v -16.248621 -3.316319 1.440648
v -16.248621 -3.299412 1.206452
v -16.248621 -3.309171 1.252741
v -16.180025 -3.311368 1.275044
v -16.317217 -3.311368 1.275044
v -15.298525 -2.963187 0.715900
v -15.532721 -2.963187 0.950096
v -15.229929 -2.946280 1.018692
v -15.395529 -2.963187 0.853088
v -15.362801 -2.953427 0.885820
v -15.395529 -2.951231 0.950096
v -15.298525 -2.951231 0.853088
v -15.670681 -2.963187 1.007241
v -15.670681 -2.946280 1.201257
v -15.670681 -2.951231 1.064068
v -15.945057 -2.963187 1.120893
v -15.807869 -2.946280 1.258085
v -15.904877 -2.951231 1.161076
v -15.739273 -2.946280 1.229668
v -15.807869 -2.963187 1.064068
v -15.787777 -2.951231 1.112572
v -15.945057 -3.299411 1.120893
v -15.807869 -3.316319 1.258085
v -15.904877 -3.311367 1.161076
v -15.739273 -3.316319 1.229668
v -15.807869 -3.299411 1.064068
v -15.787777 -3.311367 1.112572
v -15.670681 -3.299411 1.007241
v -15.670681 -3.316319 1.201257
v -15.670681 -3.311367 1.064068
v -15.532721 -3.299411 0.950096
v -15.298525 -3.299411 0.715900
v -15.229929 -3.316319 1.018692
v -15.395529 -3.299411 0.853088
v -15.362801 -3.309171 0.885820
v -15.298525 -3.311367 0.853088
v -15.395529 -3.311367 0.950096
v -15.127728 -2.963187 0.303560
v -14.990536 -2.946279 0.440752
v -15.087543 -2.951231 0.343744
v -15.070580 -2.963187 0.165604
v -14.807972 -2.946279 0.000000
v -15.070580 -2.963187 -0.165604
v -14.973572 -2.951231 0.068596
v -14.995880 -2.953427 0.000000
v -14.973572 -2.951231 -0.068596
v -15.042168 -2.963187 0.000000
v -15.184553 -2.963187 0.440752
v -15.018948 -2.946279 0.509344
v -15.136047 -2.951231 0.460844
v -15.241381 -2.963187 0.577940
v -15.047363 -2.946279 0.577940
v -15.184553 -2.951231 0.577940
v -15.241381 -3.299411 0.577940
v -15.047363 -3.316319 0.577940
v -15.184553 -3.311367 0.577940
v -15.018948 -3.316319 0.509344
v -15.184553 -3.299411 0.440752
v -15.136047 -3.311367 0.460844
v -15.127728 -3.299411 0.303560
v -14.990536 -3.316319 0.440752
v -15.087543 -3.311367 0.343744
v -15.070580 -3.299411 0.165604
v -15.070580 -3.299411 -0.165604
v -14.807972 -3.316319 0.000000
v -15.042168 -3.299411 0.000000
v -14.995880 -3.309171 0.000000
v -14.973572 -3.311367 -0.068596
v -14.973572 -3.311367 0.068596
v -15.298525 -2.963187 -0.715900
v -15.229929 -2.946280 -1.018692
v -15.532721 -2.963187 -0.950096
v -15.298525 -2.951231 -0.853088
v -15.362801 -2.953427 -0.885819
v -15.395529 -2.951231 -0.950096
v -15.395529 -2.963187 -0.853088
v -15.241381 -2.963187 -0.577940
v -15.047363 -2.946279 -0.577940
v -15.184553 -2.951231 -0.577940
v -15.127728 -2.963187 -0.303560
v -14.990536 -2.946279 -0.440752
v -15.087543 -2.951231 -0.343744
v -15.018948 -2.946279 -0.509344
v -15.184553 -2.963187 -0.440752
v -15.136047 -2.951231 -0.460844
v -15.127728 -3.299411 -0.303560
v -14.990536 -3.316319 -0.440752
v -15.087543 -3.311367 -0.343744
v -15.018948 -3.316319 -0.509344
v -15.184553 -3.299411 -0.440752
v -15.136047 -3.311367 -0.460844
v -15.241381 -3.299411 -0.577940
v -15.047363 -3.316319 -0.577940
v -15.184553 -3.311367 -0.577940
v -15.298525 -3.299411 -0.715900
v -15.532721 -3.299411 -0.950096
v -15.229929 -3.316319 -1.018692
v -15.395529 -3.299411 -0.853088
v -15.362801 -3.309171 -0.885819
v -15.395529 -3.311367 -0.950096
v -15.298525 -3.311367 -0.853088
v -15.945057 -2.963187 -1.120892
v -15.807869 -2.946280 -1.258084
v -15.904877 -2.951231 -1.161075
v -16.083015 -2.963187 -1.178035
v -16.248621 -2.946280 -1.440647
v -16.414221 -2.963187 -1.178035
v -16.180025 -2.951231 -1.275043
v -16.248621 -2.953427 -1.252740
v -16.317217 -2.951231 -1.275043
v -16.248621 -2.963187 -1.206452
v -15.807869 -2.963187 -1.064067
v -15.739273 -2.946280 -1.229668
v -15.787777 -2.951231 -1.112571
v -15.670681 -2.963187 -1.007240
v -15.670681 -2.946280 -1.201256
v -15.670681 -2.951231 -1.064067
v -15.670681 -3.299411 -1.007240
v -15.670681 -3.316319 -1.201256
v -15.670681 -3.311367 -1.064067
v -15.945057 -3.299411 -1.120892
v -15.807869 -3.316319 -1.258084
v -15.904877 -3.311367 -1.161075
v -15.739273 -3.316319 -1.229668
v -15.807869 -3.299411 -1.064067
v -15.787777 -3.311367 -1.112571
v -16.414221 -3.299412 -1.178035
v -16.248621 -3.316319 -1.440647
v -16.083015 -3.299412 -1.178035
v -16.317217 -3.311368 -1.275043
v -16.248621 -3.309171 -1.252740
v -16.180025 -3.311368 -1.275043
v -16.248621 -3.299412 -1.206452
v -16.964520 -2.963188 -0.950095
v -17.267313 -2.946280 -1.018691
v -17.198717 -2.963188 -0.715899
v -17.101707 -2.951231 -0.950095
v -17.134439 -2.953428 -0.885819
v -17.198717 -2.951231 -0.853087
v -17.101707 -2.963188 -0.853087
v -16.826561 -2.963188 -1.007240
v -16.826561 -2.946280 -1.201256
v -16.826561 -2.951231 -1.064067
v -16.552179 -2.963187 -1.120892
v -16.689373 -2.946280 -1.258084
v -16.592363 -2.951231 -1.161075
v -16.757965 -2.946280 -1.229668
v -16.689373 -2.963187 -1.064067
v -16.709459 -2.951231 -1.112571
v -16.552179 -3.299412 -1.120892
v -16.689373 -3.316319 -1.258084
v -16.592363 -3.311368 -1.161075
v -16.757965 -3.316319 -1.229668
v -16.689373 -3.299412 -1.064067
v -16.709459 -3.311368 -1.112571
v -16.826561 -3.299412 -1.007240
v -16.826561 -3.316319 -1.201256
v -16.826561 -3.311368 -1.064067
v -16.964520 -3.299412 -0.950095
v -17.198717 -3.299412 -0.715899
v -17.267313 -3.316319 -1.018691
v -17.101707 -3.299412 -0.853087
v -17.134439 -3.309171 -0.885819
v -17.198717 -3.311368 -0.853087
v -17.101707 -3.311368 -0.950095
v -17.369513 -2.963188 -0.303559
v -17.506701 -2.946280 -0.440751
v -17.409693 -2.951231 -0.343743
v -17.478289 -2.946280 -0.509343
v -17.312689 -2.963188 -0.440751
v -17.361193 -2.951231 -0.460843
v -17.449877 -2.946280 -0.577939
v -17.255859 -2.963188 -0.577939
v -17.312689 -2.951231 -0.577939
v -17.255859 -3.299412 -0.577939
v -17.449877 -3.316319 -0.577939
v -17.312689 -3.311368 -0.577939
v -17.369513 -3.299412 -0.303559
v -17.506701 -3.316319 -0.440751
v -17.409693 -3.311368 -0.343743
v -17.478289 -3.316319 -0.509343
v -17.312689 -3.299412 -0.440751
v -17.361193 -3.311368 -0.460843
vn -0.9447 -0.0000 -0.3279
vn -0.0000 -0.0000 1.0000
vn -0.9447 -0.0000 -0.3280
vn -0.0000 -0.0000 -1.0000
vn -0.2287 -0.0000 0.9735
vn -0.9239 -0.0000 0.3827
vn -0.8359 -0.0000 -0.5489
vn -0.5135 -0.0000 -0.8581
vn 0.3827 -0.0000 -0.9239
vn 0.9239 -0.0000 0.3827
vn 0.2909 -0.0000 0.9568
vn 0.9239 -0.0000 -0.3827
vn -0.0000 -1.0000 -0.0000
vn 0.5214 0.8255 0.2160
vn 0.2160 0.8255 0.5214
vn -0.5323 0.7195 0.4461
vn -0.5323 0.7194 0.4461
vn -0.0000 1.0000 -0.0000
vn 0.2160 0.8255 -0.5214
vn -0.5022 0.2818 -0.8175
vn -0.9024 -0.0000 -0.4308
vn -0.9024 -0.0000 -0.4309
vn -0.2160 0.8255 -0.5214
vn -0.7159 0.4726 -0.5139
vn -0.9024 -0.0000 0.4308
vn -0.5214 0.8255 -0.2160
vn -0.5214 0.8255 0.2160
vn -0.1711 0.4604 0.8711
vn -0.2160 0.8255 0.5214
vn 0.2799 0.1895 0.9411
vn 0.5214 0.8255 -0.2160
vn 0.9514 0.1668 0.2587
vn 0.8423 0.5390 -0.0000
vn 0.9514 0.1668 -0.2587
vn 0.5659 0.5389 0.6240
vn 0.8381 0.1568 0.5226
vn 0.4385 0.1568 0.8850
vn -0.5451 0.5399 0.6414
vn -0.4025 0.1509 0.9029
vn -0.8262 0.1509 0.5428
vn -0.8376 0.5405 -0.0791
vn -0.9702 0.1486 0.1912
vn -0.9173 0.1486 -0.3695
vn -0.0616 0.5396 -0.8397
vn -0.3447 0.1522 -0.9263
vn 0.2057 0.1522 -0.9667
vn 0.5873 0.5569 -0.5873
vn 0.5450 0.1100 -0.8312
vn 0.8312 0.1100 -0.5450
vn 0.9758 0.1984 0.0921
vn 0.9758 0.1984 -0.0921
vn 0.8482 0.5297 -0.0000
vn 0.7398 0.2048 0.6409
vn 0.5600 0.5399 0.6285
vn 0.6058 0.2040 0.7691
vn -0.6405 0.1941 0.7430
vn -0.6327 0.5202 0.5736
vn -0.7671 0.1933 0.6117
vn -0.9751 0.1940 0.1074
vn -0.8524 0.5216 0.0358
vn -0.9780 0.1947 -0.0753
vn -0.1115 0.2030 -0.9728
vn -0.0405 0.5383 -0.8418
vn 0.0737 0.2037 -0.9763
vn 0.6249 0.1984 -0.7551
vn 0.5997 0.5297 -0.5997
vn 0.7551 0.1984 -0.6249
vn 0.9083 0.1883 0.3736
vn 0.6970 0.6571 0.2870
vn 0.7987 -0.5026 0.3308
vn 0.4798 -0.8545 0.1988
vn 0.4896 -0.1200 0.8636
vn 0.8118 -0.1200 0.5714
vn 0.2943 0.1719 0.9401
vn 0.2208 0.6727 0.7062
vn 0.3308 -0.5026 0.7987
vn 0.1988 -0.8545 0.4798
vn -0.2302 0.1699 0.9582
vn -0.1721 0.6754 0.7170
vn -0.3308 -0.5026 0.7987
vn -0.1988 -0.8545 0.4798
vn -0.8017 -0.1008 0.5892
vn -0.4522 -0.1008 0.8862
vn -0.9086 0.1796 0.3770
vn -0.6887 0.6664 0.2857
vn -0.7987 -0.5026 0.3308
vn -0.4798 -0.8546 0.1988
vn -0.9413 -0.0934 -0.3243
vn -0.9854 -0.0933 0.1423
vn -0.8264 0.1691 -0.5370
vn -0.6176 0.6764 -0.4014
vn -0.7987 -0.5026 -0.3308
vn -0.4798 -0.8546 -0.1988
vn -0.5001 0.1703 -0.8490
vn -0.3748 0.6747 -0.6358
vn -0.3308 -0.5026 -0.7987
vn -0.1988 -0.8545 -0.4798
vn 0.1550 -0.1053 -0.9823
vn -0.2968 -0.1053 -0.9491
vn 0.3703 0.1710 -0.9130
vn 0.2779 0.6755 -0.6829
vn 0.3308 -0.5026 -0.7987
vn 0.1988 -0.8545 -0.4798
vn 0.8165 -0.0000 -0.5774
vn 0.5774 -0.0000 -0.8165
vn 0.9135 0.1763 -0.3667
vn 0.6884 0.6699 -0.2779
vn 0.7987 -0.5026 -0.3308
vn 0.4798 -0.8545 -0.1988
vn 0.9680 -0.1512 -0.2005
vn 0.9680 -0.1512 0.2005
vn 0.9856 -0.0000 -0.1691
vn 0.9856 -0.0000 0.1691
vn 0.5325 0.1664 0.8299
vn 0.8069 0.0452 0.5890
vn 0.5170 -0.0000 0.8560
vn 0.8016 -0.0000 0.5979
vn -0.8024 0.1144 0.5857
vn -0.3582 0.7850 0.5055
vn -0.7917 -0.0000 0.6109
vn -0.4752 -0.0000 0.8799
vn -0.6317 0.7656 -0.1216
vn -0.9805 0.1271 0.1496
vn -0.9523 -0.0000 -0.3051
vn -0.9926 -0.0000 0.1214
vn 0.1472 0.0691 -0.9867
vn -0.2257 0.2627 -0.9381
vn 0.1317 -0.0000 -0.9913
vn -0.2751 -0.0000 -0.9614
vn 0.8055 0.4897 -0.3337
vn 0.9148 0.1399 -0.3789
vn 0.9163 -0.1281 -0.3795
vn 0.8341 0.4299 -0.3455
vn 0.3337 0.4897 -0.8055
vn 0.3789 0.1399 -0.9148
vn 0.3795 -0.1281 -0.9163
vn 0.3455 0.4299 -0.8342
vn -0.3339 0.5516 -0.7644
vn -0.4510 0.2326 -0.8617
vn -0.3795 -0.1281 -0.9163
vn -0.3455 0.4299 -0.8342
vn -0.7601 0.5513 -0.3438
vn -0.8396 0.2426 -0.4860
vn -0.9163 -0.1281 -0.3795
vn -0.8342 0.4299 -0.3455
vn -0.8055 0.4897 0.3337
vn -0.9148 0.1399 0.3789
vn -0.9163 -0.1281 0.3795
vn -0.8342 0.4299 0.3455
vn -0.2992 0.5419 0.7854
vn -0.2641 0.2296 0.9368
vn -0.3795 -0.1281 0.9163
vn -0.3455 0.4299 0.8342
vn 0.3133 0.5379 0.7826
vn 0.3201 0.2075 0.9244
vn 0.3795 -0.1281 0.9163
vn 0.3455 0.4299 0.8341
vn 0.8055 0.4897 0.3337
vn 0.9148 0.1399 0.3789
vn 0.9163 -0.1281 0.3795
vn 0.8341 0.4299 0.3455
vn 1.0000 -0.0000 -0.0000
vn -0.4893 -0.8721 -0.0000
vn 0.4893 0.8721 -0.0000
vn -1.0000 -0.0000 -0.0000
vn -0.4641 -0.8858 -0.0000
vn -0.1006 -0.1029 0.9896
vn 0.4641 0.8858 -0.0000
vn -0.1006 -0.1029 -0.9896
vn -0.3585 -0.9335 -0.0000
vn 0.9906 -0.1365 -0.0000
vn -0.0000 -0.1365 -0.9906
vn -0.0000 -0.1365 0.9906
vn -0.9906 -0.1365 -0.0000
vn 0.3208 -0.8813 0.3471
vn 0.8854 -0.3204 0.3367
vn 0.3153 -0.3105 0.8968
vn 0.8860 0.3185 0.3369
vn 0.3066 0.8820 0.3577
vn 0.3152 0.3152 0.8952
vn 0.3208 -0.8813 -0.3471
vn 0.3153 -0.3105 -0.8968
vn 0.8854 -0.3204 -0.3367
vn 0.3220 0.8825 -0.3428
vn 0.8861 0.3211 -0.3343
vn 0.3174 0.3131 -0.8951
vn -0.5539 -0.5197 0.6505
vn -0.9190 -0.3287 0.2178
vn -0.5834 -0.7826 0.2174
vn -0.4131 -0.0677 0.9082
vn -0.4256 0.8381 0.3414
vn -0.9283 0.1934 0.3175
vn -0.5834 -0.7826 -0.2174
vn -0.9190 -0.3287 -0.2178
vn -0.5539 -0.5197 -0.6505
vn -0.4007 0.8537 -0.3325
vn -0.4013 -0.0973 -0.9108
vn -0.9320 0.1833 -0.3125
vn 0.2995 -0.9058 0.2995
vn 0.8326 -0.4604 0.3081
vn 0.3081 -0.4604 0.8326
vn 0.9254 0.1623 0.3424
vn 0.3510 0.8681 0.3510
vn 0.3424 0.1623 0.9254
vn -0.2995 -0.9058 0.2995
vn -0.3081 -0.4604 0.8326
vn -0.8326 -0.4603 0.3081
vn -0.3510 0.8681 0.3511
vn -0.9254 0.1623 0.3424
vn -0.3424 0.1623 0.9254
vn 0.2995 -0.9058 -0.2995
vn 0.3081 -0.4604 -0.8326
vn 0.8326 -0.4604 -0.3081
vn 0.3510 0.8681 -0.3510
vn 0.9254 0.1623 -0.3424
vn 0.3424 0.1623 -0.9254
vn -0.2995 -0.9058 -0.2995
vn -0.8326 -0.4604 -0.3081
vn -0.3081 -0.4604 -0.8326
vn -0.3510 0.8681 -0.3510
vn -0.3424 0.1623 -0.9254
vn -0.9254 0.1623 -0.3424
vn -0.0001 -0.9139 0.4060
vn -0.0000 -0.3606 0.9327
vn 0.3827 -0.0000 0.9239
vn 0.0006 0.9129 0.4082
vn 0.0002 0.3668 0.9303
vn -0.0001 -0.9139 -0.4060
vn -0.0000 -0.3606 -0.9327
vn -0.0000 0.9158 -0.4016
vn -0.0000 0.3646 -0.9311
vn 0.3827 -0.9239 -0.0000
vn 0.9239 -0.3827 -0.0000
vn 0.3759 0.9266 -0.0007
vn 0.9250 0.3799 -0.0003
vn 0.1998 0.3562 -0.9128
vn 0.1888 0.3570 -0.9148
vn 0.1982 0.3563 -0.9131
vn 0.4569 0.8143 -0.3581
vn 0.1888 0.3570 0.9148
vn 0.1998 0.3562 0.9128
vn 0.1982 0.3563 0.9131
vn 0.4569 0.8143 0.3581
vn -0.4561 -0.8127 0.3625
vn -0.1862 -0.3521 0.9173
vn -0.1977 -0.3519 0.9149
vn -0.1960 -0.3519 0.9153
vn -0.4561 -0.8127 -0.3625
vn -0.1977 -0.3519 -0.9149
vn -0.1862 -0.3521 -0.9173
vn -0.1960 -0.3519 -0.9153
vn 0.1872 0.3572 -0.9151
vn 0.4325 0.8254 -0.3629
vn 0.1872 0.3572 0.9151
vn 0.4325 0.8254 0.3629
vn -0.4315 -0.8235 0.3682
vn -0.1845 -0.3521 0.9176
vn -0.4315 -0.8235 -0.3682
vn -0.1845 -0.3521 -0.9176
vn -0.9346 -0.1400 0.3269
vn -0.5054 -0.3062 0.8067
vn -0.6376 -0.7703 -0.0000
vn -0.9477 -0.3191 -0.0000
vn -0.3868 0.9222 -0.0004
vn -0.9232 0.3844 -0.0002
vn -0.5117 -0.3033 -0.8039
vn -0.9334 -0.1405 -0.3303
vn -0.3823 -0.8618 -0.3332
vn -0.3036 -0.5025 -0.8095
vn -0.0004 0.9130 -0.4079
vn -0.0204 0.1746 -0.9844
vn -0.3036 -0.5025 0.8095
vn -0.3823 -0.8618 0.3332
vn -0.0213 0.1920 0.9812
vn -0.0011 0.9085 0.4179
vn -0.0000 -0.9325 0.3612
vn -0.0000 -0.4841 0.8750
vn 0.9080 -0.1774 0.3796
vn 0.3796 -0.1774 0.9080
vn -0.0000 0.9174 0.3979
vn -0.0000 0.2675 0.9636
vn -0.9080 -0.1774 0.3795
vn -0.3796 -0.1774 0.9080
vn -0.3612 -0.9325 -0.0000
vn -0.8750 -0.4841 -0.0000
vn -0.3979 0.9174 -0.0000
vn -0.9636 0.2674 -0.0000
vn -0.3796 -0.1774 -0.9080
vn -0.9080 -0.1774 -0.3796
vn -0.0000 -0.9325 -0.3612
vn -0.0000 -0.4841 -0.8750
vn -0.0000 0.9174 -0.3979
vn -0.0000 0.2675 -0.9636
vn 0.9080 -0.1774 -0.3796
vn 0.3796 -0.1774 -0.9080
vn 0.3612 -0.9325 -0.0000
vn 0.8750 -0.4841 -0.0000
vn 0.3979 0.9174 -0.0000
vn 0.9636 0.2675 -0.0000
vn -0.9239 -0.0000 -0.3827
vn -0.3827 -0.0000 0.9239
vn -0.3827 -0.0000 -0.9239
vn -0.0001 -0.0000 -1.0000
vn -0.0679 -0.9900 0.1237
vn -0.0000 -0.0001 -1.0000
vn 0.0001 -1.0000 -0.0000
vn -0.0000 -1.0000 -0.0001
vn -0.0000 -0.9999 0.0156
vn -0.0001 -1.0000 -0.0000
vn -0.0000 1.0000 0.0001
vn -0.0000 -0.9827 0.1854
vn -0.0000 -0.9981 0.0624
vn -0.0000 1.0000 -0.0001
vn -0.0000 -1.0000 -0.0002
vn -0.0000 -0.9889 -0.1483
vn -0.0000 -0.9942 0.1071
vn -0.0000 -0.9942 0.1072
vn -0.0546 -0.9957 -0.0747
vn -0.0001 -0.0001 1.0000
vn -0.0000 -0.0001 1.0000
vn 0.0001 1.0000 -0.0000
vn -0.0000 -0.9923 0.1240
vn -0.0000 -1.0000 0.0001
vn -0.0001 -1.0000 0.0001
vn -0.0000 -0.9993 0.0375
vn -0.0001 -0.0001 -1.0000
vn -0.0000 0.9183 -0.3959
vn -0.0000 -0.9899 0.1414
vn -0.0000 -0.9356 -0.3530
vn -0.0000 0.9923 0.1240
vn -0.0000 -0.9962 -0.0872
vn -0.0000 -0.9879 -0.1553
vn -0.0000 0.0001 -1.0000
vn -0.0000 -0.9997 0.0236
vn -0.0000 -0.9997 0.0235
vn -0.3095 -0.9487 0.0644
vn -0.3095 -0.9487 -0.0644
vn -0.0549 -0.9985 -0.0000
vn -0.3095 0.9487 -0.0643
vn -0.3095 0.9487 0.0643
vn -0.0549 0.9985 -0.0000
vn -0.2643 -0.9487 -0.1733
vn -0.1733 -0.9487 -0.2644
vn -0.0388 -0.9985 -0.0388
vn -0.1733 0.9487 -0.2643
vn -0.2643 0.9487 -0.1733
vn -0.0388 0.9985 -0.0388
vn -0.0644 -0.9487 -0.3095
vn 0.0644 -0.9487 -0.3095
vn -0.0000 -0.9985 -0.0549
vn 0.0643 0.9487 -0.3095
vn -0.0643 0.9487 -0.3095
vn -0.0000 0.9985 -0.0549
vn 0.1733 -0.9487 -0.2643
vn 0.2643 -0.9487 -0.1733
vn 0.0388 -0.9985 -0.0388
vn 0.2643 0.9487 -0.1733
vn 0.1733 0.9487 -0.2643
vn 0.0388 0.9985 -0.0388
vn 0.3095 -0.9487 -0.0644
vn 0.3095 -0.9487 0.0644
vn 0.0549 -0.9985 -0.0000
vn 0.3095 0.9487 0.0643
vn 0.3095 0.9487 -0.0643
vn 0.0549 0.9985 -0.0000
vn 0.2643 -0.9487 0.1733
vn 0.1733 -0.9487 0.2643
vn 0.0388 -0.9985 0.0388
vn 0.1733 0.9487 0.2643
vn 0.2643 0.9487 0.1733
vn 0.0388 0.9985 0.0388
vn 0.0644 -0.9487 0.3095
vn -0.0644 -0.9487 0.3095
vn -0.0000 -0.9985 0.0549
vn -0.0643 0.9487 0.3095
vn 0.0643 0.9487 0.3095
vn -0.0000 0.9985 0.0549
vn -0.1733 -0.9487 0.2644
vn -0.2644 -0.9487 0.1733
vn -0.0388 -0.9985 0.0388
vn -0.2643 0.9487 0.1733
vn -0.1733 0.9487 0.2643
vn -0.0388 0.9985 0.0388
vn -0.3094 -0.9487 -0.0643
vn -0.3094 -0.9487 0.0643
vn -0.1733 -0.9487 -0.2643
vn -0.0643 -0.9487 -0.3094
vn 0.0643 -0.9487 -0.3094
vn 0.0643 0.9487 -0.3094
vn -0.0643 0.9487 -0.3094
vn 0.3095 -0.9487 -0.0643
vn 0.3095 -0.9487 0.0643
vn 0.0643 -0.9487 0.3094
vn -0.0643 -0.9487 0.3094
vn -0.0643 0.9487 0.3094
vn 0.0643 0.9487 0.3094
vn -0.1733 -0.9487 0.2643
vn -0.2643 -0.9487 0.1733
vn 0.1217 0.9872 -0.1027
vn 0.0269 0.9993 -0.0269
vn 0.1027 0.9872 -0.1217
vn 0.1587 0.9872 0.0134
vn 0.0380 0.9993 -0.0000
vn 0.1587 0.9872 -0.0134
vn 0.1587 -0.9872 0.0134
vn 0.1587 -0.9872 -0.0134
vn 0.0380 -0.9993 -0.0000
vn 0.1027 -0.9872 -0.1217
vn 0.0269 -0.9993 -0.0269
vn 0.1217 -0.9872 -0.1027
vn 0.0134 0.9872 -0.1587
vn -0.0000 0.9993 -0.0380
vn -0.0134 0.9872 -0.1587
vn 0.0134 -0.9872 -0.1587
vn -0.0134 -0.9872 -0.1587
vn -0.0000 -0.9993 -0.0380
vn -0.1217 0.9872 -0.1027
vn -0.1027 0.9872 -0.1217
vn -0.0269 0.9993 -0.0269
vn -0.1027 -0.9872 -0.1217
vn -0.1217 -0.9872 -0.1027
vn -0.0269 -0.9993 -0.0269
vn -0.1587 0.9872 -0.0134
vn -0.0380 0.9993 -0.0000
vn -0.1587 0.9872 0.0134
vn -0.1587 -0.9872 -0.0134
vn -0.1587 -0.9872 0.0134
vn -0.0380 -0.9993 -0.0000
vn -0.1217 0.9872 0.1027
vn -0.0269 0.9993 0.0269
vn -0.1027 0.9872 0.1217
vn -0.1217 -0.9872 0.1027
vn -0.1027 -0.9872 0.1217
vn -0.0269 -0.9993 0.0269
vn -0.0134 0.9872 0.1587
vn -0.0000 0.9993 0.0380
vn 0.0134 0.9872 0.1587
vn 0.0134 -0.9872 0.1587
vn -0.0000 -0.9993 0.0380
vn -0.0134 -0.9872 0.1587
vn 0.1027 0.9872 0.1217
vn 0.0269 0.9993 0.0269
vn 0.1217 0.9872 0.1027
vn 0.1027 -0.9872 0.1217
vn 0.1217 -0.9872 0.1027
vn 0.0269 -0.9993 0.0269
vn -0.2051 -0.9750 -0.0850
vn -0.0361 -0.9992 -0.0149
vn -0.2051 0.9750 -0.0850
vn -0.2052 0.9750 -0.0850
vn -0.0360 0.9992 -0.0149
vn -0.9856 -0.0000 0.1691
vn -0.9856 -0.0000 -0.1691
vn -0.5774 -0.0000 -0.8165
vn -0.8165 -0.0000 -0.5774
vn -0.0850 -0.9750 -0.2051
vn -0.0149 -0.9992 -0.0361
vn -0.0850 0.9750 -0.2051
vn -0.0149 0.9992 -0.0360
vn 0.1691 -0.0000 -0.9856
vn -0.1691 -0.0000 -0.9856
vn 0.0850 -0.9750 -0.2051
vn 0.0149 -0.9992 -0.0361
vn 0.0850 0.9750 -0.2051
vn 0.0149 0.9992 -0.0360
vn 0.2051 -0.9750 -0.0850
vn 0.0361 -0.9992 -0.0149
vn 0.2051 0.9750 -0.0850
vn 0.0360 0.9992 -0.0149
vn 0.2051 -0.9750 0.0850
vn 0.0361 -0.9992 0.0149
vn 0.2051 0.9750 0.0850
vn 0.0360 0.9992 0.0149
vn 0.5774 -0.0000 0.8165
vn 0.8165 -0.0000 0.5774
vn 0.0850 -0.9750 0.2051
vn 0.0149 -0.9992 0.0361
vn 0.0850 0.9750 0.2051
vn 0.0149 0.9992 0.0360
vn -0.1691 -0.0000 0.9856
vn 0.1691 -0.0000 0.9856
vn -0.0850 -0.9750 0.2051
vn -0.0149 -0.9992 0.0361
vn -0.0850 0.9750 0.2051
vn -0.0149 0.9992 0.0360
vn -0.8165 -0.0000 0.5774
vn -0.5774 -0.0000 0.8165
vn -0.2051 -0.9750 0.0850
vn -0.2052 -0.9750 0.0850
vn -0.0361 -0.9992 0.0149
vn -0.2051 0.9750 0.0850
vn -0.0360 0.9992 0.0149
vn -0.2052 -0.9750 -0.0850
vn -0.0149 0.9992 -0.0361
vn 0.0850 0.9750 0.2052
vn -0.2052 0.9750 0.0850
vn 0.0149 0.9992 0.0361
vn 0.2052 0.9750 -0.0850
vn 0.0361 0.9992 -0.0149
vn 0.0149 0.9992 -0.0361
vn 0.0850 0.9750 -0.2052
vn -0.5773 -0.0000 -0.8165
vn -0.8165 -0.0000 -0.5773
vn -0.0361 0.9992 -0.0149
vn -0.0361 0.9992 0.0149
vn -0.0149 0.9992 0.0361
vn 0.2052 0.9750 0.0850
vn 0.0361 0.9992 0.0149
vn 0.2052 -0.9750 0.0850
vn -0.0850 0.9750 -0.2052
vn -0.0850 0.9750 0.2052
vn 0.2052 -0.9750 -0.0850
vn -0.5773 -0.0000 0.8165
vn -0.8165 -0.0000 0.5773
vn 0.9952 -0.0000 0.0980
vn 0.9569 -0.0000 0.2903
vn 0.8819 -0.0000 0.4714
vn 0.7731 -0.0000 0.6343
vn 0.6344 -0.0000 0.7730
vn 0.4714 -0.0000 0.8819
vn 0.2903 -0.0000 0.9569
vn 0.0979 -0.0000 0.9952
vn -0.0979 -0.0000 0.9952
vn -0.2903 -0.0000 0.9569
vn -0.4713 -0.0000 0.8820
vn -0.6344 -0.0000 0.7730
vn -0.7730 -0.0000 0.6344
vn -0.8819 -0.0000 0.4714
vn -0.9569 -0.0000 0.2903
vn -0.9952 -0.0000 0.0980
vn -0.9952 -0.0000 -0.0980
vn -0.9569 -0.0000 -0.2903
vn -0.8819 -0.0000 -0.4714
vn -0.7731 -0.0000 -0.6343
vn -0.6344 -0.0000 -0.7730
vn -0.4713 -0.0000 -0.8820
vn -0.2904 -0.0000 -0.9569
vn -0.0978 -0.0000 -0.9952
vn 0.0978 -0.0000 -0.9952
vn 0.2903 -0.0000 -0.9569
vn 0.4714 -0.0000 -0.8819
vn 0.6344 -0.0000 -0.7730
vn 0.7731 -0.0000 -0.6343
vn 0.8819 -0.0000 -0.4714
vn 0.9569 -0.0000 -0.2903
vn 0.9952 -0.0000 -0.0980
vt 0.125000 0.977273
vt 0.000000 0.977273
vt 0.750000 0.542003
vt 0.650627 0.542003
vt 0.650627 0.545455
vt 0.750000 0.545455
vt 0.597560 0.542003
vt 0.527440 0.542003
vt 0.527440 0.545455
vt 0.597560 0.545455
vt 0.473466 0.542003
vt 0.375000 0.542003
vt 0.375000 0.545455
vt 0.473466 0.545455
vt 0.281865 0.542003
vt 0.281865 0.545455
vt 0.222560 0.542003
vt 0.152440 0.542003
vt 0.152440 0.545455
vt 0.222560 0.545455
vt 1.000000 0.977273
vt 0.875000 0.977273
vt 0.972560 0.545455
vt 0.902440 0.545455
vt 0.902440 0.590909
vt 0.972560 0.590909
vt 0.842404 0.542003
vt 0.842404 0.545455
vt 0.097560 0.542003
vt 0.027440 0.542003
vt 0.027440 0.545455
vt 0.097560 0.545455
vt 0.396978 0.396978
vt 0.457859 0.250000
vt 0.396978 0.103022
vt 0.250000 0.042142
vt 0.103022 0.103022
vt 0.042142 0.250000
vt 0.103022 0.396978
vt 0.250000 0.457858
vt 0.902440 0.636364
vt 0.972560 0.636364
vt 0.902440 0.681818
vt 0.972560 0.681818
vt 0.902440 0.727273
vt 0.972560 0.727273
vt 0.902440 0.772727
vt 0.972560 0.772727
vt 0.902440 0.818182
vt 0.972560 0.818182
vt 0.902440 0.863636
vt 0.972560 0.863636
vt 0.902439 0.867088
vt 0.972560 0.867088
vt 1.000000 0.922299
vt 0.875000 0.922299
vt 0.875000 0.941337
vt 1.000000 0.941337
vt 0.750000 0.922299
vt 0.750000 0.941337
vt 0.250000 0.977273
vt 0.281865 0.590909
vt 0.375000 0.590909
vt 0.281865 0.636364
vt 0.375000 0.636364
vt 0.281865 0.681818
vt 0.375000 0.681818
vt 0.281865 0.727273
vt 0.375000 0.727273
vt 0.281865 0.772727
vt 0.375000 0.772727
vt 0.281865 0.818182
vt 0.375000 0.818182
vt 0.281865 0.863636
vt 0.375000 0.863636
vt 0.222560 0.863636
vt 0.152440 0.863636
vt 0.152440 0.867088
vt 0.222560 0.867088
vt 0.375000 0.977273
vt 0.152440 0.590909
vt 0.222560 0.590909
vt 0.152440 0.636364
vt 0.222560 0.636364
vt 0.152440 0.681818
vt 0.222560 0.681818
vt 0.152440 0.727273
vt 0.222560 0.727273
vt 0.152440 0.772727
vt 0.222560 0.772727
vt 0.152440 0.818182
vt 0.222560 0.818182
vt 0.250000 0.922299
vt 0.125000 0.922299
vt 0.125000 0.941337
vt 0.250000 0.941337
vt 0.281068 0.871326
vt 0.375000 0.874548
vt 0.500000 0.977273
vt 0.375000 0.922299
vt 0.375000 0.941337
vt 0.473466 0.590909
vt 0.473466 0.636364
vt 0.473466 0.681818
vt 0.473466 0.727273
vt 0.473466 0.772727
vt 0.473466 0.818182
vt 0.473466 0.863636
vt 0.473386 0.867501
vt 0.625000 0.977273
vt 0.500000 0.922299
vt 0.500000 0.941337
vt 0.650627 0.590909
vt 0.750000 0.590909
vt 0.650627 0.636364
vt 0.750000 0.636364
vt 0.650627 0.681818
vt 0.750000 0.681818
vt 0.650627 0.727273
vt 0.750000 0.727273
vt 0.650627 0.772727
vt 0.750000 0.772727
vt 0.650627 0.818182
vt 0.750000 0.818182
vt 0.650627 0.863636
vt 0.750000 0.863636
vt 0.597560 0.863636
vt 0.527440 0.863636
vt 0.527440 0.867088
vt 0.597560 0.867088
vt 0.750000 0.977273
vt 0.527440 0.590909
vt 0.597560 0.590909
vt 0.527440 0.636364
vt 0.597560 0.636364
vt 0.527440 0.681818
vt 0.597560 0.681818
vt 0.527440 0.727273
vt 0.597560 0.727273
vt 0.527440 0.772727
vt 0.597560 0.772727
vt 0.527440 0.818182
vt 0.597560 0.818182
vt 0.625000 0.922299
vt 0.625000 0.941337
vt 0.650742 0.866435
vt 0.750000 0.872692
vt 0.842404 0.590909
vt 0.842404 0.636364
vt 0.842404 0.681818
vt 0.842404 0.727273
vt 0.842404 0.772727
vt 0.842404 0.818182
vt 0.842404 0.863636
vt 0.843317 0.871082
vt 0.750421 0.445306
vt 0.611295 0.387702
vt 0.554008 0.248814
vt 0.614223 0.119708
vt 0.753684 0.051420
vt 0.887499 0.106702
vt 0.939846 0.255113
vt 0.889715 0.386525
vt 0.027440 0.590909
vt 0.097560 0.590909
vt 0.027440 0.636364
vt 0.097560 0.636364
vt 0.027440 0.681818
vt 0.097560 0.681818
vt 0.027440 0.727273
vt 0.097560 0.727273
vt 0.027440 0.772727
vt 0.097560 0.772727
vt 0.027440 0.818182
vt 0.097560 0.818182
vt 0.027440 0.863636
vt 0.097560 0.863636
vt 0.027440 0.867088
vt 0.097560 0.867088
vt 0.000000 0.922299
vt 0.000000 0.941337
vt 0.972560 0.542003
vt 1.000000 0.542003
vt 0.995900 0.500000
vt 0.976579 0.500000
vt 0.781798 0.476829
vt 0.744433 0.487694
vt 0.718202 0.476829
vt 0.023421 0.500000
vt 0.000000 0.517752
vt 0.000000 0.542003
vt 0.935613 0.381303
vt 0.913111 0.422437
vt 0.887378 0.433096
vt 0.902440 0.542003
vt 0.898811 0.500000
vt 0.875000 0.517753
vt 0.875000 0.542003
vt 0.869230 0.500000
vt 0.846714 0.500000
vt 0.887026 0.066758
vt 0.922534 0.087123
vt 0.932348 0.110815
vt 0.647480 0.500000
vt 0.625000 0.517753
vt 0.625000 0.542003
vt 0.619614 0.500000
vt 0.600929 0.500000
vt 0.718258 0.023148
vt 0.757614 0.013154
vt 0.782825 0.023597
vt 0.524178 0.500000
vt 0.500000 0.517753
vt 0.500000 0.542003
vt 0.494577 0.500000
vt 0.476620 0.500000
vt 0.523501 0.282595
vt 0.513433 0.241711
vt 0.525679 0.212148
vt 0.277881 0.500000
vt 0.250000 0.517753
vt 0.250000 0.542003
vt 0.244743 0.500000
vt 0.225992 0.500000
vt 0.606636 0.430617
vt 0.578183 0.414608
vt 0.569383 0.393364
vt 0.144403 0.500000
vt 0.125000 0.517752
vt 0.125000 0.542003
vt 0.121246 0.500000
vt 0.105597 0.500000
vt 0.991770 0.909091
vt 1.000000 0.893164
vt 1.000000 0.867088
vt 0.000000 0.867088
vt 0.000000 0.909091
vt 0.008230 0.909091
vt 1.004637 0.906385
vt 1.000000 0.909091
vt 0.875000 0.868770
vt 0.875000 0.904019
vt 0.883229 0.909091
vt 0.879637 0.906385
vt 0.866227 0.909091
vt 0.625000 0.865649
vt 0.625000 0.903579
vt 0.632797 0.909091
vt 0.629394 0.906527
vt 0.616770 0.909091
vt 0.500000 0.865857
vt 0.500000 0.903608
vt 0.508230 0.909091
vt 0.504637 0.906385
vt 0.492142 0.909091
vt 0.250000 0.868492
vt 0.250000 0.903980
vt 0.258680 0.909091
vt 0.254891 0.906237
vt 0.241770 0.909091
vt 0.125000 0.867088
vt 0.125000 0.903782
vt 0.133230 0.909091
vt 0.129637 0.906385
vt 0.116770 0.909091
vt 0.875789 1.000000
vt 0.999211 1.000000
vt 0.418635 0.420149
vt 0.251071 0.489557
vt 0.875000 0.545455
vt 0.752570 0.500000
vt 0.988555 0.253489
vt 0.750789 1.000000
vt 0.874211 1.000000
vt 0.489557 0.251071
vt 0.420149 0.418635
vt 0.747979 0.500000
vt 0.988864 0.247257
vt 0.625789 1.000000
vt 0.749211 1.000000
vt 0.420149 0.081365
vt 0.489557 0.248929
vt 0.625000 0.545455
vt 0.500789 1.000000
vt 0.624211 1.000000
vt 0.251071 0.010443
vt 0.418635 0.079851
vt 0.500000 0.545455
vt 0.376781 0.500000
vt 0.582712 0.079293
vt 0.375789 1.000000
vt 0.499211 1.000000
vt 0.081365 0.079851
vt 0.248929 0.010443
vt 0.372861 0.500000
vt 0.579092 0.083198
vt 0.250789 1.000000
vt 0.374211 1.000000
vt 0.010443 0.248929
vt 0.079851 0.081365
vt 0.250000 0.545455
vt 0.125789 1.000000
vt 0.249211 1.000000
vt 0.079851 0.418635
vt 0.010443 0.251071
vt 0.125000 0.545455
vt 0.000789 1.000000
vt 0.124211 1.000000
vt 0.248929 0.489557
vt 0.081365 0.420149
vt 0.000000 0.545455
vt 1.000000 0.545455
vt 0.000000 0.590909
vt 1.000000 0.590909
vt 0.000000 0.636364
vt 1.000000 0.636364
vt 0.000000 0.681818
vt 1.000000 0.681818
vt 0.000000 0.727273
vt 1.000000 0.727273
vt 0.000000 0.772727
vt 1.000000 0.772727
vt 0.000000 0.818182
vt 1.000000 0.818182
vt 0.000000 0.863636
vt 1.000000 0.863636
vt 0.875000 0.863636
vt 0.875000 0.818182
vt 0.875000 0.772727
vt 0.875000 0.727273
vt 0.875000 0.681818
vt 0.875000 0.636364
vt 0.875000 0.590909
vt 0.625000 0.863636
vt 0.625000 0.818182
vt 0.625000 0.772727
vt 0.625000 0.727273
vt 0.625000 0.681818
vt 0.625000 0.636364
vt 0.625000 0.590909
vt 0.500000 0.863636
vt 0.500000 0.818182
vt 0.500000 0.772727
vt 0.500000 0.727273
vt 0.500000 0.681818
vt 0.500000 0.636364
vt 0.500000 0.590909
vt 0.250000 0.863636
vt 0.250000 0.818182
vt 0.250000 0.772727
vt 0.250000 0.727273
vt 0.250000 0.681818
vt 0.250000 0.636364
vt 0.250000 0.590909
vt 0.125000 0.863636
vt 0.125000 0.818182
vt 0.125000 0.772727
vt 0.125000 0.727273
vt 0.125000 0.681818
vt 0.125000 0.636364
vt 0.125000 0.590909
vt 0.125000 0.954545
vt 0.003412 0.954545
vt 0.250000 0.954545
vt 0.374548 0.909091
vt 0.375000 0.954545
vt 0.500000 0.954545
vt 0.625000 0.954545
vt 0.750769 0.909091
vt 0.750000 0.954545
vt 0.875000 0.954545
vt 0.996588 0.954545
vt 0.400000 0.775000
vt 0.600000 0.775000
vt 0.600000 0.975000
vt 0.400000 0.975000
vt 0.401928 0.500000
vt 0.598494 0.500000
vt 0.598552 0.725000
vt 0.401854 0.725000
vt 0.402058 0.500000
vt 0.598425 0.500000
vt 0.650000 0.500000
vt 0.850000 0.500000
vt 0.850000 0.725000
vt 0.650000 0.725000
vt 0.401854 0.025000
vt 0.598552 0.025000
vt 0.598494 0.250000
vt 0.401928 0.250000
vt 0.598425 0.250000
vt 0.402058 0.250000
vt 0.402074 0.500000
vt 0.598506 0.500000
vt 0.349939 0.500000
vt 0.150061 0.500000
vt 0.150068 0.500000
vt 0.349932 0.500000
vt 0.598506 0.250000
vt 0.402074 0.250000
vt 0.426543 0.288527
vt 0.573457 0.280476
vt 0.573457 0.469524
vt 0.426543 0.461473
vt 0.150081 0.500000
vt 0.349919 0.500000
vt 0.579791 0.250000
vt 0.418299 0.250000
vt 0.154733 0.529733
vt 0.345267 0.529733
vt 0.345267 0.720267
vt 0.154733 0.720267
vt 0.418299 0.500000
vt 0.579791 0.500000
vt 0.165488 0.500000
vt 0.334512 0.500000
vt 0.396337 0.777984
vt 0.603663 0.772917
vt 0.603663 0.977083
vt 0.396337 0.972016
vt 0.396337 0.527984
vt 0.603663 0.522917
vt 0.603663 0.727083
vt 0.396337 0.722016
vt 0.646539 0.521539
vt 0.853461 0.521539
vt 0.853461 0.728461
vt 0.646539 0.728461
vt 0.396337 0.027984
vt 0.603663 0.022917
vt 0.603663 0.227083
vt 0.396337 0.222016
vt 0.396337 0.277984
vt 0.603663 0.272917
vt 0.603663 0.477083
vt 0.396337 0.472016
vt 0.150058 0.725000
vt 0.150029 0.750000
vt 0.135578 0.750000
vt 0.125000 0.725000
vt 0.400927 1.000000
vt 0.385958 1.000000
vt 0.375000 0.974971
vt 0.375000 0.025000
vt 0.375000 0.010566
vt 0.400927 0.000000
vt 0.625000 0.975000
vt 0.625000 0.989434
vt 0.599276 1.000000
vt 0.875000 0.725000
vt 0.875000 0.739434
vt 0.850000 0.750000
vt 0.599276 0.000000
vt 0.614128 0.000000
vt 0.625000 0.025000
vt 0.349941 0.725000
vt 0.375000 0.725000
vt 0.378653 0.750004
vt 0.349971 0.750000
vt 0.400927 0.750000
vt 0.375000 0.775029
vt 0.650000 0.750000
vt 0.624898 0.746478
vt 0.625000 0.725000
vt 0.599276 0.750000
vt 0.625000 0.775000
vt 0.408461 0.250000
vt 0.381689 0.250000
vt 0.375000 0.250000
vt 0.375000 0.283257
vt 0.375000 0.258087
vt 0.125000 0.500000
vt 0.158257 0.500000
vt 0.625000 0.250000
vt 0.563795 0.250000
vt 0.843157 0.500000
vt 0.858563 0.500000
vt 0.875000 0.500000
vt 0.593768 0.250000
vt 0.625000 0.281843
vt 0.341743 0.500000
vt 0.374534 0.500000
vt 0.375000 0.500000
vt 0.408461 0.500000
vt 0.375000 0.466743
vt 0.625000 0.500000
vt 0.615017 0.494749
vt 0.654593 0.500000
vt 0.567793 0.500000
vt 0.625000 0.470407
vt 0.153682 0.750000
vt 0.135909 0.750000
vt 0.125000 0.721318
vt 0.394635 1.000000
vt 0.381590 1.000000
vt 0.375000 0.971318
vt 0.375000 0.028682
vt 0.375000 0.010909
vt 0.394635 0.000000
vt 0.625000 0.977500
vt 0.625000 0.989612
vt 0.601961 1.000000
vt 0.875000 0.727500
vt 0.875000 0.739612
vt 0.852500 0.750000
vt 0.601961 0.000000
vt 0.613554 0.000000
vt 0.625000 0.022500
vt 0.125000 0.528682
vt 0.125000 0.510909
vt 0.153682 0.500000
vt 0.394635 0.250000
vt 0.381590 0.250000
vt 0.375000 0.221318
vt 0.375000 0.278682
vt 0.375000 0.260909
vt 0.852500 0.500000
vt 0.864612 0.500000
vt 0.875000 0.522500
vt 0.601961 0.250000
vt 0.613554 0.250000
vt 0.625000 0.272500
vt 0.625000 0.227500
vt 0.625000 0.239612
vt 0.375000 0.721318
vt 0.377197 0.750000
vt 0.346318 0.750000
vt 0.394635 0.750000
vt 0.375000 0.778682
vt 0.647500 0.750000
vt 0.624647 0.746537
vt 0.625000 0.727500
vt 0.601961 0.750000
vt 0.625000 0.772500
vt 0.346318 0.500000
vt 0.373560 0.503636
vt 0.375000 0.528682
vt 0.394635 0.500000
vt 0.375000 0.471318
vt 0.625000 0.522500
vt 0.621185 0.500000
vt 0.647500 0.500000
vt 0.601961 0.500000
vt 0.625000 0.477500
vt 0.750000 0.250000
vt 0.750000 0.370000
vt 0.834853 0.334853
vt 0.250000 0.250000
vt 0.334853 0.334853
vt 0.250000 0.370000
vt 0.434592 0.326460
vt 0.402921 0.402921
vt 0.870000 0.250000
vt 0.370000 0.250000
vt 0.434591 0.173540
vt 0.466262 0.250000
vt 0.834853 0.165147
vt 0.334853 0.165147
vt 0.326460 0.065409
vt 0.402921 0.097079
vt 0.750000 0.130000
vt 0.250000 0.130000
vt 0.173540 0.065409
vt 0.250000 0.033738
vt 0.665147 0.165147
vt 0.165147 0.165147
vt 0.065409 0.173540
vt 0.097079 0.097079
vt 0.630000 0.250000
vt 0.130000 0.250000
vt 0.065409 0.326460
vt 0.033738 0.250000
vt 0.665147 0.334853
vt 0.165147 0.334853
vt 0.173540 0.434592
vt 0.097079 0.402921
vt 0.826460 0.434592
vt 0.902921 0.402921
vt 0.326460 0.434591
vt 0.250000 0.466262
vt 0.110076 0.750000
vt 0.110076 0.977156
vt 0.062500 0.977156
vt 0.062500 0.750000
vt 0.982091 0.522844
vt 0.982091 0.750000
vt 0.937500 0.750000
vt 0.937500 0.522844
vt 0.985076 0.750000
vt 0.985076 0.977155
vt 0.937500 0.977156
vt 0.062500 0.522844
vt 0.014924 0.750000
vt 0.014924 0.522844
vt 0.187500 0.522844
vt 0.187500 0.750000
vt 0.139924 0.750000
vt 0.139924 0.522845
vt 0.110076 0.522844
vt 0.565408 0.326460
vt 0.597079 0.402921
vt 0.235076 0.750000
vt 0.235076 0.977155
vt 0.187500 0.977156
vt 0.673540 0.434591
vt 0.139924 0.977156
vt 0.312500 0.522844
vt 0.312500 0.750000
vt 0.264924 0.750000
vt 0.264924 0.522844
vt 0.235076 0.522844
vt 0.565408 0.173540
vt 0.533738 0.250000
vt 0.360076 0.750000
vt 0.360076 0.977156
vt 0.312500 0.977156
vt 0.264924 0.977156
vt 0.437500 0.522844
vt 0.437500 0.750000
vt 0.389924 0.750000
vt 0.389924 0.522845
vt 0.360076 0.522844
vt 0.673540 0.065409
vt 0.597079 0.097079
vt 0.485076 0.750000
vt 0.485076 0.977155
vt 0.437500 0.977156
vt 0.389924 0.977156
vt 0.562500 0.522844
vt 0.562500 0.750000
vt 0.514924 0.750000
vt 0.514924 0.522844
vt 0.485076 0.522844
vt 0.826460 0.065409
vt 0.750000 0.033738
vt 0.610076 0.750000
vt 0.610076 0.977156
vt 0.562500 0.977156
vt 0.514924 0.977156
vt 0.687500 0.522844
vt 0.687500 0.750000
vt 0.639924 0.750000
vt 0.639924 0.522845
vt 0.610076 0.522844
vt 0.934591 0.173540
vt 0.902921 0.097079
vt 0.735076 0.750000
vt 0.735076 0.977155
vt 0.687500 0.977156
vt 0.639924 0.977156
vt 0.812500 0.522844
vt 0.812500 0.750000
vt 0.764924 0.750000
vt 0.764924 0.522844
vt 0.735076 0.522844
vt 0.934591 0.326460
vt 0.966262 0.250000
vt 0.860076 0.750000
vt 0.860076 0.977156
vt 0.812500 0.977156
vt 0.764924 0.977156
vt 0.889924 0.750000
vt 0.889924 0.522845
vt 0.860076 0.522844
vt 0.750000 0.466262
vt 0.014924 0.977156
vt 0.889924 0.977156
vt 0.985076 0.522844
vt 0.426368 0.334853
vt 0.430539 0.324782
vt 0.399564 0.399564
vt 0.930539 0.175218
vt 0.899564 0.100436
vt 0.926368 0.165147
vt 0.334853 0.073632
vt 0.324782 0.069461
vt 0.399564 0.100436
vt 0.185289 0.065289
vt 0.175218 0.069461
vt 0.250000 0.038485
vt 0.538485 0.250000
vt 0.569461 0.324782
vt 0.565289 0.314711
vt 0.065289 0.185289
vt 0.038485 0.250000
vt 0.069461 0.175218
vt 0.814711 0.434711
vt 0.824782 0.430539
vt 0.834853 0.426368
vt 0.250000 0.461515
vt 0.175218 0.430539
vt 0.185289 0.434711
vt 0.675218 0.430539
vt 0.750000 0.461515
vt 0.685289 0.434711
vt 0.165147 0.426368
vt 0.100436 0.399564
vt 0.073632 0.334853
vt 0.069461 0.324782
vt 0.107091 0.750000
vt 0.107091 0.977155
vt 0.892909 0.750000
vt 0.892909 0.522844
vt 0.142909 0.750000
vt 0.142909 0.522845
vt 0.107091 0.522844
vt 0.565289 0.185289
vt 0.569461 0.175218
vt 0.065289 0.314711
vt 0.267909 0.977155
vt 0.267909 0.750000
vt 0.101517 0.786322
vt 0.101517 0.750000
vt 0.062500 0.786322
vt 0.081954 0.786322
vt 0.142909 0.977155
vt 0.600436 0.399564
vt 0.665147 0.426368
vt 0.267909 0.522845
vt 0.232091 0.522844
vt 0.232091 0.750000
vt 0.600436 0.100436
vt 0.573632 0.165147
vt 0.100436 0.100436
vt 0.165147 0.073632
vt 0.357091 0.750000
vt 0.357091 0.977156
vt 0.273483 0.648436
vt 0.273483 0.750000
vt 0.312500 0.648436
vt 0.293046 0.648436
vt 0.573632 0.334853
vt 0.232091 0.977156
vt 0.073632 0.165147
vt 0.357091 0.522845
vt 0.750000 0.038485
vt 0.675218 0.069461
vt 0.685289 0.065289
vt 0.665147 0.073632
vt 0.482091 0.750000
vt 0.482091 0.977155
vt 0.351517 0.786322
vt 0.351517 0.750000
vt 0.312500 0.786322
vt 0.331954 0.786322
vt 0.392909 0.977155
vt 0.392909 0.750000
vt 0.392909 0.522845
vt 0.517909 0.750000
vt 0.517909 0.522844
vt 0.314711 0.065289
vt 0.824782 0.069461
vt 0.834853 0.073632
vt 0.814711 0.065289
vt 0.607091 0.750000
vt 0.607091 0.977156
vt 0.523483 0.648436
vt 0.523483 0.750000
vt 0.562500 0.648436
vt 0.543046 0.648436
vt 0.517909 0.977156
vt 0.482091 0.522844
vt 0.430539 0.175218
vt 0.426368 0.165147
vt 0.607091 0.522844
vt 0.434711 0.185289
vt 0.461515 0.250000
vt 0.434711 0.314711
vt 0.732091 0.750000
vt 0.732091 0.977155
vt 0.601517 0.750000
vt 0.562500 0.786322
vt 0.581954 0.786322
vt 0.601517 0.786322
vt 0.642909 0.977155
vt 0.642909 0.750000
vt 0.642909 0.522844
vt 0.767909 0.750000
vt 0.767909 0.522845
vt 0.732091 0.522844
vt 0.899564 0.399564
vt 0.930539 0.324782
vt 0.926368 0.334853
vt 0.934711 0.314711
vt 0.961515 0.250000
vt 0.857091 0.750000
vt 0.857091 0.977156
vt 0.773483 0.648436
vt 0.773483 0.750000
vt 0.812500 0.648436
vt 0.793046 0.648436
vt 0.767909 0.977156
vt 0.934711 0.185289
vt 0.857091 0.522844
vt 0.017909 0.750000
vt 0.017909 0.522845
vt 0.017909 0.977155
vt 0.982091 0.977156
vt 0.976517 0.786322
vt 0.976517 0.750000
vt 0.937500 0.786322
vt 0.956954 0.786322
vt 0.892909 0.977155
vt 0.324782 0.430539
vt 0.334853 0.426368
vt 0.314711 0.434711
vt 0.726517 0.750000
vt 0.726517 0.648436
vt 0.706954 0.648436
vt 0.687500 0.648436
vt 0.351517 0.648436
vt 0.331954 0.648436
vt 0.226517 0.786322
vt 0.226517 0.750000
vt 0.187500 0.786322
vt 0.206954 0.786322
vt 0.062500 0.648436
vt 0.101517 0.648436
vt 0.081954 0.648436
vt 0.937500 0.648436
vt 0.976517 0.648436
vt 0.956954 0.648436
vt 0.851517 0.750000
vt 0.812500 0.786322
vt 0.831954 0.786322
vt 0.851517 0.786322
vt 0.148483 0.648436
vt 0.148483 0.750000
vt 0.187500 0.648436
vt 0.168046 0.648436
vt 0.148483 0.786322
vt 0.168046 0.786322
vt 0.226517 0.648436
vt 0.206954 0.648436
vt 0.273483 0.786322
vt 0.293046 0.786322
vt 0.398483 0.648436
vt 0.398483 0.750000
vt 0.437500 0.648436
vt 0.418046 0.648436
vt 0.398483 0.786322
vt 0.418046 0.786322
vt 0.437500 0.786322
vt 0.476517 0.750000
vt 0.456954 0.786322
vt 0.476517 0.786322
vt 0.523483 0.786322
vt 0.543046 0.786322
vt 0.476517 0.648436
vt 0.456954 0.648436
vt 0.648483 0.750000
vt 0.648483 0.786322
vt 0.668046 0.786322
vt 0.687500 0.786322
vt 0.648483 0.648436
vt 0.668046 0.648436
vt 0.601517 0.648436
vt 0.581954 0.648436
vt 0.706954 0.786322
vt 0.726517 0.786322
vt 0.773483 0.786322
vt 0.793046 0.786322
vt 0.898483 0.750000
vt 0.898483 0.786322
vt 0.918046 0.786322
vt 0.898483 0.648436
vt 0.918046 0.648436
vt 0.851517 0.648436
vt 0.831954 0.648436
vt 0.023483 0.648436
vt 0.023483 0.750000
vt 0.043046 0.648436
vt 0.023483 0.786322
vt 0.043046 0.786322
vt 0.000000 0.522844
vt 0.000000 0.509655
vt 0.010553 0.500000
vt 0.989447 0.500000
vt 0.997958 0.500000
vt 1.000000 0.522844
vt 0.735673 0.484066
vt 0.747228 0.488852
vt 0.764327 0.484066
vt 1.000000 0.977156
vt 1.000000 0.990345
vt 0.989447 1.000000
vt 0.010553 1.000000
vt 0.002042 1.000000
vt 0.000000 0.977156
vt 0.264327 0.484066
vt 0.252772 0.488852
vt 0.235673 0.484066
vt 0.875000 0.522844
vt 0.875000 0.509655
vt 0.885553 0.500000
vt 0.864447 0.500000
vt 0.872958 0.500000
vt 0.905379 0.425640
vt 0.916933 0.420854
vt 0.925640 0.405379
vt 0.875000 0.977156
vt 0.875000 0.990345
vt 0.864447 1.000000
vt 0.885553 1.000000
vt 0.877042 1.000000
vt 0.425640 0.405379
vt 0.420854 0.416933
vt 0.405379 0.425640
vt 0.750000 0.522844
vt 0.750000 0.509655
vt 0.760553 0.500000
vt 0.739447 0.500000
vt 0.747958 0.500000
vt 0.984066 0.264327
vt 0.988852 0.252772
vt 0.984066 0.235673
vt 0.750000 0.977156
vt 0.750000 0.990345
vt 0.739447 1.000000
vt 0.760553 1.000000
vt 0.752042 1.000000
vt 0.484066 0.235673
vt 0.488852 0.247228
vt 0.484066 0.264327
vt 0.625000 0.522844
vt 0.625000 0.509655
vt 0.635553 0.500000
vt 0.614447 0.500000
vt 0.622958 0.500000
vt 0.925640 0.094621
vt 0.920854 0.083067
vt 0.905379 0.074360
vt 0.625000 0.977156
vt 0.625000 0.990345
vt 0.614447 1.000000
vt 0.635553 1.000000
vt 0.627042 1.000000
vt 0.405379 0.074360
vt 0.416933 0.079146
vt 0.425640 0.094621
vt 0.500000 0.522844
vt 0.500000 0.509655
vt 0.510553 0.500000
vt 0.489447 0.500000
vt 0.497958 0.500000
vt 0.764327 0.015934
vt 0.752772 0.011148
vt 0.735673 0.015934
vt 0.500000 0.977156
vt 0.500000 0.990345
vt 0.489447 1.000000
vt 0.510553 1.000000
vt 0.502042 1.000000
vt 0.235673 0.015934
vt 0.247228 0.011148
vt 0.264327 0.015934
vt 0.375000 0.522844
vt 0.375000 0.509655
vt 0.385553 0.500000
vt 0.364447 0.500000
vt 0.372958 0.500000
vt 0.594621 0.074360
vt 0.583067 0.079146
vt 0.574360 0.094621
vt 0.375000 0.977156
vt 0.375000 0.990345
vt 0.364447 1.000000
vt 0.385553 1.000000
vt 0.377042 1.000000
vt 0.074360 0.094621
vt 0.079146 0.083067
vt 0.094621 0.074360
vt 0.250000 0.522844
vt 0.250000 0.509655
vt 0.260553 0.500000
vt 0.239447 0.500000
vt 0.247958 0.500000
vt 0.515934 0.235673
vt 0.511148 0.247228
vt 0.515934 0.264327
vt 0.250000 0.977156
vt 0.250000 0.990345
vt 0.239447 1.000000
vt 0.260553 1.000000
vt 0.252042 1.000000
vt 0.015934 0.264327
vt 0.011148 0.252772
vt 0.015934 0.235673
vt 0.125000 0.522844
vt 0.125000 0.509655
vt 0.135553 0.500000
vt 0.114447 0.500000
vt 0.122958 0.500000
vt 0.574360 0.405379
vt 0.579146 0.416933
vt 0.594621 0.425640
vt 0.125000 0.977156
vt 0.125000 0.990345
vt 0.114447 1.000000
vt 0.135553 1.000000
vt 0.127042 1.000000
vt 0.094621 0.425640
vt 0.083067 0.420854
vt 0.074360 0.405379
vt 0.987337 0.500000
vt 0.997550 0.500000
vt 0.732808 0.482879
vt 0.746673 0.488622
vt 0.767192 0.482879
vt 0.012663 0.500000
vt 0.987337 1.000000
vt 0.012663 1.000000
vt 0.002450 1.000000
vt 0.267192 0.482879
vt 0.253327 0.488622
vt 0.232808 0.482879
vt 0.887663 0.500000
vt 0.862337 0.500000
vt 0.872550 0.500000
vt 0.902513 0.426827
vt 0.916379 0.421084
vt 0.926827 0.402513
vt 0.426827 0.402513
vt 0.421084 0.416379
vt 0.402513 0.426827
vt 0.862337 1.000000
vt 0.887663 1.000000
vt 0.877450 1.000000
vt 0.762663 0.500000
vt 0.737337 0.500000
vt 0.747550 0.500000
vt 0.982879 0.267192
vt 0.988622 0.253327
vt 0.982879 0.232808
vt 0.737337 1.000000
vt 0.762663 1.000000
vt 0.752450 1.000000
vt 0.482879 0.232808
vt 0.488622 0.246673
vt 0.482879 0.267192
vt 0.637663 0.500000
vt 0.612337 0.500000
vt 0.622550 0.500000
vt 0.926827 0.097487
vt 0.921084 0.083621
vt 0.902513 0.073173
vt 0.402513 0.073173
vt 0.416379 0.078916
vt 0.426827 0.097487
vt 0.612337 1.000000
vt 0.637663 1.000000
vt 0.627450 1.000000
vt 0.512663 0.500000
vt 0.487337 0.500000
vt 0.497550 0.500000
vt 0.767192 0.017121
vt 0.753327 0.011378
vt 0.732808 0.017121
vt 0.232808 0.017121
vt 0.246673 0.011378
vt 0.267192 0.017121
vt 0.487337 1.000000
vt 0.512663 1.000000
vt 0.502450 1.000000
vt 0.387663 0.500000
vt 0.362337 0.500000
vt 0.372550 0.500000
vt 0.597487 0.073173
vt 0.583621 0.078916
vt 0.573173 0.097487
vt 0.362337 1.000000
vt 0.387663 1.000000
vt 0.377450 1.000000
vt 0.073173 0.097487
vt 0.078916 0.083621
vt 0.097487 0.073173
vt 0.517121 0.232808
vt 0.511378 0.246673
vt 0.517121 0.267192
vt 0.262663 0.500000
vt 0.237337 0.500000
vt 0.247550 0.500000
vt 0.237337 1.000000
vt 0.262663 1.000000
vt 0.252450 1.000000
vt 0.017121 0.267192
vt 0.011378 0.253327
vt 0.017121 0.232808
vt 0.137663 0.500000
vt 0.112337 0.500000
vt 0.122550 0.500000
vt 0.573173 0.402513
vt 0.578916 0.416379
vt 0.597487 0.426827
vt 0.112337 1.000000
vt 0.137663 1.000000
vt 0.127450 1.000000
vt 0.097487 0.426827
vt 0.083621 0.421084
vt 0.073173 0.402513
vt 0.118122 0.793255
vt 0.125000 0.793255
vt 0.125000 0.786322
vt 0.117629 0.372300
vt 0.120578 0.379422
vt 0.127700 0.382371
vt 0.125000 0.790325
vt 0.131878 0.793255
vt 0.993122 0.793255
vt 1.000000 0.793255
vt 1.000000 0.786322
vt 0.242879 0.430080
vt 0.250000 0.433030
vt 0.257121 0.430080
vt 0.000000 0.786322
vt 0.000000 0.790325
vt 0.006878 0.793255
vt 1.000000 0.648436
vt 1.000000 0.644433
vt 0.993122 0.641503
vt 0.006878 0.641503
vt 0.000000 0.641503
vt 0.000000 0.648436
vt 0.757121 0.430080
vt 0.750000 0.433030
vt 0.742879 0.430080
vt 0.131878 0.641503
vt 0.125000 0.641503
vt 0.125000 0.648436
vt 0.627700 0.382371
vt 0.620578 0.379422
vt 0.617629 0.372300
vt 0.125000 0.644433
vt 0.118122 0.641503
vt 0.243122 0.793255
vt 0.250000 0.793255
vt 0.250000 0.786322
vt 0.069920 0.242879
vt 0.066970 0.250000
vt 0.069920 0.257121
vt 0.250000 0.790325
vt 0.256878 0.793255
vt 0.250000 0.648436
vt 0.250000 0.644433
vt 0.243122 0.641503
vt 0.256878 0.641503
vt 0.250000 0.641503
vt 0.569920 0.257121
vt 0.566970 0.250000
vt 0.569920 0.242879
vt 0.375000 0.786322
vt 0.375000 0.790325
vt 0.381878 0.793255
vt 0.368122 0.793255
vt 0.375000 0.793255
vt 0.127700 0.117629
vt 0.120578 0.120578
vt 0.117629 0.127700
vt 0.375000 0.648436
vt 0.375000 0.644433
vt 0.368122 0.641503
vt 0.381878 0.641503
vt 0.375000 0.641503
vt 0.617629 0.127700
vt 0.620578 0.120578
vt 0.627700 0.117629
vt 0.493122 0.793255
vt 0.500000 0.793255
vt 0.500000 0.786322
vt 0.257121 0.069920
vt 0.250000 0.066970
vt 0.242879 0.069920
vt 0.500000 0.790325
vt 0.506878 0.793255
vt 0.500000 0.648436
vt 0.500000 0.644433
vt 0.493122 0.641503
vt 0.506878 0.641503
vt 0.500000 0.641503
vt 0.742879 0.069920
vt 0.750000 0.066970
vt 0.757121 0.069920
vt 0.618122 0.793255
vt 0.625000 0.793255
vt 0.625000 0.786322
vt 0.382371 0.127700
vt 0.379422 0.120578
vt 0.372300 0.117629
vt 0.625000 0.790325
vt 0.631878 0.793255
vt 0.625000 0.648436
vt 0.625000 0.644433
vt 0.618122 0.641503
vt 0.631878 0.641503
vt 0.625000 0.641503
vt 0.872300 0.117629
vt 0.879422 0.120578
vt 0.882371 0.127700
vt 0.743122 0.793255
vt 0.750000 0.793255
vt 0.750000 0.786322
vt 0.430080 0.257121
vt 0.433030 0.250000
vt 0.430080 0.242879
vt 0.750000 0.790325
vt 0.756878 0.793255
vt 0.756878 0.641503
vt 0.750000 0.641503
vt 0.750000 0.648436
vt 0.930080 0.242879
vt 0.933030 0.250000
vt 0.930080 0.257121
vt 0.750000 0.644433
vt 0.743122 0.641503
vt 0.868122 0.793255
vt 0.875000 0.793255
vt 0.875000 0.786322
vt 0.372300 0.382371
vt 0.379422 0.379422
vt 0.382371 0.372300
vt 0.875000 0.790325
vt 0.881878 0.793255
vt 0.875000 0.648436
vt 0.875000 0.644433
vt 0.868122 0.641503
vt 0.881878 0.641503
vt 0.875000 0.641503
vt 0.882371 0.372300
vt 0.879422 0.379422
vt 0.872300 0.382371
vt 0.937500 0.500000
vt 0.834853 0.454853
vt 0.937500 1.000000
vt 0.334853 0.454853
vt 0.000000 0.750000
vt 1.000000 0.750000
vt 0.875000 0.750000
vt 0.812500 0.500000
vt 0.954853 0.334853
vt 0.812500 1.000000
vt 0.454853 0.334853
vt 0.750000 0.750000
vt 0.687500 0.500000
vt 0.954853 0.165147
vt 0.687500 1.000000
vt 0.454853 0.165147
vt 0.625000 0.750000
vt 0.562500 0.500000
vt 0.834853 0.045147
vt 0.562500 1.000000
vt 0.334853 0.045147
vt 0.500000 0.750000
vt 0.437500 0.500000
vt 0.665147 0.045147
vt 0.437500 1.000000
vt 0.165147 0.045147
vt 0.375000 0.750000
vt 0.312500 0.500000
vt 0.545147 0.165147
vt 0.312500 1.000000
vt 0.045147 0.165147
vt 0.250000 0.750000
vt 0.187500 0.500000
vt 0.545147 0.334853
vt 0.187500 1.000000
vt 0.045147 0.334853
vt 0.125000 0.750000
vt 0.062500 0.500000
vt 0.665147 0.454853
vt 0.062500 1.000000
vt 0.165147 0.454853
vt 0.081954 0.793255
vt 0.165147 0.397883
vt 0.045895 0.793255
vt 0.062500 0.793255
vt 0.185289 0.406226
vt 0.202482 0.413347
vt 0.085431 0.294569
vt 0.206954 0.793255
vt 0.187500 0.793255
vt 0.204105 0.793255
vt 0.086653 0.297518
vt 0.093774 0.314711
vt 0.170895 0.793255
vt 0.100896 0.331903
vt 0.187500 0.641503
vt 0.170895 0.641503
vt 0.600896 0.331903
vt 0.593774 0.314711
vt 0.331954 0.793255
vt 0.102117 0.165147
vt 0.093774 0.185289
vt 0.086653 0.202482
vt 0.295895 0.793255
vt 0.312500 0.793255
vt 0.331954 0.641503
vt 0.602117 0.165147
vt 0.205431 0.085431
vt 0.456954 0.793255
vt 0.437500 0.793255
vt 0.454105 0.793255
vt 0.202482 0.086653
vt 0.185289 0.093774
vt 0.420895 0.793255
vt 0.168097 0.100896
vt 0.581954 0.793255
vt 0.334853 0.102117
vt 0.165147 0.102117
vt 0.418046 0.793255
vt 0.312500 0.641503
vt 0.295895 0.641503
vt 0.586653 0.202482
vt 0.593774 0.185289
vt 0.581954 0.641503
vt 0.834853 0.102117
vt 0.414569 0.205431
vt 0.706954 0.793255
vt 0.687500 0.793255
vt 0.704105 0.793255
vt 0.413347 0.202482
vt 0.406226 0.185289
vt 0.670895 0.793255
vt 0.399104 0.168097
vt 0.687500 0.641503
vt 0.670895 0.641503
vt 0.899104 0.168097
vt 0.906226 0.185289
vt 0.831954 0.793255
vt 0.397883 0.334853
vt 0.406226 0.314711
vt 0.413347 0.297518
vt 0.795895 0.793255
vt 0.812500 0.793255
vt 0.812500 0.641503
vt 0.795895 0.641503
vt 0.913347 0.297518
vt 0.906226 0.314711
vt 0.831954 0.641503
vt 0.897883 0.334853
vt 0.956954 0.793255
vt 0.294569 0.414569
vt 0.937500 0.793255
vt 0.954105 0.793255
vt 0.297518 0.413347
vt 0.314711 0.406226
vt 0.334853 0.397883
vt 0.918046 0.793255
vt 0.414569 0.294569
vt 0.793046 0.793255
vt 0.794569 0.414569
vt 0.956954 0.641503
vt 0.437500 0.641503
vt 0.420895 0.641503
vt 0.668097 0.100896
vt 0.685289 0.093774
vt 0.456954 0.641503
vt 0.705431 0.085431
vt 0.085431 0.205431
vt 0.293046 0.793255
vt 0.586653 0.297518
vt 0.204105 0.641503
vt 0.314711 0.093774
vt 0.297518 0.086653
vt 0.545895 0.793255
vt 0.562500 0.793255
vt 0.397883 0.165147
vt 0.668046 0.793255
vt 0.562500 0.641503
vt 0.545895 0.641503
vt 0.797518 0.086653
vt 0.814711 0.093774
vt 0.079105 0.793255
vt 0.168097 0.399104
vt 0.043046 0.793255
vt 0.205431 0.414569
vt 0.705431 0.414569
vt 0.043046 0.641503
vt 0.062500 0.641503
vt 0.045895 0.641503
vt 0.702482 0.413347
vt 0.685289 0.406226
vt 0.079105 0.641503
vt 0.668097 0.399104
vt 0.168046 0.641503
vt 0.602117 0.334853
vt 0.206954 0.641503
vt 0.585431 0.294569
vt 0.329105 0.793255
vt 0.100896 0.168097
vt 0.293046 0.641503
vt 0.585431 0.205431
vt 0.814711 0.406226
vt 0.797518 0.413347
vt 0.954105 0.641503
vt 0.937500 0.641503
vt 0.418046 0.641503
vt 0.665147 0.102117
vt 0.454105 0.641503
vt 0.702482 0.086653
vt 0.579105 0.793255
vt 0.331903 0.100896
vt 0.543046 0.641503
vt 0.794569 0.085431
vt 0.579105 0.641503
vt 0.831903 0.100896
vt 0.668046 0.641503
vt 0.897883 0.165147
vt 0.913347 0.202482
vt 0.704105 0.641503
vt 0.706954 0.641503
vt 0.914569 0.205431
vt 0.329105 0.641503
vt 0.600896 0.168097
vt 0.829105 0.793255
vt 0.399104 0.331903
vt 0.793046 0.641503
vt 0.914569 0.294569
vt 0.829105 0.641503
vt 0.899104 0.331903
vt 0.920895 0.793255
vt 0.331903 0.399104
vt 0.918046 0.641503
vt 0.834853 0.397883
vt 0.920895 0.641503
vt 0.831903 0.399104
vt 0.102117 0.334853
vt 0.168046 0.793255
vt 0.081954 0.641503
vt 0.665147 0.397883
vt 0.294569 0.085431
vt 0.543046 0.793255
vt 1.000000 0.500000
vt 0.968750 0.500000
vt 0.968750 1.000000
vt 1.000000 1.000000
vt 0.906250 0.500000
vt 0.906250 1.000000
vt 0.875000 1.000000
vt 0.843750 0.500000
vt 0.843750 1.000000
vt 0.781250 0.500000
vt 0.781250 1.000000
vt 0.750000 0.500000
vt 0.750000 1.000000
vt 0.718750 0.500000
vt 0.718750 1.000000
vt 0.656250 0.500000
vt 0.656250 1.000000
vt 0.625000 1.000000
vt 0.593750 0.500000
vt 0.593750 1.000000
vt 0.531250 0.500000
vt 0.531250 1.000000
vt 0.500000 0.500000
vt 0.500000 1.000000
vt 0.468750 0.500000
vt 0.468750 1.000000
vt 0.406250 0.500000
vt 0.406250 1.000000
vt 0.375000 1.000000
vt 0.343750 0.500000
vt 0.343750 1.000000
vt 0.281250 0.500000
vt 0.281250 1.000000
vt 0.250000 0.500000
vt 0.250000 1.000000
vt 0.218750 0.500000
vt 0.218750 1.000000
vt 0.156250 0.500000
vt 0.156250 1.000000
vt 0.125000 1.000000
vt 0.093750 0.500000
vt 0.093750 1.000000
vt 0.296822 0.485388
vt 0.341844 0.471731
vt 0.383337 0.449553
vt 0.419706 0.419706
vt 0.449553 0.383337
vt 0.471731 0.341844
vt 0.485388 0.296822
vt 0.490000 0.250000
vt 0.485388 0.203178
vt 0.471731 0.158156
vt 0.449553 0.116663
vt 0.419706 0.080294
vt 0.383337 0.050447
vt 0.341844 0.028269
vt 0.296822 0.014612
vt 0.250000 0.010000
vt 0.203178 0.014612
vt 0.158156 0.028269
vt 0.116663 0.050447
vt 0.080294 0.080294
vt 0.050447 0.116663
vt 0.028269 0.158156
vt 0.014612 0.203178
vt 0.010000 0.250000
vt 0.014612 0.296822
vt 0.028269 0.341844
vt 0.050447 0.383337
vt 0.080294 0.419706
vt 0.116663 0.449553
vt 0.158156 0.471731
vt 0.203178 0.485388
vt 0.250000 0.490000
vt 0.031250 0.500000
vt 0.031250 1.000000
vt 0.000000 0.500000
vt 0.000000 1.000000
vt 0.750000 0.490000
vt 0.703178 0.485388
vt 0.658156 0.471731
vt 0.616663 0.449553
vt 0.580294 0.419706
vt 0.550447 0.383337
vt 0.528269 0.341844
vt 0.514612 0.296822
vt 0.510000 0.250000
vt 0.514612 0.203178
vt 0.528269 0.158156
vt 0.550447 0.116663
vt 0.580294 0.080294
vt 0.616663 0.050447
vt 0.658156 0.028269
vt 0.703178 0.014612
vt 0.750000 0.010000
vt 0.796822 0.014612
vt 0.841844 0.028269
vt 0.883337 0.050447
vt 0.919706 0.080294
vt 0.949553 0.116663
vt 0.971731 0.158156
vt 0.985388 0.203178
vt 0.990000 0.250000
vt 0.985388 0.296822
vt 0.971731 0.341844
vt 0.949553 0.383337
vt 0.919706 0.419706
vt 0.883337 0.449553
vt 0.841844 0.471731
vt 0.796822 0.485388
s 0
usemtl Material.003
f 510/199/171 358/200/172 263/200/173 325/199/174
s 1
f 276/201/175 282/202/175 432/203/175 246/204/175
f 283/205/176 292/206/176 466/207/176 433/208/176
f 293/209/177 302/210/177 254/211/177 467/212/177
f 302/210/178 308/213/178 506/214/178 254/211/178
f 309/215/179 318/216/179 540/217/179 507/218/179
s 0
f 358/219/172 362/220/172 273/220/172 263/219/174
s 1
f 328/221/180 392/222/180 390/223/180 331/224/180
f 267/225/181 276/201/181 246/204/181 393/226/181
f 319/227/182 257/228/182 327/229/182 541/230/182
f 272/231/183 278/232/183 288/233/183 298/234/183 304/235/183 314/236/183 324/237/183 262/238/183
f 331/224/180 390/223/180 387/239/180 334/240/180
f 334/240/180 387/239/180 384/241/180 337/242/180
f 337/242/180 384/241/180 381/243/180 340/244/180
f 340/244/180 381/243/180 378/245/180 343/246/180
f 343/246/180 378/245/180 375/247/180 346/248/180
f 346/248/180 375/247/180 372/249/180 349/250/180
f 349/250/180 372/249/180 364/251/180 351/252/180
f 353/253/184 365/254/184 361/255/184 359/256/184
f 365/254/185 399/257/185 395/258/185 361/255/185
s 0
f 476/259/186 510/199/174 325/199/187 315/259/174
s 1
f 254/211/178 506/214/178 504/260/178 253/261/178
f 253/261/178 504/260/178 501/262/178 252/263/178
f 252/263/178 501/262/178 498/264/178 251/265/178
f 251/265/178 498/264/178 495/266/178 250/267/178
f 250/267/178 495/266/178 492/268/178 249/269/178
f 249/269/178 492/268/178 489/270/178 248/271/178
f 248/271/178 489/270/178 486/272/178 247/273/178
f 485/274/179 520/275/179 512/276/179 480/277/179
s 0
f 470/278/188 476/259/174 315/259/188 305/278/174
s 1
f 507/218/179 540/217/179 538/279/179 503/280/179
f 503/280/179 538/279/179 535/281/179 500/282/179
f 500/282/179 535/281/179 532/283/179 497/284/179
f 497/284/179 532/283/179 529/285/179 494/286/179
f 494/286/179 529/285/179 526/287/179 491/288/179
f 491/288/179 526/287/179 523/289/179 488/290/179
f 488/290/179 523/289/179 520/275/179 485/274/179
f 479/291/189 513/292/189 509/293/189 475/294/189
f 247/273/190 486/272/190 478/295/190 472/296/190
s 0
f 436/297/191 470/278/174 305/278/192 299/297/172
s 1
f 473/298/193 479/291/193 475/294/193 469/299/193
f 467/212/177 254/211/177 253/261/177 463/300/177
f 463/300/177 253/261/177 252/263/177 460/301/177
f 460/301/177 252/263/177 251/265/177 457/302/177
f 457/302/177 251/265/177 250/267/177 454/303/177
f 454/303/177 250/267/177 249/269/177 451/304/177
f 451/304/177 249/269/177 248/271/177 448/305/177
f 448/305/177 248/271/177 247/273/177 445/306/177
f 445/306/194 247/273/194 472/296/194 440/307/194
s 0
f 402/308/195 436/297/174 299/297/195 289/308/172
s 1
f 439/309/196 473/298/196 469/299/196 435/310/196
f 246/204/175 432/203/175 430/311/175 245/312/175
f 245/312/175 430/311/175 427/313/175 244/314/175
f 244/314/175 427/313/175 424/315/175 243/316/175
f 243/316/175 424/315/175 421/317/175 242/318/175
f 242/318/175 421/317/175 418/319/175 241/320/175
f 241/320/175 418/319/175 415/321/175 240/322/175
f 240/322/175 415/321/175 412/323/175 239/324/175
f 411/325/176 446/326/176 438/327/176 406/328/176
s 0
f 396/329/188 402/308/174 289/308/188 279/329/174
s 1
f 433/208/176 466/207/176 464/330/176 429/331/176
f 429/331/176 464/330/176 461/332/176 426/333/176
f 426/333/176 461/332/176 458/334/176 423/335/176
f 423/335/176 458/334/176 455/336/176 420/337/176
f 420/337/176 455/336/176 452/338/176 417/339/176
f 417/339/176 452/338/176 449/340/176 414/341/176
f 414/341/176 449/340/176 446/326/176 411/325/176
f 405/342/197 439/309/197 435/310/197 401/343/197
f 239/324/198 412/323/198 404/344/198 398/345/198
s 0
f 362/220/188 396/329/174 279/329/188 273/220/174
s 1
f 399/257/199 405/342/199 401/343/199 395/258/199
f 393/226/181 246/204/181 245/312/181 389/346/181
f 389/346/181 245/312/181 244/314/181 386/347/181
f 386/347/181 244/314/181 243/316/181 383/348/181
f 383/348/181 243/316/181 242/318/181 380/349/181
f 380/349/181 242/318/181 241/320/181 377/350/181
f 377/350/181 241/320/181 240/322/181 374/351/181
f 374/351/181 240/322/181 239/324/181 371/352/181
f 371/352/200 239/324/200 398/345/200 366/353/200
f 256/354/188 317/355/188 307/356/188 301/357/188 291/358/188 281/359/188 275/360/188 265/361/188
f 541/230/182 327/229/182 330/362/182 537/363/182
f 537/363/182 330/362/182 333/364/182 534/365/182
f 534/365/182 333/364/182 336/366/182 531/367/182
f 531/367/182 336/366/182 339/368/182 528/369/182
f 528/369/182 339/368/182 342/370/182 525/371/182
f 525/371/182 342/370/182 345/372/182 522/373/182
f 522/373/182 345/372/182 348/374/182 519/375/182
f 519/375/182 348/374/182 352/376/182 514/377/182
f 513/292/201 353/378/201 359/379/201 509/293/201
f 255/380/202 261/381/202 259/382/202 258/383/202
f 256/354/203 258/384/203 259/385/203 260/386/203
f 257/228/204 260/387/204 259/388/204 261/389/204
f 265/361/205 271/390/205 269/391/205 268/392/205
f 266/393/206 268/394/206 269/395/206 270/396/206
f 267/225/207 270/396/207 269/397/207 271/398/207
f 281/359/208 287/399/208 285/400/208 284/401/208
f 282/202/209 284/402/209 285/403/209 286/404/209
f 283/205/210 286/404/210 285/405/210 287/406/210
f 291/358/211 297/407/211 295/408/211 294/409/211
f 292/206/212 294/410/212 295/411/212 296/412/212
f 293/209/213 296/412/213 295/413/213 297/414/213
f 307/356/214 313/415/214 311/416/214 310/417/214
f 308/213/215 310/418/215 311/419/215 312/420/215
f 309/215/216 312/420/216 311/421/216 313/422/216
f 317/355/217 323/423/217 321/424/217 320/425/217
f 318/216/218 320/426/218 321/427/218 322/428/218
f 319/227/219 322/428/219 321/429/219 323/430/219
f 351/252/220 357/431/220 355/432/220 354/433/220
f 352/376/221 354/434/221 355/435/221 356/436/221
f 353/253/222 356/437/222 355/438/222 357/431/222
f 364/251/223 370/439/223 368/440/223 367/441/223
f 365/254/224 367/442/224 368/440/224 369/443/224
f 366/353/225 369/443/225 368/440/225 370/439/225
f 404/344/226 410/444/226 408/445/226 407/446/226
f 405/342/227 407/447/227 408/445/227 409/448/227
f 406/328/228 409/448/228 408/445/228 410/444/228
f 438/327/229 444/449/229 442/450/229 441/451/229
f 439/309/230 441/452/230 442/450/230 443/453/230
f 440/307/231 443/453/231 442/450/231 444/449/231
f 478/295/232 484/454/232 482/455/232 481/456/232
f 479/291/233 481/457/233 482/455/233 483/458/233
f 480/277/234 483/458/234 482/455/234 484/454/234
f 512/276/235 518/459/235 516/460/235 515/461/235
f 513/292/236 515/462/236 516/460/236 517/463/236
f 514/377/237 517/463/237 516/460/237 518/459/237
f 255/380/238 258/383/238 268/394/238 266/393/238
f 258/384/239 256/354/239 265/361/239 268/392/239
f 273/220/240 274/464/240 264/465/240 263/219/240
f 274/466/241 272/231/241 262/238/241 264/467/241
f 393/226/242 394/468/242 270/396/242 267/225/242
f 394/468/243 392/222/243 266/393/243 270/396/243
f 267/225/244 271/398/244 277/469/244 276/201/244
f 271/390/245 265/361/245 275/360/245 277/470/245
f 279/329/246 280/471/246 274/472/246 273/220/246
f 280/473/247 278/232/247 272/231/247 274/474/247
f 276/201/248 277/475/248 284/402/248 282/202/248
f 277/476/249 275/360/249 281/359/249 284/401/249
f 289/308/250 290/477/250 280/478/250 279/329/250
f 290/479/251 288/233/251 278/232/251 280/480/251
f 433/208/252 434/481/252 286/404/252 283/205/252
f 434/481/253 432/203/253 282/202/253 286/404/253
f 283/205/254 287/406/254 294/410/254 292/206/254
f 287/399/255 281/359/255 291/358/255 294/409/255
f 299/297/256 300/482/256 290/483/256 289/308/256
f 300/484/257 298/234/257 288/233/257 290/485/257
f 467/212/258 468/486/258 296/412/258 293/209/258
f 468/486/259 466/207/259 292/206/259 296/412/259
f 293/209/260 297/414/260 303/487/260 302/210/260
f 297/407/261 291/358/261 301/357/261 303/488/261
f 305/278/262 306/489/262 300/490/262 299/297/262
f 306/491/263 304/235/263 298/234/263 300/492/263
f 302/210/264 303/493/264 310/418/264 308/213/264
f 303/494/265 301/357/265 307/356/265 310/417/265
f 315/259/266 316/495/266 306/496/266 305/278/266
f 316/497/267 314/236/267 304/235/267 306/498/267
f 507/218/268 508/499/268 312/420/268 309/215/268
f 508/499/269 506/214/269 308/213/269 312/420/269
f 309/215/270 313/422/270 320/426/270 318/216/270
f 313/415/271 307/356/271 317/355/271 320/425/271
f 325/199/272 326/500/272 316/501/272 315/259/272
f 326/502/273 324/237/273 314/236/273 316/503/273
f 541/230/274 542/504/274 322/428/274 319/227/274
f 542/504/275 540/217/275 318/216/275 322/428/275
f 319/227/276 323/430/276 260/387/276 257/228/276
f 323/423/277 317/355/277 256/354/277 260/386/277
f 263/200/278 264/505/278 326/506/278 325/199/278
f 264/507/279 262/238/279 324/237/279 326/508/279
f 257/228/280 261/389/280 329/509/280 327/229/280
f 261/381/281 255/380/281 328/221/281 329/510/281
f 327/229/282 329/509/282 332/511/282 330/362/282
f 329/510/283 328/221/283 331/224/283 332/512/283
f 330/362/282 332/511/282 335/513/282 333/364/282
f 332/512/283 331/224/283 334/240/283 335/514/283
f 333/364/282 335/513/282 338/515/282 336/366/282
f 335/514/283 334/240/283 337/242/283 338/516/283
f 336/366/282 338/515/282 341/517/282 339/368/282
f 338/516/283 337/242/283 340/244/283 341/518/283
f 339/368/282 341/517/282 344/519/282 342/370/282
f 341/518/283 340/244/283 343/246/283 344/520/283
f 342/370/282 344/519/282 347/521/282 345/372/282
f 344/520/283 343/246/283 346/248/283 347/522/283
f 345/372/282 347/521/282 350/523/282 348/374/282
f 347/522/283 346/248/283 349/250/283 350/524/283
f 348/374/282 350/523/282 354/434/282 352/376/282
f 350/524/283 349/250/283 351/252/283 354/433/283
f 366/353/284 370/439/284 373/525/284 371/352/284
f 370/439/285 364/251/285 372/249/285 373/525/285
f 371/352/286 373/525/286 376/526/286 374/351/286
f 373/525/287 372/249/287 375/247/287 376/526/287
f 374/351/286 376/526/286 379/527/286 377/350/286
f 376/526/287 375/247/287 378/245/287 379/527/287
f 377/350/286 379/527/286 382/528/286 380/349/286
f 379/527/287 378/245/287 381/243/287 382/528/287
f 380/349/286 382/528/286 385/529/286 383/348/286
f 382/528/287 381/243/287 384/241/287 385/529/287
f 383/348/286 385/529/286 388/530/286 386/347/286
f 385/529/287 384/241/287 387/239/287 388/530/287
f 386/347/286 388/530/286 391/531/286 389/346/286
f 388/530/287 387/239/287 390/223/287 391/531/287
f 389/346/286 391/531/286 394/468/286 393/226/286
f 391/531/287 390/223/287 392/222/287 394/468/287
f 406/328/288 410/444/288 413/532/288 411/325/288
f 410/444/289 404/344/289 412/323/289 413/532/289
f 411/325/290 413/532/290 416/533/290 414/341/290
f 413/532/291 412/323/291 415/321/291 416/533/291
f 414/341/290 416/533/290 419/534/290 417/339/290
f 416/533/291 415/321/291 418/319/291 419/534/291
f 417/339/290 419/534/290 422/535/290 420/337/290
f 419/534/291 418/319/291 421/317/291 422/535/291
f 420/337/290 422/535/290 425/536/290 423/335/290
f 422/535/291 421/317/291 424/315/291 425/536/291
f 423/335/290 425/536/290 428/537/290 426/333/290
f 425/536/291 424/315/291 427/313/291 428/537/291
f 426/333/290 428/537/290 431/538/290 429/331/290
f 428/537/291 427/313/291 430/311/291 431/538/291
f 429/331/290 431/538/290 434/481/290 433/208/290
f 431/538/291 430/311/291 432/203/291 434/481/291
f 440/307/292 444/449/292 447/539/292 445/306/292
f 444/449/293 438/327/293 446/326/293 447/539/293
f 445/306/294 447/539/294 450/540/294 448/305/294
f 447/539/295 446/326/295 449/340/295 450/540/295
f 448/305/294 450/540/294 453/541/294 451/304/294
f 450/540/295 449/340/295 452/338/295 453/541/295
f 451/304/294 453/541/294 456/542/294 454/303/294
f 453/541/295 452/338/295 455/336/295 456/542/295
f 454/303/294 456/542/294 459/543/294 457/302/294
f 456/542/295 455/336/295 458/334/295 459/543/295
f 457/302/294 459/543/294 462/544/294 460/301/294
f 459/543/295 458/334/295 461/332/295 462/544/295
f 460/301/294 462/544/294 465/545/294 463/300/294
f 462/544/295 461/332/295 464/330/295 465/545/295
f 463/300/294 465/545/294 468/486/294 467/212/294
f 465/545/295 464/330/295 466/207/295 468/486/295
f 480/277/296 484/454/296 487/546/296 485/274/296
f 484/454/297 478/295/297 486/272/297 487/546/297
f 485/274/298 487/546/298 490/547/298 488/290/298
f 487/546/299 486/272/299 489/270/299 490/547/299
f 488/290/298 490/547/298 493/548/298 491/288/298
f 490/547/299 489/270/299 492/268/299 493/548/299
f 491/288/298 493/548/298 496/549/298 494/286/298
f 493/548/299 492/268/299 495/266/299 496/549/299
f 494/286/298 496/549/298 499/550/298 497/284/298
f 496/549/299 495/266/299 498/264/299 499/550/299
f 497/284/298 499/550/298 502/551/298 500/282/298
f 499/550/299 498/264/299 501/262/299 502/551/299
f 500/282/298 502/551/298 505/552/298 503/280/298
f 502/551/299 501/262/299 504/260/299 505/552/299
f 503/280/298 505/552/298 508/499/298 507/218/298
f 505/552/299 504/260/299 506/214/299 508/499/299
f 514/377/274 518/459/274 521/553/274 519/375/274
f 518/459/275 512/276/275 520/275/275 521/553/275
f 519/375/274 521/553/274 524/554/274 522/373/274
f 521/553/275 520/275/275 523/289/275 524/554/275
f 522/373/274 524/554/274 527/555/274 525/371/274
f 524/554/275 523/289/275 526/287/275 527/555/275
f 525/371/274 527/555/274 530/556/274 528/369/274
f 527/555/275 526/287/275 529/285/275 530/556/275
f 528/369/274 530/556/274 533/557/274 531/367/274
f 530/556/275 529/285/275 532/283/275 533/557/275
f 531/367/274 533/557/274 536/558/274 534/365/274
f 533/557/275 532/283/275 535/281/275 536/558/275
f 534/365/274 536/558/274 539/559/274 537/363/274
f 536/558/275 535/281/275 538/279/275 539/559/275
f 537/363/274 539/559/274 542/504/274 541/230/274
f 539/559/275 538/279/275 540/217/275 542/504/275
f 513/292/300 517/463/300 356/436/300 353/378/300
f 517/463/301 514/377/301 352/376/301 356/436/301
f 510/199/302 511/560/302 360/561/302 358/200/302
f 511/560/303 509/293/303 359/379/303 360/561/303
f 479/291/304 483/458/304 515/461/304 513/292/304
f 483/458/305 480/277/305 512/276/305 515/461/305
f 476/259/306 477/562/306 511/560/306 510/199/306
f 477/562/307 475/294/307 509/293/307 511/560/307
f 473/298/308 474/563/308 481/456/308 479/291/308
f 474/563/309 472/296/309 478/295/309 481/456/309
f 470/278/310 471/564/310 477/562/310 476/259/310
f 471/564/311 469/299/311 475/294/311 477/562/311
f 439/309/312 443/453/312 474/563/312 473/298/312
f 443/453/313 440/307/313 472/296/313 474/563/313
f 436/297/314 437/565/314 471/564/314 470/278/314
f 437/565/315 435/310/315 469/299/315 471/564/315
f 405/342/316 409/448/316 441/451/316 439/309/316
f 409/448/317 406/328/317 438/327/317 441/451/317
f 402/308/318 403/566/318 437/565/318 436/297/318
f 403/566/319 401/343/319 435/310/319 437/565/319
f 399/257/320 400/567/320 407/446/320 405/342/320
f 400/567/321 398/345/321 404/344/321 407/446/321
f 396/329/322 397/568/322 403/566/322 402/308/322
f 397/568/323 395/258/323 401/343/323 403/566/323
f 365/254/324 369/443/324 400/567/324 399/257/324
f 369/443/325 366/353/325 398/345/325 400/567/325
f 362/220/326 363/569/326 397/568/326 396/329/326
f 363/569/327 361/255/327 395/258/327 397/568/327
f 353/253/328 357/431/328 367/441/328 365/254/328
f 357/431/329 351/252/329 364/251/329 367/441/329
f 358/219/330 360/570/330 363/569/330 362/220/330
f 360/570/331 359/256/331 361/255/331 363/569/331
f 255/380/180 266/393/180 392/222/180 328/221/180
usemtl Material.002
f 565/571/332 571/572/332 550/573/332 544/574/332
f 578/575/174 580/576/174 572/577/174 564/578/174
f 580/576/174 578/575/174 590/579/174 592/580/174
f 581/581/188 560/582/188 551/583/188 570/584/188
f 545/585/172 552/586/172 561/587/172 557/588/172
f 557/588/172 561/587/172 587/589/172 583/590/172
f 592/580/174 590/579/174 602/591/174 604/592/174
f 577/593/333 558/594/333 584/595/333 589/596/333
f 583/590/172 587/589/172 599/597/172 595/598/172
f 560/582/334 581/581/334 593/581/334 586/582/334
f 608/599/335 616/600/335 630/601/335 622/602/335
f 589/596/336 584/595/336 596/603/336 601/604/336
f 595/598/337 599/597/337 614/605/337 607/606/337
f 586/582/338 593/581/338 605/581/338 598/582/338
f 649/607/183 677/608/183 663/609/183 635/610/183
f 598/582/188 605/581/188 628/581/188 615/582/188
f 604/592/339 602/591/339 623/611/339 629/612/339
f 601/604/340 596/603/340 609/613/340 621/614/340
f 665/615/341 671/616/341 642/617/341 636/618/341
f 679/619/342 685/620/342 672/621/342 664/622/342
f 684/623/188 656/624/188 643/625/188 670/626/188
f 637/627/343 644/628/343 658/629/343 650/630/343
f 651/631/344 657/632/344 686/633/344 678/634/344
f 543/635/345 546/636/345 547/637/345 549/638/345
f 544/574/346 548/639/346 547/640/346 546/641/346
f 545/585/347 549/642/347 547/643/347 548/644/347
f 550/573/348 553/645/348 554/646/348 556/647/348
f 551/583/349 555/648/349 554/649/349 553/650/349
f 552/586/350 556/651/350 554/652/350 555/653/350
f 563/654/351 566/655/351 567/656/351 569/657/351
f 564/578/352 568/658/352 567/656/352 566/655/352
f 565/571/353 569/659/353 567/656/353 568/658/353
f 570/584/354 573/660/354 574/661/354 576/662/354
f 571/572/355 575/663/355 574/661/355 573/664/355
f 572/577/356 576/662/356 574/661/356 575/663/356
f 607/606/357 610/665/357 611/666/357 613/667/357
f 608/599/358 612/668/358 611/669/358 610/665/358
f 609/613/359 613/670/359 611/670/359 612/671/359
f 614/605/360 617/672/360 618/672/360 620/673/360
f 615/582/361 619/674/361 618/675/361 617/676/361
f 616/600/362 620/673/362 618/677/362 619/678/362
f 621/614/363 624/679/363 625/680/363 627/681/363
f 622/602/364 626/682/364 625/680/364 624/683/364
f 623/611/365 627/681/365 625/680/365 626/682/365
f 628/581/366 631/684/366 632/685/366 634/686/366
f 629/612/367 633/687/367 632/685/367 631/684/367
f 630/601/368 634/688/368 632/685/368 633/687/368
f 635/610/369 638/689/369 639/690/369 641/691/369
f 636/618/370 640/692/370 639/693/370 638/694/370
f 637/627/371 641/695/371 639/696/371 640/697/371
f 642/617/372 645/698/372 646/699/372 648/700/372
f 643/625/373 647/701/373 646/702/373 645/703/373
f 644/628/374 648/704/374 646/705/374 647/706/374
f 649/607/375 652/707/375 653/708/375 655/709/375
f 650/630/376 654/710/376 653/711/376 652/712/376
f 651/631/377 655/713/377 653/714/377 654/710/377
f 656/624/378 659/715/378 660/716/378 662/717/378
f 657/632/379 661/718/379 660/719/379 659/720/379
f 658/629/380 662/721/380 660/722/380 661/718/380
f 663/609/381 666/723/381 667/724/381 669/725/381
f 664/622/382 668/726/382 667/724/382 666/723/382
f 665/615/383 669/727/383 667/724/383 668/726/383
f 670/626/384 673/728/384 674/729/384 676/730/384
f 671/616/385 675/731/385 674/729/385 673/732/385
f 672/621/386 676/730/386 674/729/386 675/731/386
f 677/608/387 680/733/387 681/734/387 683/735/387
f 678/634/388 682/736/388 681/734/388 680/737/388
f 679/619/389 683/735/389 681/734/389 682/736/389
f 684/623/390 687/738/390 688/739/390 690/740/390
f 685/620/391 689/741/391 688/739/391 687/738/391
f 686/633/392 690/742/392 688/739/392 689/741/392
f 558/594/393 543/635/393 549/638/393 559/670/393
f 559/667/394 549/642/394 545/585/394 557/588/394
f 544/574/180 550/573/180 556/647/180 548/639/180
f 548/644/395 556/651/395 552/586/395 545/585/395
f 551/583/396 560/582/396 562/676/396 555/648/396
f 555/653/397 562/672/397 561/587/397 552/586/397
f 563/654/398 577/593/398 579/681/398 566/655/398
f 566/655/399 579/681/399 578/575/399 564/578/399
f 581/581/400 570/584/400 576/662/400 582/684/400
f 582/684/401 576/662/401 572/577/401 580/576/401
f 571/572/182 565/571/182 568/658/182 575/663/182
f 575/663/179 568/658/179 564/578/179 572/577/179
f 543/635/402 563/654/402 569/657/402 546/636/402
f 546/641/403 569/659/403 565/571/403 544/574/403
f 570/584/404 551/583/404 553/650/404 573/660/404
f 573/664/405 553/645/405 550/573/405 571/572/405
f 580/576/406 592/580/407 594/684/408 582/684/406
f 582/684/409 594/684/409 593/581/409 581/581/409
f 587/589/410 561/587/411 562/672/411 588/672/412
f 588/676/413 562/676/413 560/582/413 586/582/413
f 584/595/414 558/594/414 559/670/414 585/670/414
f 585/667/415 559/667/416 557/588/416 583/590/417
f 577/593/418 589/596/418 591/681/418 579/681/418
f 579/681/419 591/681/420 590/579/421 578/575/419
f 592/580/407 604/592/422 606/684/422 594/684/408
f 594/684/423 606/684/423 605/581/423 593/581/423
f 599/597/424 587/589/410 588/672/412 600/672/424
f 600/676/425 588/676/425 586/582/425 598/582/425
f 596/603/426 584/595/426 585/670/426 597/670/426
f 597/667/427 585/667/415 583/590/417 595/598/427
f 589/596/428 601/604/428 603/681/428 591/681/428
f 591/681/420 603/681/429 602/591/429 590/579/421
f 616/600/430 608/599/430 610/665/430 620/673/430
f 620/673/431 610/665/431 607/606/431 614/605/431
f 621/614/432 609/613/432 612/671/432 624/679/432
f 624/683/433 612/668/433 608/599/433 622/602/433
f 615/582/434 628/581/434 634/686/434 619/674/434
f 619/678/435 634/688/435 630/601/435 616/600/435
f 629/612/436 623/611/436 626/682/436 633/687/436
f 633/687/437 626/682/437 622/602/437 630/601/437
f 601/604/438 621/614/438 627/681/438 603/681/438
f 603/681/439 627/681/439 623/611/439 602/591/439
f 628/581/440 605/581/440 606/684/440 631/684/440
f 631/684/441 606/684/441 604/592/441 629/612/441
f 595/598/442 607/606/442 613/667/442 597/667/442
f 597/670/443 613/670/443 609/613/443 596/603/443
f 614/605/444 599/597/444 600/672/444 617/672/444
f 617/676/445 600/676/445 598/582/445 615/582/445
f 649/607/446 635/610/446 641/691/446 652/707/446
f 652/712/447 641/695/447 637/627/447 650/630/447
f 636/618/448 642/617/448 648/700/448 640/692/448
f 640/697/449 648/704/449 644/628/449 637/627/449
f 643/625/450 656/624/450 662/717/450 647/701/450
f 647/706/451 662/721/451 658/629/451 644/628/451
f 657/632/452 651/631/452 654/710/452 661/718/452
f 661/718/453 654/710/453 650/630/453 658/629/453
f 677/608/454 649/607/454 655/709/454 680/733/454
f 680/737/455 655/713/455 651/631/455 678/634/455
f 656/624/456 684/623/456 690/740/456 659/715/456
f 659/720/457 690/742/457 686/633/457 657/632/457
f 685/620/458 679/619/458 682/736/458 689/741/458
f 689/741/459 682/736/459 678/634/459 686/633/459
f 663/609/460 677/608/460 683/735/460 666/723/460
f 666/723/461 683/735/461 679/619/461 664/622/461
f 684/623/462 670/626/462 676/730/462 687/738/462
f 687/738/463 676/730/463 672/621/463 685/620/463
f 671/616/464 665/615/464 668/726/464 675/731/464
f 675/731/465 668/726/465 664/622/465 672/621/465
f 635/610/466 663/609/466 669/725/466 638/689/466
f 638/694/467 669/727/467 665/615/467 636/618/467
f 670/626/468 643/625/468 645/703/468 673/728/468
f 673/732/469 645/698/469 642/617/469 671/616/469
f 558/594/183 577/593/183 563/654/183 543/635/183
f 755/743/183 758/744/183 757/745/183
f 756/746/188 760/747/188 759/748/188
f 760/747/188 924/749/188 820/750/188
f 755/743/183 757/745/183 761/751/183
f 756/746/188 762/752/188 760/747/188
f 762/752/188 933/753/188 834/754/188
f 755/743/183 761/751/183 763/755/183
f 756/746/188 764/756/188 762/752/188
f 764/756/188 942/757/188 848/758/188
f 755/743/183 763/755/183 765/759/183
f 756/746/188 766/760/188 764/756/188
f 766/760/188 951/761/188 862/762/188
f 755/743/183 765/759/183 767/763/183
f 756/746/188 768/764/188 766/760/188
f 768/764/188 960/765/188 876/766/188
f 755/743/183 767/763/183 769/767/183
f 756/746/188 770/768/188 768/764/188
f 770/768/188 969/769/188 890/770/188
f 755/743/183 769/767/183 771/771/183
f 756/746/188 772/772/188 770/768/188
f 772/772/188 978/773/188 904/774/188
f 755/743/183 771/771/183 758/744/183
f 756/746/188 759/748/188 772/772/188
f 757/745/183 909/775/183 813/776/183
f 759/748/188 912/777/188 806/778/188
f 772/772/188 904/774/188 969/769/188
f 757/745/183 758/744/183 909/775/183
f 973/779/176 902/780/176 979/781/176 773/782/176
f 981/783/470 1100/784/470 795/785/470 1093/786/470
f 915/787/470 804/788/470 913/789/470 780/785/470
f 976/790/176 773/782/176 916/791/176 797/792/176
f 772/772/188 759/748/188 978/773/188
f 967/793/471 774/794/471 972/795/471 895/796/471
f 896/797/176 973/779/176 773/782/176 976/790/176
f 770/768/188 890/770/188 960/765/188
f 771/771/183 966/798/183 897/799/183
f 964/800/471 888/801/471 970/802/471 774/794/471
f 758/744/183 771/771/183 975/803/183
f 774/794/471 970/802/471 903/804/471 972/795/471
f 771/771/183 897/799/183 975/803/183
f 770/768/188 772/772/188 969/769/188
f 958/805/395 775/806/395 963/807/395 881/808/395
f 882/809/471 964/800/471 774/794/471 967/793/471
f 768/764/188 876/766/188 951/761/188
f 769/767/183 957/810/183 883/811/183
f 955/812/395 874/813/395 961/814/395 775/806/395
f 771/771/183 769/767/183 966/798/183
f 775/806/395 961/814/395 889/815/395 963/807/395
f 769/767/183 883/811/183 966/798/183
f 768/764/188 770/768/188 960/765/188
f 949/816/180 776/817/180 954/818/180 867/819/180
f 868/820/395 955/812/395 775/806/395 958/805/395
f 766/760/188 862/762/188 942/757/188
f 767/763/183 948/821/183 869/822/183
f 946/823/180 860/824/180 952/825/180 776/817/180
f 769/767/183 767/763/183 957/810/183
f 776/817/180 952/825/180 875/826/180 954/818/180
f 767/763/183 869/822/183 957/810/183
f 766/760/188 768/764/188 951/761/188
f 940/827/182 777/828/182 945/829/182 853/830/182
f 854/831/180 946/823/180 776/817/180 949/816/180
f 764/756/188 848/758/188 933/753/188
f 765/759/183 939/832/183 855/833/183
f 937/834/182 846/835/182 943/836/182 777/828/182
f 767/763/183 765/759/183 948/821/183
f 777/828/182 943/836/182 861/837/182 945/829/182
f 765/759/183 855/833/183 948/821/183
f 764/756/188 766/760/188 942/757/188
f 931/838/179 778/839/179 936/840/179 839/841/179
f 840/842/182 937/834/182 777/828/182 940/827/182
f 762/752/188 834/754/188 924/749/188
f 763/755/183 930/843/183 841/844/183
f 928/845/179 832/846/179 934/847/179 778/839/179
f 765/759/183 763/755/183 939/832/183
f 778/839/179 934/847/179 847/848/179 936/840/179
f 763/755/183 841/844/183 939/832/183
f 762/752/188 764/756/188 933/753/188
f 922/849/472 779/850/472 927/851/472 825/852/472
f 826/853/179 928/845/179 778/839/179 931/838/179
f 760/747/188 820/750/188 912/777/188
f 761/751/183 921/854/183 827/855/183
f 919/856/472 818/857/472 925/858/472 779/850/472
f 763/755/183 761/751/183 930/843/183
f 779/850/472 925/858/472 833/859/472 927/851/472
f 761/751/183 827/855/183 930/843/183
f 760/747/188 762/752/188 924/749/188
f 910/786/470 780/785/470 918/860/470 811/861/470
f 812/862/472 919/856/472 779/850/472 922/849/472
f 758/744/183 975/803/183 799/863/183
f 773/782/176 979/781/176 805/864/176 916/791/176
f 759/748/188 806/778/188 978/773/188
f 761/751/183 757/745/183 921/854/183
f 780/785/470 913/789/470 819/865/470 918/860/470
f 757/745/183 813/776/183 921/854/183
f 759/748/188 760/747/188 912/777/188
f 798/866/470 915/787/470 780/785/470 910/786/470
f 1403/867/188 1115/868/188 1002/869/188 1396/869/188
f 1123/870/183 1025/871/183 1358/871/183 1380/872/183
f 1339/873/174 1139/874/473 1030/875/474 1332/875/475
s 0
f 1300/876/188 1151/877/188 1044/878/174 1303/878/188
s 1
f 1065/879/183 1172/880/476 1255/881/183 1262/879/183
f 1278/882/188 1239/883/188 1074/883/188 1162/884/188
s 0
f 1440/885/183 1094/886/183 1437/887/477 1442/886/183
s 1
f 1206/888/478 990/888/183 1186/889/479 1203/890/183
f 1183/891/188 982/892/188 1217/892/188 1213/893/480
f 1197/894/481 1186/889/481 1088/895/482 1190/895/481
f 1249/896/188 1190/895/188 1088/895/188 1175/897/188
f 1178/898/176 1086/899/176 1187/781/176 782/782/176
f 1093/786/470 795/785/470 1105/900/470 995/901/470
f 982/892/188 1094/886/188 1440/885/483 1217/892/188
s 0
f 1203/890/483 1186/889/188 1197/894/188 1199/889/188
s 1
f 1171/793/471 784/794/471 1177/902/471 1079/903/471
f 1080/904/176 1178/898/176 782/782/176 1184/790/176
f 1284/905/484 1159/906/476 1065/879/183 1262/879/183
f 1236/907/188 1175/897/188 1074/883/188 1239/883/188
f 785/806/395 1163/814/395 1073/908/395 1165/909/395
f 1189/910/182 1181/911/182 781/782/182 1200/912/182 1196/913/182
f 784/794/471 1174/802/471 1087/914/471 1177/902/471
f 1081/915/188 1183/891/188 1226/916/188 1229/915/188
s 0
f 1249/896/483 1175/897/188 1236/907/188 1246/897/188
s 1
f 1160/805/395 785/806/395 1165/909/395 1066/917/395
f 1067/918/471 1166/919/471 784/794/471 1171/793/471
f 1294/920/485 1053/920/486 1159/906/487 1290/921/487
f 1269/922/488 1060/922/172 1151/877/489 1313/923/490
f 1157/924/395 1058/925/395 1163/814/395 785/806/395
f 1261/926/472 1168/927/472 786/806/472 1287/928/472 1283/929/472
f 1172/880/188 1081/915/188 1229/915/188 1252/930/480
f 1166/919/471 1072/931/471 1174/802/471 784/794/471
s 0
f 1278/882/491 1162/884/188 1275/932/188 1280/884/188
s 1
f 1275/932/188 1162/884/188 1060/922/188 1269/922/188
f 1052/933/395 1157/924/395 785/806/395 1160/805/395
f 1039/934/471 1147/935/480 1322/936/188 1326/934/472
f 1147/935/188 1053/920/188 1294/920/188 1316/937/188
f 1142/938/180 1045/939/180 1150/825/180 787/817/180
f 1268/940/472 1154/941/472 786/806/472 1281/942/472 1274/943/472
f 787/817/180 1150/825/180 1059/944/180 1156/945/180
f 1148/816/180 787/817/180 1156/945/180 1051/946/180
s 0
f 1313/923/188 1151/877/188 1300/876/483 1310/877/188
s 1
f 1136/827/182 789/828/182 1141/947/182 1037/948/182
f 1303/878/492 1044/878/183 1139/874/493 1342/949/494
f 1358/871/495 1025/871/496 1135/950/473 1354/951/475
f 1348/952/188 1135/950/483 1039/934/471 1326/934/472
f 1130/953/182 1031/954/182 1138/836/182 789/828/182
f 1325/955/176 1145/956/176 790/828/176 1351/957/176 1347/958/176
f 789/828/182 1138/836/182 1046/959/182 1141/947/182
f 1038/960/180 1142/938/180 787/817/180 1148/816/180
s 0
f 1342/949/188 1139/874/188 1339/873/480 1344/874/188
s 1
f 1030/875/188 1126/961/188 1377/962/188 1332/875/188
f 1024/963/182 1130/953/182 789/828/182 1136/827/182
f 1364/964/188 1126/961/188 1018/965/188 1367/965/188
f 1367/965/188 1018/965/497 1115/868/497 1406/966/497
f 1118/967/179 1016/968/179 1127/847/179 791/839/179
f 1132/969/176 790/828/176 1345/970/176 1338/971/176 1331/972/176
f 791/839/179 1127/847/179 1032/973/179 1129/974/179
f 1124/838/179 791/839/179 1129/974/179 1023/975/179
s 0
f 1126/961/188 1364/964/188 1374/961/188 1377/962/188
s 1
f 1112/849/472 793/850/472 1117/976/472 1009/977/472
f 1010/978/179 1118/967/179 791/839/179 1124/838/179
f 1422/979/498 997/979/499 1111/980/499 1418/981/499
f 1412/982/183 1111/980/183 1011/983/183 1389/983/183
f 1106/984/472 1003/985/472 1114/858/472 793/850/472
f 1388/986/395 1121/987/395 794/850/395 1415/988/395 1411/989/395
f 793/850/472 1114/858/472 1017/990/472 1117/976/472
f 1011/983/183 1123/870/183 1383/991/493 1389/983/183
s 0
f 1406/966/188 1115/868/188 1403/867/188 1408/868/188
s 1
f 1094/886/188 997/979/500 1422/979/188 1437/887/480
f 996/992/472 1106/984/472 793/850/472 1112/849/472
f 1184/790/176 782/782/176 1099/993/176 983/994/176
f 782/782/176 1187/781/176 989/995/176 1099/993/176
f 1100/784/470 988/996/470 1097/789/470 795/785/470
f 1205/997/180 1103/998/180 796/785/180 1431/999/180 1427/1000/180
f 795/785/470 1097/789/470 1004/1001/470 1105/900/470
f 1396/869/501 1002/869/502 1096/1002/502 1433/1003/502
s 0
f 1433/1003/483 1096/1002/188 1428/1004/188 1430/1002/188
f 1428/1004/183 1096/1002/477 990/888/172 1206/888/183
s 1
f 1414/980/183 1418/981/183 1111/980/183 1412/982/183
f 792/839/471 1120/1005/471 1390/1006/471 1382/1007/471 1386/1008/471
s 0
f 1135/950/503 1348/952/503 1350/950/475 1354/951/174
f 1322/936/477 1147/935/183 1316/937/183 1318/935/183
s 1
f 1287/928/472 786/806/472 1154/941/472 1292/1009/472 1289/1010/472
f 1238/1011/179 1169/1012/179 783/794/179 1245/1013/179 1235/1014/179
f 1223/1015/182 781/782/182 1181/911/182 1230/1016/182 1225/1017/182
f 1443/1018/180 796/785/180 1103/998/180 1215/1019/180 1439/1020/180
f 1108/1021/395 794/850/395 1409/1022/395 1402/1023/395 1395/1024/395
s 0
f 1183/891/504 1213/893/504 1222/891/504 1226/916/505
s 1
f 1228/1025/179 1180/1026/179 783/794/179 1257/1027/179 1251/1028/179
f 1245/1013/179 783/794/179 1180/1026/179 1191/1029/179 1248/1030/179
f 1172/880/476 1252/930/183 1258/880/476 1255/881/183
f 1257/1027/179 783/794/179 1169/1012/179 1260/1031/179 1254/1032/179
f 1281/942/472 786/806/472 1168/927/472 1240/1033/472 1277/1034/472
f 1286/906/183 1290/921/183 1159/906/476 1284/905/484
f 1293/1035/470 1153/1036/470 788/817/470 1319/1037/470 1315/1038/470
f 788/817/470 1153/1036/470 1267/1039/470 1312/1040/470 1309/1041/470
f 1144/1042/470 788/817/470 1309/1041/470 1299/1043/470 1302/1044/470
f 790/828/176 1145/956/176 1304/1045/176 1341/1046/176 1345/970/176
f 788/817/470 1144/1042/470 1324/1047/470 1321/1048/470 1319/1037/470
f 792/839/471 1133/1049/471 1333/1050/471 1376/1051/471 1373/1052/471
f 1357/1053/471 1133/1049/471 792/839/471 1386/1008/471 1379/1054/471
f 790/828/176 1132/969/176 1356/1055/176 1353/1056/176 1351/957/176
f 1120/1005/471 792/839/471 1373/1052/471 1363/1057/471 1366/1058/471
s 0
f 1383/991/476 1123/870/183 1380/872/183 1385/870/183
s 1
f 794/850/395 1121/987/395 1368/1059/395 1405/1060/395 1409/1022/395
f 1431/999/180 796/785/180 1109/1061/180 1397/1062/180 1434/1063/180
f 1421/1064/180 1109/1061/180 796/785/180 1443/1018/180 1436/1065/180
f 794/850/395 1108/1021/395 1420/1066/395 1417/1067/395 1415/988/395
f 1216/1068/182 1102/1069/182 781/782/182 1223/1015/182 1212/1070/182
f 1200/912/182 781/782/182 1102/1069/182 1207/1071/182 1202/1072/182
f 797/792/506 800/1073/506 801/1074/506 803/1075/506
f 798/866/507 802/1076/507 801/1077/507 800/1078/507
f 799/863/508 803/1079/508 801/1080/508 802/1081/508
f 804/788/509 807/1082/509 808/1083/509 810/1084/509
f 805/864/510 809/1085/510 808/1086/510 807/1087/510
f 806/778/511 810/1088/511 808/1089/511 809/1090/511
f 811/861/512 814/1091/512 815/1092/512 817/1093/512
f 812/862/513 816/1094/513 815/1095/513 814/1091/513
f 813/776/514 817/1096/514 815/1097/514 816/1098/514
f 818/857/515 821/1099/515 822/1100/515 824/1101/515
f 819/865/516 823/1102/516 822/1103/516 821/1099/516
f 820/750/517 824/1104/517 822/1105/517 823/1106/517
f 825/852/518 828/1107/518 829/1108/518 831/1109/518
f 826/853/519 830/1110/519 829/1111/519 828/1107/519
f 827/855/520 831/1112/520 829/1113/520 830/1114/520
f 832/846/521 835/1115/521 836/1116/521 838/1117/521
f 833/859/522 837/1118/522 836/1119/522 835/1115/522
f 834/754/523 838/1120/523 836/1121/523 837/1122/523
f 839/841/524 842/1123/524 843/1124/524 845/1125/524
f 840/842/525 844/1126/525 843/1127/525 842/1123/525
f 841/844/526 845/1128/526 843/1129/526 844/1130/526
f 846/835/527 849/1131/527 850/1132/527 852/1133/527
f 847/848/528 851/1134/528 850/1135/528 849/1131/528
f 848/758/529 852/1136/529 850/1137/529 851/1138/529
f 853/830/530 856/1139/530 857/1140/530 859/1141/530
f 854/831/531 858/1142/531 857/1143/531 856/1139/531
f 855/833/532 859/1144/532 857/1145/532 858/1146/532
f 860/824/533 863/1147/533 864/1148/533 866/1149/533
f 861/837/534 865/1150/534 864/1151/534 863/1147/534
f 862/762/535 866/1152/535 864/1153/535 865/1154/535
f 867/819/536 870/1155/536 871/1156/536 873/1157/536
f 868/820/537 872/1158/537 871/1159/537 870/1155/537
f 869/822/538 873/1160/538 871/1161/538 872/1162/538
f 874/813/539 877/1163/539 878/1164/539 880/1165/539
f 875/826/540 879/1166/540 878/1167/540 877/1163/540
f 876/766/541 880/1168/541 878/1169/541 879/1170/541
f 881/808/542 884/1171/542 885/1172/542 887/1173/542
f 882/809/543 886/1174/543 885/1175/543 884/1171/543
f 883/811/544 887/1176/544 885/1177/544 886/1178/544
f 888/801/545 891/1179/545 892/1180/545 894/1181/545
f 889/815/546 893/1182/546 892/1183/546 891/1179/546
f 890/770/547 894/1184/547 892/1185/547 893/1186/547
f 895/796/548 898/1187/548 899/1188/548 901/1189/548
f 896/797/549 900/1190/549 899/1191/549 898/1187/549
f 897/799/550 901/1192/550 899/1193/550 900/1194/550
f 902/780/551 905/1195/551 906/1196/551 908/1197/551
f 903/804/552 907/1198/552 906/1199/552 905/1195/552
f 904/774/553 908/1200/553 906/1201/553 907/1202/553
f 981/783/554 984/1203/554 985/1204/554 987/1078/554
f 982/892/508 986/1205/508 985/1206/508 984/1207/508
f 983/994/555 987/1073/555 985/1074/555 986/1208/555
f 988/996/509 991/1082/509 992/1083/509 994/1209/509
f 989/995/510 993/1210/510 992/1211/510 991/1087/510
f 990/888/511 994/1212/511 992/1213/511 993/1214/511
f 995/901/512 998/1091/512 999/1092/512 1001/1215/512
f 996/992/556 1000/1216/556 999/1217/556 998/1091/556
f 997/979/514 1001/1218/514 999/1219/514 1000/1220/514
f 1002/869/517 1005/1221/517 1006/1222/517 1008/1223/517
f 1003/985/515 1007/1099/515 1006/1100/515 1005/1224/515
f 1004/1001/516 1008/1225/516 1006/1226/516 1007/1099/516
f 1009/977/557 1012/1107/557 1013/1108/557 1015/1227/557
f 1010/978/558 1014/1228/558 1013/1229/558 1012/1107/558
f 1011/983/520 1015/1230/520 1013/1231/520 1014/1232/520
f 1016/968/559 1019/1115/559 1020/1116/559 1022/1233/559
f 1017/990/560 1021/1234/560 1020/1235/560 1019/1115/560
f 1018/965/523 1022/1236/523 1020/1237/523 1021/1238/523
f 1023/975/524 1026/1123/524 1027/1124/524 1029/1239/524
f 1024/963/525 1028/1240/525 1027/1241/525 1026/1123/525
f 1025/871/526 1029/1242/526 1027/1243/526 1028/1244/526
f 1030/875/529 1033/1245/529 1034/1246/529 1036/1247/529
f 1031/954/527 1035/1131/527 1034/1132/527 1033/1248/527
f 1032/973/528 1036/1249/528 1034/1250/528 1035/1131/528
f 1037/948/561 1040/1139/561 1041/1140/561 1043/1251/561
f 1038/960/562 1042/1252/562 1041/1253/562 1040/1139/562
f 1039/934/532 1043/1254/532 1041/1255/532 1042/1256/532
f 1044/878/535 1047/1257/535 1048/1258/535 1050/1259/535
f 1045/939/533 1049/1147/533 1048/1148/533 1047/1260/533
f 1046/959/534 1050/1261/534 1048/1262/534 1049/1147/534
f 1051/946/536 1054/1155/536 1055/1156/536 1057/1263/536
f 1052/933/537 1056/1264/537 1055/1265/537 1054/1155/537
f 1053/920/538 1057/1266/538 1055/1267/538 1056/1268/538
f 1058/925/539 1061/1163/539 1062/1164/539 1064/1269/539
f 1059/944/540 1063/1270/540 1062/1271/540 1061/1163/540
f 1060/922/541 1064/1272/541 1062/1273/541 1063/1274/541
f 1065/879/544 1068/1275/544 1069/1276/544 1071/1277/544
f 1066/917/563 1070/1171/563 1069/1172/563 1068/1278/563
f 1067/918/564 1071/1279/564 1069/1280/564 1070/1171/564
f 1072/931/565 1075/1179/565 1076/1180/565 1078/1281/565
f 1073/908/566 1077/1282/566 1076/1283/566 1075/1179/566
f 1074/883/547 1078/1284/547 1076/1285/547 1077/1286/547
f 1079/903/567 1082/1187/567 1083/1188/567 1085/1287/567
f 1080/904/568 1084/1288/568 1083/1289/568 1082/1187/568
f 1081/915/550 1085/1290/550 1083/1291/550 1084/1292/550
f 1086/899/551 1089/1195/551 1090/1196/551 1092/1293/551
f 1087/914/552 1091/1294/552 1090/1295/552 1089/1195/552
f 1088/895/553 1092/1296/553 1090/1297/553 1091/1298/553
f 1189/910/569 1192/1299/569 1193/1300/569 1195/1301/569
f 1190/895/570 1194/1302/570 1193/1303/570 1192/1304/570
f 1191/1029/571 1195/1301/571 1193/1305/571 1194/1306/571
f 1205/997/572 1208/1307/572 1209/1308/572 1211/1309/572
f 1206/888/573 1210/1310/573 1209/1311/573 1208/1312/573
f 1207/1071/574 1211/1313/574 1209/1314/574 1210/1315/574
f 1215/1019/575 1218/1316/575 1219/1317/575 1221/1318/575
f 1216/1068/576 1220/1319/576 1219/1320/576 1218/1321/576
f 1217/892/577 1221/1322/577 1219/1323/577 1220/1324/577
f 1228/1025/578 1231/1325/578 1232/1326/578 1234/1327/578
f 1229/915/579 1233/1328/579 1232/1329/579 1231/1330/579
f 1230/1016/580 1234/1327/580 1232/1331/580 1233/1332/580
f 1238/1011/581 1241/1333/581 1242/1334/581 1244/1335/581
f 1239/883/582 1243/1336/582 1242/1337/582 1241/1338/582
f 1240/1033/583 1244/1335/583 1242/1339/583 1243/1340/583
f 1260/1031/584 1263/1341/584 1264/1342/584 1266/1343/584
f 1261/926/585 1265/1344/585 1264/1345/585 1263/1341/585
f 1262/879/586 1266/1346/586 1264/1347/586 1265/1348/586
f 1267/1039/587 1270/1349/587 1271/1350/587 1273/1351/587
f 1268/940/588 1272/1352/588 1271/1353/588 1270/1349/588
f 1269/922/589 1273/1354/589 1271/1355/589 1272/1356/589
f 1292/1009/590 1295/1357/590 1296/1358/590 1298/1359/590
f 1293/1035/591 1297/1360/591 1296/1361/591 1295/1357/591
f 1294/920/592 1298/1362/592 1296/1363/592 1297/1364/592
f 1302/1044/593 1305/1365/593 1306/1366/593 1308/1367/593
f 1303/878/594 1307/1368/594 1306/1369/594 1305/1370/594
f 1304/1045/595 1308/1367/595 1306/1371/595 1307/1372/595
f 1324/1047/596 1327/1373/596 1328/1374/596 1330/1375/596
f 1325/955/597 1329/1376/597 1328/1377/597 1327/1373/597
f 1326/934/598 1330/1378/598 1328/1379/598 1329/1380/598
f 1331/972/599 1334/1381/599 1335/1382/599 1337/1383/599
f 1332/875/600 1336/1384/600 1335/1385/600 1334/1386/600
f 1333/1050/601 1337/1383/601 1335/1387/601 1336/1388/601
f 1356/1055/602 1359/1389/602 1360/1390/602 1362/1391/602
f 1357/1053/603 1361/1392/603 1360/1393/603 1359/1389/603
f 1358/871/604 1362/1394/604 1360/1395/604 1361/1396/604
f 1366/1058/605 1369/1397/605 1370/1398/605 1372/1399/605
f 1367/965/606 1371/1400/606 1370/1401/606 1369/1402/606
f 1368/1059/607 1372/1399/607 1370/1403/607 1371/1404/607
f 1388/986/608 1391/1405/608 1392/1406/608 1394/1407/608
f 1389/983/609 1393/1408/609 1392/1409/609 1391/1410/609
f 1390/1006/610 1394/1407/610 1392/1411/610 1393/1412/610
f 1395/1024/611 1398/1413/611 1399/1414/611 1401/1415/611
f 1396/869/612 1400/1416/612 1399/1417/612 1398/1418/612
f 1397/1062/613 1401/1415/613 1399/1419/613 1400/1420/613
f 1420/1066/614 1423/1421/614 1424/1422/614 1426/1423/614
f 1421/1064/615 1425/1424/615 1424/1425/615 1423/1421/615
f 1422/979/616 1426/1426/616 1424/1427/616 1425/1428/616
f 910/786/617 811/861/617 817/1093/617 911/1429/617
f 911/1430/618 817/1096/618 813/776/618 909/775/618
f 913/789/619 804/788/620 810/1084/620 914/1431/619
f 914/1432/621 810/1088/621 806/778/621 912/777/621
f 916/791/622 805/864/622 807/1087/622 917/1433/622
f 917/1434/623 807/1082/623 804/788/623 915/787/623
f 919/856/624 812/862/624 814/1091/624 920/1435/624
f 920/1435/625 814/1091/625 811/861/625 918/860/625
f 922/849/626 825/852/626 831/1109/626 923/1436/626
f 923/1437/627 831/1112/627 827/855/627 921/854/627
f 925/858/628 818/857/628 824/1101/628 926/1438/628
f 926/1439/629 824/1104/629 820/750/629 924/749/629
f 928/845/630 826/853/630 828/1107/630 929/1440/630
f 929/1440/631 828/1107/631 825/852/631 927/851/631
f 931/838/632 839/841/632 845/1125/632 932/1441/632
f 932/1442/633 845/1128/633 841/844/633 930/843/633
f 934/847/634 832/846/634 838/1117/634 935/1443/634
f 935/1444/635 838/1120/635 834/754/635 933/753/635
f 937/834/274 840/842/274 842/1123/274 938/1445/274
f 938/1445/275 842/1123/275 839/841/275 936/840/275
f 940/827/636 853/830/636 859/1141/636 941/1446/636
f 941/1447/637 859/1144/637 855/833/637 939/832/637
f 943/836/638 846/835/638 852/1133/638 944/1448/638
f 944/1449/639 852/1136/639 848/758/639 942/757/639
f 946/823/283 854/831/283 856/1139/283 947/1450/283
f 947/1450/282 856/1139/282 853/830/282 945/829/282
f 949/816/640 867/819/640 873/1157/640 950/1451/640
f 950/1452/641 873/1160/641 869/822/641 948/821/641
f 952/825/642 860/824/642 866/1149/642 953/1453/642
f 953/1454/643 866/1152/643 862/762/643 951/761/643
f 955/812/644 868/820/644 870/1155/644 956/1455/644
f 956/1455/645 870/1155/645 867/819/645 954/818/645
f 958/805/646 881/808/646 887/1173/646 959/1456/646
f 959/1457/647 887/1176/647 883/811/647 957/810/647
f 961/814/648 874/813/648 880/1165/648 962/1458/648
f 962/1459/649 880/1168/649 876/766/649 960/765/649
f 964/800/650 882/809/650 884/1171/650 965/1460/650
f 965/1460/651 884/1171/651 881/808/651 963/807/651
f 967/793/652 895/796/652 901/1189/652 968/1461/652
f 968/1462/653 901/1192/653 897/799/653 966/798/653
f 970/802/654 888/801/654 894/1181/654 971/1463/654
f 971/1464/655 894/1184/655 890/770/655 969/769/655
f 973/779/656 896/797/656 898/1187/656 974/1465/656
f 974/1465/657 898/1187/657 895/796/657 972/795/657
f 976/790/658 797/792/659 803/1075/659 977/1466/658
f 977/1467/660 803/1079/660 799/863/660 975/803/660
f 979/781/661 902/780/661 908/1197/661 980/1468/661
f 980/1469/662 908/1200/662 904/774/662 978/773/662
f 798/866/663 910/786/617 911/1429/617 802/1076/663
f 802/1081/618 911/1430/618 909/775/618 799/863/618
f 819/865/619 913/789/619 914/1431/619 823/1102/619
f 823/1106/621 914/1432/621 912/777/621 820/750/621
f 797/792/622 916/791/622 917/1433/622 800/1073/622
f 800/1078/623 917/1434/623 915/787/623 798/866/623
f 818/857/624 919/856/624 920/1435/624 821/1099/624
f 821/1099/625 920/1435/625 918/860/625 819/865/625
f 812/862/626 922/849/626 923/1436/626 816/1094/626
f 816/1098/627 923/1437/627 921/854/627 813/776/627
f 833/859/628 925/858/628 926/1438/628 837/1118/628
f 837/1122/664 926/1439/629 924/749/629 834/754/664
f 832/846/630 928/845/630 929/1440/630 835/1115/630
f 835/1115/631 929/1440/631 927/851/631 833/859/631
f 826/853/632 931/838/632 932/1441/632 830/1110/632
f 830/1114/633 932/1442/633 930/843/633 827/855/633
f 847/848/634 934/847/634 935/1443/634 851/1134/634
f 851/1138/635 935/1444/635 933/753/635 848/758/635
f 846/835/274 937/834/274 938/1445/274 849/1131/274
f 849/1131/275 938/1445/275 936/840/275 847/848/275
f 840/842/636 940/827/636 941/1446/636 844/1126/636
f 844/1130/637 941/1447/637 939/832/637 841/844/637
f 861/837/638 943/836/638 944/1448/638 865/1150/638
f 865/1154/639 944/1449/639 942/757/639 862/762/639
f 860/824/283 946/823/283 947/1450/283 863/1147/283
f 863/1147/282 947/1450/282 945/829/282 861/837/282
f 854/831/640 949/816/640 950/1451/640 858/1142/640
f 858/1146/641 950/1452/641 948/821/641 855/833/641
f 875/826/642 952/825/642 953/1453/642 879/1166/642
f 879/1170/643 953/1454/643 951/761/643 876/766/643
f 874/813/644 955/812/644 956/1455/644 877/1163/644
f 877/1163/645 956/1455/645 954/818/645 875/826/645
f 868/820/646 958/805/646 959/1456/646 872/1158/646
f 872/1162/647 959/1457/647 957/810/647 869/822/647
f 889/815/665 961/814/648 962/1458/648 893/1182/665
f 893/1186/649 962/1459/649 960/765/649 890/770/649
f 888/801/650 964/800/650 965/1460/650 891/1179/650
f 891/1179/651 965/1460/651 963/807/651 889/815/651
f 882/809/652 967/793/652 968/1461/652 886/1174/652
f 886/1178/653 968/1462/653 966/798/653 883/811/653
f 903/804/654 970/802/654 971/1463/654 907/1198/654
f 907/1202/655 971/1464/655 969/769/655 904/774/655
f 902/780/656 973/779/656 974/1465/656 905/1195/656
f 905/1195/657 974/1465/657 972/795/657 903/804/657
f 896/797/658 976/790/658 977/1466/658 900/1190/658
f 900/1194/660 977/1467/660 975/803/660 897/799/660
f 805/864/666 979/781/661 980/1468/661 809/1085/666
f 809/1090/662 980/1469/662 978/773/662 806/778/662
f 1121/987/651 1388/986/651 1394/1407/651 1122/1440/651
f 1122/1440/650 1394/1407/650 1390/1006/650 1120/1005/650
f 1067/918/652 1171/793/652 1173/1461/652 1071/1279/652
f 1071/1277/653 1173/1462/653 1172/880/653 1065/879/653
f 983/994/622 1099/993/622 1101/1433/622 987/1073/622
f 987/1078/623 1101/1434/623 1100/784/623 981/783/623
f 995/901/625 1105/900/625 1107/1435/625 998/1091/625
f 998/1091/624 1107/1435/624 1106/984/624 996/992/624
f 1011/983/627 1111/980/627 1113/1437/627 1015/1230/627
f 1015/1227/626 1113/1436/626 1112/849/626 1009/977/626
f 1009/977/631 1117/976/631 1119/1440/631 1012/1107/631
f 1012/1107/630 1119/1440/630 1118/967/630 1010/978/630
f 1025/871/633 1123/870/633 1125/1442/633 1029/1242/633
f 1029/1239/632 1125/1441/632 1124/838/632 1023/975/632
f 1023/975/275 1129/974/275 1131/1445/275 1026/1123/275
f 1026/1123/274 1131/1445/274 1130/953/274 1024/963/274
f 1060/922/667 1162/884/667 1164/1459/667 1064/1272/667
f 1064/1269/648 1164/1458/648 1163/814/648 1058/925/648
f 1039/934/637 1135/950/637 1137/1447/637 1043/1254/637
f 1043/1251/636 1137/1446/636 1136/827/636 1037/948/636
f 1053/920/641 1147/935/641 1149/1452/641 1057/1266/641
f 1057/1263/640 1149/1451/640 1148/816/640 1051/946/640
f 1051/946/645 1156/945/645 1158/1455/645 1054/1155/645
f 1054/1155/644 1158/1455/644 1157/924/644 1052/933/644
f 1065/879/647 1159/906/647 1161/1457/647 1068/1275/647
f 1068/1278/646 1161/1456/646 1160/805/646 1066/917/646
f 1066/917/651 1165/909/651 1167/1460/651 1070/1171/651
f 1070/1171/650 1167/1460/650 1166/919/650 1067/918/650
f 1081/915/653 1172/880/653 1173/1462/653 1085/1290/653
f 1085/1287/652 1173/1461/652 1171/793/652 1079/903/652
f 1079/903/657 1177/902/657 1179/1465/657 1082/1187/657
f 1082/1187/656 1179/1465/656 1178/898/656 1080/904/656
f 982/892/660 1183/891/660 1185/1467/660 986/1205/660
f 986/1208/658 1185/1466/658 1184/790/658 983/994/658
f 1072/931/650 1166/919/650 1167/1460/650 1075/1179/650
f 1075/1179/651 1167/1460/651 1165/909/651 1073/908/651
f 1189/910/638 1196/913/668 1198/1470/668 1192/1299/638
f 1192/1304/669 1198/1471/669 1197/894/669 1190/895/669
f 1200/912/668 1202/1072/668 1204/1472/668 1201/1473/668
f 1201/1474/669 1204/1475/669 1203/890/669 1199/889/669
f 1236/907/670 1239/883/670 1241/1338/670 1237/1476/670
f 1237/1477/634 1241/1333/634 1238/1011/634 1235/1014/634
f 1235/1014/634 1245/1013/634 1247/1478/634 1237/1479/634
f 1237/1480/670 1247/1481/670 1246/897/670 1236/907/670
f 1245/1013/634 1248/1030/671 1250/1482/671 1247/1478/634
f 1247/1481/670 1250/1483/670 1249/896/670 1246/897/670
f 1251/1028/632 1257/1027/632 1259/1484/632 1253/1485/632
f 1253/1486/633 1259/1487/633 1258/880/633 1252/930/633
f 1154/941/672 1268/940/672 1270/1349/672 1155/1455/672
f 1155/1455/673 1270/1349/673 1267/1039/673 1153/1036/673
f 1268/940/628 1274/943/628 1276/1488/628 1272/1352/628
f 1272/1356/664 1276/1489/664 1275/932/664 1269/922/664
f 1278/882/664 1280/884/664 1282/1490/664 1279/1491/664
f 1279/1492/628 1282/1493/628 1281/942/628 1277/1034/628
f 1289/1010/626 1292/1009/626 1298/1359/626 1291/1494/626
f 1291/1495/627 1298/1362/627 1294/920/627 1290/921/627
f 1300/876/674 1303/878/674 1305/1370/674 1301/1496/674
f 1301/1497/619 1305/1365/619 1302/1044/619 1299/1043/619
f 1299/1043/619 1309/1041/619 1311/1498/619 1301/1499/619
f 1301/1500/674 1311/1501/674 1310/877/674 1300/876/674
f 1309/1041/619 1312/1040/619 1314/1502/619 1311/1498/619
f 1311/1501/674 1314/1503/674 1313/923/674 1310/877/674
f 1331/972/661 1338/971/661 1340/1504/661 1334/1381/661
f 1334/1386/675 1340/1505/675 1339/873/675 1332/875/675
f 1269/922/674 1313/923/674 1314/1506/674 1273/1354/674
f 1273/1351/619 1314/1507/619 1312/1040/619 1267/1039/619
f 1088/895/675 1186/889/675 1188/1469/675 1092/1296/675
f 1092/1293/666 1188/1468/666 1187/781/666 1086/899/666
f 1283/929/626 1287/928/626 1288/1508/626 1285/1509/626
f 1285/1510/627 1288/1511/627 1286/906/627 1284/905/627
f 1353/1056/658 1356/1055/658 1362/1391/658 1355/1512/658
f 1355/1513/660 1362/1394/660 1358/871/660 1354/951/660
f 1364/964/676 1367/965/676 1369/1402/676 1365/1514/676
f 1365/1515/654 1369/1397/654 1366/1058/654 1363/1057/654
f 1363/1057/654 1373/1052/654 1375/1516/654 1365/1517/654
f 1365/1518/676 1375/1519/676 1374/961/676 1364/964/676
f 1373/1052/654 1376/1051/654 1378/1520/654 1375/1516/654
f 1375/1519/676 1378/1521/676 1377/962/676 1374/961/676
f 1379/1054/652 1386/1008/652 1387/1522/652 1381/1523/652
f 1381/1524/653 1387/1525/653 1385/870/653 1380/872/653
f 1018/965/670 1126/961/670 1128/1444/670 1022/1236/670
f 1022/1233/634 1128/1443/634 1127/847/634 1016/968/634
f 1395/1024/665 1402/1023/665 1404/1526/665 1398/1413/665
f 1398/1418/667 1404/1527/667 1403/867/667 1396/869/667
f 1406/966/667 1408/868/667 1410/1528/667 1407/1529/667
f 1407/1530/648 1410/1531/648 1409/1022/648 1405/1060/648
f 1411/989/646 1415/988/646 1416/1532/646 1413/1533/646
f 1413/1534/647 1416/1535/647 1414/980/647 1412/982/647
f 1417/1067/646 1420/1066/646 1426/1423/646 1419/1536/646
f 1419/1537/647 1426/1426/647 1422/979/647 1418/981/647
f 1205/997/677 1427/1000/677 1429/1538/677 1208/1307/677
f 1208/1312/678 1429/1539/678 1428/1004/678 1206/888/678
f 1427/1000/677 1431/999/677 1432/1540/677 1429/1541/677
f 1429/1542/678 1432/1543/678 1430/1002/678 1428/1004/678
f 1396/869/678 1433/1003/678 1435/1544/678 1400/1416/678
f 1400/1420/677 1435/1545/677 1434/1063/677 1397/1062/677
f 996/992/626 1112/849/626 1113/1436/626 1000/1216/626
f 1000/1220/627 1113/1437/627 1111/980/627 997/979/627
f 1367/965/667 1406/966/667 1407/1546/667 1371/1400/667
f 1371/1404/648 1407/1547/648 1405/1060/648 1368/1059/648
f 1010/978/632 1124/838/632 1125/1441/632 1014/1228/632
f 1014/1232/633 1125/1442/633 1123/870/633 1011/983/633
f 1217/892/641 1440/885/641 1441/1548/641 1221/1322/641
f 1221/1318/679 1441/1549/679 1439/1020/679 1215/1019/679
f 1024/963/636 1136/827/636 1137/1446/636 1028/1240/636
f 1028/1244/637 1137/1447/637 1135/950/637 1025/871/637
f 1315/1038/617 1319/1037/617 1320/1550/617 1317/1551/617
f 1317/1552/618 1320/1553/618 1318/935/618 1316/937/618
f 990/888/674 1096/1002/674 1098/1432/674 994/1212/674
f 994/1209/620 1098/1431/620 1097/789/620 988/996/620
f 1153/1036/673 1293/1035/673 1295/1357/673 1155/1455/673
f 1155/1455/672 1295/1357/672 1292/1009/672 1154/941/672
f 1037/948/282 1141/947/282 1143/1450/282 1040/1139/282
f 1040/1139/283 1143/1450/283 1142/938/283 1038/960/283
f 1321/1048/617 1324/1047/617 1330/1375/617 1323/1554/617
f 1323/1555/618 1330/1378/618 1326/934/618 1322/936/618
f 1038/960/640 1148/816/640 1149/1451/640 1042/1252/640
f 1042/1256/641 1149/1452/641 1147/935/641 1039/934/641
f 1103/998/283 1205/997/283 1211/1309/283 1104/1434/283
f 1104/1433/282 1211/1313/282 1207/1071/282 1102/1069/282
f 1102/1069/282 1216/1068/282 1218/1321/282 1104/1433/282
f 1104/1434/283 1218/1316/283 1215/1019/283 1103/998/283
f 1239/883/664 1278/882/664 1279/1556/664 1243/1336/664
f 1243/1340/628 1279/1557/628 1277/1034/628 1240/1033/628
f 1255/881/633 1258/880/633 1259/1487/633 1256/1558/633
f 1256/1559/632 1259/1484/632 1257/1027/632 1254/1032/632
f 1052/933/646 1160/805/646 1161/1456/646 1056/1264/646
f 1056/1268/647 1161/1457/647 1159/906/647 1053/920/647
f 1004/1001/620 1097/789/620 1098/1431/620 1008/1225/620
f 1008/1223/674 1098/1432/674 1096/1002/674 1002/869/674
f 988/996/623 1100/784/623 1101/1434/623 991/1082/623
f 991/1087/622 1101/1433/622 1099/993/622 989/995/622
f 1003/985/624 1106/984/624 1107/1435/624 1007/1099/624
f 1007/1099/625 1107/1435/625 1105/900/625 1004/1001/625
f 1017/990/680 1114/858/680 1116/1438/680 1021/1234/680
f 1021/1238/664 1116/1439/664 1115/868/664 1018/965/664
f 1016/968/630 1118/967/630 1119/1440/630 1019/1115/630
f 1019/1115/631 1119/1440/631 1117/976/631 1017/990/631
f 1032/973/634 1127/847/634 1128/1443/634 1036/1249/634
f 1036/1247/670 1128/1444/670 1126/961/670 1030/875/670
f 1031/954/274 1130/953/274 1131/1445/274 1035/1131/274
f 1035/1131/275 1131/1445/275 1129/974/275 1032/973/275
f 1342/949/675 1344/874/675 1346/1560/675 1343/1561/675
f 1343/1562/661 1346/1563/661 1345/970/661 1341/1046/661
f 1046/959/638 1138/836/638 1140/1448/638 1050/1261/638
f 1050/1259/669 1140/1449/669 1139/874/669 1044/878/669
f 1045/939/283 1142/938/283 1143/1450/283 1049/1147/283
f 1049/1147/282 1143/1450/282 1141/947/282 1046/959/282
f 1059/944/642 1150/825/642 1152/1453/642 1063/1270/642
f 1063/1274/678 1152/1454/678 1151/877/678 1060/922/678
f 1058/925/644 1157/924/644 1158/1455/644 1061/1163/644
f 1061/1163/645 1158/1455/645 1156/945/645 1059/944/645
f 1073/908/648 1163/814/648 1164/1458/648 1077/1282/648
f 1077/1286/667 1164/1459/667 1162/884/667 1074/883/667
f 1087/914/681 1174/802/681 1176/1463/681 1091/1294/681
f 1091/1298/676 1176/1464/676 1175/897/676 1088/895/676
f 1086/899/656 1178/898/656 1179/1465/656 1089/1195/656
f 1089/1195/657 1179/1465/657 1177/902/657 1087/914/657
f 989/995/666 1187/781/666 1188/1468/666 993/1210/666
f 993/1214/675 1188/1469/675 1186/889/675 990/888/675
f 1332/875/676 1377/962/676 1378/1564/676 1336/1384/676
f 1336/1388/654 1378/1565/654 1376/1051/654 1333/1050/654
f 1347/958/658 1351/957/658 1352/1566/658 1349/1567/658
f 1349/1568/660 1352/1569/660 1350/950/660 1348/952/660
f 1196/913/668 1200/912/668 1201/1473/668 1198/1570/668
f 1198/1571/669 1201/1474/669 1199/889/669 1197/894/669
f 1202/1072/668 1207/1071/668 1210/1315/668 1204/1572/668
f 1204/1573/669 1210/1310/669 1206/888/669 1203/890/669
f 1213/893/637 1217/892/637 1220/1324/637 1214/1574/637
f 1214/1575/682 1220/1319/682 1216/1068/682 1212/1070/682
f 1212/1070/682 1223/1015/636 1224/1576/636 1214/1577/682
f 1214/1578/637 1224/1579/637 1222/891/637 1213/893/637
f 1223/1015/636 1225/1017/636 1227/1580/636 1224/1576/636
f 1224/1579/637 1227/1581/637 1226/916/637 1222/891/637
f 1074/883/676 1175/897/676 1176/1464/676 1078/1284/676
f 1078/1281/681 1176/1463/681 1174/802/681 1072/931/681
f 1228/1025/632 1251/1028/632 1253/1582/632 1231/1325/632
f 1231/1330/633 1253/1583/633 1252/930/633 1229/915/633
f 1254/1032/632 1260/1031/632 1266/1343/632 1256/1584/632
f 1256/1585/633 1266/1346/633 1262/879/633 1255/881/633
f 1274/943/628 1281/942/628 1282/1493/628 1276/1586/628
f 1276/1587/664 1282/1490/664 1280/884/664 1275/932/664
f 1261/926/626 1283/929/626 1285/1588/626 1265/1344/626
f 1265/1348/627 1285/1589/627 1284/905/627 1262/879/627
f 1080/904/658 1184/790/658 1185/1466/658 1084/1288/658
f 1084/1292/660 1185/1467/660 1183/891/660 1081/915/660
f 1440/885/641 1442/886/641 1444/1590/641 1441/1591/641
f 1441/1592/679 1444/1593/640 1443/1018/640 1439/1020/679
f 1293/1035/617 1315/1038/617 1317/1594/617 1297/1360/617
f 1297/1364/618 1317/1595/618 1316/937/618 1294/920/618
f 1319/1037/617 1321/1048/617 1323/1596/617 1320/1550/617
f 1320/1553/618 1323/1597/618 1322/936/618 1318/935/618
f 1145/956/622 1325/955/622 1327/1373/622 1146/1450/622
f 1146/1450/623 1327/1373/623 1324/1047/623 1144/1042/623
f 1338/971/661 1345/970/661 1346/1563/661 1340/1598/661
f 1340/1599/675 1346/1560/675 1344/874/675 1339/873/675
f 1325/955/658 1347/958/658 1349/1600/658 1329/1376/658
f 1329/1380/660 1349/1601/660 1348/952/660 1326/934/660
f 1351/957/658 1353/1056/658 1355/1602/658 1352/1566/658
f 1352/1569/660 1355/1603/660 1354/951/660 1350/950/660
f 1133/1049/683 1357/1053/683 1359/1389/683 1134/1445/683
f 1134/1445/684 1359/1389/684 1356/1055/684 1132/969/684
f 1357/1053/652 1379/1054/652 1381/1604/652 1361/1392/652
f 1361/1396/653 1381/1605/653 1380/872/653 1358/871/653
f 1383/991/653 1385/870/653 1387/1525/653 1384/1606/653
f 1384/1607/652 1387/1522/652 1386/1008/652 1382/1007/652
f 1382/1007/652 1390/1006/652 1393/1412/652 1384/1608/652
f 1384/1609/653 1393/1408/653 1389/983/653 1383/991/653
f 1287/928/626 1289/1010/626 1291/1610/626 1288/1508/626
f 1288/1511/627 1291/1611/627 1290/921/627 1286/906/627
f 1402/1023/665 1409/1022/648 1410/1531/648 1404/1612/665
f 1404/1613/667 1410/1528/667 1408/868/667 1403/867/667
f 1388/986/646 1411/989/646 1413/1614/646 1391/1405/646
f 1391/1410/647 1413/1615/647 1412/982/647 1389/983/647
f 1415/988/646 1417/1067/646 1419/1616/646 1416/1532/646
f 1416/1535/647 1419/1617/647 1418/981/647 1414/980/647
f 1109/1061/645 1421/1064/645 1423/1421/645 1110/1435/645
f 1110/1435/644 1423/1421/644 1420/1066/644 1108/1021/644
f 1431/999/677 1434/1063/677 1435/1618/677 1432/1540/677
f 1432/1543/678 1435/1619/678 1433/1003/678 1430/1002/678
f 1421/1064/640 1436/1065/640 1438/1620/640 1425/1424/640
f 1425/1428/641 1438/1621/641 1437/887/641 1422/979/641
f 1436/1065/640 1443/1018/640 1444/1593/640 1438/1622/640
f 1438/1623/641 1444/1590/641 1442/886/641 1437/887/641
f 1190/895/670 1249/896/670 1250/1624/670 1194/1302/670
f 1194/1306/671 1250/1625/671 1248/1030/671 1191/1029/671
f 1002/869/664 1115/868/664 1116/1439/664 1005/1221/664
f 1005/1224/680 1116/1438/680 1114/858/680 1003/985/680
f 1108/1021/644 1395/1024/644 1401/1415/644 1110/1435/644
f 1110/1435/645 1401/1415/645 1397/1062/645 1109/1061/645
f 981/783/617 1093/786/617 1095/1429/617 984/1203/617
f 984/1207/618 1095/1430/618 1094/886/618 982/892/618
f 1181/911/274 1189/910/274 1195/1301/274 1182/1465/274
f 1182/1465/275 1195/1301/275 1191/1029/275 1180/1026/275
f 1225/1017/636 1230/1016/636 1233/1332/636 1227/1626/636
f 1227/1627/637 1233/1328/637 1229/915/637 1226/916/637
f 1169/1012/630 1238/1011/630 1244/1335/630 1170/1460/630
f 1170/1460/631 1244/1335/631 1240/1033/631 1168/927/631
f 1303/878/675 1342/949/675 1343/1628/675 1307/1368/675
f 1307/1372/661 1343/1629/661 1341/1046/661 1304/1045/661
f 1144/1042/623 1302/1044/623 1308/1367/623 1146/1450/623
f 1146/1450/622 1308/1367/622 1304/1045/622 1145/956/622
f 1030/875/669 1139/874/669 1140/1449/669 1033/1245/669
f 1033/1248/638 1140/1448/638 1138/836/638 1031/954/638
f 1132/969/684 1331/972/684 1337/1383/684 1134/1445/684
f 1134/1445/683 1337/1383/683 1333/1050/683 1133/1049/683
f 1180/1026/275 1228/1025/275 1234/1327/275 1182/1465/275
f 1182/1465/274 1234/1327/274 1230/1016/274 1181/911/274
f 1168/927/631 1261/926/631 1263/1341/631 1170/1460/631
f 1170/1460/630 1263/1341/630 1260/1031/630 1169/1012/630
f 1120/1005/650 1366/1058/650 1372/1399/650 1122/1440/650
f 1122/1440/651 1372/1399/651 1368/1059/651 1121/987/651
f 997/979/618 1094/886/618 1095/1430/618 1001/1218/618
f 1001/1215/617 1095/1429/617 1093/786/617 995/901/617
f 1044/878/678 1151/877/678 1152/1454/678 1047/1257/678
f 1047/1260/642 1152/1453/642 1150/825/642 1045/939/642
f 758/744/183 799/863/183 909/775/183
usemtl Material.004
f 691/1630/685 693/1631/685 694/1632/685 692/1633/685
f 693/1631/686 695/1429/686 696/1431/686 694/1632/686
f 695/1429/687 697/1634/687 698/1635/687 696/1431/687
f 697/1634/688 699/676/688 700/1636/688 698/1635/688
f 699/676/689 701/1637/689 702/1638/689 700/1636/689
f 701/1637/690 703/1436/690 704/1438/690 702/1638/690
f 703/1436/691 705/1639/691 706/1640/691 704/1438/691
f 705/1639/692 707/1641/692 708/1642/692 706/1640/692
f 707/1641/693 709/1643/693 710/1644/693 708/1642/693
f 709/1643/694 711/1441/694 712/1443/694 710/1644/694
f 711/1441/695 713/1645/695 714/1646/695 712/1443/695
f 713/1645/696 715/684/696 716/1647/696 714/1646/696
f 715/684/697 717/1648/697 718/1649/697 716/1647/697
f 717/1648/698 719/1446/698 720/1448/698 718/1649/698
f 719/1446/699 721/1650/699 722/1651/699 720/1448/699
f 721/1650/700 723/1652/700 724/1653/700 722/1651/700
f 723/1652/701 725/1654/701 726/1655/701 724/1653/701
f 725/1654/702 727/1451/702 728/1453/702 726/1655/702
f 727/1451/703 729/1656/703 730/1657/703 728/1453/703
f 729/1656/704 731/681/704 732/1658/704 730/1657/704
f 731/681/705 733/1659/705 734/1660/705 732/1658/705
f 733/1659/706 735/1456/706 736/1458/706 734/1660/706
f 735/1456/707 737/1661/707 738/1662/707 736/1458/707
f 737/1661/708 739/1663/708 740/1664/708 738/1662/708
f 739/1663/709 741/1665/709 742/1666/709 740/1664/709
f 741/1665/710 743/1461/710 744/1463/710 742/1666/710
f 743/1461/711 745/1667/711 746/1668/711 744/1463/711
f 745/1667/712 747/670/712 748/1669/712 746/1668/712
f 747/670/713 749/1670/713 750/1671/713 748/1669/713
f 749/1670/714 751/1466/714 752/1468/714 750/1671/714
f 694/1672/183 696/1673/183 698/1674/183 700/1675/183 702/1676/183 704/1677/183 706/1678/183 708/1679/183 710/1680/183 712/1681/183 714/1682/183 716/1683/183 718/1684/183 720/1685/183 722/1686/183 724/1687/183 726/1688/183 728/1689/183 730/1690/183 732/1691/183 734/1692/183 736/1693/183 738/1694/183 740/1695/183 742/1696/183 744/1697/183 746/1698/183 748/1699/183 750/1700/183 752/1701/183 754/1702/183 692/1703/183
f 751/1466/715 753/1704/715 754/1705/715 752/1468/715
f 753/1704/716 691/1706/716 692/1707/716 754/1705/716
f 691/1708/188 753/1709/188 751/1710/188 749/1711/188 747/1712/188 745/1713/188 743/1714/188 741/1715/188 739/1716/188 737/1717/188 735/1718/188 733/1719/188 731/1720/188 729/1721/188 727/1722/188 725/1723/188 723/1724/188 721/1725/188 719/1726/188 717/1727/188 715/1728/188 713/1729/188 711/1730/188 709/1731/188 707/1732/188 705/1733/188 703/1734/188 701/1735/188 699/1736/188 697/1737/188 695/1738/188 693/1739/188
o Cylinder.002
v 0.000000 0.276847 -2.139621
v 0.000000 1.321981 -2.139621
v 0.818798 0.276847 -1.976752
v 0.818798 1.321981 -1.976752
v 1.512941 0.276847 -1.512941
v 1.512941 1.321981 -1.512941
v 1.976752 0.276847 -0.818798
v 1.976752 1.321981 -0.818798
v 2.139621 0.276847 -0.000000
v 2.139621 1.321981 -0.000000
v 1.976752 0.276847 0.818798
v 1.976752 1.321981 0.818798
v 1.512941 0.276847 1.512941
v 1.512941 1.321981 1.512941
v 0.818798 0.276847 1.976752
v 0.818798 1.321981 1.976752
v 0.000000 0.276847 2.139621
v 0.000000 1.321981 2.139621
v -0.818798 0.276847 1.976752
v -0.818798 1.321981 1.976752
v -1.512941 0.276847 1.512941
v -1.512941 1.321981 1.512941
v -1.976752 0.276847 0.818798
v -1.976752 1.321981 0.818798
v -2.139621 0.276847 -0.000000
v -2.139621 1.321981 -0.000000
v -1.976752 0.276847 -0.818798
v -1.976752 1.321981 -0.818798
v -1.512941 0.276847 -1.512941
v -1.512941 1.321981 -1.512941
v -0.818798 0.276847 -1.976752
v -0.818798 1.321981 -1.976752
v 0.000000 0.316939 -0.000000
v 0.163841 0.580596 -0.000000
v 0.101259 1.007202 -0.000000
v -0.101259 1.007202 -0.000000
v -0.163841 0.580596 -0.000000
v 0.000000 0.840461 -1.082532
v 0.237764 1.031769 -0.932930
v 0.146946 1.341312 -0.690868
v -0.146946 1.341312 -0.690868
v -0.237764 1.031769 -0.932930
v 0.000000 3.609097 -1.082532
v 0.237764 3.417789 -0.932930
v 0.146946 3.108247 -0.690868
v -0.146946 3.108247 -0.690868
v -0.237764 3.417789 -0.932930
v 0.000000 4.132620 -0.000000
v 0.163841 3.868963 -0.000000
v 0.101259 3.442357 -0.000000
v -0.101259 3.442357 -0.000000
v -0.163841 3.868963 -0.000000
v 0.000000 3.609097 1.082532
v 0.237764 3.417789 0.932930
v 0.146946 3.108247 0.690868
v -0.146946 3.108247 0.690868
v -0.237764 3.417789 0.932930
v 0.000000 0.840461 1.082532
v 0.237764 1.031769 0.932930
v 0.146946 1.341312 0.690868
v -0.146946 1.341312 0.690868
v -0.237764 1.031769 0.932930
vn 0.1951 -0.0000 -0.9808
vn 0.5556 -0.0000 -0.8315
vn 0.8315 -0.0000 -0.5556
vn 0.9808 -0.0000 -0.1951
vn 0.9808 -0.0000 0.1951
vn 0.8315 -0.0000 0.5556
vn 0.5556 -0.0000 0.8315
vn 0.1951 -0.0000 0.9808
vn -0.1951 -0.0000 0.9808
vn -0.5556 -0.0000 0.8315
vn -0.8315 -0.0000 0.5556
vn -0.9808 -0.0000 0.1951
vn -0.9808 -0.0000 -0.1951
vn -0.8315 -0.0000 -0.5556
vn -0.0000 1.0000 -0.0000
vn -0.5556 -0.0000 -0.8315
vn -0.1951 -0.0000 -0.9808
vn -0.0000 -1.0000 -0.0000
vn 0.7649 -0.5905 -0.2575
vn 0.9769 0.1552 0.1470
vn -0.0000 0.9003 0.4354
vn -0.9769 0.1552 0.1470
vn -0.7649 -0.5905 -0.2575
vn 0.5326 -0.0000 -0.8464
vn 0.9363 -0.0000 0.3513
vn -0.0000 -0.0000 1.0000
vn -0.9363 -0.0000 0.3513
vn -0.5326 -0.0000 -0.8464
vn 0.7649 0.5905 -0.2575
vn 0.9769 -0.1552 0.1470
vn -0.0000 -0.9003 0.4354
vn -0.9769 -0.1552 0.1470
vn -0.7649 0.5905 -0.2575
vn 0.7649 0.5905 0.2575
vn 0.9769 -0.1552 -0.1470
vn -0.0000 -0.9003 -0.4354
vn -0.9769 -0.1552 -0.1470
vn -0.7649 0.5905 0.2575
vn 0.5326 -0.0000 0.8464
vn 0.9363 -0.0000 -0.3513
vn -0.0000 -0.0000 -1.0000
vn -0.9363 -0.0000 -0.3513
vn -0.5326 -0.0000 0.8464
vn 0.7649 -0.5905 0.2575
vn 0.9769 0.1552 -0.1470
vn -0.0000 0.9003 -0.4354
vn -0.9769 0.1552 -0.1470
vn -0.7649 -0.5905 0.2575
vt 1.000000 0.500000
vt 1.000000 1.000000
vt 0.937500 1.000000
vt 0.937500 0.500000
vt 0.875000 1.000000
vt 0.875000 0.500000
vt 0.812500 1.000000
vt 0.812500 0.500000
vt 0.750000 1.000000
vt 0.750000 0.500000
vt 0.687500 1.000000
vt 0.687500 0.500000
vt 0.625000 1.000000
vt 0.625000 0.500000
vt 0.562500 1.000000
vt 0.562500 0.500000
vt 0.500000 1.000000
vt 0.500000 0.500000
vt 0.437500 1.000000
vt 0.437500 0.500000
vt 0.375000 1.000000
vt 0.375000 0.500000
vt 0.312500 1.000000
vt 0.312500 0.500000
vt 0.250000 1.000000
vt 0.250000 0.500000
vt 0.187500 1.000000
vt 0.187500 0.500000
vt 0.125000 1.000000
vt 0.125000 0.500000
vt 0.341844 0.471731
vt 0.250000 0.490000
vt 0.158156 0.471731
vt 0.080294 0.419706
vt 0.028269 0.341844
vt 0.010000 0.250000
vt 0.028269 0.158156
vt 0.080294 0.080294
vt 0.158156 0.028269
vt 0.250000 0.010000
vt 0.341844 0.028269
vt 0.419706 0.080294
vt 0.471731 0.158156
vt 0.490000 0.250000
vt 0.471731 0.341844
vt 0.419706 0.419706
vt 0.062500 1.000000
vt 0.062500 0.500000
vt 0.000000 1.000000
vt 0.000000 0.500000
vt 0.750000 0.490000
vt 0.841844 0.471731
vt 0.919706 0.419706
vt 0.971731 0.341844
vt 0.990000 0.250000
vt 0.971731 0.158156
vt 0.919706 0.080294
vt 0.841844 0.028269
vt 0.750000 0.010000
vt 0.658156 0.028269
vt 0.580294 0.080294
vt 0.528269 0.158156
vt 0.510000 0.250000
vt 0.528269 0.341844
vt 0.580294 0.419706
vt 0.658156 0.471731
vt 0.500000 0.600000
vt 0.666667 0.600000
vt 0.666667 0.800000
vt 0.500000 0.800000
vt 0.666667 1.000000
vt 0.500000 0.000000
vt 0.666667 0.000000
vt 0.666667 0.200000
vt 0.500000 0.200000
vt 0.666667 0.400000
vt 0.500000 0.400000
vt 0.833333 0.600000
vt 0.833333 0.800000
vt 0.833333 1.000000
vt 0.833333 0.000000
vt 0.833333 0.200000
vt 0.833333 0.400000
vt 1.000000 0.600000
vt 1.000000 0.800000
vt 1.000000 0.000000
vt 1.000000 0.200000
vt 1.000000 0.400000
vt -0.000000 0.600000
vt 0.166667 0.600000
vt 0.166667 0.800000
vt -0.000000 0.800000
vt 0.166667 1.000000
vt -0.000000 0.000000
vt 0.166667 0.000000
vt 0.166667 0.200000
vt -0.000000 0.200000
vt 0.166667 0.400000
vt -0.000000 0.400000
vt 0.333333 0.600000
vt 0.333333 0.800000
vt 0.333333 1.000000
vt 0.333333 0.000000
vt 0.333333 0.200000
vt 0.333333 0.400000
s 1
usemtl Material.002
f 1445/1740/717 1446/1741/717 1448/1742/717 1447/1743/717
f 1447/1743/718 1448/1742/718 1450/1744/718 1449/1745/718
f 1449/1745/719 1450/1744/719 1452/1746/719 1451/1747/719
f 1451/1747/720 1452/1746/720 1454/1748/720 1453/1749/720
f 1453/1749/721 1454/1748/721 1456/1750/721 1455/1751/721
f 1455/1751/722 1456/1750/722 1458/1752/722 1457/1753/722
f 1457/1753/723 1458/1752/723 1460/1754/723 1459/1755/723
f 1459/1755/724 1460/1754/724 1462/1756/724 1461/1757/724
f 1461/1757/725 1462/1756/725 1464/1758/725 1463/1759/725
f 1463/1759/726 1464/1758/726 1466/1760/726 1465/1761/726
f 1465/1761/727 1466/1760/727 1468/1762/727 1467/1763/727
f 1467/1763/728 1468/1762/728 1470/1764/728 1469/1765/728
f 1469/1765/729 1470/1764/729 1472/1766/729 1471/1767/729
f 1471/1767/730 1472/1766/730 1474/1768/730 1473/1769/730
f 1448/1770/731 1446/1771/731 1476/1772/731 1474/1773/731 1472/1774/731 1470/1775/731 1468/1776/731 1466/1777/731 1464/1778/731 1462/1779/731 1460/1780/731 1458/1781/731 1456/1782/731 1454/1783/731 1452/1784/731 1450/1785/731
f 1473/1769/732 1474/1768/732 1476/1786/732 1475/1787/732
f 1475/1787/733 1476/1786/733 1446/1788/733 1445/1789/733
f 1445/1790/734 1447/1791/734 1449/1792/734 1451/1793/734 1453/1794/734 1455/1795/734 1457/1796/734 1459/1797/734 1461/1798/734 1463/1799/734 1465/1800/734 1467/1801/734 1469/1802/734 1471/1803/734 1473/1804/734 1475/1805/734
f 1477/1806/735 1482/1807/735 1483/1808/735 1478/1809/735
f 1478/1809/736 1483/1808/736 1484/1810/736 1479/1756/736
f 1479/1811/737 1484/1812/737 1485/1813/737 1480/1814/737
f 1480/1814/738 1485/1813/738 1486/1815/738 1481/1816/738
f 1481/1816/739 1486/1815/739 1482/1807/739 1477/1806/739
f 1482/1807/740 1487/1817/740 1488/1818/740 1483/1808/740
f 1483/1808/741 1488/1818/741 1489/1819/741 1484/1810/741
f 1484/1812/742 1489/1820/742 1490/1821/742 1485/1813/742
f 1485/1813/743 1490/1821/743 1491/1822/743 1486/1815/743
f 1486/1815/744 1491/1822/744 1487/1817/744 1482/1807/744
f 1487/1817/745 1492/1823/745 1493/1824/745 1488/1818/745
f 1488/1818/746 1493/1824/746 1494/1741/746 1489/1819/746
f 1489/1820/747 1494/1825/747 1495/1826/747 1490/1821/747
f 1490/1821/748 1495/1826/748 1496/1827/748 1491/1822/748
f 1491/1822/749 1496/1827/749 1492/1823/749 1487/1817/749
f 1492/1828/750 1497/1829/750 1498/1830/750 1493/1831/750
f 1493/1831/751 1498/1830/751 1499/1832/751 1494/1788/751
f 1494/1833/752 1499/1834/752 1500/1835/752 1495/1836/752
f 1495/1836/753 1500/1835/753 1501/1837/753 1496/1838/753
f 1496/1838/754 1501/1837/754 1497/1829/754 1492/1828/754
f 1497/1829/755 1502/1839/755 1503/1840/755 1498/1830/755
f 1498/1830/756 1503/1840/756 1504/1841/756 1499/1832/756
f 1499/1834/757 1504/1842/757 1505/1843/757 1500/1835/757
f 1500/1835/758 1505/1843/758 1506/1844/758 1501/1837/758
f 1501/1837/759 1506/1844/759 1502/1839/759 1497/1829/759
f 1502/1839/760 1477/1806/760 1478/1809/760 1503/1840/760
f 1503/1840/761 1478/1809/761 1479/1756/761 1504/1841/761
f 1504/1842/762 1479/1811/762 1480/1814/762 1505/1843/762
f 1505/1843/763 1480/1814/763 1481/1816/763 1506/1844/763
f 1506/1844/764 1481/1816/764 1477/1806/764 1502/1839/764
o Cylinder.003
v 16.171921 -2.100859 -0.756591
v 16.171921 -1.707483 -0.756591
v 16.171921 -1.314111 -0.756591
v 16.171921 -0.920735 -0.756591
v 16.171921 -0.527363 -0.756591
v 16.171921 -0.133987 -0.756591
v 16.171921 0.259389 -0.756591
v 16.171921 0.652761 -0.756591
v 16.726961 -2.100859 0.559569
v 16.726961 -1.707484 0.559569
v 16.726961 -1.314111 0.559569
v 16.726961 -0.920735 0.559569
v 16.726961 -0.527363 0.559569
v 16.726961 -0.133987 0.559569
v 16.726961 0.259389 0.559569
v 16.726961 0.652761 0.559569
v 15.457205 0.682633 -0.131288
v 15.556633 1.046137 -0.000000
v 15.457205 0.682633 0.131288
v 15.495657 0.939669 -0.092832
v 15.458309 0.892501 -0.000000
v 15.495657 0.939669 0.092832
v 15.425348 0.682633 -0.000000
v 15.253922 -3.351379 0.000000
v 14.995773 -3.084295 0.000000
v 15.114601 -3.273151 0.000000
v 15.756142 1.046137 -0.481648
v 15.596169 0.682633 -0.466784
v 15.786509 0.682633 -0.639408
v 15.647997 0.939669 -0.465652
v 15.690105 0.892501 -0.554460
v 15.669474 0.682633 -0.577208
v 15.782589 0.939669 -0.587720
v 15.545261 -3.351379 -0.703360
v 15.362720 -3.084295 -0.885900
v 15.446749 -3.273151 -0.801872
v 16.176661 1.046136 -0.609508
v 16.171921 0.682633 -0.756591
v 16.173309 0.939668 -0.713512
v 16.248621 -3.351380 -0.994700
v 16.248621 -3.084295 -1.252848
v 16.248621 -3.273152 -1.134019
v 16.743280 1.046136 -0.476391
v 16.708353 0.682633 -0.630567
v 16.901073 0.682632 -0.466783
v 16.714554 0.939668 -0.580671
v 16.807096 0.892500 -0.551479
v 16.826130 0.682632 -0.573875
v 16.850824 0.939668 -0.464855
v 16.951981 -3.351380 -0.703359
v 17.134518 -3.084296 -0.885899
v 17.050493 -3.273152 -0.801871
v 16.934345 1.046136 -0.015119
v 17.040041 0.682632 -0.131287
v 17.016417 0.682632 0.118781
v 17.003345 0.939668 -0.097803
v 17.032618 0.892500 -0.005839
v 17.061380 0.682632 -0.003119
v 16.986645 0.939668 0.079021
v 17.243320 -3.351380 0.000001
v 17.501469 -3.084296 0.000001
v 17.382641 -3.273152 0.000001
v 16.626053 1.046136 0.454349
v 16.726961 0.682633 0.559569
v 16.697405 0.939668 0.528749
v 16.951981 -3.351380 0.703361
v 17.134518 -3.084296 0.885901
v 17.050493 -3.273152 0.801873
v 16.236977 1.046136 0.687164
v 16.370562 0.682633 0.772832
v 16.117332 0.682633 0.791420
v 16.330961 0.939668 0.741260
v 16.244184 0.892500 0.785364
v 16.246361 0.682633 0.814980
v 16.151901 0.939668 0.754404
v 16.248621 -3.351380 0.994700
v 16.248621 -3.084295 1.252849
v 16.248621 -3.273152 1.134020
v 15.759314 1.046137 0.489308
v 15.781837 0.682633 0.652452
v 15.596169 0.682633 0.466784
v 15.759314 0.939669 0.598072
v 15.686478 0.892505 0.562144
v 15.673077 0.682633 0.575544
v 15.650553 0.939669 0.489308
v 15.545261 -3.351379 0.703360
v 15.362720 -3.084295 0.885900
v 15.446749 -3.273151 0.801872
v 15.457205 0.652761 0.131288
v 15.457205 0.652761 -0.131288
v 15.434677 0.652761 -0.000000
v 15.457205 0.259389 0.131288
v 15.457205 0.259389 -0.131288
v 15.434677 0.259389 -0.000000
v 15.457205 -0.133987 0.131288
v 15.457205 -0.133987 -0.131288
v 15.434677 -0.133987 0.000000
v 15.457205 -0.527363 0.131288
v 15.457205 -0.527363 -0.131288
v 15.434677 -0.527363 0.000000
v 15.457205 -0.920735 0.131288
v 15.457205 -0.920735 -0.131288
v 15.434677 -0.920735 0.000000
v 15.457205 -1.314111 0.131288
v 15.457205 -1.314111 -0.131288
v 15.434677 -1.314111 0.000000
v 15.457205 -1.707483 0.131288
v 15.457205 -1.707483 -0.131288
v 15.434677 -1.707483 0.000000
v 15.457205 -2.100859 0.131288
v 15.457205 -2.100859 -0.131288
v 15.434677 -2.100859 0.000000
v 15.457205 -2.130732 -0.131288
v 15.457205 -2.130732 0.131288
v 15.254225 -2.588083 0.000000
v 15.434677 -2.130732 0.000000
v 15.398926 -2.356400 0.000000
v 15.381985 -2.415256 0.054764
v 15.381985 -2.415256 -0.054764
v 14.995773 -3.084295 0.000000
v 15.040033 -2.723363 0.000000
v 14.965517 -2.867951 0.000000
v 15.394022 -2.723363 -0.854600
v 15.362720 -3.084295 -0.885900
v 15.341330 -2.867951 -0.907292
v 15.596169 -2.130732 -0.466784
v 15.545477 -2.588083 -0.703144
v 15.781837 -2.159843 -0.652452
v 15.597094 -2.415256 -0.574084
v 15.648317 -2.362551 -0.601044
v 15.677153 -2.423579 -0.652564
v 15.673077 -2.145288 -0.575544
v 15.786509 -2.100859 -0.639408
v 15.596169 -2.100859 -0.466784
v 15.674446 -2.100859 -0.571724
v 15.786509 -1.707483 -0.639408
v 15.596169 -1.707483 -0.466784
v 15.674446 -1.707483 -0.571724
v 15.786509 -1.314111 -0.639408
v 15.596169 -1.314111 -0.466784
v 15.674446 -1.314111 -0.571724
v 15.786509 -0.920735 -0.639408
v 15.596169 -0.920735 -0.466784
v 15.674446 -0.920735 -0.571724
v 15.786509 -0.527363 -0.639408
v 15.596169 -0.527363 -0.466784
v 15.674446 -0.527363 -0.571724
v 15.786509 -0.133987 -0.639408
v 15.596169 -0.133987 -0.466784
v 15.674446 -0.133987 -0.571724
v 15.786509 0.259389 -0.639408
v 15.596169 0.259389 -0.466784
v 15.674446 0.259389 -0.571724
v 15.596169 0.652761 -0.466784
v 15.786509 0.652761 -0.639408
v 15.674446 0.652761 -0.571724
v 16.248621 -2.723363 -1.208588
v 16.248621 -3.084295 -1.252848
v 16.248621 -2.867951 -1.283103
v 16.187201 -2.179231 -0.774364
v 16.248621 -2.588083 -0.994395
v 16.230633 -2.429460 -0.868400
v 17.103226 -2.723363 -0.854599
v 17.134518 -3.084296 -0.885899
v 17.155912 -2.867951 -0.907291
v 16.715405 -2.105819 -0.652451
v 16.951765 -2.588084 -0.703143
v 16.901073 -2.130732 -0.466783
v 16.824793 -2.408108 -0.650727
v 16.849865 -2.351135 -0.600651
v 16.900148 -2.415256 -0.574083
v 16.824165 -2.118276 -0.575543
v 16.901073 -2.100859 -0.466783
v 16.708353 -2.100859 -0.630567
v 16.822102 -2.100859 -0.569135
v 16.901073 -1.707484 -0.466783
v 16.708353 -1.707484 -0.630567
v 16.822102 -1.707484 -0.569135
v 16.901073 -1.314111 -0.466783
v 16.708353 -1.314111 -0.630567
v 16.822102 -1.314111 -0.569135
v 16.901073 -0.920735 -0.466783
v 16.708353 -0.920735 -0.630567
v 16.822102 -0.920735 -0.569135
v 16.901073 -0.527363 -0.466783
v 16.708353 -0.527363 -0.630567
v 16.822102 -0.527363 -0.569135
v 16.901073 -0.133987 -0.466783
v 16.708353 -0.133987 -0.630567
v 16.822102 -0.133987 -0.569135
v 16.901073 0.259388 -0.466783
v 16.708353 0.259389 -0.630567
v 16.822102 0.259388 -0.569135
v 16.708353 0.652761 -0.630567
v 16.901073 0.652761 -0.466783
v 16.822102 0.652761 -0.569135
v 17.457209 -2.723363 0.000001
v 17.501469 -3.084296 0.000001
v 17.531725 -2.867951 0.000001
v 17.040041 -2.130732 -0.131287
v 17.243017 -2.588084 0.000001
v 17.040041 -2.109416 0.131289
v 17.115261 -2.415256 -0.054763
v 17.098465 -2.351896 -0.000355
v 17.116041 -2.409140 0.053005
v 17.062565 -2.120076 0.000001
v 17.016417 -2.100859 0.118781
v 17.040041 -2.100859 -0.131287
v 17.055645 -2.100859 -0.003663
v 17.016417 -1.707484 0.118781
v 17.040041 -1.707484 -0.131287
v 17.055645 -1.707484 -0.003663
v 17.016417 -1.314111 0.118781
v 17.040041 -1.314111 -0.131287
v 17.055645 -1.314111 -0.003663
v 17.016417 -0.920735 0.118781
v 17.040041 -0.920735 -0.131287
v 17.055645 -0.920735 -0.003663
v 17.016417 -0.527363 0.118781
v 17.040041 -0.527363 -0.131287
v 17.055645 -0.527363 -0.003663
v 17.016417 -0.133987 0.118781
v 17.040041 -0.133987 -0.131287
v 17.055645 -0.133987 -0.003663
v 17.016417 0.259388 0.118781
v 17.040041 0.259388 -0.131287
v 17.055645 0.259388 -0.003663
v 17.040041 0.652761 -0.131287
v 17.016417 0.652761 0.118781
v 17.055645 0.652761 -0.003663
v 17.103226 -2.723363 0.854601
v 17.134518 -3.084296 0.885901
v 17.155912 -2.867951 0.907293
v 16.755705 -2.195296 0.568813
v 16.951765 -2.588084 0.703145
v 16.850817 -2.434164 0.620277
v 16.248621 -2.723363 1.208588
v 16.248621 -3.084295 1.252849
v 16.248621 -2.867951 1.283104
v 16.379910 -2.155035 0.791420
v 16.248621 -2.588083 0.994396
v 16.117332 -2.130732 0.791420
v 16.305525 -2.422204 0.865712
v 16.249058 -2.361536 0.849516
v 16.193857 -2.415256 0.866640
v 16.248621 -2.142883 0.813944
v 16.117332 -2.100859 0.791420
v 16.370562 -2.100859 0.772832
v 16.245886 -2.100859 0.808500
v 16.117332 -1.707483 0.791420
v 16.370562 -1.707484 0.772832
v 16.245886 -1.707483 0.808500
v 16.117332 -1.314111 0.791420
v 16.370562 -1.314111 0.772832
v 16.245886 -1.314111 0.808500
v 16.117332 -0.920735 0.791420
v 16.370562 -0.920735 0.772832
v 16.245886 -0.920735 0.808500
v 16.117332 -0.527363 0.791420
v 16.370562 -0.527363 0.772832
v 16.245886 -0.527363 0.808500
v 16.117332 -0.133987 0.791420
v 16.370562 -0.133987 0.772832
v 16.245886 -0.133987 0.808500
v 16.117332 0.259389 0.791420
v 16.370562 0.259389 0.772832
v 16.245886 0.259389 0.808500
v 16.370562 0.652761 0.772832
v 16.117332 0.652761 0.791420
v 16.245886 0.652761 0.808500
v 15.394022 -2.723363 0.854600
v 15.362720 -3.084295 0.885900
v 15.341330 -2.867951 0.907292
v 15.781837 -2.130732 0.652452
v 15.545477 -2.588083 0.703144
v 15.596169 -2.130732 0.466784
v 15.674538 -2.415256 0.651528
v 15.647797 -2.356400 0.600828
v 15.597094 -2.415256 0.574084
v 15.673077 -2.130732 0.575544
v 15.596169 -2.100859 0.466784
v 15.781837 -2.100859 0.652452
v 15.673077 -2.100859 0.575544
v 15.596169 -1.707483 0.466784
v 15.781837 -1.707483 0.652452
v 15.673077 -1.707483 0.575544
v 15.596169 -1.314111 0.466784
v 15.781837 -1.314111 0.652452
v 15.673077 -1.314111 0.575544
v 15.596169 -0.920735 0.466784
v 15.781837 -0.920735 0.652452
v 15.673077 -0.920735 0.575544
v 15.596169 -0.527363 0.466784
v 15.781837 -0.527363 0.652452
v 15.673077 -0.527363 0.575544
v 15.596169 -0.133987 0.466784
v 15.781837 -0.133987 0.652452
v 15.673077 -0.133987 0.575544
v 15.596169 0.259389 0.466784
v 15.781837 0.259389 0.652452
v 15.673077 0.259389 0.575544
v 15.781837 0.652761 0.652452
v 15.596169 0.652761 0.466784
v 15.673077 0.652761 0.575544
v 10.272873 -7.002295 -0.600623
v 10.122629 -6.852051 -0.600975
v 10.272873 -6.840907 -0.751219
v 10.166633 -6.958291 -0.600799
v 10.186129 -6.936443 -0.687643
v 10.166633 -6.846479 -0.707211
v 10.272873 -6.955159 -0.706927
v 10.122629 -5.650103 -0.600976
v 10.272873 -5.499859 -0.600976
v 10.272873 -5.658803 -0.751220
v 10.166633 -5.542059 -0.600976
v 10.186129 -5.565195 -0.687720
v 10.272873 -5.548215 -0.707212
v 10.166633 -5.654451 -0.707212
v 11.625065 -6.840463 -0.751219
v 11.625065 -7.002295 -0.600607
v 11.625065 -6.954895 -0.707107
v 11.625065 -5.499859 -0.600976
v 11.625065 -5.659151 -0.751220
v 11.625065 -5.546515 -0.707212
v 10.272873 -7.002295 0.600625
v 10.272873 -6.840907 0.751221
v 10.122629 -6.852051 0.600977
v 10.272873 -6.955159 0.706929
v 10.186129 -6.936443 0.687645
v 10.166633 -6.846479 0.707213
v 10.166633 -6.958291 0.600801
v 10.272873 -5.499859 0.600976
v 10.122629 -5.650103 0.600976
v 10.272873 -5.658803 0.751220
v 10.166633 -5.543863 0.600976
v 10.186129 -5.565195 0.687720
v 10.166633 -5.654451 0.707212
v 10.272873 -5.546307 0.707064
v 11.625065 -7.002295 0.600609
v 11.625065 -6.840463 0.751221
v 11.625065 -6.954895 0.707109
v 11.625065 -5.659151 0.751220
v 11.625065 -5.499859 0.600976
v 11.625065 -5.546515 0.707212
v 12.618813 -6.282071 -0.751220
v 12.618813 -6.444679 -0.600568
v 12.618813 -6.397051 -0.707092
v 12.618813 -4.942243 -0.600976
v 12.618813 -5.101947 -0.751220
v 12.618813 -4.989019 -0.707212
v 12.618813 -6.444679 0.600568
v 12.618813 -6.282071 0.751220
v 12.618813 -6.397051 0.707092
v 12.618813 -5.101947 0.751220
v 12.618813 -4.942243 0.600976
v 12.618813 -4.989019 0.707212
v 14.065084 -5.524223 -0.751220
v 14.065084 -5.686931 -0.600492
v 14.065084 -5.639275 -0.707072
v 14.065084 -4.184495 -0.600976
v 14.065084 -4.343719 -0.751220
v 14.065084 -4.231132 -0.707212
v 14.065084 -5.686931 0.600492
v 14.065084 -5.524223 0.751220
v 14.065084 -5.639275 0.707072
v 14.065084 -4.343719 0.751220
v 14.065084 -4.184495 0.600976
v 14.065084 -4.231132 0.707212
v 15.936113 -4.824759 -0.510996
v 16.079765 -4.762988 -0.325764
v 15.939508 -4.967095 -0.294940
v 16.037693 -4.802912 -0.438440
v 16.022297 -4.877448 -0.395504
v 16.038685 -4.885004 -0.310352
v 15.949978 -4.921015 -0.418784
v 15.929522 -4.329348 -0.685948
v 15.929522 -4.184495 -0.600976
v 16.079765 -4.334740 -0.518728
v 15.929525 -4.226687 -0.687836
v 16.016270 -4.249512 -0.652440
v 16.035761 -4.228499 -0.559852
v 16.035761 -4.344828 -0.630708
v 15.939508 -4.967095 0.294944
v 16.079765 -4.762988 0.325764
v 15.936113 -4.824759 0.510996
v 16.038685 -4.885004 0.310352
v 16.022297 -4.877448 0.395504
v 16.037693 -4.802912 0.438440
v 15.949978 -4.921015 0.418784
v 15.929522 -4.184495 0.600976
v 15.929522 -4.329348 0.685948
v 16.079765 -4.334740 0.518728
v 15.929522 -4.225803 0.691612
v 16.016266 -4.246856 0.656545
v 16.035761 -4.332044 0.633456
v 16.035761 -4.229615 0.573368
v 15.767233 -5.100507 -0.481388
v 15.596478 -4.951672 -0.500504
v 15.748117 -4.951672 -0.652144
v 15.654697 -5.056915 -0.486700
v 15.672113 -5.037600 -0.576508
v 15.641182 -4.951672 -0.607440
v 15.761921 -5.056915 -0.593924
v 15.397190 -3.505459 -0.699796
v 15.526920 -3.356619 -0.721700
v 15.548824 -3.505459 -0.851432
v 15.426401 -3.400215 -0.714996
v 15.449141 -3.419527 -0.799480
v 15.533625 -3.400215 -0.822220
v 15.441889 -3.505459 -0.806732
v 16.730009 -5.100508 -0.481387
v 16.749125 -4.951672 -0.652143
v 16.900761 -4.951672 -0.500503
v 16.735321 -5.056915 -0.593923
v 16.825129 -5.037600 -0.576507
v 16.856062 -4.951672 -0.607439
v 16.842545 -5.056915 -0.486699
v 16.970322 -3.356620 -0.721699
v 17.100054 -3.505460 -0.699795
v 16.948418 -3.505460 -0.851431
v 17.070841 -3.400216 -0.714995
v 17.048101 -3.419528 -0.799479
v 17.055353 -3.505460 -0.806731
v 16.963617 -3.400216 -0.822219
v 15.767233 -5.100507 0.481388
v 15.748117 -4.951672 0.652144
v 15.596478 -4.951672 0.500504
v 15.761921 -5.056915 0.593924
v 15.672113 -5.037600 0.576508
v 15.641182 -4.951672 0.607440
v 15.654697 -5.056915 0.486700
v 15.526920 -3.356619 0.721700
v 15.397190 -3.505459 0.699796
v 15.548824 -3.505459 0.851433
v 15.426401 -3.400215 0.714996
v 15.449141 -3.419527 0.799480
v 15.441889 -3.505459 0.806732
v 15.533625 -3.400215 0.822221
v 16.730009 -5.100508 0.481389
v 16.900764 -4.951672 0.500505
v 16.749125 -4.951672 0.652145
v 16.842545 -5.056915 0.486701
v 16.825129 -5.037600 0.576509
v 16.856062 -4.951672 0.607441
v 16.735321 -5.056915 0.593925
v 16.970322 -3.356620 0.721701
v 16.948418 -3.505460 0.851433
v 17.100054 -3.505460 0.699797
v 16.963617 -3.400216 0.822221
v 17.048101 -3.419528 0.799481
v 17.055353 -3.505460 0.806733
v 17.070841 -3.400216 0.714997
v 16.170050 1.409137 -0.000000
v 16.170050 1.009044 -0.000000
v 16.171556 1.409137 -0.015328
v 16.171556 1.009044 -0.015328
v 16.176029 1.409137 -0.030068
v 16.176029 1.009044 -0.030068
v 16.183289 1.409137 -0.043652
v 16.183289 1.009044 -0.043652
v 16.193062 1.409137 -0.055560
v 16.193062 1.009044 -0.055560
v 16.204969 1.409137 -0.065332
v 16.204969 1.009044 -0.065332
v 16.218554 1.409137 -0.072592
v 16.218554 1.009044 -0.072592
v 16.233294 1.409137 -0.077064
v 16.233294 1.009044 -0.077064
v 16.248621 1.409137 -0.078571
v 16.248621 1.009044 -0.078571
v 16.263948 1.409137 -0.077064
v 16.263948 1.009044 -0.077064
v 16.278688 1.409137 -0.072591
v 16.278688 1.009044 -0.072591
v 16.292273 1.409137 -0.065332
v 16.292273 1.009044 -0.065332
v 16.304182 1.409137 -0.055560
v 16.304182 1.009044 -0.055560
v 16.313953 1.409137 -0.043652
v 16.313953 1.009044 -0.043652
v 16.321213 1.409137 -0.030068
v 16.321213 1.009044 -0.030068
v 16.325686 1.409137 -0.015328
v 16.325686 1.009044 -0.015328
v 16.327192 1.409137 -0.000000
v 16.327192 1.009044 -0.000000
v 16.325686 1.409137 0.015328
v 16.325686 1.009044 0.015328
v 16.321213 1.409137 0.030068
v 16.321213 1.009044 0.030068
v 16.313953 1.409137 0.043653
v 16.313953 1.009044 0.043653
v 16.304182 1.409137 0.055560
v 16.304182 1.009044 0.055560
v 16.292273 1.409137 0.065333
v 16.292273 1.009044 0.065333
v 16.278688 1.409137 0.072592
v 16.278688 1.009044 0.072592
v 16.263948 1.409137 0.077064
v 16.263948 1.009044 0.077064
v 16.248621 1.409137 0.078572
v 16.248621 1.009044 0.078572
v 16.233294 1.409137 0.077064
v 16.233294 1.009044 0.077064
v 16.218554 1.409137 0.072592
v 16.218554 1.009044 0.072592
v 16.204969 1.409137 0.065332
v 16.204969 1.009044 0.065332
v 16.193062 1.409137 0.055560
v 16.193062 1.009044 0.055560
v 16.183289 1.409137 0.043652
v 16.183289 1.009044 0.043652
v 16.176029 1.409137 0.030068
v 16.176029 1.009044 0.030068
v 16.171556 1.409137 0.015328
v 16.171556 1.009044 0.015328
v 16.248621 -3.648384 0.000000
v 16.248621 -3.278347 0.000000
v 16.942150 -3.648384 0.693529
v 17.229422 -3.648384 0.000001
v 17.229422 -3.278347 0.000001
v 16.942150 -3.278347 0.693529
v 16.248621 -3.648384 0.980796
v 16.248621 -3.278347 0.980796
v 15.555094 -3.648383 0.693528
v 15.555094 -3.278347 0.693528
v 15.267826 -3.648383 0.000000
v 15.267826 -3.278347 0.000000
v 15.555094 -3.648383 -0.693528
v 15.555094 -3.278347 -0.693528
v 16.248621 -3.648384 -0.980796
v 16.248621 -3.278347 -0.980796
v 16.942150 -3.648384 -0.693527
v 16.942150 -3.278347 -0.693527
v 17.922949 -3.463364 -0.693527
v 16.942150 -3.463364 -1.674327
v 15.555094 -3.463363 -1.674327
v 14.574297 -3.463363 -0.693528
v 14.574297 -3.463363 0.693528
v 15.555094 -3.463363 1.674328
v 16.942150 -3.463364 1.674328
v 17.922949 -3.463364 0.693529
v 17.312689 -3.051755 -0.440751
v 17.643892 -3.131299 -0.577939
v 16.689373 -3.051755 -1.064067
v 16.826561 -3.131299 -1.395272
v 15.670681 -3.131299 -1.395272
v 15.807869 -3.051755 -1.064067
v 14.853350 -3.131299 -0.577940
v 15.184553 -3.051755 -0.440752
v 14.853350 -3.131299 0.577940
v 15.184553 -3.051755 0.440752
v 15.670681 -3.131299 1.395272
v 15.807869 -3.051755 1.064068
v 16.826561 -3.131299 1.395272
v 16.689373 -3.051755 1.064068
v 17.643892 -3.131299 0.577941
v 17.312689 -3.051755 0.440753
v 18.141621 -3.631475 -0.165603
v 18.141621 -3.631475 0.165605
v 18.016201 -3.648384 0.000001
v 18.170033 -3.631475 0.000001
v 18.146130 -3.641240 0.000001
v 18.113209 -3.643431 0.097009
v 18.113209 -3.643431 -0.097007
v 18.141621 -3.295252 0.165605
v 18.141621 -3.295252 -0.165603
v 18.016201 -3.278347 0.000001
v 18.170033 -3.295252 0.000001
v 18.146130 -3.285491 0.000001
v 18.113209 -3.283296 -0.097007
v 18.113209 -3.283296 0.097009
v 17.704273 -3.631475 1.221457
v 17.470078 -3.631475 1.455653
v 17.498489 -3.648384 1.249869
v 17.607265 -3.631475 1.358645
v 17.590361 -3.641240 1.341741
v 17.498489 -3.643431 1.387057
v 17.635677 -3.643431 1.249869
v 17.470078 -3.295252 1.455653
v 17.704273 -3.295252 1.221457
v 17.498489 -3.278347 1.249869
v 17.607265 -3.295252 1.358645
v 17.590361 -3.285491 1.341741
v 17.635677 -3.283296 1.249869
v 17.498489 -3.283296 1.387057
v 16.414225 -3.631475 1.893000
v 16.083021 -3.631475 1.893000
v 16.248621 -3.648384 1.767581
v 16.248621 -3.631475 1.921412
v 16.248621 -3.641240 1.897509
v 16.151613 -3.643431 1.864588
v 16.345629 -3.643431 1.864588
v 16.083021 -3.295252 1.893000
v 16.414225 -3.295252 1.893000
v 16.248621 -3.278347 1.767581
v 16.248621 -3.295252 1.921412
v 16.248621 -3.285491 1.897509
v 16.345629 -3.283296 1.864588
v 16.151613 -3.283296 1.864588
v 15.027164 -3.631475 1.455652
v 14.792969 -3.631475 1.221457
v 14.998753 -3.648383 1.249869
v 14.889977 -3.631475 1.358644
v 14.906881 -3.641239 1.341740
v 14.861565 -3.643431 1.249869
v 14.998753 -3.643431 1.387056
v 14.792969 -3.295251 1.221457
v 15.027164 -3.295251 1.455652
v 14.998753 -3.278347 1.249869
v 14.889977 -3.295251 1.358644
v 14.906881 -3.285491 1.341740
v 14.998753 -3.283295 1.387056
v 14.861565 -3.283295 1.249869
v 14.355621 -3.631475 0.165604
v 14.355621 -3.631475 -0.165604
v 14.481041 -3.648383 0.000000
v 14.327209 -3.631475 0.000000
v 14.351112 -3.641239 0.000000
v 14.384033 -3.643431 -0.097008
v 14.384033 -3.643431 0.097008
v 14.355621 -3.295251 -0.165604
v 14.355621 -3.295251 0.165604
v 14.481041 -3.278347 0.000000
v 14.327209 -3.295251 0.000000
v 14.351112 -3.285491 0.000000
v 14.384033 -3.283295 0.097008
v 14.384033 -3.283295 -0.097008
v 14.792969 -3.631475 -1.221456
v 15.027164 -3.631475 -1.455652
v 14.998753 -3.648383 -1.249868
v 14.889977 -3.631475 -1.358644
v 14.906881 -3.641239 -1.341740
v 14.998753 -3.643431 -1.387056
v 14.861565 -3.643431 -1.249868
v 15.027164 -3.295251 -1.455652
v 14.792969 -3.295251 -1.221456
v 14.998753 -3.278347 -1.249868
v 14.889977 -3.295251 -1.358644
v 14.906881 -3.285491 -1.341740
v 14.861565 -3.283295 -1.249868
v 14.998753 -3.283295 -1.387056
v 16.083021 -3.631475 -1.893000
v 16.414225 -3.631475 -1.893000
v 16.248621 -3.648384 -1.767580
v 16.248621 -3.631475 -1.921412
v 16.248621 -3.641240 -1.897508
v 16.345629 -3.643431 -1.864588
v 16.151613 -3.643431 -1.864588
v 16.414225 -3.295252 -1.893000
v 16.083021 -3.295252 -1.893000
v 16.248621 -3.278347 -1.767580
v 16.248621 -3.295252 -1.921412
v 16.248621 -3.285491 -1.897508
v 16.151613 -3.283296 -1.864588
v 16.345629 -3.283296 -1.864588
v 17.470078 -3.631475 -1.455651
v 17.704273 -3.631475 -1.221455
v 17.498489 -3.648384 -1.249867
v 17.607265 -3.631475 -1.358643
v 17.590361 -3.641240 -1.341739
v 17.635677 -3.643431 -1.249867
v 17.498489 -3.643431 -1.387055
v 17.704273 -3.295252 -1.221455
v 17.470078 -3.295252 -1.455651
v 17.498489 -3.278347 -1.249867
v 17.607265 -3.295252 -1.358643
v 17.590361 -3.285491 -1.341739
v 17.498489 -3.283296 -1.387055
v 17.635677 -3.283296 -1.249867
v 17.757345 -3.648384 0.624933
v 17.922949 -3.631475 0.693529
v 17.874445 -3.643431 0.673437
v 17.757345 -3.278347 0.624933
v 17.922949 -3.295252 0.693529
v 17.874445 -3.283296 0.673437
v 18.141621 -3.463364 0.165605
v 18.141621 -3.463364 -0.165603
v 18.170033 -3.463364 0.000001
v 17.704273 -3.463364 1.221457
v 17.470078 -3.463364 1.455653
v 17.607265 -3.463364 1.358645
v 16.873558 -3.648384 1.508724
v 16.942150 -3.631475 1.674328
v 16.922062 -3.643431 1.625824
v 16.873558 -3.278347 1.508724
v 16.942150 -3.295252 1.674328
v 16.922062 -3.283296 1.625824
v 16.414225 -3.463364 1.893000
v 16.083021 -3.463364 1.893000
v 16.248621 -3.463364 1.921412
v 15.623690 -3.648383 1.508724
v 15.555094 -3.631475 1.674328
v 15.575186 -3.643431 1.625824
v 15.623690 -3.278347 1.508724
v 15.555094 -3.295251 1.674328
v 15.575186 -3.283295 1.625824
v 15.027164 -3.463363 1.455652
v 14.792969 -3.463363 1.221457
v 14.889977 -3.463363 1.358644
v 14.739897 -3.648383 0.624932
v 14.574297 -3.631475 0.693528
v 14.622801 -3.643431 0.673436
v 14.739897 -3.278347 0.624932
v 14.574297 -3.295251 0.693528
v 14.622801 -3.283295 0.673436
v 14.355621 -3.463363 0.165604
v 14.355621 -3.463363 -0.165604
v 14.327209 -3.463363 0.000000
v 14.739897 -3.648383 -0.624932
v 14.574297 -3.631475 -0.693528
v 14.622801 -3.643431 -0.673436
v 14.739897 -3.278347 -0.624932
v 14.574297 -3.295251 -0.693528
v 14.622801 -3.283295 -0.673436
v 14.792969 -3.463363 -1.221456
v 15.027164 -3.463363 -1.455652
v 14.889977 -3.463363 -1.358644
v 15.623690 -3.648383 -1.508723
v 15.555094 -3.631475 -1.674327
v 15.575186 -3.643431 -1.625823
v 15.623690 -3.278347 -1.508723
v 15.555094 -3.295251 -1.674327
v 15.575186 -3.283295 -1.625823
v 16.083021 -3.463364 -1.893000
v 16.414225 -3.463364 -1.893000
v 16.248621 -3.463364 -1.921412
v 16.873558 -3.648384 -1.508723
v 16.942150 -3.631475 -1.674327
v 16.922062 -3.643431 -1.625823
v 16.873558 -3.278347 -1.508723
v 16.942150 -3.295252 -1.674327
v 16.922062 -3.283296 -1.625823
v 17.470078 -3.463364 -1.455651
v 17.704273 -3.463364 -1.221455
v 17.607265 -3.463364 -1.358643
v 17.757345 -3.648384 -0.624931
v 17.922949 -3.631475 -0.693527
v 17.874445 -3.643431 -0.673435
v 17.757345 -3.278347 -0.624931
v 17.922949 -3.295252 -0.693527
v 17.874445 -3.283296 -0.673435
v 17.814690 -3.299412 0.165605
v 17.689270 -3.316319 0.000001
v 17.814690 -3.299412 -0.165603
v 17.786278 -3.311368 0.097009
v 17.819197 -3.309171 0.000001
v 17.786278 -3.311368 -0.097007
v 17.843102 -3.299412 0.000001
v 17.814690 -2.963188 0.165605
v 17.814690 -2.963188 -0.165603
v 17.689270 -2.946280 0.000001
v 17.843102 -2.963188 0.000001
v 17.819197 -2.953428 0.000001
v 17.786278 -2.951231 -0.097007
v 17.786278 -2.951231 0.097009
v 17.473097 -3.299412 0.990281
v 17.238901 -3.299412 1.224477
v 17.267313 -3.316319 1.018693
v 17.376089 -3.299412 1.127469
v 17.359184 -3.309171 1.110565
v 17.267313 -3.311368 1.155881
v 17.404501 -3.311368 1.018693
v 17.267313 -2.946280 1.018693
v 17.238901 -2.963188 1.224477
v 17.473097 -2.963188 0.990281
v 17.267313 -2.951231 1.155881
v 17.359184 -2.953428 1.110565
v 17.376089 -2.963188 1.127469
v 17.404501 -2.951231 1.018693
v 16.414221 -3.299412 1.566069
v 16.083017 -3.299412 1.566069
v 16.248621 -3.316319 1.440648
v 16.248621 -3.299412 1.594481
v 16.248621 -3.309171 1.570576
v 16.151613 -3.311368 1.537656
v 16.345629 -3.311368 1.537656
v 16.083017 -2.963187 1.566069
v 16.414221 -2.963187 1.566069
v 16.248621 -2.946280 1.440648
v 16.248621 -2.963187 1.594481
v 16.248621 -2.953427 1.570576
v 16.345629 -2.951231 1.537656
v 16.151613 -2.951231 1.537656
v 15.258341 -3.299411 1.224476
v 15.024145 -3.299411 0.990280
v 15.229929 -3.316319 1.018692
v 15.121153 -3.299411 1.127468
v 15.138058 -3.309171 1.110564
v 15.092741 -3.311367 1.018692
v 15.229929 -3.311367 1.155880
v 15.229929 -2.946280 1.018692
v 15.024145 -2.963187 0.990280
v 15.258341 -2.963187 1.224476
v 15.092741 -2.951231 1.018692
v 15.138058 -2.953427 1.110564
v 15.121153 -2.963187 1.127468
v 15.229929 -2.951231 1.155880
v 14.682552 -3.299411 0.165604
v 14.682552 -3.299411 -0.165604
v 14.807974 -3.316319 0.000000
v 14.654140 -3.299411 0.000000
v 14.678045 -3.309171 0.000000
v 14.710966 -3.311367 -0.097008
v 14.710966 -3.311367 0.097008
v 14.807974 -2.946279 0.000000
v 14.682552 -2.963187 -0.165604
v 14.682552 -2.963187 0.165604
v 14.710966 -2.951231 -0.097008
v 14.678045 -2.953427 0.000000
v 14.654140 -2.963187 0.000000
v 14.710966 -2.951231 0.097008
v 15.024145 -3.299411 -0.990280
v 15.258341 -3.299411 -1.224476
v 15.229929 -3.316319 -1.018692
v 15.121153 -3.299411 -1.127468
v 15.138058 -3.309171 -1.110564
v 15.229929 -3.311367 -1.155879
v 15.092741 -3.311367 -1.018692
v 15.258341 -2.963187 -1.224476
v 15.024145 -2.963187 -0.990280
v 15.229929 -2.946280 -1.018692
v 15.121153 -2.963187 -1.127468
v 15.138058 -2.953427 -1.110564
v 15.092741 -2.951231 -1.018692
v 15.229929 -2.951231 -1.155879
v 16.248621 -3.316319 -1.440647
v 16.083017 -3.299412 -1.566068
v 16.414221 -3.299412 -1.566068
v 16.151613 -3.311368 -1.537655
v 16.248621 -3.309171 -1.570575
v 16.248621 -3.299412 -1.594480
v 16.345629 -3.311368 -1.537655
v 16.414221 -2.963187 -1.566068
v 16.083017 -2.963187 -1.566068
v 16.248621 -2.946280 -1.440647
v 16.248621 -2.963187 -1.594480
v 16.248621 -2.953427 -1.570575
v 16.151613 -2.951231 -1.537655
v 16.345629 -2.951231 -1.537655
v 17.238901 -3.299412 -1.224475
v 17.473097 -3.299412 -0.990279
v 17.267313 -3.316319 -1.018691
v 17.376089 -3.299412 -1.127467
v 17.359184 -3.309171 -1.110563
v 17.404501 -3.311368 -1.018691
v 17.267313 -3.311368 -1.155879
v 17.473097 -2.963188 -0.990279
v 17.238901 -2.963188 -1.224475
v 17.267313 -2.946280 -1.018691
v 17.376089 -2.963188 -1.127467
v 17.359184 -2.953428 -1.110563
v 17.267313 -2.951231 -1.155879
v 17.404501 -2.951231 -1.018691
v 17.643892 -3.299412 0.577941
v 17.478289 -3.316319 0.509345
v 17.595388 -3.311368 0.557849
v 17.478289 -2.946280 0.509345
v 17.643892 -2.963188 0.577941
v 17.595388 -2.951231 0.557849
v 17.814690 -3.131299 -0.165603
v 17.814690 -3.131299 0.165605
v 17.843102 -3.131299 0.000001
v 17.426657 -3.051755 -0.165603
v 17.426657 -3.051755 0.165605
v 17.455069 -3.051755 0.000001
v 17.473097 -3.131299 0.990281
v 17.238901 -3.131299 1.224477
v 17.376089 -3.131299 1.127469
v 16.964521 -3.051755 0.950097
v 17.198717 -3.051755 0.715901
v 17.101709 -3.051755 0.853089
v 16.757965 -3.316319 1.229668
v 16.826561 -3.299412 1.395272
v 16.806469 -3.311368 1.346768
v 16.826561 -2.963188 1.395272
v 16.757965 -2.946280 1.229668
v 16.806469 -2.951231 1.346768
v 16.414221 -3.131299 1.566069
v 16.083017 -3.131299 1.566069
v 16.248621 -3.131299 1.594481
v 16.083017 -3.051755 1.178036
v 16.414221 -3.051755 1.178036
v 16.248621 -3.051755 1.206452
v 15.739273 -3.316319 1.229668
v 15.670681 -3.299411 1.395272
v 15.690769 -3.311367 1.346768
v 15.739273 -2.946280 1.229668
v 15.670681 -2.963187 1.395272
v 15.690769 -2.951231 1.346768
v 15.258341 -3.131299 1.224476
v 15.024145 -3.131299 0.990280
v 15.121153 -3.131299 1.127468
v 15.298525 -3.051755 0.715900
v 15.532721 -3.051755 0.950096
v 15.395529 -3.051755 0.853088
v 15.018950 -3.316319 0.509344
v 14.853350 -3.299411 0.577940
v 14.901854 -3.311367 0.557848
v 14.853350 -2.963187 0.577940
v 15.018950 -2.946279 0.509344
v 14.901854 -2.951231 0.557848
v 14.682552 -3.131299 0.165604
v 14.682552 -3.131299 -0.165604
v 14.654140 -3.131299 0.000000
v 15.070581 -3.051755 -0.165604
v 15.070581 -3.051755 0.165604
v 15.042170 -3.051755 0.000000
v 15.018950 -3.316319 -0.509344
v 14.853350 -3.299411 -0.577940
v 14.901854 -3.311367 -0.557848
v 14.853350 -2.963187 -0.577940
v 15.018950 -2.946279 -0.509344
v 14.901854 -2.951231 -0.557848
v 15.298525 -3.051755 -0.715900
v 15.532721 -3.051755 -0.950096
v 15.395529 -3.051755 -0.853088
v 15.024145 -3.131299 -0.990280
v 15.258341 -3.131299 -1.224476
v 15.121153 -3.131299 -1.127468
v 15.739273 -3.316319 -1.229668
v 15.670681 -3.299411 -1.395272
v 15.690769 -3.311367 -1.346768
v 15.739273 -2.946280 -1.229668
v 15.670681 -2.963187 -1.395272
v 15.690769 -2.951231 -1.346768
v 16.083017 -3.131299 -1.566068
v 16.414221 -3.131299 -1.566068
v 16.248621 -3.131299 -1.594480
v 16.083017 -3.051755 -1.178035
v 16.414221 -3.051755 -1.178035
v 16.248621 -3.051755 -1.206452
v 16.826561 -3.299412 -1.395272
v 16.757965 -3.316319 -1.229668
v 16.806469 -3.311368 -1.346768
v 16.826561 -2.963188 -1.395272
v 16.757965 -2.946280 -1.229668
v 16.806469 -2.951231 -1.346768
v 17.238901 -3.131299 -1.224475
v 17.473097 -3.131299 -0.990279
v 17.376089 -3.131299 -1.127467
v 16.964521 -3.051755 -0.950095
v 17.198717 -3.051755 -0.715899
v 17.101709 -3.051755 -0.853087
v 17.478289 -3.316319 -0.509343
v 17.643892 -3.299412 -0.577939
v 17.595388 -3.311368 -0.557847
v 17.478289 -2.946280 -0.509343
v 17.643892 -2.963188 -0.577939
v 17.595388 -2.951231 -0.557847
v 17.198717 -2.963188 -0.715899
v 17.267313 -2.946280 -1.018691
v 16.964521 -2.963188 -0.950095
v 17.198717 -2.951231 -0.853087
v 17.134441 -2.953428 -0.885819
v 17.101709 -2.951231 -0.950095
v 17.101709 -2.963188 -0.853087
v 17.255861 -2.963188 -0.577939
v 17.449877 -2.946280 -0.577939
v 17.312689 -2.951231 -0.577939
v 17.478289 -2.946280 -0.509343
v 17.312689 -2.963188 -0.440751
v 17.361193 -2.951231 -0.460843
v 17.369513 -2.963188 -0.303559
v 17.506701 -2.946280 -0.440751
v 17.409693 -2.951231 -0.343743
v 17.426657 -2.963188 0.165605
v 17.689270 -2.946280 0.000001
v 17.426657 -2.963188 -0.165603
v 17.523664 -2.951231 0.068597
v 17.501362 -2.953428 0.000001
v 17.523664 -2.951231 -0.068595
v 17.455069 -2.963188 0.000001
v 17.369513 -3.299412 -0.303559
v 17.506701 -3.316319 -0.440751
v 17.409693 -3.311368 -0.343743
v 17.426657 -3.299412 0.165605
v 17.426657 -3.299412 -0.165603
v 17.689270 -3.316319 0.000001
v 17.455069 -3.299412 0.000001
v 17.501362 -3.309171 0.000001
v 17.523664 -3.311368 -0.068595
v 17.523664 -3.311368 0.068597
v 17.478289 -3.316319 -0.509343
v 17.312689 -3.299412 -0.440751
v 17.361193 -3.311368 -0.460843
v 17.255861 -3.299412 -0.577939
v 17.449877 -3.316319 -0.577939
v 17.312689 -3.311368 -0.577939
v 16.964521 -3.299412 -0.950095
v 17.267313 -3.316319 -1.018691
v 17.198717 -3.299412 -0.715899
v 17.101709 -3.311368 -0.950095
v 17.134441 -3.309171 -0.885819
v 17.198717 -3.311368 -0.853087
v 17.101709 -3.299412 -0.853087
v 16.552181 -2.963187 -1.120892
v 16.689373 -2.946280 -1.258084
v 16.592365 -2.951231 -1.161075
v 16.414221 -2.963187 -1.178035
v 16.248621 -2.946280 -1.440647
v 16.083017 -2.963187 -1.178035
v 16.317217 -2.951231 -1.275043
v 16.248621 -2.953427 -1.252740
v 16.180025 -2.951231 -1.275043
v 16.248621 -2.963187 -1.206452
v 16.689373 -2.963187 -1.064067
v 16.757965 -2.946280 -1.229668
v 16.709461 -2.951231 -1.112571
v 16.826561 -2.963188 -1.007240
v 16.826561 -2.946280 -1.201256
v 16.826561 -2.951231 -1.064067
v 16.826561 -3.299412 -1.007240
v 16.826561 -3.316319 -1.201256
v 16.826561 -3.311368 -1.064067
v 16.552181 -3.299412 -1.120892
v 16.689373 -3.316319 -1.258084
v 16.592365 -3.311368 -1.161075
v 16.689373 -3.299412 -1.064067
v 16.757965 -3.316319 -1.229668
v 16.709461 -3.311368 -1.112571
v 16.414221 -3.299412 -1.178035
v 16.083017 -3.299412 -1.178035
v 16.248621 -3.316319 -1.440647
v 16.248621 -3.299412 -1.206452
v 16.248621 -3.309171 -1.252740
v 16.180025 -3.311368 -1.275043
v 16.317217 -3.311368 -1.275043
v 15.298525 -2.963187 -0.715900
v 15.532721 -2.963187 -0.950096
v 15.229929 -2.946280 -1.018692
v 15.395529 -2.963187 -0.853088
v 15.362801 -2.953427 -0.885819
v 15.395529 -2.951231 -0.950096
v 15.298525 -2.951231 -0.853088
v 15.670681 -2.963187 -1.007240
v 15.670681 -2.946280 -1.201256
v 15.670681 -2.951231 -1.064067
v 15.945057 -2.963187 -1.120892
v 15.807869 -2.946280 -1.258084
v 15.904877 -2.951231 -1.161075
v 15.739273 -2.946280 -1.229668
v 15.807869 -2.963187 -1.064067
v 15.787777 -2.951231 -1.112571
v 15.945057 -3.299411 -1.120892
v 15.807869 -3.316319 -1.258084
v 15.904877 -3.311367 -1.161075
v 15.739273 -3.316319 -1.229668
v 15.807869 -3.299411 -1.064067
v 15.787777 -3.311367 -1.112571
v 15.670681 -3.299411 -1.007240
v 15.670681 -3.316319 -1.201256
v 15.670681 -3.311367 -1.064067
v 15.532721 -3.299411 -0.950096
v 15.298525 -3.299411 -0.715900
v 15.229929 -3.316319 -1.018692
v 15.395529 -3.299411 -0.853088
v 15.362801 -3.309171 -0.885819
v 15.298525 -3.311367 -0.853088
v 15.395529 -3.311367 -0.950096
v 15.127729 -2.963187 -0.303560
v 14.990538 -2.946279 -0.440752
v 15.087545 -2.951231 -0.343744
v 15.070581 -2.963187 -0.165604
v 14.807974 -2.946279 0.000000
v 15.070581 -2.963187 0.165604
v 14.973574 -2.951231 -0.068596
v 14.995882 -2.953427 0.000000
v 14.973574 -2.951231 0.068596
v 15.042170 -2.963187 0.000000
v 15.184553 -2.963187 -0.440752
v 15.018950 -2.946279 -0.509344
v 15.136049 -2.951231 -0.460844
v 15.241381 -2.963187 -0.577940
v 15.047365 -2.946279 -0.577940
v 15.184553 -2.951231 -0.577940
v 15.241381 -3.299411 -0.577940
v 15.047365 -3.316319 -0.577940
v 15.184553 -3.311367 -0.577940
v 15.018950 -3.316319 -0.509344
v 15.184553 -3.299411 -0.440752
v 15.136049 -3.311367 -0.460844
v 15.127729 -3.299411 -0.303560
v 14.990538 -3.316319 -0.440752
v 15.087545 -3.311367 -0.343744
v 15.070581 -3.299411 -0.165604
v 15.070581 -3.299411 0.165604
v 14.807974 -3.316319 0.000000
v 15.042170 -3.299411 0.000000
v 14.995882 -3.309171 0.000000
v 14.973574 -3.311367 0.068596
v 14.973574 -3.311367 -0.068596
v 15.298525 -2.963187 0.715900
v 15.229929 -2.946280 1.018692
v 15.532721 -2.963187 0.950096
v 15.298525 -2.951231 0.853088
v 15.362801 -2.953427 0.885820
v 15.395529 -2.951231 0.950096
v 15.395529 -2.963187 0.853088
v 15.241381 -2.963187 0.577940
v 15.047365 -2.946279 0.577940
v 15.184553 -2.951231 0.577940
v 15.127729 -2.963187 0.303560
v 14.990538 -2.946279 0.440752
v 15.087545 -2.951231 0.343744
v 15.018950 -2.946279 0.509344
v 15.184553 -2.963187 0.440752
v 15.136049 -2.951231 0.460844
v 15.127729 -3.299411 0.303560
v 14.990538 -3.316319 0.440752
v 15.087545 -3.311367 0.343744
v 15.018950 -3.316319 0.509344
v 15.184553 -3.299411 0.440752
v 15.136049 -3.311367 0.460844
v 15.241381 -3.299411 0.577940
v 15.047365 -3.316319 0.577940
v 15.184553 -3.311367 0.577940
v 15.298525 -3.299411 0.715900
v 15.532721 -3.299411 0.950096
v 15.229929 -3.316319 1.018692
v 15.395529 -3.299411 0.853088
v 15.362801 -3.309171 0.885820
v 15.395529 -3.311367 0.950096
v 15.298525 -3.311367 0.853088
v 15.945057 -2.963187 1.120893
v 15.807869 -2.946280 1.258085
v 15.904877 -2.951231 1.161076
v 16.083017 -2.963187 1.178036
v 16.248621 -2.946280 1.440648
v 16.414221 -2.963187 1.178036
v 16.180025 -2.951231 1.275044
v 16.248621 -2.953427 1.252741
v 16.317217 -2.951231 1.275044
v 16.248621 -2.963187 1.206452
v 15.807869 -2.963187 1.064068
v 15.739273 -2.946280 1.229668
v 15.787777 -2.951231 1.112572
v 15.670681 -2.963187 1.007241
v 15.670681 -2.946280 1.201257
v 15.670681 -2.951231 1.064068
v 15.670681 -3.299411 1.007241
v 15.670681 -3.316319 1.201257
v 15.670681 -3.311367 1.064068
v 15.945057 -3.299411 1.120893
v 15.807869 -3.316319 1.258085
v 15.904877 -3.311367 1.161076
v 15.739273 -3.316319 1.229668
v 15.807869 -3.299411 1.064068
v 15.787777 -3.311367 1.112572
v 16.414221 -3.299412 1.178036
v 16.248621 -3.316319 1.440648
v 16.083017 -3.299412 1.178036
v 16.317217 -3.311368 1.275044
v 16.248621 -3.309171 1.252741
v 16.180025 -3.311368 1.275044
v 16.248621 -3.299412 1.206452
v 16.964521 -2.963188 0.950097
v 17.267313 -2.946280 1.018693
v 17.198717 -2.963188 0.715901
v 17.101709 -2.951231 0.950097
v 17.134441 -2.953428 0.885821
v 17.198717 -2.951231 0.853089
v 17.101709 -2.963188 0.853089
v 16.826561 -2.963188 1.007241
v 16.826561 -2.946280 1.201257
v 16.826561 -2.951231 1.064068
v 16.552181 -2.963187 1.120893
v 16.689373 -2.946280 1.258085
v 16.592365 -2.951231 1.161076
v 16.757965 -2.946280 1.229668
v 16.689373 -2.963187 1.064068
v 16.709461 -2.951231 1.112572
v 16.552181 -3.299412 1.120893
v 16.689373 -3.316319 1.258085
v 16.592365 -3.311368 1.161076
v 16.757965 -3.316319 1.229668
v 16.689373 -3.299412 1.064068
v 16.709461 -3.311368 1.112572
v 16.826561 -3.299412 1.007241
v 16.826561 -3.316319 1.201257
v 16.826561 -3.311368 1.064068
v 16.964521 -3.299412 0.950097
v 17.198717 -3.299412 0.715901
v 17.267313 -3.316319 1.018693
v 17.101709 -3.299412 0.853089
v 17.134441 -3.309171 0.885821
v 17.198717 -3.311368 0.853089
v 17.101709 -3.311368 0.950097
v 17.369513 -2.963188 0.303561
v 17.506701 -2.946280 0.440753
v 17.409693 -2.951231 0.343745
v 17.478289 -2.946280 0.509345
v 17.312689 -2.963188 0.440753
v 17.361193 -2.951231 0.460845
v 17.449877 -2.946280 0.577941
v 17.255861 -2.963188 0.577941
v 17.312689 -2.951231 0.577941
v 17.255861 -3.299412 0.577941
v 17.449877 -3.316319 0.577941
v 17.312689 -3.311368 0.577941
v 17.369513 -3.299412 0.303561
v 17.506701 -3.316319 0.440753
v 17.409693 -3.311368 0.343745
v 17.478289 -3.316319 0.509345
v 17.312689 -3.299412 0.440753
v 17.361193 -3.311368 0.460845
vn 0.9447 -0.0000 0.3280
vn -0.0000 -0.0000 -1.0000
vn 0.9447 -0.0000 0.3281
vn -0.0000 -0.0000 1.0000
vn 0.2287 -0.0000 -0.9735
vn 0.9239 -0.0000 -0.3827
vn 0.8359 -0.0000 0.5489
vn 0.5135 -0.0000 0.8581
vn -0.3827 -0.0000 0.9239
vn -0.0000 -0.0001 -1.0000
vn -0.0000 0.0001 -1.0000
vn -0.9239 -0.0000 -0.3827
vn -0.2909 -0.0000 -0.9568
vn -0.9239 -0.0000 0.3827
vn -0.0000 -1.0000 -0.0000
vn -0.5214 0.8255 -0.2160
vn -0.2160 0.8255 -0.5214
vn 0.5323 0.7195 -0.4461
vn 0.5323 0.7195 -0.4462
vn -0.0000 1.0000 -0.0000
vn -0.2160 0.8255 0.5214
vn 0.5022 0.2818 0.8176
vn 0.9024 -0.0000 0.4308
vn 0.2160 0.8255 0.5214
vn 0.7159 0.4726 0.5139
vn 0.9024 -0.0000 -0.4309
vn 0.9024 -0.0000 -0.4308
vn 0.5214 0.8255 0.2160
vn 0.5214 0.8255 -0.2160
vn 0.1711 0.4604 -0.8711
vn 0.2160 0.8255 -0.5214
vn -0.2799 0.1895 -0.9411
vn -0.5214 0.8255 0.2160
vn -0.9514 0.1668 -0.2587
vn -0.8423 0.5390 -0.0000
vn -0.9514 0.1668 0.2587
vn -0.5659 0.5389 -0.6240
vn -0.8380 0.1568 -0.5226
vn -0.4385 0.1568 -0.8850
vn 0.5451 0.5399 -0.6414
vn 0.4025 0.1509 -0.9029
vn 0.8262 0.1509 -0.5428
vn 0.8376 0.5405 0.0791
vn 0.9702 0.1486 -0.1912
vn 0.9173 0.1486 0.3695
vn 0.0616 0.5396 0.8397
vn 0.3447 0.1522 0.9263
vn -0.2057 0.1522 0.9667
vn -0.5873 0.5569 0.5873
vn -0.5450 0.1100 0.8312
vn -0.8312 0.1100 0.5450
vn -0.9758 0.1984 -0.0921
vn -0.9758 0.1984 0.0921
vn -0.8482 0.5297 -0.0000
vn -0.7398 0.2048 -0.6409
vn -0.5600 0.5399 -0.6285
vn -0.6058 0.2040 -0.7691
vn 0.6405 0.1941 -0.7431
vn 0.6327 0.5202 -0.5736
vn 0.7671 0.1933 -0.6117
vn 0.9751 0.1940 -0.1074
vn 0.8524 0.5216 -0.0358
vn 0.9780 0.1947 0.0753
vn 0.1115 0.2030 0.9728
vn 0.0405 0.5383 0.8418
vn -0.0737 0.2037 0.9763
vn -0.6249 0.1984 0.7551
vn -0.5997 0.5297 0.5997
vn -0.7551 0.1984 0.6249
vn -0.9083 0.1883 -0.3736
vn -0.6970 0.6571 -0.2870
vn -0.7987 -0.5026 -0.3308
vn -0.4798 -0.8546 -0.1988
vn -0.4896 -0.1200 -0.8636
vn -0.8118 -0.1200 -0.5714
vn -0.2943 0.1719 -0.9401
vn -0.2208 0.6727 -0.7062
vn -0.3308 -0.5026 -0.7987
vn -0.1988 -0.8546 -0.4798
vn 0.2302 0.1699 -0.9582
vn 0.1721 0.6754 -0.7170
vn 0.3308 -0.5026 -0.7987
vn 0.1988 -0.8545 -0.4798
vn 0.8017 -0.1008 -0.5892
vn 0.4522 -0.1008 -0.8862
vn 0.9086 0.1796 -0.3770
vn 0.6887 0.6664 -0.2857
vn 0.7987 -0.5026 -0.3308
vn 0.4798 -0.8546 -0.1988
vn 0.9413 -0.0933 0.3243
vn 0.9854 -0.0933 -0.1423
vn 0.8264 0.1691 0.5370
vn 0.6176 0.6764 0.4014
vn 0.7987 -0.5026 0.3308
vn 0.4798 -0.8546 0.1988
vn 0.5001 0.1703 0.8490
vn 0.3748 0.6747 0.6358
vn 0.3308 -0.5026 0.7987
vn 0.1988 -0.8545 0.4798
vn -0.1550 -0.1053 0.9823
vn 0.2968 -0.1053 0.9491
vn -0.3703 0.1710 0.9130
vn -0.2779 0.6755 0.6829
vn -0.3308 -0.5026 0.7987
vn -0.1988 -0.8546 0.4798
vn -0.8165 -0.0000 0.5774
vn -0.5774 -0.0000 0.8165
vn -0.9135 0.1763 0.3667
vn -0.6884 0.6699 0.2779
vn -0.7987 -0.5026 0.3308
vn -0.4798 -0.8546 0.1988
vn -0.9680 -0.1512 0.2005
vn -0.9680 -0.1512 -0.2005
vn -0.9856 -0.0000 0.1691
vn -0.9856 -0.0000 -0.1691
vn -0.5325 0.1664 -0.8299
vn -0.8069 0.0452 -0.5890
vn -0.5170 -0.0000 -0.8560
vn -0.8016 -0.0000 -0.5979
vn 0.8024 0.1144 -0.5857
vn 0.3582 0.7850 -0.5055
vn 0.7917 -0.0000 -0.6109
vn 0.4752 -0.0000 -0.8799
vn 0.6317 0.7656 0.1216
vn 0.9805 0.1271 -0.1496
vn 0.9523 -0.0000 0.3051
vn 0.9926 -0.0000 -0.1214
vn -0.1472 0.0691 0.9867
vn 0.2257 0.2627 0.9381
vn -0.1317 -0.0000 0.9913
vn 0.2751 -0.0000 0.9614
vn -0.8055 0.4897 0.3337
vn -0.9148 0.1399 0.3789
vn -0.9163 -0.1281 0.3795
vn -0.8341 0.4299 0.3455
vn -0.3337 0.4897 0.8055
vn -0.3789 0.1399 0.9148
vn -0.3795 -0.1281 0.9163
vn -0.3455 0.4299 0.8341
vn 0.3339 0.5516 0.7644
vn 0.4510 0.2326 0.8617
vn 0.3795 -0.1281 0.9163
vn 0.3455 0.4299 0.8342
vn 0.7601 0.5513 0.3438
vn 0.8396 0.2426 0.4860
vn 0.9163 -0.1281 0.3795
vn 0.8342 0.4299 0.3455
vn 0.8055 0.4897 -0.3337
vn 0.9148 0.1399 -0.3789
vn 0.9163 -0.1281 -0.3795
vn 0.8342 0.4299 -0.3455
vn 0.2992 0.5419 -0.7854
vn 0.2641 0.2296 -0.9368
vn 0.3795 -0.1281 -0.9163
vn 0.3455 0.4299 -0.8342
vn -0.3133 0.5379 -0.7826
vn -0.3201 0.2075 -0.9244
vn -0.3795 -0.1281 -0.9163
vn -0.3455 0.4299 -0.8341
vn -0.8055 0.4897 -0.3337
vn -0.9148 0.1399 -0.3789
vn -0.9163 -0.1281 -0.3795
vn -0.8341 0.4299 -0.3455
vn -1.0000 -0.0000 -0.0000
vn 0.4893 -0.8721 -0.0000
vn -0.4893 0.8721 -0.0000
vn 1.0000 -0.0000 -0.0000
vn 0.4641 -0.8858 -0.0000
vn 0.1006 -0.1029 -0.9896
vn -0.4641 0.8858 -0.0000
vn 0.1006 -0.1029 0.9896
vn 0.3585 -0.9335 -0.0000
vn -0.9906 -0.1365 -0.0000
vn -0.0000 -0.1365 0.9906
vn -0.0000 -0.1365 -0.9906
vn 0.9906 -0.1365 -0.0000
vn -0.3208 -0.8813 -0.3471
vn -0.8854 -0.3204 -0.3367
vn -0.3153 -0.3105 -0.8968
vn -0.8861 0.3184 -0.3369
vn -0.3066 0.8820 -0.3577
vn -0.3152 0.3152 -0.8952
vn -0.3208 -0.8813 0.3471
vn -0.3153 -0.3105 0.8968
vn -0.8854 -0.3204 0.3367
vn -0.3220 0.8825 0.3428
vn -0.8861 0.3211 0.3343
vn -0.3174 0.3131 0.8951
vn 0.5539 -0.5197 -0.6505
vn 0.9190 -0.3287 -0.2178
vn 0.5834 -0.7826 -0.2174
vn 0.4131 -0.0677 -0.9082
vn 0.4256 0.8381 -0.3414
vn 0.9283 0.1934 -0.3175
vn 0.5834 -0.7826 0.2174
vn 0.9190 -0.3287 0.2178
vn 0.5539 -0.5197 0.6505
vn 0.4007 0.8537 0.3325
vn 0.4013 -0.0973 0.9108
vn 0.9320 0.1833 0.3125
vn -0.2995 -0.9058 -0.2995
vn -0.8326 -0.4604 -0.3081
vn -0.3081 -0.4604 -0.8326
vn -0.9254 0.1623 -0.3424
vn -0.3510 0.8681 -0.3510
vn -0.3424 0.1623 -0.9254
vn 0.2995 -0.9058 -0.2995
vn 0.3081 -0.4604 -0.8326
vn 0.8326 -0.4604 -0.3080
vn 0.3510 0.8681 -0.3510
vn 0.9254 0.1623 -0.3424
vn 0.3424 0.1623 -0.9254
vn -0.2995 -0.9058 0.2995
vn -0.3081 -0.4604 0.8326
vn -0.8326 -0.4604 0.3081
vn -0.3510 0.8681 0.3510
vn -0.9254 0.1623 0.3424
vn -0.3424 0.1623 0.9254
vn 0.2995 -0.9058 0.2995
vn 0.8326 -0.4604 0.3081
vn 0.3081 -0.4604 0.8326
vn 0.3510 0.8681 0.3510
vn 0.3424 0.1623 0.9254
vn 0.9254 0.1623 0.3424
vn 0.0001 -0.9139 -0.4060
vn -0.0000 -0.3606 -0.9327
vn -0.3827 -0.0000 -0.9239
vn -0.0006 0.9129 -0.4082
vn -0.0002 0.3668 -0.9303
vn 0.0001 -0.9139 0.4060
vn -0.0000 -0.3606 0.9327
vn -0.0000 0.9158 0.4016
vn -0.0000 0.3646 0.9311
vn -0.3827 -0.9239 -0.0000
vn -0.9239 -0.3827 -0.0000
vn -0.3759 0.9266 0.0007
vn -0.9250 0.3799 0.0003
vn -0.1998 0.3562 0.9128
vn -0.1888 0.3570 0.9148
vn -0.1982 0.3563 0.9131
vn -0.4569 0.8143 0.3581
vn -0.1888 0.3570 -0.9148
vn -0.1998 0.3562 -0.9128
vn -0.1982 0.3563 -0.9131
vn -0.4569 0.8143 -0.3581
vn 0.4561 -0.8127 -0.3625
vn 0.1862 -0.3521 -0.9173
vn 0.1977 -0.3519 -0.9149
vn 0.1960 -0.3519 -0.9153
vn 0.4561 -0.8127 0.3625
vn 0.1977 -0.3519 0.9149
vn 0.1862 -0.3521 0.9173
vn 0.1960 -0.3519 0.9153
vn -0.1872 0.3572 0.9151
vn -0.4325 0.8254 0.3629
vn -0.1872 0.3572 -0.9151
vn -0.4325 0.8254 -0.3629
vn 0.4315 -0.8235 -0.3682
vn 0.1845 -0.3521 -0.9176
vn 0.4315 -0.8235 0.3682
vn 0.1845 -0.3521 0.9176
vn 0.9346 -0.1400 -0.3269
vn 0.5055 -0.3062 -0.8067
vn 0.6376 -0.7703 -0.0000
vn 0.9477 -0.3191 -0.0000
vn 0.3868 0.9222 0.0004
vn 0.9232 0.3844 0.0002
vn 0.5117 -0.3033 0.8039
vn 0.9334 -0.1405 0.3303
vn 0.3823 -0.8618 0.3332
vn 0.3036 -0.5025 0.8095
vn 0.0004 0.9130 0.4079
vn 0.0204 0.1746 0.9844
vn 0.3036 -0.5025 -0.8095
vn 0.3823 -0.8618 -0.3332
vn 0.0213 0.1920 -0.9812
vn 0.0011 0.9085 -0.4179
vn -0.0000 -0.9325 -0.3612
vn -0.0000 -0.4841 -0.8750
vn -0.9080 -0.1774 -0.3796
vn -0.3796 -0.1774 -0.9080
vn -0.0000 0.9174 -0.3979
vn -0.0000 0.2675 -0.9636
vn 0.9080 -0.1774 -0.3795
vn 0.3796 -0.1774 -0.9080
vn 0.3612 -0.9325 -0.0000
vn 0.8750 -0.4841 -0.0000
vn 0.3979 0.9174 -0.0000
vn 0.9636 0.2675 -0.0000
vn 0.3796 -0.1774 0.9080
vn 0.9080 -0.1774 0.3796
vn -0.0000 -0.9325 0.3612
vn -0.0000 -0.4841 0.8750
vn -0.0000 0.9174 0.3979
vn -0.0000 0.2675 0.9636
vn -0.9080 -0.1774 0.3796
vn -0.3796 -0.1774 0.9080
vn -0.3612 -0.9325 -0.0000
vn -0.8750 -0.4841 -0.0000
vn -0.3979 0.9174 -0.0000
vn -0.9636 0.2674 -0.0000
vn 0.9239 -0.0000 0.3827
vn 0.3827 -0.0000 -0.9239
vn 0.3827 -0.0000 0.9239
vn 0.0001 -0.0000 1.0000
vn 0.0343 -0.9994 -0.0000
vn -0.0000 -0.0001 1.0000
vn -0.0000 1.0000 -0.0001
vn -0.0001 -1.0000 -0.0000
vn -0.0000 -1.0000 -0.0001
vn -0.0000 -0.9998 -0.0208
vn 0.0001 -1.0000 -0.0000
vn -0.0000 -0.9827 -0.1854
vn -0.0000 -0.9981 -0.0624
vn -0.0000 1.0000 0.0001
vn -0.0000 -0.9363 -0.3511
vn -0.0000 -0.9942 -0.1073
vn 0.0392 -0.9992 -0.0089
vn 0.0001 0.0001 -1.0000
vn 0.0001 -0.0000 -1.0000
vn -0.0001 1.0000 -0.0000
vn -0.0000 -0.9995 -0.0312
vn -0.0000 -1.0000 0.0001
vn -0.0000 -0.9996 -0.0268
vn -0.0000 0.9183 0.3959
vn -0.0000 -0.9884 -0.1521
vn -0.0000 -0.9356 0.3530
vn -0.0000 -0.9356 0.3529
vn -0.0000 0.9981 -0.0624
vn -0.0000 -0.9974 0.0727
vn -0.0000 -0.9879 0.1553
vn -0.0000 0.0001 1.0000
vn -0.0000 -0.9997 -0.0236
vn 0.3095 -0.9487 -0.0644
vn 0.3095 -0.9487 0.0644
vn 0.0549 -0.9985 -0.0000
vn 0.3095 0.9487 0.0643
vn 0.3095 0.9487 -0.0643
vn 0.0549 0.9985 -0.0000
vn 0.2643 -0.9487 0.1733
vn 0.1733 -0.9487 0.2644
vn 0.0388 -0.9985 0.0388
vn 0.1733 0.9487 0.2643
vn 0.2643 0.9487 0.1733
vn 0.0388 0.9985 0.0388
vn 0.0644 -0.9487 0.3095
vn -0.0644 -0.9487 0.3095
vn -0.0000 -0.9985 0.0549
vn -0.0643 0.9487 0.3095
vn 0.0643 0.9487 0.3095
vn -0.0000 0.9985 0.0549
vn -0.1733 -0.9487 0.2643
vn -0.2643 -0.9487 0.1733
vn -0.0388 -0.9985 0.0388
vn -0.2643 0.9487 0.1733
vn -0.1733 0.9487 0.2643
vn -0.0388 0.9985 0.0388
vn -0.3095 -0.9487 0.0644
vn -0.3095 -0.9487 -0.0644
vn -0.0549 -0.9985 -0.0000
vn -0.3095 0.9487 -0.0643
vn -0.3095 0.9487 0.0643
vn -0.0549 0.9985 -0.0000
vn -0.2643 -0.9487 -0.1733
vn -0.1733 -0.9487 -0.2643
vn -0.0388 -0.9985 -0.0388
vn -0.1733 0.9487 -0.2643
vn -0.2643 0.9487 -0.1733
vn -0.0388 0.9985 -0.0388
vn -0.0644 -0.9487 -0.3095
vn 0.0644 -0.9487 -0.3095
vn -0.0000 -0.9985 -0.0549
vn 0.0643 0.9487 -0.3095
vn -0.0643 0.9487 -0.3095
vn -0.0000 0.9985 -0.0549
vn 0.1733 -0.9487 -0.2644
vn 0.2643 -0.9487 -0.1733
vn 0.0388 -0.9985 -0.0388
vn 0.2643 0.9487 -0.1733
vn 0.1733 0.9487 -0.2643
vn 0.0388 0.9985 -0.0388
vn 0.3094 -0.9487 0.0643
vn 0.3094 -0.9487 -0.0643
vn 0.1733 -0.9487 0.2643
vn 0.0643 -0.9487 0.3094
vn -0.0643 -0.9487 0.3094
vn -0.0643 0.9487 0.3094
vn 0.0643 0.9487 0.3094
vn -0.3094 -0.9487 0.0643
vn -0.3094 -0.9487 -0.0643
vn -0.3094 0.9487 -0.0643
vn -0.3094 0.9487 0.0643
vn -0.0643 -0.9487 -0.3094
vn 0.0643 -0.9487 -0.3094
vn 0.0643 0.9487 -0.3094
vn -0.0643 0.9487 -0.3094
vn 0.1733 -0.9487 -0.2643
vn -0.1217 0.9872 0.1027
vn -0.0269 0.9993 0.0269
vn -0.1027 0.9872 0.1217
vn -0.1587 0.9872 -0.0134
vn -0.0380 0.9993 -0.0000
vn -0.1587 0.9872 0.0134
vn -0.1587 -0.9872 -0.0134
vn -0.1587 -0.9872 0.0134
vn -0.0380 -0.9993 -0.0000
vn -0.1027 -0.9872 0.1217
vn -0.0269 -0.9993 0.0269
vn -0.1217 -0.9872 0.1027
vn -0.0134 0.9872 0.1587
vn -0.0000 0.9993 0.0380
vn 0.0134 0.9872 0.1587
vn -0.0134 -0.9872 0.1587
vn 0.0134 -0.9872 0.1587
vn -0.0000 -0.9993 0.0380
vn 0.1217 0.9872 0.1027
vn 0.1027 0.9872 0.1217
vn 0.0269 0.9993 0.0269
vn 0.1027 -0.9872 0.1217
vn 0.1217 -0.9872 0.1027
vn 0.0269 -0.9993 0.0269
vn 0.1587 0.9872 0.0134
vn 0.0380 0.9993 -0.0000
vn 0.1587 0.9872 -0.0134
vn 0.1587 -0.9872 0.0134
vn 0.1587 -0.9872 -0.0134
vn 0.0380 -0.9993 -0.0000
vn 0.1217 0.9872 -0.1027
vn 0.0269 0.9993 -0.0269
vn 0.1027 0.9872 -0.1217
vn 0.1217 -0.9872 -0.1027
vn 0.1027 -0.9872 -0.1217
vn 0.0269 -0.9993 -0.0269
vn 0.0134 0.9872 -0.1587
vn -0.0000 0.9993 -0.0380
vn -0.0134 0.9872 -0.1587
vn -0.0134 -0.9872 -0.1587
vn -0.0000 -0.9993 -0.0380
vn 0.0134 -0.9872 -0.1587
vn -0.1027 0.9872 -0.1217
vn -0.0269 0.9993 -0.0269
vn -0.1217 0.9872 -0.1027
vn -0.1027 -0.9872 -0.1217
vn -0.1217 -0.9872 -0.1027
vn -0.0269 -0.9993 -0.0269
vn 0.2051 -0.9750 0.0850
vn 0.0361 -0.9992 0.0149
vn 0.2051 0.9750 0.0850
vn 0.2052 0.9750 0.0850
vn 0.0360 0.9992 0.0149
vn 0.9856 -0.0000 -0.1691
vn 0.9856 -0.0000 0.1691
vn 0.5774 -0.0000 0.8165
vn 0.8165 -0.0000 0.5774
vn 0.0850 -0.9750 0.2051
vn 0.0149 -0.9992 0.0361
vn 0.0850 0.9750 0.2051
vn 0.0149 0.9992 0.0360
vn -0.1691 -0.0000 0.9856
vn 0.1691 -0.0000 0.9856
vn -0.0850 -0.9750 0.2051
vn -0.0149 -0.9992 0.0361
vn -0.0850 0.9750 0.2051
vn -0.0149 0.9992 0.0360
vn -0.2051 -0.9750 0.0850
vn -0.2052 -0.9750 0.0850
vn -0.0361 -0.9992 0.0149
vn -0.2051 0.9750 0.0850
vn -0.0360 0.9992 0.0149
vn -0.2051 -0.9750 -0.0850
vn -0.0361 -0.9992 -0.0149
vn -0.2051 0.9750 -0.0850
vn -0.2052 0.9750 -0.0850
vn -0.0360 0.9992 -0.0149
vn -0.5774 -0.0000 -0.8165
vn -0.8165 -0.0000 -0.5774
vn -0.0850 -0.9750 -0.2051
vn -0.0149 -0.9992 -0.0361
vn -0.0850 0.9750 -0.2051
vn -0.0149 0.9992 -0.0360
vn 0.1691 -0.0000 -0.9856
vn -0.1691 -0.0000 -0.9856
vn 0.0850 -0.9750 -0.2051
vn 0.0149 -0.9992 -0.0361
vn 0.0850 0.9750 -0.2051
vn 0.0850 0.9750 -0.2052
vn 0.0149 0.9992 -0.0360
vn 0.8165 -0.0000 -0.5774
vn 0.5774 -0.0000 -0.8165
vn 0.2051 -0.9750 -0.0850
vn 0.2052 -0.9750 -0.0850
vn 0.0361 -0.9992 -0.0149
vn 0.2051 0.9750 -0.0850
vn 0.0360 0.9992 -0.0149
vn 0.2052 -0.9750 0.0850
vn 0.0850 0.9750 0.2052
vn -0.2052 0.9750 0.0850
vn -0.2052 -0.9750 -0.0850
vn 0.2052 0.9750 -0.0850
vn -0.0149 0.9992 -0.0361
vn -0.0361 0.9992 0.0149
vn -0.0149 0.9992 0.0361
vn -0.0850 0.9750 0.2052
vn 0.5773 -0.0000 0.8165
vn 0.8165 -0.0000 0.5773
vn 0.0149 0.9992 0.0361
vn 0.0361 0.9992 0.0149
vn 0.0361 0.9992 -0.0149
vn 0.0149 0.9992 -0.0361
vn -0.0850 0.9750 -0.2052
vn -0.0361 0.9992 -0.0149
vn 0.5773 -0.0000 -0.8165
vn 0.8165 -0.0000 -0.5773
vn -0.9952 -0.0000 -0.0978
vn -0.9569 -0.0000 -0.2904
vn -0.8820 -0.0000 -0.4713
vn -0.7730 -0.0000 -0.6344
vn -0.6344 -0.0000 -0.7730
vn -0.4714 -0.0000 -0.8819
vn -0.2903 -0.0000 -0.9569
vn -0.0978 -0.0000 -0.9952
vn 0.0978 -0.0000 -0.9952
vn 0.2904 -0.0000 -0.9569
vn 0.4713 -0.0000 -0.8820
vn 0.6343 -0.0000 -0.7731
vn 0.7731 -0.0000 -0.6343
vn 0.8820 -0.0000 -0.4713
vn 0.9569 -0.0000 -0.2904
vn 0.9952 -0.0000 -0.0978
vn 0.9952 -0.0000 0.0978
vn 0.9569 -0.0000 0.2904
vn 0.8820 -0.0000 0.4713
vn 0.7730 -0.0000 0.6344
vn 0.6344 -0.0000 0.7730
vn 0.4713 -0.0000 0.8820
vn 0.2903 -0.0000 0.9569
vn 0.0979 -0.0000 0.9952
vn -0.0979 -0.0000 0.9952
vn -0.2903 -0.0000 0.9569
vn -0.4714 -0.0000 0.8819
vn -0.6344 -0.0000 0.7730
vn -0.7730 -0.0000 0.6344
vn -0.8820 -0.0000 0.4713
vn -0.9569 -0.0000 0.2904
vn -0.9952 -0.0000 0.0978
vt 0.125000 0.977273
vt 0.000000 0.977273
vt 0.750000 0.542003
vt 0.650627 0.542003
vt 0.650627 0.545455
vt 0.750000 0.545455
vt 0.597560 0.542003
vt 0.527440 0.542003
vt 0.527440 0.545455
vt 0.597560 0.545455
vt 0.473466 0.542003
vt 0.375000 0.542003
vt 0.375000 0.545455
vt 0.473466 0.545455
vt 0.281865 0.542003
vt 0.281865 0.545455
vt 0.222560 0.542003
vt 0.152440 0.542003
vt 0.152440 0.545455
vt 0.222560 0.545455
vt 1.000000 0.977273
vt 0.875000 0.977273
vt 0.972560 0.545455
vt 0.902440 0.545455
vt 0.902440 0.590909
vt 0.972560 0.590909
vt 0.842404 0.542003
vt 0.842404 0.545455
vt 0.097560 0.542003
vt 0.027440 0.542003
vt 0.027440 0.545455
vt 0.097560 0.545455
vt 0.396978 0.396978
vt 0.457859 0.250000
vt 0.396978 0.103022
vt 0.250000 0.042142
vt 0.103022 0.103022
vt 0.042142 0.250000
vt 0.103022 0.396978
vt 0.250000 0.457858
vt 0.902440 0.636364
vt 0.972560 0.636364
vt 0.902440 0.681818
vt 0.972560 0.681818
vt 0.902440 0.727273
vt 0.972560 0.727273
vt 0.902440 0.772727
vt 0.972560 0.772727
vt 0.902440 0.818182
vt 0.972560 0.818182
vt 0.902440 0.863636
vt 0.972560 0.863636
vt 0.902439 0.867088
vt 0.972560 0.867088
vt 1.000000 0.922299
vt 0.875000 0.922299
vt 0.875000 0.941337
vt 1.000000 0.941337
vt 0.750000 0.922299
vt 0.750000 0.941337
vt 0.250000 0.977273
vt 0.281865 0.590909
vt 0.375000 0.590909
vt 0.281865 0.636364
vt 0.375000 0.636364
vt 0.281865 0.681818
vt 0.375000 0.681818
vt 0.281865 0.727273
vt 0.375000 0.727273
vt 0.281865 0.772727
vt 0.375000 0.772727
vt 0.281865 0.818182
vt 0.375000 0.818182
vt 0.281865 0.863636
vt 0.375000 0.863636
vt 0.222560 0.863636
vt 0.152440 0.863636
vt 0.152440 0.867088
vt 0.222560 0.867088
vt 0.375000 0.977273
vt 0.152440 0.590909
vt 0.222560 0.590909
vt 0.152440 0.636364
vt 0.222560 0.636364
vt 0.152440 0.681818
vt 0.222560 0.681818
vt 0.152440 0.727273
vt 0.222560 0.727273
vt 0.152440 0.772727
vt 0.222560 0.772727
vt 0.152440 0.818182
vt 0.222560 0.818182
vt 0.250000 0.922299
vt 0.125000 0.922299
vt 0.125000 0.941337
vt 0.250000 0.941337
vt 0.281068 0.871326
vt 0.375000 0.874548
vt 0.500000 0.977273
vt 0.375000 0.922299
vt 0.375000 0.941337
vt 0.473466 0.590909
vt 0.473466 0.636364
vt 0.473466 0.681818
vt 0.473466 0.727273
vt 0.473466 0.772727
vt 0.473466 0.818182
vt 0.473466 0.863636
vt 0.473386 0.867501
vt 0.625000 0.977273
vt 0.500000 0.922299
vt 0.500000 0.941337
vt 0.650627 0.590909
vt 0.750000 0.590909
vt 0.650627 0.636364
vt 0.750000 0.636364
vt 0.650627 0.681818
vt 0.750000 0.681818
vt 0.650627 0.727273
vt 0.750000 0.727273
vt 0.650627 0.772727
vt 0.750000 0.772727
vt 0.650627 0.818182
vt 0.750000 0.818182
vt 0.650627 0.863636
vt 0.750000 0.863636
vt 0.597560 0.863636
vt 0.527440 0.863636
vt 0.527440 0.867088
vt 0.597560 0.867088
vt 0.750000 0.977273
vt 0.527440 0.590909
vt 0.597560 0.590909
vt 0.527440 0.636364
vt 0.597560 0.636364
vt 0.527440 0.681818
vt 0.597560 0.681818
vt 0.527440 0.727273
vt 0.597560 0.727273
vt 0.527440 0.772727
vt 0.597560 0.772727
vt 0.527440 0.818182
vt 0.597560 0.818182
vt 0.625000 0.922299
vt 0.625000 0.941337
vt 0.650742 0.866435
vt 0.750000 0.872692
vt 0.842404 0.590909
vt 0.842404 0.636364
vt 0.842404 0.681818
vt 0.842404 0.727273
vt 0.842404 0.772727
vt 0.842404 0.818182
vt 0.842404 0.863636
vt 0.843317 0.871082
vt 0.750421 0.445306
vt 0.611295 0.387702
vt 0.554008 0.248814
vt 0.614223 0.119708
vt 0.753684 0.051420
vt 0.887499 0.106702
vt 0.939846 0.255113
vt 0.889715 0.386525
vt 0.027440 0.590909
vt 0.097560 0.590909
vt 0.027440 0.636364
vt 0.097560 0.636364
vt 0.027440 0.681818
vt 0.097560 0.681818
vt 0.027440 0.727273
vt 0.097560 0.727273
vt 0.027440 0.772727
vt 0.097560 0.772727
vt 0.027440 0.818182
vt 0.097560 0.818182
vt 0.027440 0.863636
vt 0.097560 0.863636
vt 0.027440 0.867088
vt 0.097560 0.867088
vt 0.000000 0.922299
vt 0.000000 0.941337
vt 0.972560 0.542003
vt 1.000000 0.542003
vt 0.995900 0.500000
vt 0.976579 0.500000
vt 0.781798 0.476829
vt 0.744433 0.487694
vt 0.718202 0.476829
vt 0.023421 0.500000
vt 0.000000 0.517752
vt 0.000000 0.542003
vt 0.935613 0.381303
vt 0.913111 0.422437
vt 0.887378 0.433096
vt 0.902440 0.542003
vt 0.898811 0.500000
vt 0.875000 0.517753
vt 0.875000 0.542003
vt 0.869230 0.500000
vt 0.846714 0.500000
vt 0.887026 0.066758
vt 0.922534 0.087123
vt 0.932348 0.110815
vt 0.647480 0.500000
vt 0.625000 0.517753
vt 0.625000 0.542003
vt 0.619614 0.500000
vt 0.600929 0.500000
vt 0.718258 0.023148
vt 0.757614 0.013154
vt 0.782825 0.023597
vt 0.524178 0.500000
vt 0.500000 0.517753
vt 0.500000 0.542003
vt 0.494577 0.500000
vt 0.476620 0.500000
vt 0.523501 0.282595
vt 0.513433 0.241711
vt 0.525679 0.212148
vt 0.277881 0.500000
vt 0.250000 0.517753
vt 0.250000 0.542003
vt 0.244743 0.500000
vt 0.225992 0.500000
vt 0.606636 0.430617
vt 0.578183 0.414608
vt 0.569383 0.393364
vt 0.144403 0.500000
vt 0.125000 0.517752
vt 0.125000 0.542003
vt 0.121246 0.500000
vt 0.105597 0.500000
vt 0.991770 0.909091
vt 1.000000 0.893164
vt 1.000000 0.867088
vt 0.000000 0.867088
vt 0.000000 0.909091
vt 0.008230 0.909091
vt 1.004637 0.906385
vt 1.000000 0.909091
vt 0.875000 0.868770
vt 0.875000 0.904019
vt 0.883229 0.909091
vt 0.879637 0.906385
vt 0.866227 0.909091
vt 0.625000 0.865649
vt 0.625000 0.903579
vt 0.632797 0.909091
vt 0.629394 0.906527
vt 0.616770 0.909091
vt 0.500000 0.865857
vt 0.500000 0.903608
vt 0.508230 0.909091
vt 0.504637 0.906385
vt 0.492142 0.909091
vt 0.250000 0.868492
vt 0.250000 0.903980
vt 0.258680 0.909091
vt 0.254891 0.906237
vt 0.241770 0.909091
vt 0.125000 0.867088
vt 0.125000 0.903782
vt 0.133230 0.909091
vt 0.129637 0.906385
vt 0.116770 0.909091
vt 0.875789 1.000000
vt 0.999211 1.000000
vt 0.418635 0.420149
vt 0.251071 0.489557
vt 0.875000 0.545455
vt 0.752570 0.500000
vt 0.988555 0.253489
vt 0.750789 1.000000
vt 0.874211 1.000000
vt 0.489557 0.251071
vt 0.420149 0.418635
vt 0.747979 0.500000
vt 0.988864 0.247257
vt 0.625789 1.000000
vt 0.749211 1.000000
vt 0.420149 0.081365
vt 0.489557 0.248929
vt 0.625000 0.545455
vt 0.500789 1.000000
vt 0.624211 1.000000
vt 0.251071 0.010443
vt 0.418635 0.079851
vt 0.500000 0.545455
vt 0.376781 0.500000
vt 0.582712 0.079293
vt 0.375789 1.000000
vt 0.499211 1.000000
vt 0.081365 0.079851
vt 0.248929 0.010443
vt 0.372861 0.500000
vt 0.579092 0.083198
vt 0.250789 1.000000
vt 0.374211 1.000000
vt 0.010443 0.248929
vt 0.079851 0.081365
vt 0.250000 0.545455
vt 0.125789 1.000000
vt 0.249211 1.000000
vt 0.079851 0.418635
vt 0.010443 0.251071
vt 0.125000 0.545455
vt 0.000789 1.000000
vt 0.124211 1.000000
vt 0.248929 0.489557
vt 0.081365 0.420149
vt 0.000000 0.545455
vt 1.000000 0.545455
vt 0.000000 0.590909
vt 1.000000 0.590909
vt 0.000000 0.636364
vt 1.000000 0.636364
vt 0.000000 0.681818
vt 1.000000 0.681818
vt 0.000000 0.727273
vt 1.000000 0.727273
vt 0.000000 0.772727
vt 1.000000 0.772727
vt 0.000000 0.818182
vt 1.000000 0.818182
vt 0.000000 0.863636
vt 1.000000 0.863636
vt 0.875000 0.863636
vt 0.875000 0.818182
vt 0.875000 0.772727
vt 0.875000 0.727273
vt 0.875000 0.681818
vt 0.875000 0.636364
vt 0.875000 0.590909
vt 0.625000 0.863636
vt 0.625000 0.818182
vt 0.625000 0.772727
vt 0.625000 0.727273
vt 0.625000 0.681818
vt 0.625000 0.636364
vt 0.625000 0.590909
vt 0.500000 0.863636
vt 0.500000 0.818182
vt 0.500000 0.772727
vt 0.500000 0.727273
vt 0.500000 0.681818
vt 0.500000 0.636364
vt 0.500000 0.590909
vt 0.250000 0.863636
vt 0.250000 0.818182
vt 0.250000 0.772727
vt 0.250000 0.727273
vt 0.250000 0.681818
vt 0.250000 0.636364
vt 0.250000 0.590909
vt 0.125000 0.863636
vt 0.125000 0.818182
vt 0.125000 0.772727
vt 0.125000 0.727273
vt 0.125000 0.681818
vt 0.125000 0.636364
vt 0.125000 0.590909
vt 0.125000 0.954545
vt 0.003412 0.954545
vt 0.250000 0.954545
vt 0.374548 0.909091
vt 0.375000 0.954545
vt 0.500000 0.954545
vt 0.625000 0.954545
vt 0.750769 0.909091
vt 0.750000 0.954545
vt 0.875000 0.954545
vt 0.996588 0.954545
vt 0.400000 0.775000
vt 0.600000 0.775000
vt 0.600000 0.975000
vt 0.400000 0.975000
vt 0.401928 0.500000
vt 0.598494 0.500000
vt 0.598552 0.725000
vt 0.401854 0.725000
vt 0.402058 0.500000
vt 0.598425 0.500000
vt 0.650000 0.500000
vt 0.850000 0.500000
vt 0.850000 0.725000
vt 0.650000 0.725000
vt 0.401854 0.025000
vt 0.598552 0.025000
vt 0.598494 0.250000
vt 0.401928 0.250000
vt 0.598425 0.250000
vt 0.402058 0.250000
vt 0.402074 0.500000
vt 0.598506 0.500000
vt 0.349939 0.500000
vt 0.150061 0.500000
vt 0.150068 0.500000
vt 0.349932 0.500000
vt 0.598506 0.250000
vt 0.402074 0.250000
vt 0.426543 0.288527
vt 0.573457 0.280476
vt 0.573457 0.469524
vt 0.426543 0.461473
vt 0.150081 0.500000
vt 0.349919 0.500000
vt 0.579791 0.250000
vt 0.418299 0.250000
vt 0.154733 0.529733
vt 0.345267 0.529733
vt 0.345267 0.720267
vt 0.154733 0.720267
vt 0.418299 0.500000
vt 0.579791 0.500000
vt 0.165488 0.500000
vt 0.334512 0.500000
vt 0.396337 0.777984
vt 0.603663 0.772917
vt 0.603663 0.977083
vt 0.396337 0.972016
vt 0.396337 0.527984
vt 0.603663 0.522917
vt 0.603663 0.727083
vt 0.396337 0.722016
vt 0.646539 0.521539
vt 0.853461 0.521539
vt 0.853461 0.728461
vt 0.646539 0.728461
vt 0.396337 0.027984
vt 0.603663 0.022917
vt 0.603663 0.227083
vt 0.396337 0.222016
vt 0.396337 0.277984
vt 0.603663 0.272917
vt 0.603663 0.477083
vt 0.396337 0.472016
vt 0.150058 0.725000
vt 0.150029 0.750000
vt 0.135578 0.750000
vt 0.125000 0.725000
vt 0.400927 1.000000
vt 0.385958 1.000000
vt 0.375000 0.974971
vt 0.375000 0.025000
vt 0.375000 0.010566
vt 0.400927 0.000000
vt 0.625000 0.975000
vt 0.625000 0.989434
vt 0.599276 1.000000
vt 0.875000 0.725000
vt 0.875000 0.739434
vt 0.850000 0.750000
vt 0.599276 0.000000
vt 0.614128 0.000000
vt 0.625000 0.025000
vt 0.349941 0.725000
vt 0.375000 0.725000
vt 0.378653 0.750004
vt 0.349971 0.750000
vt 0.400927 0.750000
vt 0.375000 0.775029
vt 0.650000 0.750000
vt 0.624898 0.746478
vt 0.625000 0.725000
vt 0.599276 0.750000
vt 0.625000 0.775000
vt 0.408461 0.250000
vt 0.381689 0.250000
vt 0.375000 0.250000
vt 0.375000 0.283257
vt 0.375000 0.258087
vt 0.125000 0.500000
vt 0.158257 0.500000
vt 0.625000 0.250000
vt 0.563795 0.250000
vt 0.843157 0.500000
vt 0.858563 0.500000
vt 0.875000 0.500000
vt 0.593768 0.250000
vt 0.625000 0.281843
vt 0.341743 0.500000
vt 0.374534 0.500000
vt 0.375000 0.500000
vt 0.408461 0.500000
vt 0.375000 0.466743
vt 0.625000 0.500000
vt 0.615017 0.494749
vt 0.654593 0.500000
vt 0.567793 0.500000
vt 0.625000 0.470407
vt 0.153682 0.750000
vt 0.135909 0.750000
vt 0.125000 0.721318
vt 0.394635 1.000000
vt 0.381590 1.000000
vt 0.375000 0.971318
vt 0.375000 0.028682
vt 0.375000 0.010909
vt 0.394635 0.000000
vt 0.625000 0.977500
vt 0.625000 0.989612
vt 0.601961 1.000000
vt 0.875000 0.727500
vt 0.875000 0.739612
vt 0.852500 0.750000
vt 0.601961 0.000000
vt 0.613554 0.000000
vt 0.625000 0.022500
vt 0.125000 0.528682
vt 0.125000 0.510909
vt 0.153682 0.500000
vt 0.394635 0.250000
vt 0.381590 0.250000
vt 0.375000 0.221318
vt 0.375000 0.278682
vt 0.375000 0.260909
vt 0.852500 0.500000
vt 0.864612 0.500000
vt 0.875000 0.522500
vt 0.601961 0.250000
vt 0.613554 0.250000
vt 0.625000 0.272500
vt 0.625000 0.227500
vt 0.625000 0.239612
vt 0.375000 0.721318
vt 0.377197 0.750000
vt 0.346318 0.750000
vt 0.394635 0.750000
vt 0.375000 0.778682
vt 0.647500 0.750000
vt 0.624647 0.746537
vt 0.625000 0.727500
vt 0.601961 0.750000
vt 0.625000 0.772500
vt 0.346318 0.500000
vt 0.373560 0.503636
vt 0.375000 0.528682
vt 0.394635 0.500000
vt 0.375000 0.471318
vt 0.625000 0.522500
vt 0.621185 0.500000
vt 0.647500 0.500000
vt 0.601961 0.500000
vt 0.625000 0.477500
vt 0.750000 0.250000
vt 0.750000 0.370000
vt 0.834853 0.334853
vt 0.250000 0.250000
vt 0.334853 0.334853
vt 0.250000 0.370000
vt 0.434592 0.326460
vt 0.402921 0.402921
vt 0.870000 0.250000
vt 0.370000 0.250000
vt 0.434591 0.173540
vt 0.466262 0.250000
vt 0.834853 0.165147
vt 0.334853 0.165147
vt 0.326460 0.065409
vt 0.402921 0.097079
vt 0.750000 0.130000
vt 0.250000 0.130000
vt 0.173540 0.065409
vt 0.250000 0.033738
vt 0.665147 0.165147
vt 0.165147 0.165147
vt 0.065409 0.173540
vt 0.097079 0.097079
vt 0.630000 0.250000
vt 0.130000 0.250000
vt 0.065409 0.326460
vt 0.033738 0.250000
vt 0.665147 0.334853
vt 0.165147 0.334853
vt 0.173540 0.434592
vt 0.097079 0.402921
vt 0.826460 0.434592
vt 0.902921 0.402921
vt 0.326460 0.434591
vt 0.250000 0.466262
vt 0.110076 0.750000
vt 0.110076 0.977156
vt 0.062500 0.977156
vt 0.062500 0.750000
vt 0.982091 0.522844
vt 0.982091 0.750000
vt 0.937500 0.750000
vt 0.937500 0.522844
vt 0.985076 0.750000
vt 0.985076 0.977155
vt 0.937500 0.977156
vt 0.062500 0.522844
vt 0.014924 0.750000
vt 0.014924 0.522844
vt 0.187500 0.522844
vt 0.187500 0.750000
vt 0.139924 0.750000
vt 0.139924 0.522845
vt 0.110076 0.522844
vt 0.565408 0.326460
vt 0.597079 0.402921
vt 0.235076 0.750000
vt 0.235076 0.977155
vt 0.187500 0.977156
vt 0.673540 0.434591
vt 0.139924 0.977156
vt 0.312500 0.522844
vt 0.312500 0.750000
vt 0.264924 0.750000
vt 0.264924 0.522844
vt 0.235076 0.522844
vt 0.565408 0.173540
vt 0.533738 0.250000
vt 0.360076 0.750000
vt 0.360076 0.977156
vt 0.312500 0.977156
vt 0.264924 0.977156
vt 0.437500 0.522844
vt 0.437500 0.750000
vt 0.389924 0.750000
vt 0.389924 0.522845
vt 0.360076 0.522844
vt 0.673540 0.065409
vt 0.597079 0.097079
vt 0.485076 0.750000
vt 0.485076 0.977155
vt 0.437500 0.977156
vt 0.389924 0.977156
vt 0.562500 0.522844
vt 0.562500 0.750000
vt 0.514924 0.750000
vt 0.514924 0.522844
vt 0.485076 0.522844
vt 0.826460 0.065409
vt 0.750000 0.033738
vt 0.610076 0.750000
vt 0.610076 0.977156
vt 0.562500 0.977156
vt 0.514924 0.977156
vt 0.687500 0.522844
vt 0.687500 0.750000
vt 0.639924 0.750000
vt 0.639924 0.522845
vt 0.610076 0.522844
vt 0.934591 0.173540
vt 0.902921 0.097079
vt 0.735076 0.750000
vt 0.735076 0.977155
vt 0.687500 0.977156
vt 0.639924 0.977156
vt 0.812500 0.522844
vt 0.812500 0.750000
vt 0.764924 0.750000
vt 0.764924 0.522844
vt 0.735076 0.522844
vt 0.934591 0.326460
vt 0.966262 0.250000
vt 0.860076 0.750000
vt 0.860076 0.977156
vt 0.812500 0.977156
vt 0.764924 0.977156
vt 0.889924 0.750000
vt 0.889924 0.522845
vt 0.860076 0.522844
vt 0.750000 0.466262
vt 0.014924 0.977156
vt 0.889924 0.977156
vt 0.985076 0.522844
vt 0.426368 0.334853
vt 0.430539 0.324782
vt 0.399564 0.399564
vt 0.930539 0.175218
vt 0.899564 0.100436
vt 0.926368 0.165147
vt 0.334853 0.073632
vt 0.324782 0.069461
vt 0.399564 0.100436
vt 0.185289 0.065289
vt 0.175218 0.069461
vt 0.250000 0.038485
vt 0.538485 0.250000
vt 0.569461 0.324782
vt 0.565289 0.314711
vt 0.065289 0.185289
vt 0.038485 0.250000
vt 0.069461 0.175218
vt 0.814711 0.434711
vt 0.824782 0.430539
vt 0.834853 0.426368
vt 0.250000 0.461515
vt 0.175218 0.430539
vt 0.185289 0.434711
vt 0.675218 0.430539
vt 0.750000 0.461515
vt 0.685289 0.434711
vt 0.165147 0.426368
vt 0.100436 0.399564
vt 0.073632 0.334853
vt 0.069461 0.324782
vt 0.107091 0.750000
vt 0.107091 0.977155
vt 0.892909 0.750000
vt 0.892909 0.522844
vt 0.142909 0.750000
vt 0.142909 0.522845
vt 0.107091 0.522844
vt 0.565289 0.185289
vt 0.569461 0.175218
vt 0.065289 0.314711
vt 0.267909 0.977155
vt 0.267909 0.750000
vt 0.101517 0.786322
vt 0.101517 0.750000
vt 0.062500 0.786322
vt 0.081954 0.786322
vt 0.142909 0.977155
vt 0.600436 0.399564
vt 0.665147 0.426368
vt 0.267909 0.522845
vt 0.232091 0.522844
vt 0.232091 0.750000
vt 0.600436 0.100436
vt 0.573632 0.165147
vt 0.100436 0.100436
vt 0.165147 0.073632
vt 0.357091 0.750000
vt 0.357091 0.977156
vt 0.273483 0.648436
vt 0.273483 0.750000
vt 0.312500 0.648436
vt 0.293046 0.648436
vt 0.573632 0.334853
vt 0.232091 0.977156
vt 0.073632 0.165147
vt 0.357091 0.522845
vt 0.750000 0.038485
vt 0.675218 0.069461
vt 0.685289 0.065289
vt 0.665147 0.073632
vt 0.482091 0.750000
vt 0.482091 0.977155
vt 0.351517 0.786322
vt 0.351517 0.750000
vt 0.312500 0.786322
vt 0.331954 0.786322
vt 0.392909 0.977155
vt 0.392909 0.750000
vt 0.392909 0.522845
vt 0.517909 0.750000
vt 0.517909 0.522844
vt 0.314711 0.065289
vt 0.824782 0.069461
vt 0.834853 0.073632
vt 0.814711 0.065289
vt 0.607091 0.750000
vt 0.607091 0.977156
vt 0.523483 0.648436
vt 0.523483 0.750000
vt 0.562500 0.648436
vt 0.543046 0.648436
vt 0.517909 0.977156
vt 0.482091 0.522844
vt 0.430539 0.175218
vt 0.426368 0.165147
vt 0.607091 0.522844
vt 0.434711 0.185289
vt 0.461515 0.250000
vt 0.434711 0.314711
vt 0.732091 0.750000
vt 0.732091 0.977155
vt 0.601517 0.750000
vt 0.562500 0.786322
vt 0.581954 0.786322
vt 0.601517 0.786322
vt 0.642909 0.977155
vt 0.642909 0.750000
vt 0.642909 0.522844
vt 0.767909 0.750000
vt 0.767909 0.522845
vt 0.732091 0.522844
vt 0.899564 0.399564
vt 0.930539 0.324782
vt 0.926368 0.334853
vt 0.934711 0.314711
vt 0.961515 0.250000
vt 0.857091 0.750000
vt 0.857091 0.977156
vt 0.773483 0.648436
vt 0.773483 0.750000
vt 0.812500 0.648436
vt 0.793046 0.648436
vt 0.767909 0.977156
vt 0.934711 0.185289
vt 0.857091 0.522844
vt 0.017909 0.750000
vt 0.017909 0.522845
vt 0.017909 0.977155
vt 0.982091 0.977156
vt 0.976517 0.786322
vt 0.976517 0.750000
vt 0.937500 0.786322
vt 0.956954 0.786322
vt 0.892909 0.977155
vt 0.324782 0.430539
vt 0.334853 0.426368
vt 0.314711 0.434711
vt 0.726517 0.750000
vt 0.726517 0.648436
vt 0.706954 0.648436
vt 0.687500 0.648436
vt 0.351517 0.648436
vt 0.331954 0.648436
vt 0.226517 0.786322
vt 0.226517 0.750000
vt 0.187500 0.786322
vt 0.206954 0.786322
vt 0.062500 0.648436
vt 0.101517 0.648436
vt 0.081954 0.648436
vt 0.937500 0.648436
vt 0.976517 0.648436
vt 0.956954 0.648436
vt 0.851517 0.750000
vt 0.812500 0.786322
vt 0.831954 0.786322
vt 0.851517 0.786322
vt 0.148483 0.648436
vt 0.148483 0.750000
vt 0.187500 0.648436
vt 0.168046 0.648436
vt 0.148483 0.786322
vt 0.168046 0.786322
vt 0.226517 0.648436
vt 0.206954 0.648436
vt 0.273483 0.786322
vt 0.293046 0.786322
vt 0.398483 0.648436
vt 0.398483 0.750000
vt 0.437500 0.648436
vt 0.418046 0.648436
vt 0.398483 0.786322
vt 0.418046 0.786322
vt 0.437500 0.786322
vt 0.476517 0.750000
vt 0.456954 0.786322
vt 0.476517 0.786322
vt 0.523483 0.786322
vt 0.543046 0.786322
vt 0.476517 0.648436
vt 0.456954 0.648436
vt 0.648483 0.750000
vt 0.648483 0.786322
vt 0.668046 0.786322
vt 0.687500 0.786322
vt 0.648483 0.648436
vt 0.668046 0.648436
vt 0.601517 0.648436
vt 0.581954 0.648436
vt 0.706954 0.786322
vt 0.726517 0.786322
vt 0.773483 0.786322
vt 0.793046 0.786322
vt 0.898483 0.750000
vt 0.898483 0.786322
vt 0.918046 0.786322
vt 0.898483 0.648436
vt 0.918046 0.648436
vt 0.851517 0.648436
vt 0.831954 0.648436
vt 0.023483 0.648436
vt 0.023483 0.750000
vt 0.043046 0.648436
vt 0.023483 0.786322
vt 0.043046 0.786322
vt 0.000000 0.522844
vt 0.000000 0.509655
vt 0.010553 0.500000
vt 0.989447 0.500000
vt 0.997958 0.500000
vt 1.000000 0.522844
vt 0.735673 0.484066
vt 0.747228 0.488852
vt 0.764327 0.484066
vt 1.000000 0.977156
vt 1.000000 0.990345
vt 0.989447 1.000000
vt 0.010553 1.000000
vt 0.002042 1.000000
vt 0.000000 0.977156
vt 0.264327 0.484066
vt 0.252772 0.488852
vt 0.235673 0.484066
vt 0.875000 0.522844
vt 0.875000 0.509655
vt 0.885553 0.500000
vt 0.864447 0.500000
vt 0.872958 0.500000
vt 0.905379 0.425640
vt 0.916933 0.420854
vt 0.925640 0.405379
vt 0.875000 0.977156
vt 0.875000 0.990345
vt 0.864447 1.000000
vt 0.885553 1.000000
vt 0.877042 1.000000
vt 0.425640 0.405379
vt 0.420854 0.416933
vt 0.405379 0.425640
vt 0.750000 0.522844
vt 0.750000 0.509655
vt 0.760553 0.500000
vt 0.739447 0.500000
vt 0.747958 0.500000
vt 0.984066 0.264327
vt 0.988852 0.252772
vt 0.984066 0.235673
vt 0.750000 0.977156
vt 0.750000 0.990345
vt 0.739447 1.000000
vt 0.760553 1.000000
vt 0.752042 1.000000
vt 0.484066 0.235673
vt 0.488852 0.247228
vt 0.484066 0.264327
vt 0.625000 0.522844
vt 0.625000 0.509655
vt 0.635553 0.500000
vt 0.614447 0.500000
vt 0.622958 0.500000
vt 0.925640 0.094621
vt 0.920854 0.083067
vt 0.905379 0.074360
vt 0.625000 0.977156
vt 0.625000 0.990345
vt 0.614447 1.000000
vt 0.635553 1.000000
vt 0.627042 1.000000
vt 0.405379 0.074360
vt 0.416933 0.079146
vt 0.425640 0.094621
vt 0.500000 0.522844
vt 0.500000 0.509655
vt 0.510553 0.500000
vt 0.489447 0.500000
vt 0.497958 0.500000
vt 0.764327 0.015934
vt 0.752772 0.011148
vt 0.735673 0.015934
vt 0.500000 0.977156
vt 0.500000 0.990345
vt 0.489447 1.000000
vt 0.510553 1.000000
vt 0.502042 1.000000
vt 0.235673 0.015934
vt 0.247228 0.011148
vt 0.264327 0.015934
vt 0.375000 0.522844
vt 0.375000 0.509655
vt 0.385553 0.500000
vt 0.364447 0.500000
vt 0.372958 0.500000
vt 0.594621 0.074360
vt 0.583067 0.079146
vt 0.574360 0.094621
vt 0.375000 0.977156
vt 0.375000 0.990345
vt 0.364447 1.000000
vt 0.385553 1.000000
vt 0.377042 1.000000
vt 0.074360 0.094621
vt 0.079146 0.083067
vt 0.094621 0.074360
vt 0.250000 0.522844
vt 0.250000 0.509655
vt 0.260553 0.500000
vt 0.239447 0.500000
vt 0.247958 0.500000
vt 0.515934 0.235673
vt 0.511148 0.247228
vt 0.515934 0.264327
vt 0.250000 0.977156
vt 0.250000 0.990345
vt 0.239447 1.000000
vt 0.260553 1.000000
vt 0.252042 1.000000
vt 0.015934 0.264327
vt 0.011148 0.252772
vt 0.015934 0.235673
vt 0.125000 0.522844
vt 0.125000 0.509655
vt 0.135553 0.500000
vt 0.114447 0.500000
vt 0.122958 0.500000
vt 0.574360 0.405379
vt 0.579146 0.416933
vt 0.594621 0.425640
vt 0.125000 0.977156
vt 0.125000 0.990345
vt 0.114447 1.000000
vt 0.135553 1.000000
vt 0.127042 1.000000
vt 0.094621 0.425640
vt 0.083067 0.420854
vt 0.074360 0.405379
vt 0.987337 0.500000
vt 0.997550 0.500000
vt 0.732808 0.482879
vt 0.746673 0.488622
vt 0.767192 0.482879
vt 0.012663 0.500000
vt 0.987337 1.000000
vt 0.012663 1.000000
vt 0.002450 1.000000
vt 0.267192 0.482879
vt 0.253327 0.488622
vt 0.232808 0.482879
vt 0.887663 0.500000
vt 0.862337 0.500000
vt 0.872550 0.500000
vt 0.902513 0.426827
vt 0.916379 0.421084
vt 0.926827 0.402513
vt 0.426827 0.402513
vt 0.421084 0.416379
vt 0.402513 0.426827
vt 0.862337 1.000000
vt 0.887663 1.000000
vt 0.877450 1.000000
vt 0.762663 0.500000
vt 0.737337 0.500000
vt 0.747550 0.500000
vt 0.982879 0.267192
vt 0.988622 0.253327
vt 0.982879 0.232808
vt 0.737337 1.000000
vt 0.762663 1.000000
vt 0.752450 1.000000
vt 0.482879 0.232808
vt 0.488622 0.246673
vt 0.482879 0.267192
vt 0.637663 0.500000
vt 0.612337 0.500000
vt 0.622550 0.500000
vt 0.926827 0.097487
vt 0.921084 0.083621
vt 0.902513 0.073173
vt 0.402513 0.073173
vt 0.416379 0.078916
vt 0.426827 0.097487
vt 0.612337 1.000000
vt 0.637663 1.000000
vt 0.627450 1.000000
vt 0.512663 0.500000
vt 0.487337 0.500000
vt 0.497550 0.500000
vt 0.767192 0.017121
vt 0.753327 0.011378
vt 0.732808 0.017121
vt 0.232808 0.017121
vt 0.246673 0.011378
vt 0.267192 0.017121
vt 0.487337 1.000000
vt 0.512663 1.000000
vt 0.502450 1.000000
vt 0.387663 0.500000
vt 0.362337 0.500000
vt 0.372550 0.500000
vt 0.597487 0.073173
vt 0.583621 0.078916
vt 0.573173 0.097487
vt 0.362337 1.000000
vt 0.387663 1.000000
vt 0.377450 1.000000
vt 0.073173 0.097487
vt 0.078916 0.083621
vt 0.097487 0.073173
vt 0.517121 0.232808
vt 0.511378 0.246673
vt 0.517121 0.267192
vt 0.262663 0.500000
vt 0.237337 0.500000
vt 0.247550 0.500000
vt 0.237337 1.000000
vt 0.262663 1.000000
vt 0.252450 1.000000
vt 0.017121 0.267192
vt 0.011378 0.253327
vt 0.017121 0.232808
vt 0.137663 0.500000
vt 0.112337 0.500000
vt 0.122550 0.500000
vt 0.573173 0.402513
vt 0.578916 0.416379
vt 0.597487 0.426827
vt 0.112337 1.000000
vt 0.137663 1.000000
vt 0.127450 1.000000
vt 0.097487 0.426827
vt 0.083621 0.421084
vt 0.073173 0.402513
vt 0.118122 0.793255
vt 0.125000 0.793255
vt 0.125000 0.786322
vt 0.117629 0.372300
vt 0.120578 0.379422
vt 0.127700 0.382371
vt 0.125000 0.790325
vt 0.131878 0.793255
vt 0.993122 0.793255
vt 1.000000 0.793255
vt 1.000000 0.786322
vt 0.242879 0.430080
vt 0.250000 0.433030
vt 0.257121 0.430080
vt 0.000000 0.786322
vt 0.000000 0.790325
vt 0.006878 0.793255
vt 1.000000 0.648436
vt 1.000000 0.644433
vt 0.993122 0.641503
vt 0.006878 0.641503
vt 0.000000 0.641503
vt 0.000000 0.648436
vt 0.757121 0.430080
vt 0.750000 0.433030
vt 0.742879 0.430080
vt 0.131878 0.641503
vt 0.125000 0.641503
vt 0.125000 0.648436
vt 0.627700 0.382371
vt 0.620578 0.379422
vt 0.617629 0.372300
vt 0.125000 0.644433
vt 0.118122 0.641503
vt 0.243122 0.793255
vt 0.250000 0.793255
vt 0.250000 0.786322
vt 0.069920 0.242879
vt 0.066970 0.250000
vt 0.069920 0.257121
vt 0.250000 0.790325
vt 0.256878 0.793255
vt 0.250000 0.648436
vt 0.250000 0.644433
vt 0.243122 0.641503
vt 0.256878 0.641503
vt 0.250000 0.641503
vt 0.569920 0.257121
vt 0.566970 0.250000
vt 0.569920 0.242879
vt 0.375000 0.786322
vt 0.375000 0.790325
vt 0.381878 0.793255
vt 0.368122 0.793255
vt 0.375000 0.793255
vt 0.127700 0.117629
vt 0.120578 0.120578
vt 0.117629 0.127700
vt 0.375000 0.648436
vt 0.375000 0.644433
vt 0.368122 0.641503
vt 0.381878 0.641503
vt 0.375000 0.641503
vt 0.617629 0.127700
vt 0.620578 0.120578
vt 0.627700 0.117629
vt 0.493122 0.793255
vt 0.500000 0.793255
vt 0.500000 0.786322
vt 0.257121 0.069920
vt 0.250000 0.066970
vt 0.242879 0.069920
vt 0.500000 0.790325
vt 0.506878 0.793255
vt 0.500000 0.648436
vt 0.500000 0.644433
vt 0.493122 0.641503
vt 0.506878 0.641503
vt 0.500000 0.641503
vt 0.742879 0.069920
vt 0.750000 0.066970
vt 0.757121 0.069920
vt 0.618122 0.793255
vt 0.625000 0.793255
vt 0.625000 0.786322
vt 0.382371 0.127700
vt 0.379422 0.120578
vt 0.372300 0.117629
vt 0.625000 0.790325
vt 0.631878 0.793255
vt 0.625000 0.648436
vt 0.625000 0.644433
vt 0.618122 0.641503
vt 0.631878 0.641503
vt 0.625000 0.641503
vt 0.872300 0.117629
vt 0.879422 0.120578
vt 0.882371 0.127700
vt 0.743122 0.793255
vt 0.750000 0.793255
vt 0.750000 0.786322
vt 0.430080 0.257121
vt 0.433030 0.250000
vt 0.430080 0.242879
vt 0.750000 0.790325
vt 0.756878 0.793255
vt 0.756878 0.641503
vt 0.750000 0.641503
vt 0.750000 0.648436
vt 0.930080 0.242879
vt 0.933030 0.250000
vt 0.930080 0.257121
vt 0.750000 0.644433
vt 0.743122 0.641503
vt 0.868122 0.793255
vt 0.875000 0.793255
vt 0.875000 0.786322
vt 0.372300 0.382371
vt 0.379422 0.379422
vt 0.382371 0.372300
vt 0.875000 0.790325
vt 0.881878 0.793255
vt 0.875000 0.648436
vt 0.875000 0.644433
vt 0.868122 0.641503
vt 0.881878 0.641503
vt 0.875000 0.641503
vt 0.882371 0.372300
vt 0.879422 0.379422
vt 0.872300 0.382371
vt 0.937500 0.500000
vt 0.834853 0.454853
vt 0.937500 1.000000
vt 0.334853 0.454853
vt 0.000000 0.750000
vt 1.000000 0.750000
vt 0.875000 0.750000
vt 0.812500 0.500000
vt 0.954853 0.334853
vt 0.812500 1.000000
vt 0.454853 0.334853
vt 0.750000 0.750000
vt 0.687500 0.500000
vt 0.954853 0.165147
vt 0.687500 1.000000
vt 0.454853 0.165147
vt 0.625000 0.750000
vt 0.562500 0.500000
vt 0.834853 0.045147
vt 0.562500 1.000000
vt 0.334853 0.045147
vt 0.500000 0.750000
vt 0.437500 0.500000
vt 0.665147 0.045147
vt 0.437500 1.000000
vt 0.165147 0.045147
vt 0.375000 0.750000
vt 0.312500 0.500000
vt 0.545147 0.165147
vt 0.312500 1.000000
vt 0.045147 0.165147
vt 0.250000 0.750000
vt 0.187500 0.500000
vt 0.545147 0.334853
vt 0.187500 1.000000
vt 0.045147 0.334853
vt 0.125000 0.750000
vt 0.062500 0.500000
vt 0.665147 0.454853
vt 0.062500 1.000000
vt 0.165147 0.454853
vt 0.081954 0.793255
vt 0.165147 0.397883
vt 0.045895 0.793255
vt 0.062500 0.793255
vt 0.185289 0.406226
vt 0.202482 0.413347
vt 0.085431 0.294569
vt 0.206954 0.793255
vt 0.187500 0.793255
vt 0.204105 0.793255
vt 0.086653 0.297518
vt 0.093774 0.314711
vt 0.170895 0.793255
vt 0.100896 0.331903
vt 0.187500 0.641503
vt 0.170895 0.641503
vt 0.600896 0.331903
vt 0.593774 0.314711
vt 0.331954 0.793255
vt 0.102117 0.165147
vt 0.093774 0.185289
vt 0.086653 0.202482
vt 0.295895 0.793255
vt 0.312500 0.793255
vt 0.331954 0.641503
vt 0.602117 0.165147
vt 0.205431 0.085431
vt 0.456954 0.793255
vt 0.437500 0.793255
vt 0.454105 0.793255
vt 0.202482 0.086653
vt 0.185289 0.093774
vt 0.420895 0.793255
vt 0.168097 0.100896
vt 0.581954 0.793255
vt 0.334853 0.102117
vt 0.165147 0.102117
vt 0.418046 0.793255
vt 0.312500 0.641503
vt 0.295895 0.641503
vt 0.586653 0.202482
vt 0.593774 0.185289
vt 0.581954 0.641503
vt 0.834853 0.102117
vt 0.414569 0.205431
vt 0.706954 0.793255
vt 0.687500 0.793255
vt 0.704105 0.793255
vt 0.413347 0.202482
vt 0.406226 0.185289
vt 0.670895 0.793255
vt 0.399104 0.168097
vt 0.687500 0.641503
vt 0.670895 0.641503
vt 0.899104 0.168097
vt 0.906226 0.185289
vt 0.831954 0.793255
vt 0.397883 0.334853
vt 0.406226 0.314711
vt 0.413347 0.297518
vt 0.795895 0.793255
vt 0.812500 0.793255
vt 0.812500 0.641503
vt 0.795895 0.641503
vt 0.913347 0.297518
vt 0.906226 0.314711
vt 0.831954 0.641503
vt 0.897883 0.334853
vt 0.956954 0.793255
vt 0.294569 0.414569
vt 0.937500 0.793255
vt 0.954105 0.793255
vt 0.297518 0.413347
vt 0.314711 0.406226
vt 0.334853 0.397883
vt 0.918046 0.793255
vt 0.414569 0.294569
vt 0.793046 0.793255
vt 0.794569 0.414569
vt 0.956954 0.641503
vt 0.437500 0.641503
vt 0.420895 0.641503
vt 0.668097 0.100896
vt 0.685289 0.093774
vt 0.456954 0.641503
vt 0.705431 0.085431
vt 0.085431 0.205431
vt 0.293046 0.793255
vt 0.586653 0.297518
vt 0.204105 0.641503
vt 0.314711 0.093774
vt 0.297518 0.086653
vt 0.545895 0.793255
vt 0.562500 0.793255
vt 0.397883 0.165147
vt 0.668046 0.793255
vt 0.562500 0.641503
vt 0.545895 0.641503
vt 0.797518 0.086653
vt 0.814711 0.093774
vt 0.079105 0.793255
vt 0.168097 0.399104
vt 0.043046 0.793255
vt 0.205431 0.414569
vt 0.705431 0.414569
vt 0.043046 0.641503
vt 0.062500 0.641503
vt 0.045895 0.641503
vt 0.702482 0.413347
vt 0.685289 0.406226
vt 0.079105 0.641503
vt 0.668097 0.399104
vt 0.168046 0.641503
vt 0.602117 0.334853
vt 0.206954 0.641503
vt 0.585431 0.294569
vt 0.329105 0.793255
vt 0.100896 0.168097
vt 0.293046 0.641503
vt 0.585431 0.205431
vt 0.814711 0.406226
vt 0.797518 0.413347
vt 0.954105 0.641503
vt 0.937500 0.641503
vt 0.418046 0.641503
vt 0.665147 0.102117
vt 0.454105 0.641503
vt 0.702482 0.086653
vt 0.579105 0.793255
vt 0.331903 0.100896
vt 0.543046 0.641503
vt 0.794569 0.085431
vt 0.579105 0.641503
vt 0.831903 0.100896
vt 0.668046 0.641503
vt 0.897883 0.165147
vt 0.913347 0.202482
vt 0.704105 0.641503
vt 0.706954 0.641503
vt 0.914569 0.205431
vt 0.329105 0.641503
vt 0.600896 0.168097
vt 0.829105 0.793255
vt 0.399104 0.331903
vt 0.793046 0.641503
vt 0.914569 0.294569
vt 0.829105 0.641503
vt 0.899104 0.331903
vt 0.920895 0.793255
vt 0.331903 0.399104
vt 0.918046 0.641503
vt 0.834853 0.397883
vt 0.920895 0.641503
vt 0.831903 0.399104
vt 0.102117 0.334853
vt 0.168046 0.793255
vt 0.081954 0.641503
vt 0.665147 0.397883
vt 0.294569 0.085431
vt 0.543046 0.793255
vt 1.000000 0.500000
vt 0.968750 0.500000
vt 0.968750 1.000000
vt 1.000000 1.000000
vt 0.906250 0.500000
vt 0.906250 1.000000
vt 0.875000 1.000000
vt 0.843750 0.500000
vt 0.843750 1.000000
vt 0.781250 0.500000
vt 0.781250 1.000000
vt 0.750000 0.500000
vt 0.750000 1.000000
vt 0.718750 0.500000
vt 0.718750 1.000000
vt 0.656250 0.500000
vt 0.656250 1.000000
vt 0.625000 1.000000
vt 0.593750 0.500000
vt 0.593750 1.000000
vt 0.531250 0.500000
vt 0.531250 1.000000
vt 0.500000 0.500000
vt 0.500000 1.000000
vt 0.468750 0.500000
vt 0.468750 1.000000
vt 0.406250 0.500000
vt 0.406250 1.000000
vt 0.375000 1.000000
vt 0.343750 0.500000
vt 0.343750 1.000000
vt 0.281250 0.500000
vt 0.281250 1.000000
vt 0.250000 0.500000
vt 0.250000 1.000000
vt 0.218750 0.500000
vt 0.218750 1.000000
vt 0.156250 0.500000
vt 0.156250 1.000000
vt 0.125000 1.000000
vt 0.093750 0.500000
vt 0.093750 1.000000
vt 0.296822 0.485388
vt 0.341844 0.471731
vt 0.383337 0.449553
vt 0.419706 0.419706
vt 0.449553 0.383337
vt 0.471731 0.341844
vt 0.485388 0.296822
vt 0.490000 0.250000
vt 0.485388 0.203178
vt 0.471731 0.158156
vt 0.449553 0.116663
vt 0.419706 0.080294
vt 0.383337 0.050447
vt 0.341844 0.028269
vt 0.296822 0.014612
vt 0.250000 0.010000
vt 0.203178 0.014612
vt 0.158156 0.028269
vt 0.116663 0.050447
vt 0.080294 0.080294
vt 0.050447 0.116663
vt 0.028269 0.158156
vt 0.014612 0.203178
vt 0.010000 0.250000
vt 0.014612 0.296822
vt 0.028269 0.341844
vt 0.050447 0.383337
vt 0.080294 0.419706
vt 0.116663 0.449553
vt 0.158156 0.471731
vt 0.203178 0.485388
vt 0.250000 0.490000
vt 0.031250 0.500000
vt 0.031250 1.000000
vt 0.000000 0.500000
vt 0.000000 1.000000
vt 0.750000 0.490000
vt 0.703178 0.485388
vt 0.658156 0.471731
vt 0.616663 0.449553
vt 0.580294 0.419706
vt 0.550447 0.383337
vt 0.528269 0.341844
vt 0.514612 0.296822
vt 0.510000 0.250000
vt 0.514612 0.203178
vt 0.528269 0.158156
vt 0.550447 0.116663
vt 0.580294 0.080294
vt 0.616663 0.050447
vt 0.658156 0.028269
vt 0.703178 0.014612
vt 0.750000 0.010000
vt 0.796822 0.014612
vt 0.841844 0.028269
vt 0.883337 0.050447
vt 0.919706 0.080294
vt 0.949553 0.116663
vt 0.971731 0.158156
vt 0.985388 0.203178
vt 0.990000 0.250000
vt 0.985388 0.296822
vt 0.971731 0.341844
vt 0.949553 0.383337
vt 0.919706 0.419706
vt 0.883337 0.449553
vt 0.841844 0.471731
vt 0.796822 0.485388
s 0
usemtl Material.003
f 1778/1845/765 1626/1846/766 1531/1846/767 1593/1845/768
s 1
f 1544/1847/769 1550/1848/769 1700/1849/769 1514/1850/769
f 1551/1851/770 1560/1852/770 1734/1853/770 1701/1854/770
f 1561/1855/771 1570/1856/771 1522/1857/771 1735/1858/771
f 1570/1856/772 1576/1859/772 1774/1860/772 1522/1857/772
f 1577/1861/773 1586/1862/773 1808/1863/773 1775/1864/773
s 0
f 1626/1865/774 1630/1866/766 1541/1866/775 1531/1865/768
s 1
f 1596/1867/776 1660/1868/776 1658/1869/776 1599/1870/776
f 1535/1871/777 1544/1847/777 1514/1850/777 1661/1872/777
f 1587/1873/778 1525/1874/778 1595/1875/778 1809/1876/778
f 1540/1877/779 1546/1878/779 1556/1879/779 1566/1880/779 1572/1881/779 1582/1882/779 1592/1883/779 1530/1884/779
f 1599/1870/776 1658/1869/776 1655/1885/776 1602/1886/776
f 1602/1886/776 1655/1885/776 1652/1887/776 1605/1888/776
f 1605/1888/776 1652/1887/776 1649/1889/776 1608/1890/776
f 1608/1890/776 1649/1889/776 1646/1891/776 1611/1892/776
f 1611/1892/776 1646/1891/776 1643/1893/776 1614/1894/776
f 1614/1894/776 1643/1893/776 1640/1895/776 1617/1896/776
f 1617/1896/776 1640/1895/776 1632/1897/776 1619/1898/776
f 1621/1899/780 1633/1900/780 1629/1901/780 1627/1902/780
f 1633/1900/781 1667/1903/781 1663/1904/781 1629/1901/781
s 0
f 1744/1905/782 1778/1845/766 1593/1845/783 1583/1905/766
s 1
f 1522/1857/772 1774/1860/772 1772/1906/772 1521/1907/772
f 1521/1907/772 1772/1906/772 1769/1908/772 1520/1909/772
f 1520/1909/772 1769/1908/772 1766/1910/772 1519/1911/772
f 1519/1911/772 1766/1910/772 1763/1912/772 1518/1913/772
f 1518/1913/772 1763/1912/772 1760/1914/772 1517/1915/772
f 1517/1915/772 1760/1914/772 1757/1916/772 1516/1917/772
f 1516/1917/772 1757/1916/772 1754/1918/772 1515/1919/772
f 1753/1920/773 1788/1921/773 1780/1922/773 1748/1923/773
s 0
f 1738/1924/784 1744/1905/766 1583/1905/784 1573/1924/766
s 1
f 1775/1864/773 1808/1863/773 1806/1925/773 1771/1926/773
f 1771/1926/773 1806/1925/773 1803/1927/773 1768/1928/773
f 1768/1928/773 1803/1927/773 1800/1929/773 1765/1930/773
f 1765/1930/773 1800/1929/773 1797/1931/773 1762/1932/773
f 1762/1932/773 1797/1931/773 1794/1933/773 1759/1934/773
f 1759/1934/773 1794/1933/773 1791/1935/773 1756/1936/773
f 1756/1936/773 1791/1935/773 1788/1921/773 1753/1920/773
f 1747/1937/785 1781/1938/785 1777/1939/785 1743/1940/785
f 1515/1919/786 1754/1918/786 1746/1941/786 1740/1942/786
s 0
f 1704/1943/787 1738/1924/768 1573/1924/787 1567/1943/766
s 1
f 1741/1944/788 1747/1937/788 1743/1940/788 1737/1945/788
f 1735/1858/771 1522/1857/771 1521/1907/771 1731/1946/771
f 1731/1946/771 1521/1907/771 1520/1909/771 1728/1947/771
f 1728/1947/771 1520/1909/771 1519/1911/771 1725/1948/771
f 1725/1948/771 1519/1911/771 1518/1913/771 1722/1949/771
f 1722/1949/771 1518/1913/771 1517/1915/771 1719/1950/771
f 1719/1950/771 1517/1915/771 1516/1917/771 1716/1951/771
f 1716/1951/771 1516/1917/771 1515/1919/771 1713/1952/771
f 1713/1952/789 1515/1919/789 1740/1942/789 1708/1953/789
s 0
f 1670/1954/790 1704/1943/768 1567/1943/791 1557/1954/766
s 1
f 1707/1955/792 1741/1944/792 1737/1945/792 1703/1956/792
f 1514/1850/769 1700/1849/769 1698/1957/769 1513/1958/769
f 1513/1958/769 1698/1957/769 1695/1959/769 1512/1960/769
f 1512/1960/769 1695/1959/769 1692/1961/769 1511/1962/769
f 1511/1962/769 1692/1961/769 1689/1963/769 1510/1964/769
f 1510/1964/769 1689/1963/769 1686/1965/769 1509/1966/769
f 1509/1966/769 1686/1965/769 1683/1967/769 1508/1968/769
f 1508/1968/769 1683/1967/769 1680/1969/769 1507/1970/769
f 1679/1971/770 1714/1972/770 1706/1973/770 1674/1974/770
s 0
f 1664/1975/784 1670/1954/766 1557/1954/784 1547/1975/766
s 1
f 1701/1854/770 1734/1853/770 1732/1976/770 1697/1977/770
f 1697/1977/770 1732/1976/770 1729/1978/770 1694/1979/770
f 1694/1979/770 1729/1978/770 1726/1980/770 1691/1981/770
f 1691/1981/770 1726/1980/770 1723/1982/770 1688/1983/770
f 1688/1983/770 1723/1982/770 1720/1984/770 1685/1985/770
f 1685/1985/770 1720/1984/770 1717/1986/770 1682/1987/770
f 1682/1987/770 1717/1986/770 1714/1972/770 1679/1971/770
f 1673/1988/793 1707/1955/793 1703/1956/793 1669/1989/793
f 1507/1970/794 1680/1969/794 1672/1990/794 1666/1991/794
s 0
f 1630/1866/784 1664/1975/766 1547/1975/784 1541/1866/766
s 1
f 1667/1903/795 1673/1988/795 1669/1989/795 1663/1904/795
f 1661/1872/777 1514/1850/777 1513/1958/777 1657/1992/777
f 1657/1992/777 1513/1958/777 1512/1960/777 1654/1993/777
f 1654/1993/777 1512/1960/777 1511/1962/777 1651/1994/777
f 1651/1994/777 1511/1962/777 1510/1964/777 1648/1995/777
f 1648/1995/777 1510/1964/777 1509/1966/777 1645/1996/777
f 1645/1996/777 1509/1966/777 1508/1968/777 1642/1997/777
f 1642/1997/777 1508/1968/777 1507/1970/777 1639/1998/777
f 1639/1998/796 1507/1970/796 1666/1991/796 1634/1999/796
f 1524/2000/784 1585/2001/784 1575/2002/784 1569/2003/784 1559/2004/784 1549/2005/784 1543/2006/784 1533/2007/784
f 1809/1876/778 1595/1875/778 1598/2008/778 1805/2009/778
f 1805/2009/778 1598/2008/778 1601/2010/778 1802/2011/778
f 1802/2011/778 1601/2010/778 1604/2012/778 1799/2013/778
f 1799/2013/778 1604/2012/778 1607/2014/778 1796/2015/778
f 1796/2015/778 1607/2014/778 1610/2016/778 1793/2017/778
f 1793/2017/778 1610/2016/778 1613/2018/778 1790/2019/778
f 1790/2019/778 1613/2018/778 1616/2020/778 1787/2021/778
f 1787/2021/778 1616/2020/778 1620/2022/778 1782/2023/778
f 1781/1938/797 1621/2024/797 1627/2025/797 1777/1939/797
f 1523/2026/798 1529/2027/798 1527/2028/798 1526/2029/798
f 1524/2000/799 1526/2030/799 1527/2031/799 1528/2032/799
f 1525/1874/800 1528/2033/800 1527/2034/800 1529/2035/800
f 1533/2007/801 1539/2036/801 1537/2037/801 1536/2038/801
f 1534/2039/802 1536/2040/802 1537/2041/802 1538/2042/802
f 1535/1871/803 1538/2042/803 1537/2043/803 1539/2044/803
f 1549/2005/804 1555/2045/804 1553/2046/804 1552/2047/804
f 1550/1848/805 1552/2048/805 1553/2049/805 1554/2050/805
f 1551/1851/806 1554/2050/806 1553/2051/806 1555/2052/806
f 1559/2004/807 1565/2053/807 1563/2054/807 1562/2055/807
f 1560/1852/808 1562/2056/808 1563/2057/808 1564/2058/808
f 1561/1855/809 1564/2058/809 1563/2059/809 1565/2060/809
f 1575/2002/810 1581/2061/810 1579/2062/810 1578/2063/810
f 1576/1859/811 1578/2064/811 1579/2065/811 1580/2066/811
f 1577/1861/812 1580/2066/812 1579/2067/812 1581/2068/812
f 1585/2001/813 1591/2069/813 1589/2070/813 1588/2071/813
f 1586/1862/814 1588/2072/814 1589/2073/814 1590/2074/814
f 1587/1873/815 1590/2074/815 1589/2075/815 1591/2076/815
f 1619/1898/816 1625/2077/816 1623/2078/816 1622/2079/816
f 1620/2022/817 1622/2080/817 1623/2081/817 1624/2082/817
f 1621/1899/818 1624/2083/818 1623/2084/818 1625/2077/818
f 1632/1897/819 1638/2085/819 1636/2086/819 1635/2087/819
f 1633/1900/820 1635/2088/820 1636/2086/820 1637/2089/820
f 1634/1999/821 1637/2089/821 1636/2086/821 1638/2085/821
f 1672/1990/822 1678/2090/822 1676/2091/822 1675/2092/822
f 1673/1988/823 1675/2093/823 1676/2091/823 1677/2094/823
f 1674/1974/824 1677/2094/824 1676/2091/824 1678/2090/824
f 1706/1973/825 1712/2095/825 1710/2096/825 1709/2097/825
f 1707/1955/826 1709/2098/826 1710/2096/826 1711/2099/826
f 1708/1953/827 1711/2099/827 1710/2096/827 1712/2095/827
f 1746/1941/828 1752/2100/828 1750/2101/828 1749/2102/828
f 1747/1937/829 1749/2103/829 1750/2101/829 1751/2104/829
f 1748/1923/830 1751/2104/830 1750/2101/830 1752/2100/830
f 1780/1922/831 1786/2105/831 1784/2106/831 1783/2107/831
f 1781/1938/832 1783/2108/832 1784/2106/832 1785/2109/832
f 1782/2023/833 1785/2109/833 1784/2106/833 1786/2105/833
f 1523/2026/834 1526/2029/834 1536/2040/834 1534/2039/834
f 1526/2030/835 1524/2000/835 1533/2007/835 1536/2038/835
f 1541/1866/836 1542/2110/836 1532/2111/836 1531/1865/836
f 1542/2112/837 1540/1877/837 1530/1884/837 1532/2113/837
f 1661/1872/838 1662/2114/838 1538/2042/838 1535/1871/838
f 1662/2114/839 1660/1868/839 1534/2039/839 1538/2042/839
f 1535/1871/840 1539/2044/840 1545/2115/840 1544/1847/840
f 1539/2036/841 1533/2007/841 1543/2006/841 1545/2116/841
f 1547/1975/842 1548/2117/842 1542/2118/842 1541/1866/842
f 1548/2119/843 1546/1878/843 1540/1877/843 1542/2120/843
f 1544/1847/844 1545/2121/844 1552/2048/844 1550/1848/844
f 1545/2122/845 1543/2006/845 1549/2005/845 1552/2047/845
f 1557/1954/846 1558/2123/846 1548/2124/846 1547/1975/846
f 1558/2125/847 1556/1879/847 1546/1878/847 1548/2126/847
f 1701/1854/848 1702/2127/848 1554/2050/848 1551/1851/848
f 1702/2127/849 1700/1849/849 1550/1848/849 1554/2050/849
f 1551/1851/850 1555/2052/850 1562/2056/850 1560/1852/850
f 1555/2045/851 1549/2005/851 1559/2004/851 1562/2055/851
f 1567/1943/852 1568/2128/852 1558/2129/852 1557/1954/852
f 1568/2130/853 1566/1880/853 1556/1879/853 1558/2131/853
f 1735/1858/854 1736/2132/854 1564/2058/854 1561/1855/854
f 1736/2132/855 1734/1853/855 1560/1852/855 1564/2058/855
f 1561/1855/856 1565/2060/856 1571/2133/856 1570/1856/856
f 1565/2053/857 1559/2004/857 1569/2003/857 1571/2134/857
f 1573/1924/858 1574/2135/858 1568/2136/858 1567/1943/858
f 1574/2137/859 1572/1881/859 1566/1880/859 1568/2138/859
f 1570/1856/860 1571/2139/860 1578/2064/860 1576/1859/860
f 1571/2140/861 1569/2003/861 1575/2002/861 1578/2063/861
f 1583/1905/862 1584/2141/862 1574/2142/862 1573/1924/862
f 1584/2143/863 1582/1882/863 1572/1881/863 1574/2144/863
f 1775/1864/864 1776/2145/864 1580/2066/864 1577/1861/864
f 1776/2145/865 1774/1860/865 1576/1859/865 1580/2066/865
f 1577/1861/866 1581/2068/866 1588/2072/866 1586/1862/866
f 1581/2061/867 1575/2002/867 1585/2001/867 1588/2071/867
f 1593/1845/868 1594/2146/868 1584/2147/868 1583/1905/868
f 1594/2148/869 1592/1883/869 1582/1882/869 1584/2149/869
f 1809/1876/870 1810/2150/870 1590/2074/870 1587/1873/870
f 1810/2150/871 1808/1863/871 1586/1862/871 1590/2074/871
f 1587/1873/872 1591/2076/872 1528/2033/872 1525/1874/872
f 1591/2069/873 1585/2001/873 1524/2000/873 1528/2032/873
f 1531/1846/874 1532/2151/874 1594/2152/874 1593/1845/874
f 1532/2153/875 1530/1884/875 1592/1883/875 1594/2154/875
f 1525/1874/876 1529/2035/876 1597/2155/876 1595/1875/876
f 1529/2027/877 1523/2026/877 1596/1867/877 1597/2156/877
f 1595/1875/878 1597/2155/878 1600/2157/878 1598/2008/878
f 1597/2156/879 1596/1867/879 1599/1870/879 1600/2158/879
f 1598/2008/878 1600/2157/878 1603/2159/878 1601/2010/878
f 1600/2158/879 1599/1870/879 1602/1886/879 1603/2160/879
f 1601/2010/878 1603/2159/878 1606/2161/878 1604/2012/878
f 1603/2160/879 1602/1886/879 1605/1888/879 1606/2162/879
f 1604/2012/878 1606/2161/878 1609/2163/878 1607/2014/878
f 1606/2162/879 1605/1888/879 1608/1890/879 1609/2164/879
f 1607/2014/878 1609/2163/878 1612/2165/878 1610/2016/878
f 1609/2164/879 1608/1890/879 1611/1892/879 1612/2166/879
f 1610/2016/878 1612/2165/878 1615/2167/878 1613/2018/878
f 1612/2166/879 1611/1892/879 1614/1894/879 1615/2168/879
f 1613/2018/878 1615/2167/878 1618/2169/878 1616/2020/878
f 1615/2168/879 1614/1894/879 1617/1896/879 1618/2170/879
f 1616/2020/878 1618/2169/878 1622/2080/878 1620/2022/878
f 1618/2170/879 1617/1896/879 1619/1898/879 1622/2079/879
f 1634/1999/880 1638/2085/880 1641/2171/880 1639/1998/880
f 1638/2085/881 1632/1897/881 1640/1895/881 1641/2171/881
f 1639/1998/882 1641/2171/882 1644/2172/882 1642/1997/882
f 1641/2171/883 1640/1895/883 1643/1893/883 1644/2172/883
f 1642/1997/882 1644/2172/882 1647/2173/882 1645/1996/882
f 1644/2172/883 1643/1893/883 1646/1891/883 1647/2173/883
f 1645/1996/882 1647/2173/882 1650/2174/882 1648/1995/882
f 1647/2173/883 1646/1891/883 1649/1889/883 1650/2174/883
f 1648/1995/882 1650/2174/882 1653/2175/882 1651/1994/882
f 1650/2174/883 1649/1889/883 1652/1887/883 1653/2175/883
f 1651/1994/882 1653/2175/882 1656/2176/882 1654/1993/882
f 1653/2175/883 1652/1887/883 1655/1885/883 1656/2176/883
f 1654/1993/882 1656/2176/882 1659/2177/882 1657/1992/882
f 1656/2176/883 1655/1885/883 1658/1869/883 1659/2177/883
f 1657/1992/882 1659/2177/882 1662/2114/882 1661/1872/882
f 1659/2177/883 1658/1869/883 1660/1868/883 1662/2114/883
f 1674/1974/884 1678/2090/884 1681/2178/884 1679/1971/884
f 1678/2090/885 1672/1990/885 1680/1969/885 1681/2178/885
f 1679/1971/886 1681/2178/886 1684/2179/886 1682/1987/886
f 1681/2178/887 1680/1969/887 1683/1967/887 1684/2179/887
f 1682/1987/886 1684/2179/886 1687/2180/886 1685/1985/886
f 1684/2179/887 1683/1967/887 1686/1965/887 1687/2180/887
f 1685/1985/886 1687/2180/886 1690/2181/886 1688/1983/886
f 1687/2180/887 1686/1965/887 1689/1963/887 1690/2181/887
f 1688/1983/886 1690/2181/886 1693/2182/886 1691/1981/886
f 1690/2181/887 1689/1963/887 1692/1961/887 1693/2182/887
f 1691/1981/886 1693/2182/886 1696/2183/886 1694/1979/886
f 1693/2182/887 1692/1961/887 1695/1959/887 1696/2183/887
f 1694/1979/886 1696/2183/886 1699/2184/886 1697/1977/886
f 1696/2183/887 1695/1959/887 1698/1957/887 1699/2184/887
f 1697/1977/886 1699/2184/886 1702/2127/886 1701/1854/886
f 1699/2184/887 1698/1957/887 1700/1849/887 1702/2127/887
f 1708/1953/888 1712/2095/888 1715/2185/888 1713/1952/888
f 1712/2095/889 1706/1973/889 1714/1972/889 1715/2185/889
f 1713/1952/890 1715/2185/890 1718/2186/890 1716/1951/890
f 1715/2185/891 1714/1972/891 1717/1986/891 1718/2186/891
f 1716/1951/890 1718/2186/890 1721/2187/890 1719/1950/890
f 1718/2186/891 1717/1986/891 1720/1984/891 1721/2187/891
f 1719/1950/890 1721/2187/890 1724/2188/890 1722/1949/890
f 1721/2187/891 1720/1984/891 1723/1982/891 1724/2188/891
f 1722/1949/890 1724/2188/890 1727/2189/890 1725/1948/890
f 1724/2188/891 1723/1982/891 1726/1980/891 1727/2189/891
f 1725/1948/890 1727/2189/890 1730/2190/890 1728/1947/890
f 1727/2189/891 1726/1980/891 1729/1978/891 1730/2190/891
f 1728/1947/890 1730/2190/890 1733/2191/890 1731/1946/890
f 1730/2190/891 1729/1978/891 1732/1976/891 1733/2191/891
f 1731/1946/890 1733/2191/890 1736/2132/890 1735/1858/890
f 1733/2191/891 1732/1976/891 1734/1853/891 1736/2132/891
f 1748/1923/892 1752/2100/892 1755/2192/892 1753/1920/892
f 1752/2100/893 1746/1941/893 1754/1918/893 1755/2192/893
f 1753/1920/894 1755/2192/894 1758/2193/894 1756/1936/894
f 1755/2192/895 1754/1918/895 1757/1916/895 1758/2193/895
f 1756/1936/894 1758/2193/894 1761/2194/894 1759/1934/894
f 1758/2193/895 1757/1916/895 1760/1914/895 1761/2194/895
f 1759/1934/894 1761/2194/894 1764/2195/894 1762/1932/894
f 1761/2194/895 1760/1914/895 1763/1912/895 1764/2195/895
f 1762/1932/894 1764/2195/894 1767/2196/894 1765/1930/894
f 1764/2195/895 1763/1912/895 1766/1910/895 1767/2196/895
f 1765/1930/894 1767/2196/894 1770/2197/894 1768/1928/894
f 1767/2196/895 1766/1910/895 1769/1908/895 1770/2197/895
f 1768/1928/894 1770/2197/894 1773/2198/894 1771/1926/894
f 1770/2197/895 1769/1908/895 1772/1906/895 1773/2198/895
f 1771/1926/894 1773/2198/894 1776/2145/894 1775/1864/894
f 1773/2198/895 1772/1906/895 1774/1860/895 1776/2145/895
f 1782/2023/870 1786/2105/870 1789/2199/870 1787/2021/870
f 1786/2105/871 1780/1922/871 1788/1921/871 1789/2199/871
f 1787/2021/870 1789/2199/870 1792/2200/870 1790/2019/870
f 1789/2199/871 1788/1921/871 1791/1935/871 1792/2200/871
f 1790/2019/870 1792/2200/870 1795/2201/870 1793/2017/870
f 1792/2200/871 1791/1935/871 1794/1933/871 1795/2201/871
f 1793/2017/870 1795/2201/870 1798/2202/870 1796/2015/870
f 1795/2201/871 1794/1933/871 1797/1931/871 1798/2202/871
f 1796/2015/870 1798/2202/870 1801/2203/870 1799/2013/870
f 1798/2202/871 1797/1931/871 1800/1929/871 1801/2203/871
f 1799/2013/870 1801/2203/870 1804/2204/870 1802/2011/870
f 1801/2203/871 1800/1929/871 1803/1927/871 1804/2204/871
f 1802/2011/870 1804/2204/870 1807/2205/870 1805/2009/870
f 1804/2204/871 1803/1927/871 1806/1925/871 1807/2205/871
f 1805/2009/870 1807/2205/870 1810/2150/870 1809/1876/870
f 1807/2205/871 1806/1925/871 1808/1863/871 1810/2150/871
f 1781/1938/896 1785/2109/896 1624/2082/896 1621/2024/896
f 1785/2109/897 1782/2023/897 1620/2022/897 1624/2082/897
f 1778/1845/898 1779/2206/898 1628/2207/898 1626/1846/898
f 1779/2206/899 1777/1939/899 1627/2025/899 1628/2207/899
f 1747/1937/900 1751/2104/900 1783/2107/900 1781/1938/900
f 1751/2104/901 1748/1923/901 1780/1922/901 1783/2107/901
f 1744/1905/902 1745/2208/902 1779/2206/902 1778/1845/902
f 1745/2208/903 1743/1940/903 1777/1939/903 1779/2206/903
f 1741/1944/904 1742/2209/904 1749/2102/904 1747/1937/904
f 1742/2209/905 1740/1942/905 1746/1941/905 1749/2102/905
f 1738/1924/906 1739/2210/906 1745/2208/906 1744/1905/906
f 1739/2210/907 1737/1945/907 1743/1940/907 1745/2208/907
f 1707/1955/908 1711/2099/908 1742/2209/908 1741/1944/908
f 1711/2099/909 1708/1953/909 1740/1942/909 1742/2209/909
f 1704/1943/910 1705/2211/910 1739/2210/910 1738/1924/910
f 1705/2211/911 1703/1956/911 1737/1945/911 1739/2210/911
f 1673/1988/912 1677/2094/912 1709/2097/912 1707/1955/912
f 1677/2094/913 1674/1974/913 1706/1973/913 1709/2097/913
f 1670/1954/914 1671/2212/914 1705/2211/914 1704/1943/914
f 1671/2212/915 1669/1989/915 1703/1956/915 1705/2211/915
f 1667/1903/916 1668/2213/916 1675/2092/916 1673/1988/916
f 1668/2213/917 1666/1991/917 1672/1990/917 1675/2092/917
f 1664/1975/918 1665/2214/918 1671/2212/918 1670/1954/918
f 1665/2214/919 1663/1904/919 1669/1989/919 1671/2212/919
f 1633/1900/920 1637/2089/920 1668/2213/920 1667/1903/920
f 1637/2089/921 1634/1999/921 1666/1991/921 1668/2213/921
f 1630/1866/922 1631/2215/922 1665/2214/922 1664/1975/922
f 1631/2215/923 1629/1901/923 1663/1904/923 1665/2214/923
f 1621/1899/924 1625/2077/924 1635/2087/924 1633/1900/924
f 1625/2077/925 1619/1898/925 1632/1897/925 1635/2087/925
f 1626/1865/926 1628/2216/926 1631/2215/926 1630/1866/926
f 1628/2216/927 1627/1902/927 1629/1901/927 1631/2215/927
f 1523/2026/776 1534/2039/776 1660/1868/776 1596/1867/776
usemtl Material.002
f 1833/2217/928 1839/2218/928 1818/2219/928 1812/2220/928
f 1846/2221/768 1848/2222/768 1840/2223/768 1832/2224/768
f 1848/2222/768 1846/2221/768 1858/2225/768 1860/2226/768
f 1849/2227/784 1828/2228/784 1819/2229/784 1838/2230/784
f 1813/2231/766 1820/2232/766 1829/2233/766 1825/2234/766
f 1825/2234/766 1829/2233/766 1855/2235/766 1851/2236/766
f 1860/2226/768 1858/2225/768 1870/2237/768 1872/2238/768
f 1845/2239/929 1826/2240/929 1852/2241/929 1857/2242/929
f 1851/2236/766 1855/2235/766 1867/2243/766 1863/2244/766
f 1828/2228/930 1849/2227/930 1861/2227/930 1854/2228/930
f 1876/2245/931 1884/2246/931 1898/2247/931 1890/2248/931
f 1857/2242/932 1852/2241/932 1864/2249/932 1869/2250/932
f 1863/2244/933 1867/2243/933 1882/2251/933 1875/2252/933
f 1854/2228/934 1861/2227/934 1873/2227/934 1866/2228/934
f 1917/2253/779 1945/2254/779 1931/2255/779 1903/2256/779
f 1866/2228/784 1873/2227/784 1896/2227/784 1883/2228/784
f 1872/2238/935 1870/2237/935 1891/2257/935 1897/2258/935
f 1869/2250/936 1864/2249/936 1877/2259/936 1889/2260/936
f 1933/2261/937 1939/2262/937 1910/2263/937 1904/2264/937
f 1947/2265/938 1953/2266/938 1940/2267/938 1932/2268/938
f 1952/2269/784 1924/2270/784 1911/2271/784 1938/2272/784
f 1905/2273/939 1912/2274/939 1926/2275/939 1918/2276/939
f 1919/2277/940 1925/2278/940 1954/2279/940 1946/2280/940
f 1811/2281/941 1814/2282/941 1815/2283/941 1817/2284/941
f 1812/2220/942 1816/2285/942 1815/2286/942 1814/2287/942
f 1813/2231/943 1817/2288/943 1815/2289/943 1816/2290/943
f 1818/2219/944 1821/2291/944 1822/2292/944 1824/2293/944
f 1819/2229/945 1823/2294/945 1822/2295/945 1821/2296/945
f 1820/2232/946 1824/2297/946 1822/2298/946 1823/2299/946
f 1831/2300/947 1834/2301/947 1835/2302/947 1837/2303/947
f 1832/2224/948 1836/2304/948 1835/2302/948 1834/2301/948
f 1833/2217/949 1837/2305/949 1835/2302/949 1836/2304/949
f 1838/2230/950 1841/2306/950 1842/2307/950 1844/2308/950
f 1839/2218/951 1843/2309/951 1842/2307/951 1841/2310/951
f 1840/2223/952 1844/2308/952 1842/2307/952 1843/2309/952
f 1875/2252/953 1878/2311/953 1879/2312/953 1881/2313/953
f 1876/2245/954 1880/2314/954 1879/2315/954 1878/2311/954
f 1877/2259/955 1881/2316/955 1879/2316/955 1880/2317/955
f 1882/2251/956 1885/2318/956 1886/2318/956 1888/2319/956
f 1883/2228/957 1887/2320/957 1886/2321/957 1885/2322/957
f 1884/2246/958 1888/2319/958 1886/2323/958 1887/2324/958
f 1889/2260/959 1892/2325/959 1893/2326/959 1895/2327/959
f 1890/2248/960 1894/2328/960 1893/2326/960 1892/2329/960
f 1891/2257/961 1895/2327/961 1893/2326/961 1894/2328/961
f 1896/2227/962 1899/2330/962 1900/2331/962 1902/2332/962
f 1897/2258/963 1901/2333/963 1900/2331/963 1899/2330/963
f 1898/2247/964 1902/2334/964 1900/2331/964 1901/2333/964
f 1903/2256/965 1906/2335/965 1907/2336/965 1909/2337/965
f 1904/2264/966 1908/2338/966 1907/2339/966 1906/2340/966
f 1905/2273/967 1909/2341/967 1907/2342/967 1908/2343/967
f 1910/2263/968 1913/2344/968 1914/2345/968 1916/2346/968
f 1911/2271/969 1915/2347/969 1914/2348/969 1913/2349/969
f 1912/2274/970 1916/2350/970 1914/2351/970 1915/2352/970
f 1917/2253/971 1920/2353/971 1921/2354/971 1923/2355/971
f 1918/2276/972 1922/2356/972 1921/2357/972 1920/2358/972
f 1919/2277/973 1923/2359/973 1921/2360/973 1922/2356/973
f 1924/2270/974 1927/2361/974 1928/2362/974 1930/2363/974
f 1925/2278/975 1929/2364/975 1928/2365/975 1927/2366/975
f 1926/2275/976 1930/2367/976 1928/2368/976 1929/2364/976
f 1931/2255/977 1934/2369/977 1935/2370/977 1937/2371/977
f 1932/2268/978 1936/2372/978 1935/2370/978 1934/2369/978
f 1933/2261/979 1937/2373/979 1935/2370/979 1936/2372/979
f 1938/2272/980 1941/2374/980 1942/2375/980 1944/2376/980
f 1939/2262/981 1943/2377/981 1942/2375/981 1941/2378/981
f 1940/2267/982 1944/2376/982 1942/2375/982 1943/2377/982
f 1945/2254/983 1948/2379/983 1949/2380/983 1951/2381/983
f 1946/2280/984 1950/2382/984 1949/2380/984 1948/2383/984
f 1947/2265/985 1951/2381/985 1949/2380/985 1950/2382/985
f 1952/2269/986 1955/2384/986 1956/2385/986 1958/2386/986
f 1953/2266/987 1957/2387/987 1956/2385/987 1955/2384/987
f 1954/2279/988 1958/2388/988 1956/2385/988 1957/2387/988
f 1826/2240/989 1811/2281/989 1817/2284/989 1827/2316/989
f 1827/2313/990 1817/2288/990 1813/2231/990 1825/2234/990
f 1812/2220/776 1818/2219/776 1824/2293/776 1816/2285/776
f 1816/2290/991 1824/2297/991 1820/2232/991 1813/2231/991
f 1819/2229/992 1828/2228/992 1830/2322/992 1823/2294/992
f 1823/2299/993 1830/2318/993 1829/2233/993 1820/2232/993
f 1831/2300/994 1845/2239/994 1847/2327/994 1834/2301/994
f 1834/2301/995 1847/2327/995 1846/2221/995 1832/2224/995
f 1849/2227/996 1838/2230/996 1844/2308/996 1850/2330/996
f 1850/2330/997 1844/2308/997 1840/2223/997 1848/2222/997
f 1839/2218/778 1833/2217/778 1836/2304/778 1843/2309/778
f 1843/2309/773 1836/2304/773 1832/2224/773 1840/2223/773
f 1811/2281/998 1831/2300/998 1837/2303/998 1814/2282/998
f 1814/2287/999 1837/2305/999 1833/2217/999 1812/2220/999
f 1838/2230/1000 1819/2229/1000 1821/2296/1000 1841/2306/1000
f 1841/2310/1001 1821/2291/1001 1818/2219/1001 1839/2218/1001
f 1848/2222/1002 1860/2226/1003 1862/2330/1004 1850/2330/1002
f 1850/2330/1005 1862/2330/1005 1861/2227/1005 1849/2227/1005
f 1855/2235/1006 1829/2233/1007 1830/2318/1007 1856/2318/1008
f 1856/2322/1009 1830/2322/1009 1828/2228/1009 1854/2228/1009
f 1852/2241/1010 1826/2240/1010 1827/2316/1010 1853/2316/1010
f 1853/2313/1011 1827/2313/1012 1825/2234/1012 1851/2236/1013
f 1845/2239/1014 1857/2242/1014 1859/2327/1014 1847/2327/1014
f 1847/2327/1015 1859/2327/1016 1858/2225/1017 1846/2221/1015
f 1860/2226/1003 1872/2238/1018 1874/2330/1018 1862/2330/1004
f 1862/2330/1019 1874/2330/1019 1873/2227/1019 1861/2227/1019
f 1867/2243/1020 1855/2235/1006 1856/2318/1008 1868/2318/1020
f 1868/2322/1021 1856/2322/1021 1854/2228/1021 1866/2228/1021
f 1864/2249/1022 1852/2241/1022 1853/2316/1022 1865/2316/1022
f 1865/2313/1023 1853/2313/1011 1851/2236/1013 1863/2244/1023
f 1857/2242/1024 1869/2250/1024 1871/2327/1024 1859/2327/1024
f 1859/2327/1016 1871/2327/1025 1870/2237/1025 1858/2225/1017
f 1884/2246/1026 1876/2245/1026 1878/2311/1026 1888/2319/1026
f 1888/2319/1027 1878/2311/1027 1875/2252/1027 1882/2251/1027
f 1889/2260/1028 1877/2259/1028 1880/2317/1028 1892/2325/1028
f 1892/2329/1029 1880/2314/1029 1876/2245/1029 1890/2248/1029
f 1883/2228/1030 1896/2227/1030 1902/2332/1030 1887/2320/1030
f 1887/2324/1031 1902/2334/1031 1898/2247/1031 1884/2246/1031
f 1897/2258/1032 1891/2257/1032 1894/2328/1032 1901/2333/1032
f 1901/2333/1033 1894/2328/1033 1890/2248/1033 1898/2247/1033
f 1869/2250/1034 1889/2260/1034 1895/2327/1034 1871/2327/1034
f 1871/2327/1035 1895/2327/1035 1891/2257/1035 1870/2237/1035
f 1896/2227/1036 1873/2227/1036 1874/2330/1036 1899/2330/1036
f 1899/2330/1037 1874/2330/1037 1872/2238/1037 1897/2258/1037
f 1863/2244/1038 1875/2252/1038 1881/2313/1038 1865/2313/1038
f 1865/2316/1039 1881/2316/1039 1877/2259/1039 1864/2249/1039
f 1882/2251/1040 1867/2243/1040 1868/2318/1040 1885/2318/1040
f 1885/2322/1041 1868/2322/1041 1866/2228/1041 1883/2228/1041
f 1917/2253/1042 1903/2256/1042 1909/2337/1042 1920/2353/1042
f 1920/2358/1043 1909/2341/1043 1905/2273/1043 1918/2276/1043
f 1904/2264/1044 1910/2263/1044 1916/2346/1044 1908/2338/1044
f 1908/2343/1045 1916/2350/1045 1912/2274/1045 1905/2273/1045
f 1911/2271/1046 1924/2270/1046 1930/2363/1046 1915/2347/1046
f 1915/2352/1047 1930/2367/1047 1926/2275/1047 1912/2274/1047
f 1925/2278/1048 1919/2277/1048 1922/2356/1048 1929/2364/1048
f 1929/2364/1049 1922/2356/1049 1918/2276/1049 1926/2275/1049
f 1945/2254/1050 1917/2253/1050 1923/2355/1050 1948/2379/1050
f 1948/2383/1051 1923/2359/1051 1919/2277/1051 1946/2280/1051
f 1924/2270/1052 1952/2269/1052 1958/2386/1052 1927/2361/1052
f 1927/2366/1053 1958/2388/1053 1954/2279/1053 1925/2278/1053
f 1953/2266/1054 1947/2265/1054 1950/2382/1054 1957/2387/1054
f 1957/2387/1055 1950/2382/1055 1946/2280/1055 1954/2279/1055
f 1931/2255/1056 1945/2254/1056 1951/2381/1056 1934/2369/1056
f 1934/2369/1057 1951/2381/1057 1947/2265/1057 1932/2268/1057
f 1952/2269/1058 1938/2272/1058 1944/2376/1058 1955/2384/1058
f 1955/2384/1059 1944/2376/1059 1940/2267/1059 1953/2266/1059
f 1939/2262/1060 1933/2261/1060 1936/2372/1060 1943/2377/1060
f 1943/2377/1061 1936/2372/1061 1932/2268/1061 1940/2267/1061
f 1903/2256/1062 1931/2255/1062 1937/2371/1062 1906/2335/1062
f 1906/2340/1063 1937/2373/1063 1933/2261/1063 1904/2264/1063
f 1938/2272/1064 1911/2271/1064 1913/2349/1064 1941/2374/1064
f 1941/2378/1065 1913/2344/1065 1910/2263/1065 1939/2262/1065
f 1826/2240/779 1845/2239/779 1831/2300/779 1811/2281/779
f 2023/2389/779 2026/2390/779 2025/2391/779
f 2024/2392/784 2028/2393/784 2027/2394/784
f 2028/2393/784 2192/2395/784 2088/2396/784
f 2023/2389/779 2025/2391/779 2029/2397/779
f 2024/2392/784 2030/2398/784 2028/2393/784
f 2030/2398/784 2201/2399/784 2102/2400/784
f 2023/2389/779 2029/2397/779 2031/2401/779
f 2024/2392/784 2032/2402/784 2030/2398/784
f 2032/2402/784 2210/2403/784 2116/2404/784
f 2023/2389/779 2031/2401/779 2033/2405/779
f 2024/2392/784 2034/2406/784 2032/2402/784
f 2034/2406/784 2219/2407/784 2130/2408/784
f 2023/2389/779 2033/2405/779 2035/2409/779
f 2024/2392/784 2036/2410/784 2034/2406/784
f 2036/2410/784 2228/2411/784 2144/2412/784
f 2023/2389/779 2035/2409/779 2037/2413/779
f 2024/2392/784 2038/2414/784 2036/2410/784
f 2038/2414/784 2237/2415/784 2158/2416/784
f 2023/2389/779 2037/2413/779 2039/2417/779
f 2024/2392/784 2040/2418/784 2038/2414/784
f 2040/2418/784 2246/2419/784 2172/2420/784
f 2023/2389/779 2039/2417/779 2026/2390/779
f 2024/2392/784 2027/2394/784 2040/2418/784
f 2025/2391/779 2177/2421/779 2081/2422/779
f 2027/2394/784 2180/2423/784 2074/2424/784
f 2040/2418/784 2172/2420/784 2237/2415/784
f 2025/2391/779 2026/2390/779 2177/2421/779
f 2241/2425/770 2170/2426/770 2247/2427/770 2041/2428/770
f 2249/2429/1066 2368/2430/1066 2063/2431/1066 2361/2432/1066
f 2183/2433/1066 2072/2434/1066 2181/2435/1066 2048/2431/1066
f 2244/2436/770 2041/2428/770 2184/2437/770 2065/2438/770
f 2040/2418/784 2027/2394/784 2246/2419/784
f 2235/2439/1067 2042/2440/1067 2240/2441/1067 2163/2442/1067
f 2164/2443/770 2241/2425/770 2041/2428/770 2244/2436/770
f 2038/2414/784 2158/2416/784 2228/2411/784
f 2039/2417/779 2234/2444/779 2165/2445/779
f 2232/2446/1067 2156/2447/1067 2238/2448/1067 2042/2440/1067
f 2026/2390/779 2039/2417/779 2243/2449/779
f 2042/2440/1067 2238/2448/1067 2171/2450/1067 2240/2441/1067
f 2039/2417/779 2165/2445/779 2243/2449/779
f 2038/2414/784 2040/2418/784 2237/2415/784
f 2226/2451/991 2043/2452/991 2231/2453/991 2149/2454/991
f 2150/2455/1067 2232/2446/1067 2042/2440/1067 2235/2439/1067
f 2036/2410/784 2144/2412/784 2219/2407/784
f 2037/2413/779 2225/2456/779 2151/2457/779
f 2223/2458/991 2142/2459/991 2229/2460/991 2043/2452/991
f 2039/2417/779 2037/2413/779 2234/2444/779
f 2043/2452/991 2229/2460/991 2157/2461/991 2231/2453/991
f 2037/2413/779 2151/2457/779 2234/2444/779
f 2036/2410/784 2038/2414/784 2228/2411/784
f 2217/2462/776 2044/2463/776 2222/2464/776 2135/2465/776
f 2136/2466/991 2223/2458/991 2043/2452/991 2226/2451/991
f 2034/2406/784 2130/2408/784 2210/2403/784
f 2035/2409/779 2216/2467/779 2137/2468/779
f 2214/2469/776 2128/2470/776 2220/2471/776 2044/2463/776
f 2037/2413/779 2035/2409/779 2225/2456/779
f 2044/2463/776 2220/2471/776 2143/2472/776 2222/2464/776
f 2035/2409/779 2137/2468/779 2225/2456/779
f 2034/2406/784 2036/2410/784 2219/2407/784
f 2208/2473/778 2045/2474/778 2213/2475/778 2121/2476/778
f 2122/2477/776 2214/2469/776 2044/2463/776 2217/2462/776
f 2032/2402/784 2116/2404/784 2201/2399/784
f 2033/2405/779 2207/2478/779 2123/2479/779
f 2205/2480/778 2114/2481/778 2211/2482/778 2045/2474/778
f 2035/2409/779 2033/2405/779 2216/2467/779
f 2045/2474/778 2211/2482/778 2129/2483/778 2213/2475/778
f 2033/2405/779 2123/2479/779 2216/2467/779
f 2032/2402/784 2034/2406/784 2210/2403/784
f 2199/2484/773 2046/2485/773 2204/2486/773 2107/2487/773
f 2108/2488/778 2205/2480/778 2045/2474/778 2208/2473/778
f 2030/2398/784 2102/2400/784 2192/2395/784
f 2031/2401/779 2198/2489/779 2109/2490/779
f 2196/2491/773 2100/2492/773 2202/2493/773 2046/2485/773
f 2033/2405/779 2031/2401/779 2207/2478/779
f 2046/2485/773 2202/2493/773 2115/2494/773 2204/2486/773
f 2031/2401/779 2109/2490/779 2207/2478/779
f 2030/2398/784 2032/2402/784 2201/2399/784
f 2190/2495/1068 2047/2496/1068 2195/2497/1068 2093/2498/1068
f 2094/2499/773 2196/2491/773 2046/2485/773 2199/2484/773
f 2028/2393/784 2088/2396/784 2180/2423/784
f 2029/2397/779 2189/2500/779 2095/2501/779
f 2187/2502/1068 2086/2503/1068 2193/2504/1068 2047/2496/1068
f 2031/2401/779 2029/2397/779 2198/2489/779
f 2047/2496/1068 2193/2504/1068 2101/2505/1068 2195/2497/1068
f 2029/2397/779 2095/2501/779 2198/2489/779
f 2028/2393/784 2030/2398/784 2192/2395/784
f 2178/2432/1066 2048/2431/1066 2186/2506/1066 2079/2507/1066
f 2080/2508/1068 2187/2502/1068 2047/2496/1068 2190/2495/1068
f 2026/2390/779 2243/2449/779 2067/2509/779
f 2041/2428/770 2247/2427/770 2073/2510/770 2184/2437/770
f 2027/2394/784 2074/2424/784 2246/2419/784
f 2029/2397/779 2025/2391/779 2189/2500/779
f 2048/2431/1066 2181/2435/1066 2087/2511/1066 2186/2506/1066
f 2025/2391/779 2081/2422/779 2189/2500/779
f 2027/2394/784 2028/2393/784 2180/2423/784
f 2066/2512/1066 2183/2433/1066 2048/2431/1066 2178/2432/1066
f 2671/2513/784 2383/2514/784 2270/2515/784 2664/2515/784
f 2391/2516/779 2293/2517/779 2626/2517/779 2648/2518/779
f 2607/2519/1069 2407/2520/768 2298/2521/1070 2600/2521/1071
s 0
f 2568/2522/784 2419/2523/1072 2312/2524/768 2571/2524/784
s 1
f 2333/2525/779 2440/2526/1073 2523/2527/779 2530/2525/779
f 2546/2528/784 2507/2529/784 2342/2529/784 2430/2530/784
s 0
f 2708/2531/1074 2362/2532/779 2705/2533/779 2710/2532/779
s 1
f 2474/2534/1075 2258/2534/1074 2454/2535/1076 2471/2536/1074
f 2451/2537/784 2250/2538/784 2485/2538/784 2481/2539/784
f 2465/2540/1077 2454/2535/1077 2356/2541/1078 2458/2541/1077
f 2517/2542/784 2458/2541/784 2356/2541/784 2443/2543/784
f 2446/2544/770 2354/2545/770 2455/2427/770 2050/2428/770
f 2361/2432/1066 2063/2431/1066 2373/2546/1066 2263/2547/1066
f 2250/2538/784 2362/2532/784 2708/2531/784 2485/2538/784
s 0
f 2471/2536/784 2454/2535/784 2465/2540/1072 2467/2535/784
s 1
f 2439/2439/1067 2052/2440/1067 2445/2548/1067 2347/2549/1067
f 2348/2550/770 2446/2544/770 2050/2428/770 2452/2436/770
f 2552/2551/779 2427/2552/1073 2333/2525/779 2530/2525/779
f 2504/2553/784 2443/2543/784 2342/2529/784 2507/2529/784
f 2053/2452/991 2431/2460/991 2341/2554/991 2433/2555/991
f 2457/2556/778 2449/2557/778 2049/2428/778 2468/2558/778 2464/2559/778
f 2052/2440/1067 2442/2448/1067 2355/2560/1067 2445/2548/1067
f 2349/2561/784 2451/2537/784 2494/2562/1079 2497/2561/784
s 0
f 2517/2542/784 2443/2543/784 2504/2553/784 2514/2543/784
s 1
f 2428/2451/991 2053/2452/991 2433/2555/991 2334/2563/991
f 2335/2564/1067 2434/2565/1067 2052/2440/1067 2439/2439/1067
f 2562/2566/1080 2321/2566/1081 2427/2552/1081 2558/2567/1081
f 2537/2568/1082 2328/2568/1083 2419/2523/766 2581/2569/1084
f 2425/2570/991 2326/2571/991 2431/2460/991 2053/2452/991
f 2529/2572/1068 2436/2573/1068 2054/2452/1068 2555/2574/1068 2551/2575/1068
f 2440/2526/784 2349/2561/784 2497/2561/784 2520/2576/1072
f 2434/2565/1067 2340/2577/1067 2442/2448/1067 2052/2440/1067
s 0
f 2546/2528/1085 2430/2530/784 2543/2578/784 2548/2530/784
s 1
f 2543/2578/784 2430/2530/784 2328/2568/784 2537/2568/784
f 2320/2579/991 2425/2570/991 2053/2452/991 2428/2451/991
f 2307/2580/1072 2415/2581/784 2590/2582/1072 2594/2580/1072
f 2415/2581/784 2321/2566/784 2562/2566/784 2584/2583/784
f 2410/2584/776 2313/2585/776 2418/2471/776 2055/2463/776
f 2536/2586/1068 2422/2587/1068 2054/2452/1068 2549/2588/1068 2542/2589/1068
f 2055/2463/776 2418/2471/776 2327/2590/776 2424/2591/776
f 2416/2462/776 2055/2463/776 2424/2591/776 2319/2592/776
s 0
f 2581/2569/1079 2419/2523/784 2568/2522/784 2578/2523/784
s 1
f 2404/2473/778 2057/2474/778 2409/2593/778 2305/2594/778
f 2571/2524/1086 2312/2524/1087 2407/2520/779 2610/2595/1076
f 2626/2517/1088 2293/2517/1071 2403/2596/768 2622/2597/768
f 2616/2598/784 2403/2596/1079 2307/2580/1072 2594/2580/1072
f 2398/2599/778 2299/2600/778 2406/2482/778 2057/2474/778
f 2593/2601/770 2413/2602/770 2058/2474/770 2619/2603/770 2615/2604/770
f 2057/2474/778 2406/2482/778 2314/2605/778 2409/2593/778
f 2306/2606/776 2410/2584/776 2055/2463/776 2416/2462/776
s 0
f 2610/2595/1079 2407/2520/784 2607/2519/784 2612/2520/784
s 1
f 2298/2521/784 2394/2607/784 2645/2608/784 2600/2521/784
f 2292/2609/778 2398/2599/778 2057/2474/778 2404/2473/778
f 2632/2610/784 2394/2607/784 2286/2611/784 2635/2611/784
f 2635/2611/784 2286/2611/1089 2383/2514/1089 2674/2612/1089
f 2386/2613/773 2284/2614/773 2395/2493/773 2059/2485/773
f 2400/2615/770 2058/2474/770 2613/2616/770 2606/2617/770 2599/2618/770
f 2059/2485/773 2395/2493/773 2300/2619/773 2397/2620/773
f 2392/2484/773 2059/2485/773 2397/2620/773 2291/2621/773
s 0
f 2394/2607/784 2632/2610/784 2642/2607/784 2645/2608/784
s 1
f 2380/2495/1068 2061/2496/1068 2385/2622/1068 2277/2623/1068
f 2278/2624/773 2386/2613/773 2059/2485/773 2392/2484/773
f 2690/2625/1090 2265/2625/1091 2379/2626/1092 2686/2627/1091
f 2680/2628/779 2379/2626/779 2279/2629/779 2657/2629/779
f 2374/2630/1068 2271/2631/1068 2382/2504/1068 2061/2496/1068
f 2656/2632/991 2389/2633/991 2062/2496/991 2683/2634/991 2679/2635/991
f 2061/2496/1068 2382/2504/1068 2285/2636/1068 2385/2622/1068
f 2279/2629/779 2391/2516/779 2651/2637/779 2657/2629/779
s 0
f 2674/2612/784 2383/2514/784 2671/2513/1072 2676/2514/784
s 1
f 2362/2532/784 2265/2625/1093 2690/2625/784 2705/2533/784
f 2264/2638/1068 2374/2630/1068 2061/2496/1068 2380/2495/1068
f 2452/2436/770 2050/2428/770 2367/2639/770 2251/2640/770
f 2050/2428/770 2455/2427/770 2257/2641/770 2367/2639/770
f 2368/2430/1066 2256/2642/1066 2365/2435/1066 2063/2431/1066
f 2473/2643/776 2371/2644/776 2064/2431/776 2699/2645/776 2695/2646/776
f 2063/2431/1066 2365/2435/1066 2272/2647/1066 2373/2546/1066
f 2664/2515/1094 2270/2515/1095 2364/2648/1095 2701/2649/1095
s 0
f 2701/2649/784 2364/2648/784 2696/2650/1072 2698/2648/784
f 2696/2650/779 2364/2648/779 2258/2534/766 2474/2534/779
s 1
f 2682/2626/1074 2686/2627/779 2379/2626/779 2680/2628/779
f 2060/2485/1067 2388/2651/1067 2658/2652/1067 2650/2653/1067 2654/2654/1067
f 2403/2596/768 2616/2598/1069 2618/2596/1096 2622/2597/768
s 0
f 2590/2582/779 2415/2581/779 2584/2583/1087 2586/2581/779
s 1
f 2555/2574/1068 2054/2452/1068 2422/2587/1068 2560/2655/1068 2557/2656/1068
f 2506/2657/773 2437/2658/773 2051/2440/773 2513/2659/773 2503/2660/773
f 2491/2661/778 2049/2428/778 2449/2557/778 2498/2662/778 2493/2663/778
f 2711/2664/776 2064/2431/776 2371/2644/776 2483/2665/776 2707/2666/776
f 2376/2667/991 2062/2496/991 2677/2668/991 2670/2669/991 2663/2670/991
s 0
f 2451/2537/1097 2481/2539/1097 2490/2537/1097 2494/2562/1097
s 1
f 2496/2671/773 2448/2672/773 2051/2440/773 2525/2673/773 2519/2674/773
f 2513/2659/773 2051/2440/773 2448/2672/773 2459/2675/773 2516/2676/773
f 2440/2526/1073 2520/2576/779 2526/2526/1073 2523/2527/779
f 2525/2673/773 2051/2440/773 2437/2658/773 2528/2677/773 2522/2678/773
f 2549/2588/1068 2054/2452/1068 2436/2573/1068 2508/2679/1068 2545/2680/1068
f 2554/2552/779 2558/2567/779 2427/2552/1073 2552/2551/779
f 2561/2681/1066 2421/2682/1066 2056/2463/1066 2587/2683/1066 2583/2684/1066
f 2056/2463/1066 2421/2682/1066 2535/2685/1066 2580/2686/1066 2577/2687/1066
f 2412/2688/1066 2056/2463/1066 2577/2687/1066 2567/2689/1066 2570/2690/1066
f 2058/2474/770 2413/2602/770 2572/2691/770 2609/2692/770 2613/2616/770
f 2056/2463/1066 2412/2688/1066 2592/2693/1066 2589/2694/1066 2587/2683/1066
f 2060/2485/1067 2401/2695/1067 2601/2696/1067 2644/2697/1067 2641/2698/1067
f 2625/2699/1067 2401/2695/1067 2060/2485/1067 2654/2654/1067 2647/2700/1067
f 2058/2474/770 2400/2615/770 2624/2701/770 2621/2702/770 2619/2603/770
f 2388/2651/1067 2060/2485/1067 2641/2698/1067 2631/2703/1067 2634/2704/1067
s 0
f 2651/2637/1073 2391/2516/779 2648/2518/779 2653/2516/779
s 1
f 2062/2496/991 2389/2633/991 2636/2705/991 2673/2706/991 2677/2668/991
f 2699/2645/776 2064/2431/776 2377/2707/776 2665/2708/776 2702/2709/776
f 2689/2710/776 2377/2707/776 2064/2431/776 2711/2664/776 2704/2711/776
f 2062/2496/991 2376/2667/991 2688/2712/991 2685/2713/991 2683/2634/991
f 2484/2714/778 2370/2715/778 2049/2428/778 2491/2661/778 2480/2716/778
f 2468/2558/778 2049/2428/778 2370/2715/778 2475/2717/778 2470/2718/778
f 2065/2438/1098 2068/2719/1098 2069/2720/1098 2071/2721/1098
f 2066/2512/1099 2070/2722/1099 2069/2723/1099 2068/2724/1099
f 2067/2509/1100 2071/2725/1100 2069/2726/1100 2070/2727/1100
f 2072/2434/1101 2075/2728/1101 2076/2729/1101 2078/2730/1101
f 2073/2510/1102 2077/2731/1102 2076/2732/1102 2075/2733/1102
f 2074/2424/1103 2078/2734/1103 2076/2735/1103 2077/2736/1103
f 2079/2507/1104 2082/2737/1104 2083/2738/1104 2085/2739/1104
f 2080/2508/1105 2084/2740/1105 2083/2741/1105 2082/2737/1105
f 2081/2422/1106 2085/2742/1106 2083/2743/1106 2084/2744/1106
f 2086/2503/1107 2089/2745/1107 2090/2746/1107 2092/2747/1107
f 2087/2511/1108 2091/2748/1108 2090/2749/1108 2089/2745/1108
f 2088/2396/1109 2092/2750/1109 2090/2751/1109 2091/2752/1109
f 2093/2498/1110 2096/2753/1110 2097/2754/1110 2099/2755/1110
f 2094/2499/1111 2098/2756/1111 2097/2757/1111 2096/2753/1111
f 2095/2501/1112 2099/2758/1112 2097/2759/1112 2098/2760/1112
f 2100/2492/1113 2103/2761/1113 2104/2762/1113 2106/2763/1113
f 2101/2505/1114 2105/2764/1114 2104/2765/1114 2103/2761/1114
f 2102/2400/1115 2106/2766/1115 2104/2767/1115 2105/2768/1115
f 2107/2487/1116 2110/2769/1116 2111/2770/1116 2113/2771/1116
f 2108/2488/1117 2112/2772/1117 2111/2773/1117 2110/2769/1117
f 2109/2490/1118 2113/2774/1118 2111/2775/1118 2112/2776/1118
f 2114/2481/1119 2117/2777/1119 2118/2778/1119 2120/2779/1119
f 2115/2494/1120 2119/2780/1120 2118/2781/1120 2117/2777/1120
f 2116/2404/1121 2120/2782/1121 2118/2783/1121 2119/2784/1121
f 2121/2476/1122 2124/2785/1122 2125/2786/1122 2127/2787/1122
f 2122/2477/1123 2126/2788/1123 2125/2789/1123 2124/2785/1123
f 2123/2479/1124 2127/2790/1124 2125/2791/1124 2126/2792/1124
f 2128/2470/1125 2131/2793/1125 2132/2794/1125 2134/2795/1125
f 2129/2483/1126 2133/2796/1126 2132/2797/1126 2131/2793/1126
f 2130/2408/1127 2134/2798/1127 2132/2799/1127 2133/2800/1127
f 2135/2465/1128 2138/2801/1128 2139/2802/1128 2141/2803/1128
f 2136/2466/1129 2140/2804/1129 2139/2805/1129 2138/2801/1129
f 2137/2468/1130 2141/2806/1130 2139/2807/1130 2140/2808/1130
f 2142/2459/1131 2145/2809/1131 2146/2810/1131 2148/2811/1131
f 2143/2472/1132 2147/2812/1132 2146/2813/1132 2145/2809/1132
f 2144/2412/1133 2148/2814/1133 2146/2815/1133 2147/2816/1133
f 2149/2454/1134 2152/2817/1134 2153/2818/1134 2155/2819/1134
f 2150/2455/1135 2154/2820/1135 2153/2821/1135 2152/2817/1135
f 2151/2457/1136 2155/2822/1136 2153/2823/1136 2154/2824/1136
f 2156/2447/1137 2159/2825/1137 2160/2826/1137 2162/2827/1137
f 2157/2461/1138 2161/2828/1138 2160/2829/1138 2159/2825/1138
f 2158/2416/1139 2162/2830/1139 2160/2831/1139 2161/2832/1139
f 2163/2442/1140 2166/2833/1140 2167/2834/1140 2169/2835/1140
f 2164/2443/1141 2168/2836/1141 2167/2837/1141 2166/2833/1141
f 2165/2445/1142 2169/2838/1142 2167/2839/1142 2168/2840/1142
f 2170/2426/1143 2173/2841/1143 2174/2842/1143 2176/2843/1143
f 2171/2450/1144 2175/2844/1144 2174/2845/1144 2173/2841/1144
f 2172/2420/1145 2176/2846/1145 2174/2847/1145 2175/2848/1145
f 2249/2429/1146 2252/2849/1146 2253/2850/1146 2255/2724/1146
f 2250/2538/1100 2254/2851/1100 2253/2852/1100 2252/2853/1100
f 2251/2640/1147 2255/2719/1147 2253/2720/1147 2254/2854/1147
f 2256/2642/1101 2259/2728/1101 2260/2729/1101 2262/2855/1101
f 2257/2641/1102 2261/2856/1102 2260/2857/1102 2259/2733/1102
f 2258/2534/1103 2262/2858/1103 2260/2859/1103 2261/2860/1103
f 2263/2547/1104 2266/2737/1104 2267/2738/1104 2269/2861/1104
f 2264/2638/1148 2268/2862/1148 2267/2863/1148 2266/2737/1148
f 2265/2625/1106 2269/2864/1106 2267/2865/1106 2268/2866/1106
f 2270/2515/1109 2273/2867/1109 2274/2868/1109 2276/2869/1109
f 2271/2631/1107 2275/2745/1107 2274/2746/1107 2273/2870/1107
f 2272/2647/1108 2276/2871/1108 2274/2872/1108 2275/2745/1108
f 2277/2623/1149 2280/2753/1149 2281/2754/1149 2283/2873/1149
f 2278/2624/1150 2282/2874/1150 2281/2875/1150 2280/2753/1150
f 2279/2629/1112 2283/2876/1112 2281/2877/1112 2282/2878/1112
f 2284/2614/1151 2287/2761/1151 2288/2762/1151 2290/2879/1151
f 2285/2636/1152 2289/2880/1152 2288/2881/1152 2287/2761/1152
f 2286/2611/1115 2290/2882/1115 2288/2883/1115 2289/2884/1115
f 2291/2621/1116 2294/2769/1116 2295/2770/1116 2297/2885/1116
f 2292/2609/1117 2296/2886/1117 2295/2887/1117 2294/2769/1117
f 2293/2517/1118 2297/2888/1118 2295/2889/1118 2296/2890/1118
f 2298/2521/1121 2301/2891/1121 2302/2892/1121 2304/2893/1121
f 2299/2600/1119 2303/2777/1119 2302/2778/1119 2301/2894/1119
f 2300/2619/1120 2304/2895/1120 2302/2896/1120 2303/2777/1120
f 2305/2594/1153 2308/2785/1153 2309/2786/1153 2311/2897/1153
f 2306/2606/1154 2310/2898/1154 2309/2899/1154 2308/2785/1154
f 2307/2580/1124 2311/2900/1124 2309/2901/1124 2310/2902/1124
f 2312/2524/1127 2315/2903/1127 2316/2904/1127 2318/2905/1127
f 2313/2585/1155 2317/2793/1155 2316/2794/1155 2315/2906/1155
f 2314/2605/1156 2318/2907/1156 2316/2908/1156 2317/2793/1156
f 2319/2592/1128 2322/2801/1128 2323/2802/1128 2325/2909/1128
f 2320/2579/1129 2324/2910/1129 2323/2911/1129 2322/2801/1129
f 2321/2566/1130 2325/2912/1130 2323/2913/1130 2324/2914/1130
f 2326/2571/1131 2329/2809/1131 2330/2810/1131 2332/2915/1131
f 2327/2590/1132 2331/2916/1132 2330/2917/1132 2329/2809/1132
f 2328/2568/1133 2332/2918/1133 2330/2919/1133 2331/2920/1133
f 2333/2525/1136 2336/2921/1136 2337/2922/1136 2339/2923/1136
f 2334/2563/1157 2338/2817/1157 2337/2818/1157 2336/2924/1157
f 2335/2564/1158 2339/2925/1158 2337/2926/1158 2338/2817/1158
f 2340/2577/1159 2343/2825/1159 2344/2826/1159 2346/2927/1159
f 2341/2554/1160 2345/2928/1160 2344/2929/1160 2343/2825/1160
f 2342/2529/1139 2346/2930/1139 2344/2931/1139 2345/2932/1139
f 2347/2549/1161 2350/2833/1161 2351/2834/1161 2353/2933/1161
f 2348/2550/1141 2352/2934/1141 2351/2935/1141 2350/2833/1141
f 2349/2561/1142 2353/2936/1142 2351/2937/1142 2352/2938/1142
f 2354/2545/1143 2357/2841/1143 2358/2842/1143 2360/2939/1143
f 2355/2560/1144 2359/2940/1144 2358/2941/1144 2357/2841/1144
f 2356/2541/1145 2360/2942/1145 2358/2943/1145 2359/2944/1145
f 2457/2556/1162 2460/2945/1162 2461/2946/1162 2463/2947/1162
f 2458/2541/1163 2462/2948/1163 2461/2949/1163 2460/2950/1163
f 2459/2675/1164 2463/2947/1164 2461/2951/1164 2462/2952/1164
f 2473/2643/1165 2476/2953/1165 2477/2954/1165 2479/2955/1165
f 2474/2534/1166 2478/2956/1166 2477/2957/1166 2476/2958/1166
f 2475/2717/1167 2479/2959/1167 2477/2960/1167 2478/2961/1167
f 2483/2665/1168 2486/2962/1168 2487/2963/1168 2489/2964/1168
f 2484/2714/1169 2488/2965/1169 2487/2966/1169 2486/2967/1169
f 2485/2538/1170 2489/2968/1170 2487/2969/1170 2488/2970/1170
f 2496/2671/1171 2499/2971/1171 2500/2972/1171 2502/2973/1171
f 2497/2561/1172 2501/2974/1172 2500/2975/1172 2499/2976/1172
f 2498/2662/1173 2502/2973/1173 2500/2977/1173 2501/2978/1173
f 2506/2657/1174 2509/2979/1174 2510/2980/1174 2512/2981/1174
f 2507/2529/1175 2511/2982/1175 2510/2983/1175 2509/2984/1175
f 2508/2679/1176 2512/2981/1176 2510/2985/1176 2511/2986/1176
f 2528/2677/1177 2531/2987/1177 2532/2988/1177 2534/2989/1177
f 2529/2572/1178 2533/2990/1178 2532/2991/1178 2531/2987/1178
f 2530/2525/1179 2534/2992/1179 2532/2993/1179 2533/2994/1179
f 2535/2685/1180 2538/2995/1180 2539/2996/1180 2541/2997/1180
f 2536/2586/1181 2540/2998/1181 2539/2999/1181 2538/2995/1181
f 2537/2568/1182 2541/3000/1182 2539/3001/1182 2540/3002/1182
f 2560/2655/1183 2563/3003/1183 2564/3004/1183 2566/3005/1183
f 2561/2681/1184 2565/3006/1184 2564/3007/1184 2563/3003/1184
f 2562/2566/1185 2566/3008/1185 2564/3009/1185 2565/3010/1185
f 2570/2690/1186 2573/3011/1186 2574/3012/1186 2576/3013/1186
f 2571/2524/1187 2575/3014/1187 2574/3015/1187 2573/3016/1187
f 2572/2691/1188 2576/3013/1188 2574/3017/1188 2575/3018/1188
f 2592/2693/1189 2595/3019/1189 2596/3020/1189 2598/3021/1189
f 2593/2601/1190 2597/3022/1190 2596/3023/1190 2595/3019/1190
f 2594/2580/1191 2598/3024/1191 2596/3025/1191 2597/3026/1191
f 2599/2618/1192 2602/3027/1192 2603/3028/1192 2605/3029/1192
f 2600/2521/1193 2604/3030/1193 2603/3031/1193 2602/3032/1193
f 2601/2696/1194 2605/3029/1194 2603/3033/1194 2604/3034/1194
f 2624/2701/1195 2627/3035/1195 2628/3036/1195 2630/3037/1195
f 2625/2699/1196 2629/3038/1196 2628/3039/1196 2627/3035/1196
f 2626/2517/1197 2630/3040/1197 2628/3041/1197 2629/3042/1197
f 2634/2704/1198 2637/3043/1198 2638/3044/1198 2640/3045/1198
f 2635/2611/1199 2639/3046/1199 2638/3047/1199 2637/3048/1199
f 2636/2705/1200 2640/3045/1200 2638/3049/1200 2639/3050/1200
f 2656/2632/1201 2659/3051/1201 2660/3052/1201 2662/3053/1201
f 2657/2629/1202 2661/3054/1202 2660/3055/1202 2659/3056/1202
f 2658/2652/1203 2662/3053/1203 2660/3057/1203 2661/3058/1203
f 2663/2670/1204 2666/3059/1204 2667/3060/1204 2669/3061/1204
f 2664/2515/1205 2668/3062/1205 2667/3063/1205 2666/3064/1205
f 2665/2708/1206 2669/3061/1206 2667/3065/1206 2668/3066/1206
f 2688/2712/1207 2691/3067/1207 2692/3068/1207 2694/3069/1207
f 2689/2710/1208 2693/3070/1208 2692/3071/1208 2691/3067/1208
f 2690/2625/1209 2694/3072/1209 2692/3073/1209 2693/3074/1209
f 2178/2432/1210 2079/2507/1210 2085/2739/1210 2179/3075/1210
f 2179/3076/1211 2085/2742/1211 2081/2422/1211 2177/2421/1211
f 2181/2435/1212 2072/2434/1213 2078/2730/1213 2182/3077/1212
f 2182/3078/1214 2078/2734/1214 2074/2424/1214 2180/2423/1214
f 2184/2437/1215 2073/2510/1215 2075/2733/1215 2185/3079/1215
f 2185/3080/1216 2075/2728/1216 2072/2434/1216 2183/2433/1216
f 2187/2502/1217 2080/2508/1217 2082/2737/1217 2188/3081/1217
f 2188/3081/1218 2082/2737/1218 2079/2507/1218 2186/2506/1218
f 2190/2495/1219 2093/2498/1219 2099/2755/1219 2191/3082/1219
f 2191/3083/1220 2099/2758/1220 2095/2501/1220 2189/2500/1220
f 2193/2504/1221 2086/2503/1221 2092/2747/1221 2194/3084/1221
f 2194/3085/1222 2092/2750/1222 2088/2396/1222 2192/2395/1222
f 2196/2491/1223 2094/2499/1223 2096/2753/1223 2197/3086/1223
f 2197/3086/1224 2096/2753/1224 2093/2498/1224 2195/2497/1224
f 2199/2484/1225 2107/2487/1225 2113/2771/1225 2200/3087/1225
f 2200/3088/1226 2113/2774/1226 2109/2490/1226 2198/2489/1226
f 2202/2493/1227 2100/2492/1227 2106/2763/1227 2203/3089/1227
f 2203/3090/1228 2106/2766/1228 2102/2400/1228 2201/2399/1228
f 2205/2480/870 2108/2488/870 2110/2769/870 2206/3091/870
f 2206/3091/871 2110/2769/871 2107/2487/871 2204/2486/871
f 2208/2473/1229 2121/2476/1230 2127/2787/1230 2209/3092/1229
f 2209/3093/1231 2127/2790/1231 2123/2479/1231 2207/2478/1231
f 2211/2482/1232 2114/2481/1232 2120/2779/1232 2212/3094/1232
f 2212/3095/1233 2120/2782/1233 2116/2404/1233 2210/2403/1233
f 2214/2469/879 2122/2477/879 2124/2785/879 2215/3096/879
f 2215/3096/878 2124/2785/878 2121/2476/878 2213/2475/878
f 2217/2462/1234 2135/2465/1234 2141/2803/1234 2218/3097/1234
f 2218/3098/1235 2141/2806/1235 2137/2468/1235 2216/2467/1235
f 2220/2471/1236 2128/2470/1237 2134/2795/1237 2221/3099/1236
f 2221/3100/1238 2134/2798/1238 2130/2408/1238 2219/2407/1238
f 2223/2458/1239 2136/2466/1239 2138/2801/1239 2224/3101/1239
f 2224/3101/1240 2138/2801/1240 2135/2465/1240 2222/2464/1240
f 2226/2451/1241 2149/2454/1241 2155/2819/1241 2227/3102/1241
f 2227/3103/1242 2155/2822/1242 2151/2457/1242 2225/2456/1242
f 2229/2460/1243 2142/2459/1243 2148/2811/1243 2230/3104/1243
f 2230/3105/1244 2148/2814/1244 2144/2412/1244 2228/2411/1244
f 2232/2446/1245 2150/2455/1245 2152/2817/1245 2233/3106/1245
f 2233/3106/1246 2152/2817/1246 2149/2454/1246 2231/2453/1246
f 2235/2439/1247 2163/2442/1247 2169/2835/1247 2236/3107/1247
f 2236/3108/1248 2169/2838/1248 2165/2445/1248 2234/2444/1248
f 2238/2448/1249 2156/2447/1250 2162/2827/1250 2239/3109/1249
f 2239/3110/1251 2162/2830/1251 2158/2416/1251 2237/2415/1251
f 2241/2425/1252 2164/2443/1252 2166/2833/1252 2242/3111/1252
f 2242/3111/1253 2166/2833/1253 2163/2442/1253 2240/2441/1253
f 2244/2436/1254 2065/2438/1255 2071/2721/1255 2245/3112/1254
f 2245/3113/1256 2071/2725/1256 2067/2509/1256 2243/2449/1256
f 2247/2427/1257 2170/2426/1257 2176/2843/1257 2248/3114/1257
f 2248/3115/1258 2176/2846/1258 2172/2420/1258 2246/2419/1258
f 2066/2512/1259 2178/2432/1210 2179/3075/1210 2070/2722/1259
f 2070/2727/1211 2179/3076/1211 2177/2421/1211 2067/2509/1211
f 2087/2511/1212 2181/2435/1212 2182/3077/1212 2091/2748/1212
f 2091/2752/1214 2182/3078/1214 2180/2423/1214 2088/2396/1214
f 2065/2438/1215 2184/2437/1215 2185/3079/1215 2068/2719/1215
f 2068/2724/1216 2185/3080/1216 2183/2433/1216 2066/2512/1216
f 2086/2503/1217 2187/2502/1217 2188/3081/1217 2089/2745/1217
f 2089/2745/1218 2188/3081/1218 2186/2506/1218 2087/2511/1218
f 2080/2508/1219 2190/2495/1219 2191/3082/1219 2084/2740/1219
f 2084/2744/1220 2191/3083/1220 2189/2500/1220 2081/2422/1220
f 2101/2505/1260 2193/2504/1221 2194/3084/1221 2105/2764/1260
f 2105/2768/1222 2194/3085/1222 2192/2395/1222 2102/2400/1222
f 2100/2492/1223 2196/2491/1223 2197/3086/1223 2103/2761/1223
f 2103/2761/1224 2197/3086/1224 2195/2497/1224 2101/2505/1224
f 2094/2499/1225 2199/2484/1225 2200/3087/1225 2098/2756/1225
f 2098/2760/1226 2200/3088/1226 2198/2489/1226 2095/2501/1226
f 2115/2494/1227 2202/2493/1227 2203/3089/1227 2119/2780/1227
f 2119/2784/1228 2203/3090/1228 2201/2399/1228 2116/2404/1228
f 2114/2481/870 2205/2480/870 2206/3091/870 2117/2777/870
f 2117/2777/871 2206/3091/871 2204/2486/871 2115/2494/871
f 2108/2488/1229 2208/2473/1229 2209/3092/1229 2112/2772/1229
f 2112/2776/1231 2209/3093/1231 2207/2478/1231 2109/2490/1231
f 2129/2483/1261 2211/2482/1232 2212/3094/1232 2133/2796/1261
f 2133/2800/1233 2212/3095/1233 2210/2403/1233 2130/2408/1233
f 2128/2470/879 2214/2469/879 2215/3096/879 2131/2793/879
f 2131/2793/878 2215/3096/878 2213/2475/878 2129/2483/878
f 2122/2477/1262 2217/2462/1234 2218/3097/1234 2126/2788/1262
f 2126/2792/1235 2218/3098/1235 2216/2467/1235 2123/2479/1235
f 2143/2472/1236 2220/2471/1236 2221/3099/1236 2147/2812/1236
f 2147/2816/1238 2221/3100/1238 2219/2407/1238 2144/2412/1238
f 2142/2459/1239 2223/2458/1239 2224/3101/1239 2145/2809/1239
f 2145/2809/1240 2224/3101/1240 2222/2464/1240 2143/2472/1240
f 2136/2466/1241 2226/2451/1241 2227/3102/1241 2140/2804/1241
f 2140/2808/1242 2227/3103/1242 2225/2456/1242 2137/2468/1242
f 2157/2461/1243 2229/2460/1243 2230/3104/1243 2161/2828/1243
f 2161/2832/1244 2230/3105/1244 2228/2411/1244 2158/2416/1244
f 2156/2447/1245 2232/2446/1245 2233/3106/1245 2159/2825/1245
f 2159/2825/1246 2233/3106/1246 2231/2453/1246 2157/2461/1246
f 2150/2455/1247 2235/2439/1247 2236/3107/1247 2154/2820/1247
f 2154/2824/1248 2236/3108/1248 2234/2444/1248 2151/2457/1248
f 2171/2450/1249 2238/2448/1249 2239/3109/1249 2175/2844/1249
f 2175/2848/1251 2239/3110/1251 2237/2415/1251 2172/2420/1251
f 2170/2426/1252 2241/2425/1252 2242/3111/1252 2173/2841/1252
f 2173/2841/1253 2242/3111/1253 2240/2441/1253 2171/2450/1253
f 2164/2443/1254 2244/2436/1254 2245/3112/1254 2168/2836/1254
f 2168/2840/1256 2245/3113/1256 2243/2449/1256 2165/2445/1256
f 2073/2510/1263 2247/2427/1257 2248/3114/1257 2077/2731/1263
f 2077/2736/1258 2248/3115/1258 2246/2419/1258 2074/2424/1258
f 2389/2633/1246 2656/2632/1246 2662/3053/1246 2390/3086/1246
f 2390/3086/1245 2662/3053/1245 2658/2652/1245 2388/2651/1245
f 2335/2564/1247 2439/2439/1247 2441/3107/1247 2339/2925/1247
f 2339/2923/1248 2441/3108/1248 2440/2526/1248 2333/2525/1248
f 2251/2640/1215 2367/2639/1215 2369/3079/1215 2255/2719/1215
f 2255/2724/1216 2369/3080/1216 2368/2430/1216 2249/2429/1216
f 2263/2547/1218 2373/2546/1218 2375/3081/1218 2266/2737/1218
f 2266/2737/1217 2375/3081/1217 2374/2630/1217 2264/2638/1217
f 2279/2629/1220 2379/2626/1220 2381/3083/1220 2283/2876/1220
f 2283/2873/1219 2381/3082/1219 2380/2495/1219 2277/2623/1219
f 2277/2623/1224 2385/2622/1224 2387/3086/1224 2280/2753/1224
f 2280/2753/1223 2387/3086/1223 2386/2613/1223 2278/2624/1223
f 2293/2517/1226 2391/2516/1226 2393/3088/1226 2297/2888/1226
f 2297/2885/1225 2393/3087/1225 2392/2484/1225 2291/2621/1225
f 2291/2621/871 2397/2620/871 2399/3091/871 2294/2769/871
f 2294/2769/870 2399/3091/870 2398/2599/870 2292/2609/870
f 2328/2568/1264 2430/2530/1264 2432/3105/1264 2332/2918/1264
f 2332/2915/1243 2432/3104/1243 2431/2460/1243 2326/2571/1243
f 2307/2580/1231 2403/2596/1231 2405/3093/1231 2311/2900/1231
f 2311/2897/1229 2405/3092/1229 2404/2473/1229 2305/2594/1229
f 2321/2566/1235 2415/2581/1235 2417/3098/1235 2325/2912/1235
f 2325/2909/1234 2417/3097/1234 2416/2462/1234 2319/2592/1234
f 2319/2592/1240 2424/2591/1240 2426/3101/1240 2322/2801/1240
f 2322/2801/1239 2426/3101/1239 2425/2570/1239 2320/2579/1239
f 2333/2525/1242 2427/2552/1242 2429/3103/1242 2336/2921/1242
f 2336/2924/1241 2429/3102/1241 2428/2451/1241 2334/2563/1241
f 2334/2563/1246 2433/2555/1246 2435/3106/1246 2338/2817/1246
f 2338/2817/1245 2435/3106/1245 2434/2565/1245 2335/2564/1245
f 2349/2561/1248 2440/2526/1248 2441/3108/1248 2353/2936/1248
f 2353/2933/1247 2441/3107/1247 2439/2439/1247 2347/2549/1247
f 2347/2549/1253 2445/2548/1253 2447/3111/1253 2350/2833/1253
f 2350/2833/1252 2447/3111/1252 2446/2544/1252 2348/2550/1252
f 2250/2538/1256 2451/2537/1256 2453/3113/1256 2254/2851/1256
f 2254/2854/1254 2453/3112/1254 2452/2436/1254 2251/2640/1254
f 2340/2577/1245 2434/2565/1245 2435/3106/1245 2343/2825/1245
f 2343/2825/1246 2435/3106/1246 2433/2555/1246 2341/2554/1246
f 2457/2556/1261 2464/2559/1261 2466/3116/1261 2460/2945/1261
f 2460/2950/1265 2466/3117/1265 2465/2540/1265 2458/2541/1265
f 2468/2558/1261 2470/2718/1261 2472/3118/1261 2469/3119/1261
f 2469/3120/1265 2472/3121/1265 2471/2536/1265 2467/2535/1265
f 2504/2553/1266 2507/2529/1266 2509/2984/1266 2505/3122/1266
f 2505/3123/1227 2509/2979/1227 2506/2657/1227 2503/2660/1227
f 2503/2660/1227 2513/2659/1227 2515/3124/1227 2505/3125/1227
f 2505/3126/1266 2515/3127/1266 2514/2543/1266 2504/2553/1266
f 2513/2659/1227 2516/2676/1267 2518/3128/1267 2515/3124/1227
f 2515/3127/1266 2518/3129/1266 2517/2542/1266 2514/2543/1266
f 2519/2674/1225 2525/2673/1225 2527/3130/1225 2521/3131/1225
f 2521/3132/1226 2527/3133/1226 2526/2526/1226 2520/2576/1226
f 2422/2587/1268 2536/2586/1268 2538/2995/1268 2423/3101/1268
f 2423/3101/1269 2538/2995/1269 2535/2685/1269 2421/2682/1269
f 2536/2586/1221 2542/2589/1221 2544/3134/1221 2540/2998/1221
f 2540/3002/1270 2544/3135/1270 2543/2578/1270 2537/2568/1270
f 2546/2528/1270 2548/2530/1270 2550/3136/1270 2547/3137/1270
f 2547/3138/1221 2550/3139/1221 2549/2588/1221 2545/2680/1221
f 2557/2656/1219 2560/2655/1219 2566/3005/1219 2559/3140/1219
f 2559/3141/1220 2566/3008/1220 2562/2566/1220 2558/2567/1220
f 2568/2522/1271 2571/2524/1271 2573/3016/1271 2569/3142/1271
f 2569/3143/1212 2573/3011/1212 2570/2690/1212 2567/2689/1212
f 2567/2689/1212 2577/2687/1212 2579/3144/1212 2569/3145/1212
f 2569/3146/1271 2579/3147/1271 2578/2523/1271 2568/2522/1271
f 2577/2687/1212 2580/2686/1212 2582/3148/1212 2579/3144/1212
f 2579/3147/1271 2582/3149/1271 2581/2569/1271 2578/2523/1271
f 2599/2618/1257 2606/2617/1257 2608/3150/1257 2602/3027/1257
f 2602/3032/1272 2608/3151/1272 2607/2519/1272 2600/2521/1272
f 2537/2568/1271 2581/2569/1271 2582/3152/1271 2541/3000/1271
f 2541/2997/1212 2582/3153/1212 2580/2686/1212 2535/2685/1212
f 2356/2541/1272 2454/2535/1272 2456/3115/1272 2360/2942/1272
f 2360/2939/1263 2456/3114/1263 2455/2427/1263 2354/2545/1263
f 2551/2575/1219 2555/2574/1219 2556/3154/1219 2553/3155/1219
f 2553/3156/1220 2556/3157/1220 2554/2552/1220 2552/2551/1220
f 2621/2702/1254 2624/2701/1254 2630/3037/1254 2623/3158/1254
f 2623/3159/1256 2630/3040/1256 2626/2517/1256 2622/2597/1256
f 2632/2610/1273 2635/2611/1273 2637/3048/1273 2633/3160/1273
f 2633/3161/1249 2637/3043/1249 2634/2704/1249 2631/2703/1249
f 2631/2703/1249 2641/2698/1249 2643/3162/1249 2633/3163/1249
f 2633/3164/1273 2643/3165/1273 2642/2607/1273 2632/2610/1273
f 2641/2698/1249 2644/2697/1249 2646/3166/1249 2643/3162/1249
f 2643/3165/1273 2646/3167/1273 2645/2608/1273 2642/2607/1273
f 2647/2700/1247 2654/2654/1247 2655/3168/1247 2649/3169/1247
f 2649/3170/1248 2655/3171/1248 2653/2516/1248 2648/2518/1248
f 2286/2611/1266 2394/2607/1266 2396/3090/1266 2290/2882/1266
f 2290/2879/1227 2396/3089/1227 2395/2493/1227 2284/2614/1227
f 2663/2670/1274 2670/2669/1274 2672/3172/1274 2666/3059/1274
f 2666/3064/1264 2672/3173/1264 2671/2513/1264 2664/2515/1264
f 2674/2612/1264 2676/2514/1264 2678/3174/1264 2675/3175/1264
f 2675/3176/1243 2678/3177/1243 2677/2668/1243 2673/2706/1243
f 2679/2635/1241 2683/2634/1241 2684/3178/1241 2681/3179/1241
f 2681/3180/1242 2684/3181/1242 2682/2626/1242 2680/2628/1242
f 2685/2713/1241 2688/2712/1241 2694/3069/1241 2687/3182/1241
f 2687/3183/1242 2694/3072/1242 2690/2625/1242 2686/2627/1242
f 2473/2643/1237 2695/2646/1237 2697/3184/1237 2476/2953/1237
f 2476/2958/1275 2697/3185/1275 2696/2650/1275 2474/2534/1275
f 2695/2646/1237 2699/2645/1237 2700/3186/1237 2697/3187/1237
f 2697/3188/1275 2700/3189/1275 2698/2648/1275 2696/2650/1275
f 2664/2515/1275 2701/2649/1275 2703/3190/1275 2668/3062/1275
f 2668/3066/1237 2703/3191/1237 2702/2709/1237 2665/2708/1237
f 2264/2638/1219 2380/2495/1219 2381/3082/1219 2268/2862/1219
f 2268/2866/1220 2381/3083/1220 2379/2626/1220 2265/2625/1220
f 2635/2611/1264 2674/2612/1264 2675/3192/1264 2639/3046/1264
f 2639/3050/1243 2675/3193/1243 2673/2706/1243 2636/2705/1243
f 2278/2624/1225 2392/2484/1225 2393/3087/1225 2282/2874/1225
f 2282/2878/1226 2393/3088/1226 2391/2516/1226 2279/2629/1226
f 2485/2538/1235 2708/2531/1235 2709/3194/1235 2489/2968/1235
f 2489/2964/1262 2709/3195/1262 2707/2666/1262 2483/2665/1262
f 2292/2609/1229 2404/2473/1229 2405/3092/1229 2296/2886/1229
f 2296/2890/1231 2405/3093/1231 2403/2596/1231 2293/2517/1231
f 2583/2684/1210 2587/2683/1210 2588/3196/1210 2585/3197/1210
f 2585/3198/1211 2588/3199/1211 2586/2581/1211 2584/2583/1211
f 2258/2534/1271 2364/2648/1271 2366/3078/1271 2262/2858/1271
f 2262/2855/1213 2366/3077/1213 2365/2435/1213 2256/2642/1213
f 2421/2682/1269 2561/2681/1269 2563/3003/1269 2423/3101/1269
f 2423/3101/1268 2563/3003/1268 2560/2655/1268 2422/2587/1268
f 2305/2594/878 2409/2593/878 2411/3096/878 2308/2785/878
f 2308/2785/879 2411/3096/879 2410/2584/879 2306/2606/879
f 2589/2694/1210 2592/2693/1210 2598/3021/1210 2591/3200/1210
f 2591/3201/1211 2598/3024/1211 2594/2580/1211 2590/2582/1211
f 2306/2606/1234 2416/2462/1234 2417/3097/1234 2310/2898/1234
f 2310/2902/1235 2417/3098/1235 2415/2581/1235 2307/2580/1235
f 2371/2644/879 2473/2643/879 2479/2955/879 2372/3080/879
f 2372/3079/878 2479/2959/878 2475/2717/878 2370/2715/878
f 2370/2715/878 2484/2714/878 2486/2967/878 2372/3079/878
f 2372/3080/879 2486/2962/879 2483/2665/879 2371/2644/879
f 2507/2529/1270 2546/2528/1270 2547/3202/1270 2511/2982/1270
f 2511/2986/1221 2547/3203/1221 2545/2680/1221 2508/2679/1221
f 2523/2527/1226 2526/2526/1226 2527/3133/1226 2524/3204/1226
f 2524/3205/1225 2527/3130/1225 2525/2673/1225 2522/2678/1225
f 2320/2579/1241 2428/2451/1241 2429/3102/1241 2324/2910/1241
f 2324/2914/1242 2429/3103/1242 2427/2552/1242 2321/2566/1242
f 2272/2647/1213 2365/2435/1213 2366/3077/1213 2276/2871/1213
f 2276/2869/1271 2366/3078/1271 2364/2648/1271 2270/2515/1271
f 2256/2642/1216 2368/2430/1216 2369/3080/1216 2259/2728/1216
f 2259/2733/1215 2369/3079/1215 2367/2639/1215 2257/2641/1215
f 2271/2631/1217 2374/2630/1217 2375/3081/1217 2275/2745/1217
f 2275/2745/1218 2375/3081/1218 2373/2546/1218 2272/2647/1218
f 2285/2636/1260 2382/2504/1260 2384/3084/1260 2289/2880/1260
f 2289/2884/1270 2384/3085/1270 2383/2514/1270 2286/2611/1270
f 2284/2614/1223 2386/2613/1223 2387/3086/1223 2287/2761/1223
f 2287/2761/1224 2387/3086/1224 2385/2622/1224 2285/2636/1224
f 2300/2619/1227 2395/2493/1227 2396/3089/1227 2304/2895/1227
f 2304/2893/1266 2396/3090/1266 2394/2607/1266 2298/2521/1266
f 2299/2600/870 2398/2599/870 2399/3091/870 2303/2777/870
f 2303/2777/871 2399/3091/871 2397/2620/871 2300/2619/871
f 2610/2595/1272 2612/2520/1272 2614/3206/1272 2611/3207/1272
f 2611/3208/1257 2614/3209/1257 2613/2616/1257 2609/2692/1257
f 2314/2605/1232 2406/2482/1232 2408/3094/1232 2318/2907/1232
f 2318/2905/1265 2408/3095/1265 2407/2520/1265 2312/2524/1265
f 2313/2585/879 2410/2584/879 2411/3096/879 2317/2793/879
f 2317/2793/878 2411/3096/878 2409/2593/878 2314/2605/878
f 2327/2590/1236 2418/2471/1236 2420/3099/1236 2331/2916/1236
f 2331/2920/1275 2420/3100/1275 2419/2523/1275 2328/2568/1275
f 2326/2571/1239 2425/2570/1239 2426/3101/1239 2329/2809/1239
f 2329/2809/1240 2426/3101/1240 2424/2591/1240 2327/2590/1240
f 2341/2554/1243 2431/2460/1243 2432/3104/1243 2345/2928/1243
f 2345/2932/1264 2432/3105/1264 2430/2530/1264 2342/2529/1264
f 2355/2560/1250 2442/2448/1250 2444/3109/1250 2359/2940/1250
f 2359/2944/1273 2444/3110/1273 2443/2543/1273 2356/2541/1273
f 2354/2545/1252 2446/2544/1252 2447/3111/1252 2357/2841/1252
f 2357/2841/1253 2447/3111/1253 2445/2548/1253 2355/2560/1253
f 2257/2641/1263 2455/2427/1263 2456/3114/1263 2261/2856/1263
f 2261/2860/1272 2456/3115/1272 2454/2535/1272 2258/2534/1272
f 2600/2521/1273 2645/2608/1273 2646/3210/1273 2604/3030/1273
f 2604/3034/1249 2646/3211/1249 2644/2697/1249 2601/2696/1249
f 2615/2604/1254 2619/2603/1254 2620/3212/1254 2617/3213/1254
f 2617/3214/1256 2620/3215/1256 2618/2596/1256 2616/2598/1256
f 2464/2559/1261 2468/2558/1261 2469/3119/1261 2466/3216/1261
f 2466/3217/1265 2469/3120/1265 2467/2535/1265 2465/2540/1265
f 2470/2718/1261 2475/2717/1261 2478/2961/1261 2472/3218/1261
f 2472/3219/1265 2478/2956/1265 2474/2534/1265 2471/2536/1265
f 2481/2539/1231 2485/2538/1231 2488/2970/1231 2482/3220/1231
f 2482/3221/1230 2488/2965/1230 2484/2714/1230 2480/2716/1230
f 2480/2716/1230 2491/2661/1229 2492/3222/1229 2482/3223/1230
f 2482/3224/1231 2492/3225/1231 2490/2537/1231 2481/2539/1231
f 2491/2661/1229 2493/2663/1229 2495/3226/1229 2492/3222/1229
f 2492/3225/1231 2495/3227/1231 2494/2562/1231 2490/2537/1231
f 2342/2529/1273 2443/2543/1273 2444/3110/1273 2346/2930/1273
f 2346/2927/1250 2444/3109/1250 2442/2448/1250 2340/2577/1250
f 2496/2671/1225 2519/2674/1225 2521/3228/1225 2499/2971/1225
f 2499/2976/1226 2521/3229/1226 2520/2576/1226 2497/2561/1226
f 2522/2678/1225 2528/2677/1225 2534/2989/1225 2524/3230/1225
f 2524/3231/1226 2534/2992/1226 2530/2525/1226 2523/2527/1226
f 2542/2589/1221 2549/2588/1221 2550/3139/1221 2544/3232/1221
f 2544/3233/1270 2550/3136/1270 2548/2530/1270 2543/2578/1270
f 2529/2572/1219 2551/2575/1219 2553/3234/1219 2533/2990/1219
f 2533/2994/1220 2553/3235/1220 2552/2551/1220 2530/2525/1220
f 2348/2550/1254 2452/2436/1254 2453/3112/1254 2352/2934/1254
f 2352/2938/1256 2453/3113/1256 2451/2537/1256 2349/2561/1256
f 2708/2531/1235 2710/2532/1235 2712/3236/1235 2709/3237/1235
f 2709/3238/1262 2712/3239/1234 2711/2664/1234 2707/2666/1262
f 2561/2681/1210 2583/2684/1210 2585/3240/1210 2565/3006/1210
f 2565/3010/1211 2585/3241/1211 2584/2583/1211 2562/2566/1211
f 2587/2683/1210 2589/2694/1210 2591/3242/1210 2588/3196/1210
f 2588/3199/1211 2591/3243/1211 2590/2582/1211 2586/2581/1211
f 2413/2602/1215 2593/2601/1215 2595/3019/1215 2414/3096/1215
f 2414/3096/1216 2595/3019/1216 2592/2693/1216 2412/2688/1216
f 2606/2617/1257 2613/2616/1257 2614/3209/1257 2608/3244/1257
f 2608/3245/1272 2614/3206/1272 2612/2520/1272 2607/2519/1272
f 2593/2601/1254 2615/2604/1254 2617/3246/1254 2597/3022/1254
f 2597/3026/1256 2617/3247/1256 2616/2598/1256 2594/2580/1256
f 2619/2603/1254 2621/2702/1254 2623/3248/1254 2620/3212/1254
f 2620/3215/1256 2623/3249/1256 2622/2597/1256 2618/2596/1256
f 2401/2695/1276 2625/2699/1276 2627/3035/1276 2402/3091/1276
f 2402/3091/1277 2627/3035/1277 2624/2701/1277 2400/2615/1277
f 2625/2699/1247 2647/2700/1247 2649/3250/1247 2629/3038/1247
f 2629/3042/1248 2649/3251/1248 2648/2518/1248 2626/2517/1248
f 2651/2637/1248 2653/2516/1248 2655/3171/1248 2652/3252/1248
f 2652/3253/1247 2655/3168/1247 2654/2654/1247 2650/2653/1247
f 2650/2653/1247 2658/2652/1247 2661/3058/1247 2652/3254/1247
f 2652/3255/1248 2661/3054/1248 2657/2629/1248 2651/2637/1248
f 2555/2574/1219 2557/2656/1219 2559/3256/1219 2556/3154/1219
f 2556/3157/1220 2559/3257/1220 2558/2567/1220 2554/2552/1220
f 2670/2669/1274 2677/2668/1243 2678/3177/1243 2672/3258/1274
f 2672/3259/1264 2678/3174/1264 2676/2514/1264 2671/2513/1264
f 2656/2632/1241 2679/2635/1241 2681/3260/1241 2659/3051/1241
f 2659/3056/1242 2681/3261/1242 2680/2628/1242 2657/2629/1242
f 2683/2634/1241 2685/2713/1241 2687/3262/1241 2684/3178/1241
f 2684/3181/1242 2687/3263/1242 2686/2627/1242 2682/2626/1242
f 2377/2707/1240 2689/2710/1240 2691/3067/1240 2378/3081/1240
f 2378/3081/1239 2691/3067/1239 2688/2712/1239 2376/2667/1239
f 2699/2645/1237 2702/2709/1237 2703/3264/1237 2700/3186/1237
f 2700/3189/1275 2703/3265/1275 2701/2649/1275 2698/2648/1275
f 2689/2710/1234 2704/2711/1234 2706/3266/1234 2693/3070/1234
f 2693/3074/1235 2706/3267/1235 2705/2533/1235 2690/2625/1235
f 2704/2711/1234 2711/2664/1234 2712/3239/1234 2706/3268/1234
f 2706/3269/1235 2712/3236/1235 2710/2532/1235 2705/2533/1235
f 2458/2541/1266 2517/2542/1266 2518/3270/1266 2462/2948/1266
f 2462/2952/1267 2518/3271/1267 2516/2676/1267 2459/2675/1267
f 2270/2515/1270 2383/2514/1270 2384/3085/1270 2273/2867/1270
f 2273/2870/1260 2384/3084/1260 2382/2504/1260 2271/2631/1260
f 2376/2667/1239 2663/2670/1239 2669/3061/1239 2378/3081/1239
f 2378/3081/1240 2669/3061/1240 2665/2708/1240 2377/2707/1240
f 2249/2429/1259 2361/2432/1210 2363/3075/1210 2252/2849/1259
f 2252/2853/1211 2363/3076/1211 2362/2532/1211 2250/2538/1211
f 2449/2557/870 2457/2556/870 2463/2947/870 2450/3111/870
f 2450/3111/871 2463/2947/871 2459/2675/871 2448/2672/871
f 2493/2663/1229 2498/2662/1229 2501/2978/1229 2495/3272/1229
f 2495/3273/1231 2501/2974/1231 2497/2561/1231 2494/2562/1231
f 2437/2658/1223 2506/2657/1223 2512/2981/1223 2438/3106/1223
f 2438/3106/1224 2512/2981/1224 2508/2679/1224 2436/2573/1224
f 2571/2524/1272 2610/2595/1272 2611/3274/1272 2575/3014/1272
f 2575/3018/1257 2611/3275/1257 2609/2692/1257 2572/2691/1257
f 2412/2688/1216 2570/2690/1216 2576/3013/1216 2414/3096/1216
f 2414/3096/1215 2576/3013/1215 2572/2691/1215 2413/2602/1215
f 2298/2521/1265 2407/2520/1265 2408/3095/1265 2301/2891/1265
f 2301/2894/1232 2408/3094/1232 2406/2482/1232 2299/2600/1232
f 2400/2615/1277 2599/2618/1277 2605/3029/1277 2402/3091/1277
f 2402/3091/1276 2605/3029/1276 2601/2696/1276 2401/2695/1276
f 2448/2672/871 2496/2671/871 2502/2973/871 2450/3111/871
f 2450/3111/870 2502/2973/870 2498/2662/870 2449/2557/870
f 2436/2573/1224 2529/2572/1224 2531/2987/1224 2438/3106/1224
f 2438/3106/1223 2531/2987/1223 2528/2677/1223 2437/2658/1223
f 2388/2651/1245 2634/2704/1245 2640/3045/1245 2390/3086/1245
f 2390/3086/1246 2640/3045/1246 2636/2705/1246 2389/2633/1246
f 2265/2625/1211 2362/2532/1211 2363/3076/1211 2269/2864/1211
f 2269/2861/1210 2363/3075/1210 2361/2432/1210 2263/2547/1210
f 2312/2524/1275 2419/2523/1275 2420/3100/1275 2315/2903/1275
f 2315/2906/1236 2420/3099/1236 2418/2471/1236 2313/2585/1236
f 2026/2390/779 2067/2509/779 2177/2421/779
usemtl Material.004
f 1959/3276/1278 1961/3277/1278 1962/3278/1278 1960/3279/1278
f 1961/3277/1279 1963/3075/1279 1964/3077/1279 1962/3278/1279
f 1963/3075/1280 1965/3280/1280 1966/3281/1280 1964/3077/1280
f 1965/3280/1281 1967/2322/1281 1968/3282/1281 1966/3281/1281
f 1967/2322/1282 1969/3283/1282 1970/3284/1282 1968/3282/1282
f 1969/3283/1283 1971/3082/1283 1972/3084/1283 1970/3284/1283
f 1971/3082/1284 1973/3285/1284 1974/3286/1284 1972/3084/1284
f 1973/3285/1285 1975/3287/1285 1976/3288/1285 1974/3286/1285
f 1975/3287/1286 1977/3289/1286 1978/3290/1286 1976/3288/1286
f 1977/3289/1287 1979/3087/1287 1980/3089/1287 1978/3290/1287
f 1979/3087/1288 1981/3291/1288 1982/3292/1288 1980/3089/1288
f 1981/3291/1289 1983/2330/1289 1984/3293/1289 1982/3292/1289
f 1983/2330/1290 1985/3294/1290 1986/3295/1290 1984/3293/1290
f 1985/3294/1291 1987/3092/1291 1988/3094/1291 1986/3295/1291
f 1987/3092/1292 1989/3296/1292 1990/3297/1292 1988/3094/1292
f 1989/3296/1293 1991/3298/1293 1992/3299/1293 1990/3297/1293
f 1991/3298/1294 1993/3300/1294 1994/3301/1294 1992/3299/1294
f 1993/3300/1295 1995/3097/1295 1996/3099/1295 1994/3301/1295
f 1995/3097/1296 1997/3302/1296 1998/3303/1296 1996/3099/1296
f 1997/3302/1297 1999/2327/1297 2000/3304/1297 1998/3303/1297
f 1999/2327/1298 2001/3305/1298 2002/3306/1298 2000/3304/1298
f 2001/3305/1299 2003/3102/1299 2004/3104/1299 2002/3306/1299
f 2003/3102/1300 2005/3307/1300 2006/3308/1300 2004/3104/1300
f 2005/3307/1301 2007/3309/1301 2008/3310/1301 2006/3308/1301
f 2007/3309/1302 2009/3311/1302 2010/3312/1302 2008/3310/1302
f 2009/3311/1303 2011/3107/1303 2012/3109/1303 2010/3312/1303
f 2011/3107/1304 2013/3313/1304 2014/3314/1304 2012/3109/1304
f 2013/3313/1305 2015/2316/1305 2016/3315/1305 2014/3314/1305
f 2015/2316/1306 2017/3316/1306 2018/3317/1306 2016/3315/1306
f 2017/3316/1307 2019/3112/1307 2020/3114/1307 2018/3317/1307
f 1962/3318/779 1964/3319/779 1966/3320/779 1968/3321/779 1970/3322/779 1972/3323/779 1974/3324/779 1976/3325/779 1978/3326/779 1980/3327/779 1982/3328/779 1984/3329/779 1986/3330/779 1988/3331/779 1990/3332/779 1992/3333/779 1994/3334/779 1996/3335/779 1998/3336/779 2000/3337/779 2002/3338/779 2004/3339/779 2006/3340/779 2008/3341/779 2010/3342/779 2012/3343/779 2014/3344/779 2016/3345/779 2018/3346/779 2020/3347/779 2022/3348/779 1960/3349/779
f 2019/3112/1308 2021/3350/1308 2022/3351/1308 2020/3114/1308
f 2021/3350/1309 1959/3352/1309 1960/3353/1309 2022/3351/1309
f 1959/3354/784 2021/3355/784 2019/3356/784 2017/3357/784 2015/3358/784 2013/3359/784 2011/3360/784 2009/3361/784 2007/3362/784 2005/3363/784 2003/3364/784 2001/3365/784 1999/3366/784 1997/3367/784 1995/3368/784 1993/3369/784 1991/3370/784 1989/3371/784 1987/3372/784 1985/3373/784 1983/3374/784 1981/3375/784 1979/3376/784 1977/3377/784 1975/3378/784 1973/3379/784 1971/3380/784 1969/3381/784 1967/3382/784 1965/3383/784 1963/3384/784 1961/3385/784
o Cylinder.004
v 0.756596 -2.100858 16.171921
v 0.756596 -1.707482 16.171921
v 0.756596 -1.314110 16.171921
v 0.756596 -0.920734 16.171921
v 0.756596 -0.527362 16.171921
v 0.756596 -0.133986 16.171921
v 0.756596 0.259390 16.171921
v 0.756596 0.652762 16.171921
v -0.559564 -2.100858 16.726961
v -0.559564 -1.707483 16.726961
v -0.559564 -1.314110 16.726961
v -0.559564 -0.920734 16.726961
v -0.559564 -0.527362 16.726961
v -0.559564 -0.133986 16.726961
v -0.559564 0.259390 16.726961
v -0.559564 0.652762 16.726961
v 0.131292 0.682634 15.457205
v 0.000004 1.046138 15.556633
v -0.131284 0.682634 15.457205
v 0.092836 0.939670 15.495657
v 0.000004 0.892502 15.458309
v -0.092828 0.939670 15.495657
v 0.000004 0.682634 15.425348
v 0.000004 -3.351378 15.253921
v 0.000004 -3.084294 14.995772
v 0.000004 -3.273150 15.114601
v 0.481652 1.046138 15.756141
v 0.466788 0.682634 15.596169
v 0.639412 0.682634 15.786509
v 0.465656 0.939670 15.647997
v 0.554464 0.892502 15.690104
v 0.577212 0.682634 15.669473
v 0.587724 0.939670 15.782589
v 0.703364 -3.351378 15.545260
v 0.885904 -3.084294 15.362720
v 0.801876 -3.273150 15.446749
v 0.609512 1.046137 16.176661
v 0.756596 0.682634 16.171921
v 0.713516 0.939669 16.173309
v 0.994704 -3.351379 16.248619
v 1.252852 -3.084294 16.248619
v 1.134024 -3.273151 16.248619
v 0.476396 1.046137 16.743280
v 0.630572 0.682634 16.708353
v 0.466788 0.682633 16.901073
v 0.580676 0.939669 16.714554
v 0.551484 0.892501 16.807096
v 0.573880 0.682633 16.826130
v 0.464860 0.939669 16.850824
v 0.703364 -3.351379 16.951981
v 0.885904 -3.084295 17.134518
v 0.801876 -3.273151 17.050491
v 0.015124 1.046137 16.934345
v 0.131292 0.682633 17.040041
v -0.118776 0.682633 17.016417
v 0.097808 0.939669 17.003345
v 0.005844 0.892501 17.032616
v 0.003124 0.682633 17.061380
v -0.079016 0.939669 16.986645
v 0.000004 -3.351379 17.243320
v 0.000005 -3.084295 17.501469
v 0.000005 -3.273151 17.382641
v -0.454344 1.046137 16.626053
v -0.559564 0.682634 16.726961
v -0.528744 0.939669 16.697405
v -0.703356 -3.351379 16.951981
v -0.885896 -3.084295 17.134518
v -0.801868 -3.273151 17.050491
v -0.687160 1.046137 16.236977
v -0.772828 0.682634 16.370560
v -0.791416 0.682634 16.117332
v -0.741256 0.939669 16.330959
v -0.785360 0.892501 16.244184
v -0.814976 0.682634 16.246361
v -0.754400 0.939669 16.151901
v -0.994696 -3.351379 16.248621
v -1.252844 -3.084294 16.248621
v -1.134016 -3.273151 16.248621
v -0.489304 1.046138 15.759313
v -0.652448 0.682634 15.781837
v -0.466780 0.682634 15.596169
v -0.598068 0.939670 15.759313
v -0.562140 0.892506 15.686477
v -0.575540 0.682634 15.673077
v -0.489304 0.939670 15.650553
v -0.703356 -3.351378 15.545260
v -0.885896 -3.084294 15.362720
v -0.801868 -3.273150 15.446749
v -0.131284 0.652762 15.457205
v 0.131292 0.652762 15.457205
v 0.000004 0.652762 15.434677
v -0.131284 0.259390 15.457205
v 0.131292 0.259390 15.457205
v 0.000004 0.259390 15.434677
v -0.131284 -0.133986 15.457205
v 0.131292 -0.133986 15.457205
v 0.000004 -0.133986 15.434677
v -0.131284 -0.527362 15.457205
v 0.131292 -0.527362 15.457205
v 0.000004 -0.527362 15.434677
v -0.131284 -0.920734 15.457205
v 0.131292 -0.920734 15.457205
v 0.000004 -0.920734 15.434677
v -0.131284 -1.314110 15.457205
v 0.131292 -1.314110 15.457205
v 0.000004 -1.314110 15.434677
v -0.131284 -1.707482 15.457205
v 0.131292 -1.707482 15.457205
v 0.000004 -1.707482 15.434677
v -0.131284 -2.100858 15.457205
v 0.131292 -2.100858 15.457205
v 0.000004 -2.100858 15.434677
v 0.131292 -2.130731 15.457205
v -0.131284 -2.130731 15.457205
v 0.000004 -2.588082 15.254225
v 0.000004 -2.130731 15.434677
v 0.000004 -2.356399 15.398925
v -0.054760 -2.415255 15.381985
v 0.054768 -2.415255 15.381985
v 0.000004 -3.084294 14.995772
v 0.000004 -2.723362 15.040032
v 0.000004 -2.867950 14.965517
v 0.854604 -2.723362 15.394021
v 0.885904 -3.084294 15.362720
v 0.907296 -2.867950 15.341329
v 0.466788 -2.130731 15.596169
v 0.703148 -2.588082 15.545477
v 0.652456 -2.159842 15.781837
v 0.574088 -2.415255 15.597093
v 0.601048 -2.362550 15.648316
v 0.652568 -2.423578 15.677153
v 0.575548 -2.145287 15.673077
v 0.639412 -2.100858 15.786509
v 0.466788 -2.100858 15.596169
v 0.571728 -2.100858 15.674445
v 0.639412 -1.707482 15.786509
v 0.466788 -1.707482 15.596169
v 0.571728 -1.707482 15.674445
v 0.639412 -1.314110 15.786509
v 0.466788 -1.314110 15.596169
v 0.571728 -1.314110 15.674445
v 0.639412 -0.920734 15.786509
v 0.466788 -0.920734 15.596169
v 0.571728 -0.920734 15.674445
v 0.639412 -0.527362 15.786509
v 0.466788 -0.527362 15.596169
v 0.571728 -0.527362 15.674445
v 0.639412 -0.133986 15.786509
v 0.466788 -0.133986 15.596169
v 0.571728 -0.133986 15.674445
v 0.639412 0.259390 15.786509
v 0.466788 0.259390 15.596169
v 0.571728 0.259390 15.674445
v 0.466788 0.652762 15.596169
v 0.639412 0.652762 15.786509
v 0.571728 0.652762 15.674445
v 1.208592 -2.723362 16.248619
v 1.252852 -3.084294 16.248619
v 1.283108 -2.867950 16.248619
v 0.774368 -2.179230 16.187201
v 0.994400 -2.588082 16.248621
v 0.868404 -2.429459 16.230633
v 0.854604 -2.723362 17.103226
v 0.885904 -3.084295 17.134518
v 0.907296 -2.867950 17.155912
v 0.652456 -2.105818 16.715405
v 0.703148 -2.588083 16.951765
v 0.466788 -2.130731 16.901073
v 0.650732 -2.408107 16.824793
v 0.600656 -2.351134 16.849865
v 0.574088 -2.415255 16.900148
v 0.575548 -2.118275 16.824165
v 0.466788 -2.100858 16.901073
v 0.630572 -2.100858 16.708353
v 0.569140 -2.100858 16.822102
v 0.466788 -1.707483 16.901073
v 0.630572 -1.707483 16.708353
v 0.569140 -1.707483 16.822102
v 0.466788 -1.314110 16.901073
v 0.630572 -1.314110 16.708353
v 0.569140 -1.314110 16.822102
v 0.466788 -0.920734 16.901073
v 0.630572 -0.920734 16.708353
v 0.569140 -0.920734 16.822102
v 0.466788 -0.527362 16.901073
v 0.630572 -0.527362 16.708353
v 0.569140 -0.527362 16.822102
v 0.466788 -0.133986 16.901073
v 0.630572 -0.133986 16.708353
v 0.569140 -0.133986 16.822102
v 0.466788 0.259389 16.901073
v 0.630572 0.259390 16.708353
v 0.569140 0.259389 16.822102
v 0.630572 0.652762 16.708353
v 0.466788 0.652762 16.901073
v 0.569140 0.652762 16.822102
v 0.000005 -2.723361 17.457209
v 0.000005 -3.084295 17.501469
v 0.000005 -2.867949 17.531725
v 0.131292 -2.130731 17.040041
v 0.000004 -2.588083 17.243015
v -0.131284 -2.109415 17.040041
v 0.054768 -2.415255 17.115261
v 0.000360 -2.351895 17.098465
v -0.053000 -2.409139 17.116041
v 0.000004 -2.120075 17.062565
v -0.118776 -2.100858 17.016417
v 0.131292 -2.100858 17.040041
v 0.003668 -2.100858 17.055645
v -0.118776 -1.707483 17.016417
v 0.131292 -1.707483 17.040041
v 0.003668 -1.707483 17.055645
v -0.118776 -1.314110 17.016417
v 0.131292 -1.314110 17.040041
v 0.003668 -1.314110 17.055645
v -0.118776 -0.920734 17.016417
v 0.131292 -0.920734 17.040041
v 0.003668 -0.920734 17.055645
v -0.118776 -0.527362 17.016417
v 0.131292 -0.527362 17.040041
v 0.003668 -0.527362 17.055645
v -0.118776 -0.133986 17.016417
v 0.131292 -0.133986 17.040041
v 0.003668 -0.133986 17.055645
v -0.118776 0.259389 17.016417
v 0.131292 0.259389 17.040041
v 0.003668 0.259389 17.055645
v 0.131292 0.652762 17.040041
v -0.118776 0.652762 17.016417
v 0.003668 0.652762 17.055645
v -0.854596 -2.723362 17.103226
v -0.885896 -3.084295 17.134518
v -0.907288 -2.867950 17.155912
v -0.568808 -2.195295 16.755705
v -0.703140 -2.588083 16.951765
v -0.620272 -2.434163 16.850817
v -1.208584 -2.723362 16.248621
v -1.252844 -3.084294 16.248621
v -1.283100 -2.867950 16.248621
v -0.791416 -2.155034 16.379910
v -0.994392 -2.588082 16.248621
v -0.791416 -2.130731 16.117332
v -0.865708 -2.422203 16.305525
v -0.849512 -2.361535 16.249058
v -0.866636 -2.415255 16.193855
v -0.813940 -2.142882 16.248621
v -0.791416 -2.100858 16.117332
v -0.772828 -2.100858 16.370560
v -0.808496 -2.100858 16.245884
v -0.791416 -1.707482 16.117332
v -0.772828 -1.707483 16.370560
v -0.808496 -1.707482 16.245884
v -0.791416 -1.314110 16.117332
v -0.772828 -1.314110 16.370560
v -0.808496 -1.314110 16.245884
v -0.791416 -0.920734 16.117332
v -0.772828 -0.920734 16.370560
v -0.808496 -0.920734 16.245884
v -0.791416 -0.527362 16.117332
v -0.772828 -0.527362 16.370560
v -0.808496 -0.527362 16.245884
v -0.791416 -0.133986 16.117332
v -0.772828 -0.133986 16.370560
v -0.808496 -0.133986 16.245884
v -0.791416 0.259390 16.117332
v -0.772828 0.259390 16.370560
v -0.808496 0.259390 16.245884
v -0.772828 0.652762 16.370560
v -0.791416 0.652762 16.117332
v -0.808496 0.652762 16.245884
v -0.854596 -2.723362 15.394021
v -0.885896 -3.084294 15.362720
v -0.907288 -2.867950 15.341329
v -0.652448 -2.130731 15.781837
v -0.703140 -2.588082 15.545477
v -0.466780 -2.130731 15.596169
v -0.651524 -2.415255 15.674537
v -0.600824 -2.356399 15.647797
v -0.574080 -2.415255 15.597093
v -0.575540 -2.130731 15.673077
v -0.466780 -2.100858 15.596169
v -0.652448 -2.100858 15.781837
v -0.575540 -2.100858 15.673077
v -0.466780 -1.707482 15.596169
v -0.652448 -1.707482 15.781837
v -0.575540 -1.707482 15.673077
v -0.466780 -1.314110 15.596169
v -0.652448 -1.314110 15.781837
v -0.575540 -1.314110 15.673077
v -0.466780 -0.920734 15.596169
v -0.652448 -0.920734 15.781837
v -0.575540 -0.920734 15.673077
v -0.466780 -0.527362 15.596169
v -0.652448 -0.527362 15.781837
v -0.575540 -0.527362 15.673077
v -0.466780 -0.133986 15.596169
v -0.652448 -0.133986 15.781837
v -0.575540 -0.133986 15.673077
v -0.466780 0.259390 15.596169
v -0.652448 0.259390 15.781837
v -0.575540 0.259390 15.673077
v -0.652448 0.652762 15.781837
v -0.466780 0.652762 15.596169
v -0.575540 0.652762 15.673077
v 0.600626 -7.002294 10.272874
v 0.600978 -6.852050 10.122629
v 0.751222 -6.840906 10.272874
v 0.600802 -6.958290 10.166633
v 0.687646 -6.936442 10.186130
v 0.707214 -6.846478 10.166633
v 0.706930 -6.955158 10.272874
v 0.600978 -5.650102 10.122628
v 0.600978 -5.499858 10.272873
v 0.751222 -5.658802 10.272873
v 0.600978 -5.542058 10.166632
v 0.687722 -5.565194 10.186129
v 0.707214 -5.548214 10.272873
v 0.707214 -5.654450 10.166632
v 0.751223 -6.840462 11.625066
v 0.600611 -7.002294 11.625066
v 0.707111 -6.954894 11.625066
v 0.600979 -5.499858 11.625065
v 0.751223 -5.659150 11.625065
v 0.707215 -5.546514 11.625065
v -0.600622 -7.002294 10.272874
v -0.751218 -6.840906 10.272874
v -0.600974 -6.852050 10.122630
v -0.706926 -6.955158 10.272874
v -0.687642 -6.936442 10.186130
v -0.707210 -6.846478 10.166634
v -0.600798 -6.958290 10.166633
v -0.600974 -5.499858 10.272873
v -0.600974 -5.650102 10.122629
v -0.751218 -5.658802 10.272873
v -0.600974 -5.543862 10.166633
v -0.687718 -5.565194 10.186129
v -0.707210 -5.654450 10.166633
v -0.707062 -5.546306 10.272873
v -0.600605 -7.002294 11.625066
v -0.751217 -6.840462 11.625066
v -0.707105 -6.954894 11.625066
v -0.751217 -5.659150 11.625065
v -0.600973 -5.499858 11.625065
v -0.707209 -5.546514 11.625065
v 0.751223 -6.282070 12.618813
v 0.600571 -6.444678 12.618814
v 0.707095 -6.397050 12.618814
v 0.600979 -4.942242 12.618813
v 0.751223 -5.101946 12.618813
v 0.707215 -4.989018 12.618813
v -0.600565 -6.444678 12.618814
v -0.751217 -6.282070 12.618813
v -0.707089 -6.397050 12.618814
v -0.751217 -5.101946 12.618813
v -0.600973 -4.942242 12.618813
v -0.707209 -4.989018 12.618813
v 0.751223 -5.524222 14.065084
v 0.600495 -5.686930 14.065084
v 0.707075 -5.639274 14.065084
v 0.600979 -4.184494 14.065084
v 0.751223 -4.343718 14.065084
v 0.707215 -4.231131 14.065084
v -0.600489 -5.686930 14.065084
v -0.751217 -5.524222 14.065084
v -0.707069 -5.639274 14.065084
v -0.751217 -4.343718 14.065084
v -0.600973 -4.184494 14.065084
v -0.707209 -4.231131 14.065084
v 0.511000 -4.824758 15.936112
v 0.325768 -4.762987 16.079765
v 0.294944 -4.967093 15.939508
v 0.438444 -4.802911 16.037693
v 0.395508 -4.877447 16.022297
v 0.310356 -4.885003 16.038685
v 0.418788 -4.921013 15.949977
v 0.685952 -4.329347 15.929521
v 0.600980 -4.184494 15.929521
v 0.518732 -4.334739 16.079765
v 0.687840 -4.226686 15.929524
v 0.652444 -4.249511 16.016270
v 0.559856 -4.228498 16.035761
v 0.630712 -4.344827 16.035761
v -0.294940 -4.967093 15.939508
v -0.325760 -4.762987 16.079765
v -0.510992 -4.824758 15.936112
v -0.310348 -4.885003 16.038685
v -0.395500 -4.877447 16.022297
v -0.438436 -4.802911 16.037693
v -0.418780 -4.921013 15.949977
v -0.600972 -4.184494 15.929521
v -0.685944 -4.329347 15.929521
v -0.518724 -4.334739 16.079765
v -0.691608 -4.225801 15.929521
v -0.656540 -4.246855 16.016266
v -0.633452 -4.332043 16.035761
v -0.573364 -4.229614 16.035761
v 0.481392 -5.100506 15.767233
v 0.500508 -4.951671 15.596477
v 0.652148 -4.951671 15.748116
v 0.486704 -5.056914 15.654696
v 0.576512 -5.037599 15.672112
v 0.607444 -4.951671 15.641180
v 0.593928 -5.056914 15.761920
v 0.699800 -3.505458 15.397189
v 0.721704 -3.356618 15.526920
v 0.851436 -3.505458 15.548824
v 0.715000 -3.400214 15.426401
v 0.799484 -3.419526 15.449141
v 0.822224 -3.400214 15.533625
v 0.806736 -3.505458 15.441889
v 0.481392 -5.100507 16.730009
v 0.652148 -4.951671 16.749123
v 0.500508 -4.951671 16.900761
v 0.593928 -5.056913 16.735321
v 0.576512 -5.037599 16.825127
v 0.607444 -4.951671 16.856060
v 0.486704 -5.056913 16.842545
v 0.721704 -3.356619 16.970322
v 0.699800 -3.505459 17.100052
v 0.851436 -3.505459 16.948418
v 0.715000 -3.400215 17.070841
v 0.799484 -3.419527 17.048100
v 0.806736 -3.505459 17.055353
v 0.822224 -3.400215 16.963615
v -0.481384 -5.100506 15.767233
v -0.652140 -4.951671 15.748116
v -0.500500 -4.951671 15.596477
v -0.593920 -5.056914 15.761921
v -0.576504 -5.037599 15.672112
v -0.607436 -4.951671 15.641181
v -0.486696 -5.056914 15.654696
v -0.721696 -3.356618 15.526920
v -0.699792 -3.505458 15.397189
v -0.851428 -3.505458 15.548824
v -0.714992 -3.400214 15.426401
v -0.799476 -3.419526 15.449141
v -0.806728 -3.505458 15.441889
v -0.822216 -3.400214 15.533625
v -0.481384 -5.100507 16.730009
v -0.500500 -4.951671 16.900764
v -0.652140 -4.951671 16.749125
v -0.486696 -5.056913 16.842545
v -0.576504 -5.037599 16.825129
v -0.607436 -4.951671 16.856060
v -0.593920 -5.056913 16.735321
v -0.721696 -3.356619 16.970322
v -0.851428 -3.505459 16.948418
v -0.699792 -3.505459 17.100052
v -0.822216 -3.400215 16.963615
v -0.799476 -3.419527 17.048100
v -0.806728 -3.505459 17.055353
v -0.714992 -3.400215 17.070841
v 0.000004 1.409138 16.170048
v 0.000004 1.009045 16.170048
v 0.015332 1.409138 16.171556
v 0.015332 1.009045 16.171556
v 0.030072 1.409138 16.176029
v 0.030072 1.009045 16.176029
v 0.043656 1.409138 16.183289
v 0.043656 1.009045 16.183289
v 0.055564 1.409138 16.193062
v 0.055564 1.009045 16.193062
v 0.065336 1.409138 16.204967
v 0.065336 1.009045 16.204967
v 0.072596 1.409138 16.218552
v 0.072596 1.009045 16.218552
v 0.077068 1.409138 16.233292
v 0.077068 1.009045 16.233292
v 0.078576 1.409138 16.248621
v 0.078576 1.009045 16.248621
v 0.077068 1.409138 16.263948
v 0.077068 1.009045 16.263948
v 0.072596 1.409138 16.278688
v 0.072596 1.009045 16.278688
v 0.065336 1.409138 16.292273
v 0.065336 1.009045 16.292273
v 0.055564 1.409138 16.304180
v 0.055564 1.009045 16.304180
v 0.043656 1.409138 16.313953
v 0.043656 1.009045 16.313953
v 0.030072 1.409138 16.321213
v 0.030072 1.009045 16.321213
v 0.015332 1.409138 16.325684
v 0.015332 1.009045 16.325684
v 0.000004 1.409138 16.327192
v 0.000004 1.009045 16.327192
v -0.015324 1.409138 16.325684
v -0.015324 1.009045 16.325684
v -0.030064 1.409138 16.321213
v -0.030064 1.009045 16.321213
v -0.043648 1.409138 16.313953
v -0.043648 1.009045 16.313953
v -0.055556 1.409138 16.304180
v -0.055556 1.009045 16.304180
v -0.065328 1.409138 16.292273
v -0.065328 1.009045 16.292273
v -0.072588 1.409138 16.278688
v -0.072588 1.009045 16.278688
v -0.077060 1.409138 16.263948
v -0.077060 1.009045 16.263948
v -0.078568 1.409138 16.248621
v -0.078568 1.009045 16.248621
v -0.077060 1.409138 16.233292
v -0.077060 1.009045 16.233292
v -0.072588 1.409138 16.218552
v -0.072588 1.009045 16.218552
v -0.065328 1.409138 16.204967
v -0.065328 1.009045 16.204967
v -0.055556 1.409138 16.193062
v -0.055556 1.009045 16.193062
v -0.043648 1.409138 16.183289
v -0.043648 1.009045 16.183289
v -0.030064 1.409138 16.176029
v -0.030064 1.009045 16.176029
v -0.015324 1.409138 16.171556
v -0.015324 1.009045 16.171556
v 0.000004 -3.648383 16.248621
v 0.000004 -3.278346 16.248621
v -0.693524 -3.648383 16.942150
v 0.000004 -3.648383 17.229420
v 0.000004 -3.278346 17.229420
v -0.693524 -3.278346 16.942150
v -0.980792 -3.648383 16.248621
v -0.980792 -3.278346 16.248621
v -0.693524 -3.648382 15.555093
v -0.693524 -3.278346 15.555093
v 0.000004 -3.648382 15.267825
v 0.000004 -3.278346 15.267825
v 0.693532 -3.648382 15.555093
v 0.693532 -3.278346 15.555093
v 0.980800 -3.648383 16.248619
v 0.980800 -3.278346 16.248619
v 0.693532 -3.648383 16.942150
v 0.693532 -3.278346 16.942150
v 0.693533 -3.463362 17.922949
v 1.674332 -3.463363 16.942148
v 1.674332 -3.463362 15.555092
v 0.693532 -3.463362 14.574297
v -0.693524 -3.463362 14.574297
v -1.674324 -3.463362 15.555093
v -1.674324 -3.463363 16.942150
v -0.693523 -3.463362 17.922949
v 0.440757 -3.051754 17.312689
v 0.577945 -3.131298 17.643892
v 1.064072 -3.051754 16.689373
v 1.395276 -3.131298 16.826561
v 1.395276 -3.131298 15.670680
v 1.064072 -3.051754 15.807868
v 0.577944 -3.131298 14.853349
v 0.440756 -3.051754 15.184553
v -0.577936 -3.131298 14.853349
v -0.440748 -3.051754 15.184553
v -1.395268 -3.131298 15.670681
v -1.064064 -3.051754 15.807869
v -1.395268 -3.131298 16.826561
v -1.064064 -3.051754 16.689373
v -0.577935 -3.131298 17.643892
v -0.440747 -3.051754 17.312689
v 0.165609 -3.631474 18.141621
v -0.165599 -3.631474 18.141621
v 0.000005 -3.648383 18.016201
v 0.000005 -3.631474 18.170033
v 0.000005 -3.641238 18.146130
v -0.097003 -3.643430 18.113209
v 0.097013 -3.643430 18.113209
v -0.165599 -3.295251 18.141621
v 0.165609 -3.295251 18.141621
v 0.000005 -3.278346 18.016201
v 0.000005 -3.295251 18.170033
v 0.000005 -3.285490 18.146130
v 0.097013 -3.283295 18.113209
v -0.097003 -3.283295 18.113209
v -1.221451 -3.631474 17.704273
v -1.455647 -3.631474 17.470078
v -1.249864 -3.648383 17.498489
v -1.358639 -3.631474 17.607265
v -1.341735 -3.641238 17.590361
v -1.387051 -3.643430 17.498489
v -1.249863 -3.643430 17.635677
v -1.455647 -3.295251 17.470078
v -1.221451 -3.295251 17.704273
v -1.249864 -3.278346 17.498489
v -1.358639 -3.295251 17.607265
v -1.341735 -3.285490 17.590361
v -1.249863 -3.283295 17.635677
v -1.387051 -3.283295 17.498489
v -1.892996 -3.631474 16.414225
v -1.892996 -3.631474 16.083021
v -1.767576 -3.648383 16.248621
v -1.921408 -3.631474 16.248621
v -1.897504 -3.641239 16.248621
v -1.864584 -3.643430 16.151611
v -1.864584 -3.643430 16.345629
v -1.892996 -3.295251 16.083021
v -1.892996 -3.295251 16.414225
v -1.767576 -3.278346 16.248621
v -1.921408 -3.295251 16.248621
v -1.897504 -3.285490 16.248621
v -1.864584 -3.283295 16.345629
v -1.864584 -3.283295 16.151611
v -1.455648 -3.631474 15.027164
v -1.221452 -3.631474 14.792969
v -1.249864 -3.648382 14.998753
v -1.358640 -3.631474 14.889977
v -1.341736 -3.641238 14.906880
v -1.249864 -3.643430 14.861565
v -1.387052 -3.643430 14.998753
v -1.221452 -3.295250 14.792969
v -1.455648 -3.295250 15.027164
v -1.249864 -3.278346 14.998753
v -1.358640 -3.295250 14.889977
v -1.341736 -3.285490 14.906880
v -1.387052 -3.283294 14.998753
v -1.249864 -3.283294 14.861565
v -0.165600 -3.631474 14.355620
v 0.165608 -3.631474 14.355620
v 0.000004 -3.648382 14.481041
v 0.000004 -3.631474 14.327209
v 0.000004 -3.641238 14.351112
v 0.097012 -3.643430 14.384032
v -0.097004 -3.643430 14.384032
v 0.165608 -3.295250 14.355620
v -0.165600 -3.295250 14.355620
v 0.000004 -3.278346 14.481041
v 0.000004 -3.295250 14.327209
v 0.000004 -3.285490 14.351112
v -0.097004 -3.283294 14.384032
v 0.097012 -3.283294 14.384032
v 1.221460 -3.631474 14.792968
v 1.455656 -3.631474 15.027164
v 1.249872 -3.648382 14.998752
v 1.358648 -3.631474 14.889976
v 1.341744 -3.641238 14.906879
v 1.387060 -3.643430 14.998752
v 1.249872 -3.643430 14.861564
v 1.455656 -3.295250 15.027164
v 1.221460 -3.295250 14.792968
v 1.249872 -3.278346 14.998752
v 1.358648 -3.295250 14.889976
v 1.341744 -3.285490 14.906879
v 1.249872 -3.283294 14.861564
v 1.387060 -3.283294 14.998752
v 1.893004 -3.631474 16.083019
v 1.893004 -3.631474 16.414223
v 1.767584 -3.648383 16.248619
v 1.921416 -3.631474 16.248619
v 1.897512 -3.641239 16.248619
v 1.864592 -3.643430 16.345627
v 1.864592 -3.643430 16.151611
v 1.893004 -3.295251 16.414223
v 1.893004 -3.295251 16.083019
v 1.767584 -3.278346 16.248619
v 1.921416 -3.295251 16.248619
v 1.897512 -3.285490 16.248619
v 1.864592 -3.283295 16.151611
v 1.864592 -3.283295 16.345627
v 1.455657 -3.631474 17.470076
v 1.221461 -3.631474 17.704271
v 1.249873 -3.648383 17.498487
v 1.358649 -3.631474 17.607264
v 1.341745 -3.641238 17.590359
v 1.249873 -3.643430 17.635675
v 1.387061 -3.643430 17.498487
v 1.221461 -3.295251 17.704271
v 1.455657 -3.295251 17.470076
v 1.249873 -3.278346 17.498487
v 1.358649 -3.295251 17.607264
v 1.341745 -3.285490 17.590359
v 1.387061 -3.283295 17.498487
v 1.249873 -3.283295 17.635675
v -0.624927 -3.648383 17.757343
v -0.693523 -3.631474 17.922949
v -0.673431 -3.643430 17.874445
v -0.624927 -3.278346 17.757343
v -0.693523 -3.295251 17.922949
v -0.673431 -3.283295 17.874445
v -0.165599 -3.463362 18.141621
v 0.165609 -3.463362 18.141621
v 0.000005 -3.463362 18.170033
v -1.221451 -3.463362 17.704273
v -1.455647 -3.463362 17.470078
v -1.358639 -3.463362 17.607265
v -1.508720 -3.648383 16.873558
v -1.674324 -3.631474 16.942150
v -1.625820 -3.643430 16.922062
v -1.508720 -3.278346 16.873558
v -1.674324 -3.295251 16.942150
v -1.625820 -3.283295 16.922062
v -1.892996 -3.463363 16.414225
v -1.892996 -3.463363 16.083021
v -1.921408 -3.463363 16.248621
v -1.508720 -3.648382 15.623689
v -1.674324 -3.631474 15.555093
v -1.625820 -3.643430 15.575185
v -1.508720 -3.278346 15.623689
v -1.674324 -3.295250 15.555093
v -1.625820 -3.283294 15.575185
v -1.455648 -3.463362 15.027164
v -1.221452 -3.463362 14.792969
v -1.358640 -3.463362 14.889977
v -0.624928 -3.648382 14.739897
v -0.693524 -3.631474 14.574297
v -0.673432 -3.643430 14.622801
v -0.624928 -3.278346 14.739897
v -0.693524 -3.295250 14.574297
v -0.673432 -3.283294 14.622801
v -0.165600 -3.463362 14.355620
v 0.165608 -3.463362 14.355620
v 0.000004 -3.463362 14.327209
v 0.624936 -3.648382 14.739897
v 0.693532 -3.631474 14.574297
v 0.673440 -3.643430 14.622801
v 0.624936 -3.278346 14.739897
v 0.693532 -3.295250 14.574297
v 0.673440 -3.283294 14.622801
v 1.221460 -3.463362 14.792968
v 1.455656 -3.463362 15.027164
v 1.358648 -3.463362 14.889976
v 1.508728 -3.648382 15.623688
v 1.674332 -3.631474 15.555092
v 1.625828 -3.643430 15.575184
v 1.508728 -3.278346 15.623688
v 1.674332 -3.295250 15.555092
v 1.625828 -3.283294 15.575184
v 1.893004 -3.463363 16.083019
v 1.893004 -3.463363 16.414223
v 1.921416 -3.463363 16.248619
v 1.508728 -3.648383 16.873556
v 1.674332 -3.631474 16.942148
v 1.625828 -3.643430 16.922060
v 1.508728 -3.278346 16.873556
v 1.674332 -3.295251 16.942148
v 1.625828 -3.283295 16.922060
v 1.455657 -3.463362 17.470076
v 1.221461 -3.463362 17.704271
v 1.358649 -3.463362 17.607264
v 0.624937 -3.648383 17.757343
v 0.693533 -3.631474 17.922949
v 0.673441 -3.643430 17.874445
v 0.624937 -3.278346 17.757343
v 0.693533 -3.295251 17.922949
v 0.673441 -3.283295 17.874445
v -0.165599 -3.299411 17.814690
v 0.000005 -3.316318 17.689270
v 0.165609 -3.299411 17.814690
v -0.097003 -3.311367 17.786278
v 0.000005 -3.309170 17.819197
v 0.097013 -3.311367 17.786278
v 0.000005 -3.299411 17.843102
v -0.165599 -2.963187 17.814690
v 0.165609 -2.963187 17.814690
v 0.000005 -2.946279 17.689270
v 0.000005 -2.963187 17.843102
v 0.000005 -2.953427 17.819197
v 0.097013 -2.951230 17.786278
v -0.097003 -2.951230 17.786278
v -0.990275 -3.299411 17.473097
v -1.224471 -3.299411 17.238901
v -1.018687 -3.316318 17.267313
v -1.127463 -3.299411 17.376089
v -1.110559 -3.309170 17.359184
v -1.155875 -3.311367 17.267313
v -1.018687 -3.311367 17.404501
v -1.018687 -2.946279 17.267313
v -1.224471 -2.963187 17.238901
v -0.990275 -2.963187 17.473097
v -1.155875 -2.951230 17.267313
v -1.110559 -2.953427 17.359184
v -1.127463 -2.963187 17.376089
v -1.018687 -2.951230 17.404501
v -1.566064 -3.299411 16.414221
v -1.566064 -3.299411 16.083015
v -1.440644 -3.316318 16.248621
v -1.594476 -3.299411 16.248621
v -1.570572 -3.309170 16.248621
v -1.537652 -3.311367 16.151611
v -1.537652 -3.311367 16.345629
v -1.566064 -2.963186 16.083015
v -1.566064 -2.963186 16.414221
v -1.440644 -2.946279 16.248621
v -1.594476 -2.963186 16.248621
v -1.570572 -2.953426 16.248621
v -1.537652 -2.951230 16.345629
v -1.537652 -2.951230 16.151611
v -1.224472 -3.299410 15.258341
v -0.990276 -3.299410 15.024145
v -1.018688 -3.316318 15.229929
v -1.127464 -3.299410 15.121153
v -1.110560 -3.309170 15.138057
v -1.018688 -3.311366 15.092741
v -1.155876 -3.311366 15.229929
v -1.018688 -2.946279 15.229929
v -0.990276 -2.963186 15.024145
v -1.224472 -2.963186 15.258341
v -1.018688 -2.951230 15.092741
v -1.110560 -2.953426 15.138057
v -1.127464 -2.963186 15.121153
v -1.155876 -2.951230 15.229929
v -0.165600 -3.299410 14.682552
v 0.165608 -3.299410 14.682552
v 0.000004 -3.316318 14.807973
v 0.000004 -3.299410 14.654140
v 0.000004 -3.309170 14.678044
v 0.097012 -3.311366 14.710965
v -0.097004 -3.311366 14.710965
v 0.000004 -2.946278 14.807973
v 0.165608 -2.963186 14.682552
v -0.165600 -2.963186 14.682552
v 0.097012 -2.951230 14.710965
v 0.000004 -2.953426 14.678044
v 0.000004 -2.963186 14.654140
v -0.097004 -2.951230 14.710965
v 0.990284 -3.299410 15.024144
v 1.224480 -3.299410 15.258340
v 1.018696 -3.316318 15.229928
v 1.127472 -3.299410 15.121152
v 1.110568 -3.309170 15.138056
v 1.155884 -3.311366 15.229928
v 1.018696 -3.311366 15.092740
v 1.224480 -2.963186 15.258340
v 0.990284 -2.963186 15.024145
v 1.018696 -2.946279 15.229929
v 1.127472 -2.963186 15.121152
v 1.110568 -2.953426 15.138056
v 1.018696 -2.951230 15.092741
v 1.155884 -2.951230 15.229928
v 1.440652 -3.316318 16.248619
v 1.566072 -3.299411 16.083015
v 1.566072 -3.299411 16.414219
v 1.537660 -3.311367 16.151611
v 1.570580 -3.309170 16.248619
v 1.594484 -3.299411 16.248619
v 1.537660 -3.311367 16.345627
v 1.566072 -2.963186 16.414219
v 1.566072 -2.963186 16.083015
v 1.440652 -2.946279 16.248619
v 1.594484 -2.963186 16.248619
v 1.570580 -2.953426 16.248619
v 1.537660 -2.951230 16.151611
v 1.537660 -2.951230 16.345627
v 1.224481 -3.299411 17.238899
v 0.990285 -3.299411 17.473095
v 1.018697 -3.316318 17.267311
v 1.127473 -3.299411 17.376087
v 1.110569 -3.309170 17.359184
v 1.018697 -3.311367 17.404499
v 1.155885 -3.311367 17.267311
v 0.990285 -2.963187 17.473097
v 1.224481 -2.963187 17.238899
v 1.018697 -2.946279 17.267313
v 1.127473 -2.963187 17.376087
v 1.110569 -2.953427 17.359184
v 1.155885 -2.951230 17.267311
v 1.018697 -2.951230 17.404501
v -0.577935 -3.299411 17.643892
v -0.509339 -3.316318 17.478289
v -0.557843 -3.311367 17.595388
v -0.509339 -2.946279 17.478289
v -0.577935 -2.963187 17.643892
v -0.557843 -2.951230 17.595388
v 0.165609 -3.131298 17.814690
v -0.165599 -3.131298 17.814690
v 0.000005 -3.131298 17.843102
v 0.165609 -3.051754 17.426657
v -0.165599 -3.051754 17.426657
v 0.000005 -3.051754 17.455069
v -0.990275 -3.131298 17.473097
v -1.224471 -3.131298 17.238901
v -1.127463 -3.131298 17.376089
v -0.950092 -3.051754 16.964520
v -0.715896 -3.051754 17.198717
v -0.853084 -3.051754 17.101707
v -1.229664 -3.316318 16.757965
v -1.395268 -3.299411 16.826561
v -1.346764 -3.311367 16.806469
v -1.395268 -2.963187 16.826561
v -1.229664 -2.946279 16.757965
v -1.346764 -2.951230 16.806469
v -1.566064 -3.131298 16.414221
v -1.566064 -3.131298 16.083015
v -1.594476 -3.131298 16.248621
v -1.178032 -3.051754 16.083015
v -1.178032 -3.051754 16.414221
v -1.206448 -3.051754 16.248621
v -1.229664 -3.316318 15.739273
v -1.395268 -3.299410 15.670681
v -1.346764 -3.311366 15.690768
v -1.229664 -2.946279 15.739273
v -1.395268 -2.963186 15.670681
v -1.346764 -2.951230 15.690768
v -1.224472 -3.131298 15.258341
v -0.990276 -3.131298 15.024145
v -1.127464 -3.131298 15.121153
v -0.715896 -3.051754 15.298525
v -0.950092 -3.051754 15.532721
v -0.853084 -3.051754 15.395529
v -0.509340 -3.316318 15.018949
v -0.577936 -3.299410 14.853349
v -0.557844 -3.311366 14.901853
v -0.577936 -2.963186 14.853349
v -0.509340 -2.946278 15.018949
v -0.557844 -2.951230 14.901853
v -0.165600 -3.131298 14.682552
v 0.165608 -3.131298 14.682552
v 0.000004 -3.131298 14.654140
v 0.165608 -3.051754 15.070580
v -0.165600 -3.051754 15.070580
v 0.000004 -3.051754 15.042169
v 0.509348 -3.316318 15.018949
v 0.577944 -3.299410 14.853349
v 0.557852 -3.311366 14.901853
v 0.577944 -2.963186 14.853349
v 0.509348 -2.946278 15.018949
v 0.557852 -2.951230 14.901853
v 0.715904 -3.051754 15.298525
v 0.950100 -3.051754 15.532721
v 0.853092 -3.051754 15.395529
v 0.990284 -3.131298 15.024145
v 1.224480 -3.131298 15.258340
v 1.127472 -3.131298 15.121152
v 1.229672 -3.316318 15.739272
v 1.395276 -3.299410 15.670680
v 1.346772 -3.311366 15.690767
v 1.229672 -2.946279 15.739272
v 1.395276 -2.963186 15.670680
v 1.346772 -2.951230 15.690767
v 1.566072 -3.131298 16.083015
v 1.566072 -3.131298 16.414219
v 1.594484 -3.131298 16.248619
v 1.178040 -3.051754 16.083015
v 1.178040 -3.051754 16.414219
v 1.206456 -3.051754 16.248619
v 1.395276 -3.299411 16.826561
v 1.229672 -3.316318 16.757965
v 1.346772 -3.311367 16.806469
v 1.395276 -2.963187 16.826561
v 1.229672 -2.946279 16.757965
v 1.346772 -2.951230 16.806469
v 1.224481 -3.131298 17.238899
v 0.990285 -3.131298 17.473097
v 1.127473 -3.131298 17.376087
v 0.950100 -3.051754 16.964520
v 0.715904 -3.051754 17.198717
v 0.853092 -3.051754 17.101707
v 0.509349 -3.316318 17.478289
v 0.577945 -3.299411 17.643892
v 0.557853 -3.311367 17.595388
v 0.509349 -2.946279 17.478289
v 0.577945 -2.963187 17.643892
v 0.557853 -2.951230 17.595388
v 0.715904 -2.963187 17.198717
v 1.018697 -2.946279 17.267313
v 0.950100 -2.963187 16.964520
v 0.853092 -2.951230 17.198717
v 0.885824 -2.953427 17.134441
v 0.950100 -2.951230 17.101707
v 0.853092 -2.963187 17.101707
v 0.577944 -2.963187 17.255859
v 0.577945 -2.946279 17.449877
v 0.577945 -2.951230 17.312689
v 0.509349 -2.946279 17.478289
v 0.440757 -2.963187 17.312689
v 0.460849 -2.951230 17.361193
v 0.303565 -2.963187 17.369513
v 0.440757 -2.946279 17.506701
v 0.343749 -2.951230 17.409693
v -0.165599 -2.963187 17.426657
v 0.000005 -2.946279 17.689270
v 0.165609 -2.963187 17.426657
v -0.068591 -2.951230 17.523664
v 0.000005 -2.953427 17.501362
v 0.068601 -2.951230 17.523664
v 0.000005 -2.963187 17.455069
v 0.303565 -3.299411 17.369513
v 0.440757 -3.316318 17.506701
v 0.343749 -3.311367 17.409693
v -0.165599 -3.299411 17.426657
v 0.165609 -3.299411 17.426657
v 0.000005 -3.316318 17.689270
v 0.000005 -3.299411 17.455069
v 0.000005 -3.309170 17.501362
v 0.068601 -3.311367 17.523664
v -0.068591 -3.311367 17.523664
v 0.509349 -3.316318 17.478289
v 0.440757 -3.299411 17.312689
v 0.460849 -3.311367 17.361193
v 0.577944 -3.299411 17.255859
v 0.577945 -3.316318 17.449877
v 0.577945 -3.311367 17.312689
v 0.950100 -3.299411 16.964520
v 1.018697 -3.316318 17.267311
v 0.715904 -3.299411 17.198717
v 0.950100 -3.311367 17.101707
v 0.885824 -3.309170 17.134441
v 0.853092 -3.311367 17.198717
v 0.853092 -3.299411 17.101707
v 1.120896 -2.963186 16.552179
v 1.258088 -2.946279 16.689373
v 1.161080 -2.951230 16.592363
v 1.178040 -2.963186 16.414219
v 1.440652 -2.946279 16.248619
v 1.178040 -2.963186 16.083015
v 1.275048 -2.951230 16.317215
v 1.252744 -2.953426 16.248619
v 1.275048 -2.951230 16.180023
v 1.206456 -2.963186 16.248619
v 1.064072 -2.963186 16.689373
v 1.229672 -2.946279 16.757965
v 1.112576 -2.951230 16.709459
v 1.007244 -2.963187 16.826561
v 1.201260 -2.946279 16.826561
v 1.064072 -2.951230 16.826561
v 1.007244 -3.299411 16.826561
v 1.201260 -3.316318 16.826561
v 1.064072 -3.311367 16.826561
v 1.120896 -3.299411 16.552179
v 1.258088 -3.316318 16.689373
v 1.161080 -3.311367 16.592363
v 1.064072 -3.299411 16.689373
v 1.229672 -3.316318 16.757965
v 1.112576 -3.311367 16.709459
v 1.178040 -3.299411 16.414219
v 1.178040 -3.299411 16.083015
v 1.440652 -3.316318 16.248619
v 1.206456 -3.299411 16.248619
v 1.252744 -3.309170 16.248619
v 1.275048 -3.311367 16.180023
v 1.275048 -3.311367 16.317215
v 0.715904 -2.963186 15.298525
v 0.950100 -2.963186 15.532721
v 1.018696 -2.946279 15.229929
v 0.853092 -2.963186 15.395529
v 0.885824 -2.953426 15.362801
v 0.950100 -2.951230 15.395529
v 0.853092 -2.951230 15.298525
v 1.007244 -2.963186 15.670681
v 1.201260 -2.946279 15.670680
v 1.064072 -2.951230 15.670680
v 1.120896 -2.963186 15.945056
v 1.258088 -2.946279 15.807868
v 1.161080 -2.951230 15.904876
v 1.229672 -2.946279 15.739272
v 1.064072 -2.963186 15.807868
v 1.112576 -2.951230 15.787776
v 1.120896 -3.299410 15.945056
v 1.258088 -3.316318 15.807868
v 1.161080 -3.311366 15.904876
v 1.229672 -3.316318 15.739272
v 1.064072 -3.299410 15.807868
v 1.112576 -3.311366 15.787776
v 1.007244 -3.299410 15.670680
v 1.201260 -3.316318 15.670680
v 1.064072 -3.311366 15.670680
v 0.950100 -3.299410 15.532721
v 0.715904 -3.299410 15.298525
v 1.018696 -3.316318 15.229928
v 0.853092 -3.299410 15.395529
v 0.885824 -3.309170 15.362801
v 0.853092 -3.311366 15.298525
v 0.950100 -3.311366 15.395529
v 0.303564 -2.963186 15.127728
v 0.440756 -2.946278 14.990537
v 0.343748 -2.951230 15.087544
v 0.165608 -2.963186 15.070580
v 0.000004 -2.946278 14.807973
v -0.165600 -2.963186 15.070580
v 0.068600 -2.951230 14.973573
v 0.000004 -2.953426 14.995881
v -0.068592 -2.951230 14.973573
v 0.000004 -2.963186 15.042169
v 0.440756 -2.963186 15.184553
v 0.509348 -2.946278 15.018949
v 0.460848 -2.951230 15.136048
v 0.577944 -2.963186 15.241381
v 0.577944 -2.946278 15.047364
v 0.577944 -2.951230 15.184553
v 0.577944 -3.299410 15.241381
v 0.577944 -3.316318 15.047364
v 0.577944 -3.311366 15.184553
v 0.509348 -3.316318 15.018949
v 0.440756 -3.299410 15.184553
v 0.460848 -3.311366 15.136048
v 0.303564 -3.299410 15.127728
v 0.440756 -3.316318 14.990537
v 0.343748 -3.311366 15.087544
v 0.165608 -3.299410 15.070580
v -0.165600 -3.299410 15.070580
v 0.000004 -3.316318 14.807973
v 0.000004 -3.299410 15.042169
v 0.000004 -3.309170 14.995881
v -0.068592 -3.311366 14.973573
v 0.068600 -3.311366 14.973573
v -0.715896 -2.963186 15.298525
v -1.018688 -2.946279 15.229929
v -0.950092 -2.963186 15.532721
v -0.853084 -2.951230 15.298525
v -0.885816 -2.953426 15.362801
v -0.950092 -2.951230 15.395529
v -0.853084 -2.963186 15.395529
v -0.577936 -2.963186 15.241381
v -0.577936 -2.946278 15.047364
v -0.577936 -2.951230 15.184553
v -0.303556 -2.963186 15.127728
v -0.440748 -2.946278 14.990537
v -0.343740 -2.951230 15.087544
v -0.509340 -2.946278 15.018949
v -0.440748 -2.963186 15.184553
v -0.460840 -2.951230 15.136048
v -0.303556 -3.299410 15.127728
v -0.440748 -3.316318 14.990537
v -0.343740 -3.311366 15.087544
v -0.509340 -3.316318 15.018949
v -0.440748 -3.299410 15.184553
v -0.460840 -3.311366 15.136048
v -0.577936 -3.299410 15.241381
v -0.577936 -3.316318 15.047364
v -0.577936 -3.311366 15.184553
v -0.715896 -3.299410 15.298525
v -0.950092 -3.299410 15.532721
v -1.018688 -3.316318 15.229929
v -0.853084 -3.299410 15.395529
v -0.885816 -3.309170 15.362801
v -0.950092 -3.311366 15.395529
v -0.853084 -3.311366 15.298525
v -1.120888 -2.963186 15.945057
v -1.258080 -2.946279 15.807869
v -1.161072 -2.951230 15.904877
v -1.178032 -2.963186 16.083015
v -1.440644 -2.946279 16.248621
v -1.178032 -2.963186 16.414221
v -1.275040 -2.951230 16.180025
v -1.252736 -2.953426 16.248621
v -1.275040 -2.951230 16.317217
v -1.206448 -2.963186 16.248621
v -1.064064 -2.963186 15.807869
v -1.229664 -2.946279 15.739273
v -1.112568 -2.951230 15.787777
v -1.007236 -2.963186 15.670681
v -1.201252 -2.946279 15.670681
v -1.064064 -2.951230 15.670681
v -1.007236 -3.299410 15.670681
v -1.201252 -3.316318 15.670681
v -1.064064 -3.311366 15.670681
v -1.120888 -3.299410 15.945057
v -1.258080 -3.316318 15.807869
v -1.161072 -3.311366 15.904877
v -1.229664 -3.316318 15.739273
v -1.064064 -3.299410 15.807869
v -1.112568 -3.311366 15.787777
v -1.178032 -3.299411 16.414221
v -1.440644 -3.316318 16.248621
v -1.178032 -3.299411 16.083015
v -1.275040 -3.311367 16.317217
v -1.252736 -3.309170 16.248621
v -1.275040 -3.311367 16.180025
v -1.206448 -3.299411 16.248621
v -0.950092 -2.963187 16.964520
v -1.018687 -2.946279 17.267313
v -0.715896 -2.963187 17.198717
v -0.950092 -2.951230 17.101707
v -0.885816 -2.953427 17.134441
v -0.853084 -2.951230 17.198717
v -0.853084 -2.963187 17.101707
v -1.007236 -2.963187 16.826561
v -1.201252 -2.946279 16.826561
v -1.064064 -2.951230 16.826561
v -1.120888 -2.963186 16.552181
v -1.258080 -2.946279 16.689373
v -1.161072 -2.951230 16.592365
v -1.229664 -2.946279 16.757965
v -1.064064 -2.963186 16.689373
v -1.112568 -2.951230 16.709461
v -1.120888 -3.299411 16.552181
v -1.258080 -3.316318 16.689373
v -1.161072 -3.311367 16.592365
v -1.229664 -3.316318 16.757965
v -1.064064 -3.299411 16.689373
v -1.112568 -3.311367 16.709461
v -1.007236 -3.299411 16.826561
v -1.201252 -3.316318 16.826561
v -1.064064 -3.311367 16.826561
v -0.950092 -3.299411 16.964520
v -0.715896 -3.299411 17.198717
v -1.018687 -3.316318 17.267313
v -0.853084 -3.299411 17.101707
v -0.885816 -3.309170 17.134441
v -0.853084 -3.311367 17.198717
v -0.950092 -3.311367 17.101707
v -0.303555 -2.963187 17.369513
v -0.440747 -2.946279 17.506701
v -0.343739 -2.951230 17.409693
v -0.509339 -2.946279 17.478289
v -0.440747 -2.963187 17.312689
v -0.460839 -2.951230 17.361193
v -0.577935 -2.946279 17.449877
v -0.577936 -2.963187 17.255859
v -0.577935 -2.951230 17.312689
v -0.577936 -3.299411 17.255859
v -0.577935 -3.316318 17.449877
v -0.577935 -3.311367 17.312689
v -0.303555 -3.299411 17.369513
v -0.440747 -3.316318 17.506701
v -0.343739 -3.311367 17.409693
v -0.509339 -3.316318 17.478289
v -0.440747 -3.299411 17.312689
v -0.460839 -3.311367 17.361193
vn -0.3279 -0.0000 0.9447
vn -0.0000 -0.0000 1.0000
vn -0.3280 -0.0000 0.9447
vn 0.9735 -0.0000 0.2287
vn 0.3827 -0.0000 0.9239
vn -0.5489 -0.0000 0.8359
vn -0.8581 -0.0000 0.5135
vn -0.9239 -0.0000 -0.3827
vn 1.0000 -0.0000 -0.0000
vn 0.3827 -0.0000 -0.9239
vn 0.9568 -0.0000 -0.2909
vn -0.3827 -0.0000 -0.9239
vn -0.0000 -1.0000 -0.0000
vn 0.2160 0.8255 -0.5214
vn 0.5214 0.8255 -0.2160
vn 0.4461 0.7195 0.5323
vn 0.4462 0.7195 0.5322
vn -0.0000 1.0000 -0.0000
vn -0.0000 -0.0000 -1.0000
vn -0.5214 0.8255 -0.2160
vn -0.8176 0.2818 0.5022
vn -0.4308 -0.0000 0.9025
vn -0.5214 0.8255 0.2160
vn -0.5139 0.4726 0.7159
vn 0.4308 -0.0000 0.9025
vn -0.2160 0.8255 0.5214
vn -0.0001 1.0000 -0.0000
vn 0.2160 0.8255 0.5214
vn 0.8711 0.4604 0.1711
vn 0.5214 0.8255 0.2160
vn 0.9411 0.1895 -0.2799
vn -0.2160 0.8255 -0.5214
vn 0.2587 0.1668 -0.9514
vn -0.0000 0.5390 -0.8423
vn -0.2587 0.1668 -0.9514
vn 0.6240 0.5389 -0.5659
vn 0.5226 0.1568 -0.8381
vn 0.8850 0.1568 -0.4385
vn 0.6414 0.5399 0.5451
vn 0.9029 0.1509 0.4025
vn 0.5429 0.1509 0.8262
vn -0.0791 0.5405 0.8376
vn 0.1912 0.1486 0.9702
vn -0.3695 0.1486 0.9173
vn -0.8397 0.5396 0.0616
vn -0.9263 0.1522 0.3447
vn -0.9667 0.1522 -0.2057
vn -0.5873 0.5569 -0.5873
vn -0.8312 0.1100 -0.5450
vn -0.5450 0.1100 -0.8312
vn 0.0921 0.1984 -0.9758
vn -0.0921 0.1984 -0.9758
vn -0.0000 0.5297 -0.8482
vn 0.6409 0.2048 -0.7398
vn 0.6285 0.5399 -0.5600
vn 0.7691 0.2040 -0.6058
vn 0.7430 0.1941 0.6405
vn 0.5736 0.5202 0.6327
vn 0.6117 0.1933 0.7671
vn 0.1074 0.1940 0.9751
vn 0.0358 0.5216 0.8524
vn -0.0753 0.1947 0.9780
vn -0.9728 0.2030 0.1115
vn -0.8418 0.5383 0.0405
vn -0.9763 0.2037 -0.0737
vn -0.7551 0.1984 -0.6249
vn -0.5997 0.5297 -0.5997
vn -0.6249 0.1984 -0.7551
vn 0.3736 0.1883 -0.9083
vn 0.2870 0.6571 -0.6970
vn 0.3308 -0.5026 -0.7987
vn 0.1988 -0.8546 -0.4798
vn 0.8636 -0.1200 -0.4896
vn 0.5714 -0.1200 -0.8118
vn 0.9401 0.1719 -0.2943
vn 0.7062 0.6727 -0.2208
vn 0.7987 -0.5026 -0.3308
vn 0.4798 -0.8546 -0.1988
vn 0.9582 0.1699 0.2302
vn 0.7170 0.6754 0.1721
vn 0.7987 -0.5026 0.3308
vn 0.4798 -0.8545 0.1988
vn 0.5892 -0.1008 0.8017
vn 0.8862 -0.1008 0.4522
vn 0.3770 0.1796 0.9086
vn 0.2857 0.6664 0.6887
vn 0.3308 -0.5026 0.7987
vn 0.1988 -0.8545 0.4798
vn -0.3244 -0.0933 0.9413
vn 0.1423 -0.0933 0.9854
vn -0.5370 0.1691 0.8264
vn -0.4014 0.6764 0.6176
vn -0.3308 -0.5026 0.7987
vn -0.1988 -0.8545 0.4798
vn -0.8490 0.1703 0.5001
vn -0.6358 0.6747 0.3748
vn -0.7987 -0.5026 0.3308
vn -0.4798 -0.8545 0.1988
vn -0.9823 -0.1053 -0.1550
vn -0.9491 -0.1053 0.2968
vn -0.9130 0.1710 -0.3703
vn -0.6829 0.6755 -0.2779
vn -0.7987 -0.5026 -0.3308
vn -0.4798 -0.8546 -0.1988
vn -0.5774 -0.0000 -0.8165
vn -0.8165 -0.0000 -0.5774
vn -0.3667 0.1763 -0.9135
vn -0.2779 0.6699 -0.6884
vn -0.3308 -0.5026 -0.7987
vn -0.1988 -0.8545 -0.4798
vn -0.2005 -0.1511 -0.9680
vn 0.2005 -0.1511 -0.9680
vn -0.1691 -0.0000 -0.9856
vn 0.1691 -0.0000 -0.9856
vn 0.8299 0.1664 -0.5325
vn 0.5890 0.0451 -0.8069
vn 0.8560 -0.0000 -0.5170
vn 0.5979 -0.0000 -0.8016
vn 0.5857 0.1144 0.8024
vn 0.5055 0.7850 0.3582
vn 0.6109 -0.0000 0.7917
vn 0.8799 -0.0000 0.4752
vn -0.1216 0.7656 0.6318
vn 0.1496 0.1271 0.9805
vn -0.3051 -0.0000 0.9523
vn 0.1214 -0.0000 0.9926
vn -0.9867 0.0691 -0.1472
vn -0.9381 0.2627 0.2257
vn -0.9913 -0.0000 -0.1317
vn -0.9614 -0.0000 0.2751
vn -0.3337 0.4897 -0.8055
vn -0.3789 0.1399 -0.9148
vn -0.3795 -0.1281 -0.9163
vn -0.3455 0.4299 -0.8341
vn -0.8055 0.4897 -0.3337
vn -0.9148 0.1399 -0.3789
vn -0.9163 -0.1281 -0.3795
vn -0.8341 0.4299 -0.3455
vn -0.7644 0.5516 0.3339
vn -0.8617 0.2326 0.4510
vn -0.9163 -0.1281 0.3795
vn -0.8342 0.4299 0.3455
vn -0.3438 0.5513 0.7601
vn -0.4860 0.2426 0.8396
vn -0.3795 -0.1281 0.9163
vn -0.3455 0.4299 0.8342
vn 0.3337 0.4897 0.8055
vn 0.3789 0.1399 0.9148
vn 0.3795 -0.1281 0.9163
vn 0.3455 0.4299 0.8342
vn 0.7854 0.5419 0.2992
vn 0.9368 0.2295 0.2641
vn 0.9163 -0.1281 0.3795
vn 0.8342 0.4299 0.3455
vn 0.7826 0.5379 -0.3133
vn 0.9244 0.2075 -0.3201
vn 0.9163 -0.1281 -0.3795
vn 0.8341 0.4299 -0.3455
vn 0.3337 0.4897 -0.8055
vn 0.3789 0.1399 -0.9148
vn 0.3795 -0.1281 -0.9163
vn 0.3455 0.4299 -0.8342
vn -1.0000 -0.0000 -0.0000
vn -0.0000 -0.8721 0.4893
vn -0.0000 0.8721 -0.4893
vn -0.0000 -0.8858 0.4641
vn 0.9896 -0.1029 0.1006
vn -0.0000 0.8858 -0.4641
vn -0.9896 -0.1029 0.1006
vn -0.0000 -0.9335 0.3585
vn -0.0000 -0.1365 -0.9906
vn -0.9906 -0.1365 -0.0000
vn 0.9906 -0.1365 -0.0000
vn -0.0000 -0.1365 0.9906
vn 0.3471 -0.8813 -0.3208
vn 0.3367 -0.3204 -0.8854
vn 0.8968 -0.3105 -0.3153
vn 0.3369 0.3185 -0.8860
vn 0.3577 0.8820 -0.3066
vn 0.8952 0.3152 -0.3152
vn -0.3471 -0.8813 -0.3208
vn -0.8968 -0.3105 -0.3153
vn -0.3367 -0.3204 -0.8854
vn -0.3428 0.8825 -0.3220
vn -0.3343 0.3211 -0.8861
vn -0.8951 0.3131 -0.3174
vn 0.6505 -0.5197 0.5539
vn 0.2178 -0.3287 0.9190
vn 0.2174 -0.7826 0.5834
vn 0.9082 -0.0677 0.4131
vn 0.3414 0.8381 0.4256
vn 0.3175 0.1934 0.9283
vn -0.2174 -0.7826 0.5834
vn -0.2178 -0.3287 0.9190
vn -0.6504 -0.5197 0.5539
vn -0.3325 0.8537 0.4007
vn -0.9108 -0.0973 0.4013
vn -0.3125 0.1833 0.9320
vn 0.2995 -0.9058 -0.2995
vn 0.3081 -0.4604 -0.8326
vn 0.8326 -0.4604 -0.3081
vn 0.3424 0.1623 -0.9254
vn 0.3510 0.8681 -0.3510
vn 0.9254 0.1623 -0.3424
vn 0.2995 -0.9058 0.2995
vn 0.8326 -0.4604 0.3081
vn 0.3081 -0.4603 0.8326
vn 0.3510 0.8681 0.3510
vn 0.3424 0.1623 0.9254
vn 0.9254 0.1623 0.3424
vn -0.2995 -0.9058 -0.2995
vn -0.8326 -0.4604 -0.3081
vn -0.3081 -0.4604 -0.8326
vn -0.3510 0.8681 -0.3510
vn -0.3424 0.1623 -0.9254
vn -0.9254 0.1623 -0.3424
vn -0.2995 -0.9058 0.2995
vn -0.3081 -0.4604 0.8326
vn -0.8326 -0.4603 0.3081
vn -0.3510 0.8681 0.3510
vn -0.9254 0.1623 0.3424
vn -0.3424 0.1623 0.9254
vn 0.4060 -0.9139 0.0001
vn 0.9327 -0.3606 -0.0000
vn 0.9239 -0.0000 -0.3827
vn 0.4082 0.9129 -0.0006
vn 0.9303 0.3668 -0.0002
vn -0.4060 -0.9139 0.0001
vn -0.9327 -0.3606 -0.0000
vn -0.4016 0.9158 -0.0000
vn -0.9311 0.3646 -0.0000
vn -0.0000 -0.9239 -0.3827
vn -0.0000 -0.3827 -0.9239
vn -0.0007 0.9266 -0.3759
vn -0.0003 0.3799 -0.9250
vn -0.9128 0.3562 -0.1998
vn -0.9148 0.3570 -0.1888
vn -0.9131 0.3563 -0.1982
vn -0.3581 0.8143 -0.4569
vn 0.9148 0.3570 -0.1888
vn 0.9128 0.3562 -0.1998
vn 0.9131 0.3563 -0.1982
vn 0.3581 0.8143 -0.4569
vn 0.3625 -0.8127 0.4561
vn 0.9173 -0.3521 0.1862
vn 0.9149 -0.3519 0.1977
vn 0.9153 -0.3519 0.1960
vn -0.3625 -0.8127 0.4561
vn -0.9149 -0.3519 0.1977
vn -0.9173 -0.3521 0.1862
vn -0.9153 -0.3519 0.1960
vn -0.9151 0.3572 -0.1872
vn -0.3629 0.8254 -0.4325
vn 0.9151 0.3572 -0.1872
vn 0.3629 0.8254 -0.4325
vn 0.3682 -0.8235 0.4315
vn 0.9176 -0.3521 0.1845
vn -0.3682 -0.8235 0.4315
vn -0.9176 -0.3521 0.1845
vn 0.3269 -0.1401 0.9346
vn 0.8067 -0.3062 0.5055
vn -0.0000 -0.7703 0.6376
vn -0.0000 -0.3191 0.9477
vn -0.0004 0.9222 0.3868
vn -0.0002 0.3844 0.9232
vn -0.8039 -0.3033 0.5117
vn -0.3303 -0.1405 0.9334
vn -0.3332 -0.8618 0.3823
vn -0.8095 -0.5025 0.3036
vn -0.4079 0.9130 0.0004
vn -0.9844 0.1746 0.0204
vn 0.8095 -0.5025 0.3036
vn 0.3332 -0.8618 0.3823
vn 0.9812 0.1920 0.0213
vn 0.4179 0.9085 0.0011
vn 0.3612 -0.9325 -0.0000
vn 0.8750 -0.4841 -0.0000
vn 0.3796 -0.1774 -0.9080
vn 0.9080 -0.1774 -0.3796
vn 0.3979 0.9174 -0.0000
vn 0.9636 0.2675 -0.0000
vn 0.3795 -0.1774 0.9080
vn 0.9080 -0.1774 0.3796
vn -0.0000 -0.9325 0.3612
vn -0.0000 -0.4841 0.8750
vn -0.0000 0.9174 0.3979
vn -0.0000 0.2674 0.9636
vn -0.9080 -0.1774 0.3796
vn -0.3796 -0.1774 0.9080
vn -0.3612 -0.9325 -0.0000
vn -0.8750 -0.4841 -0.0000
vn -0.3979 0.9174 -0.0000
vn -0.9636 0.2675 -0.0000
vn -0.3796 -0.1774 -0.9080
vn -0.9080 -0.1774 -0.3796
vn -0.0000 -0.9325 -0.3612
vn -0.0000 -0.4841 -0.8750
vn -0.0000 0.9174 -0.3979
vn -0.0000 0.2675 -0.9636
vn -0.3827 -0.0000 0.9239
vn 0.9239 -0.0000 0.3827
vn -0.9239 -0.0000 0.3827
vn -0.0000 -0.9285 0.3714
vn -1.0000 -0.0000 0.0001
vn 0.0253 -0.9997 -0.0000
vn -0.0000 1.0000 0.0001
vn -0.0000 -1.0000 -0.0001
vn 0.1854 -0.9827 -0.0000
vn -0.0000 1.0000 -0.0001
vn -0.0000 -0.7474 0.6644
vn 0.1072 -0.9942 -0.0000
vn 0.1072 -0.9942 -0.0001
vn 0.1073 -0.9942 -0.0001
vn -0.0248 -0.9963 0.0818
vn 1.0000 -0.0000 0.0001
vn -0.0000 -0.9861 0.1661
vn -0.0000 -1.0000 0.0001
vn -0.0000 -0.9996 0.0279
vn -0.0000 0.9959 0.0905
vn -0.0000 0.9993 -0.0370
vn -0.3959 0.9183 -0.0000
vn -0.3530 -0.9356 -0.0000
vn -0.0000 -0.9985 -0.0551
vn -0.1553 -0.9879 -0.0000
vn -0.1552 -0.9879 -0.0000
vn -0.0001 -1.0000 -0.0000
vn -1.0000 -0.0001 -0.0000
vn 0.0236 -0.9997 -0.0000
vn -0.0000 -1.0000 -0.0002
vn 0.0644 -0.9487 0.3095
vn -0.0644 -0.9487 0.3095
vn -0.0000 -0.9985 0.0549
vn -0.0643 0.9487 0.3095
vn 0.0643 0.9487 0.3095
vn -0.0000 0.9985 0.0549
vn -0.1733 -0.9487 0.2643
vn -0.2643 -0.9487 0.1733
vn -0.0388 -0.9985 0.0388
vn -0.2643 0.9487 0.1733
vn -0.1733 0.9487 0.2643
vn -0.0388 0.9985 0.0388
vn -0.3095 -0.9487 0.0644
vn -0.3095 -0.9487 -0.0644
vn -0.0549 -0.9985 -0.0000
vn -0.3095 0.9487 -0.0643
vn -0.3095 0.9487 0.0643
vn -0.0549 0.9985 -0.0000
vn -0.2643 -0.9487 -0.1733
vn -0.1733 -0.9487 -0.2643
vn -0.0388 -0.9985 -0.0388
vn -0.1733 0.9487 -0.2643
vn -0.2643 0.9487 -0.1733
vn -0.0388 0.9985 -0.0388
vn -0.0644 -0.9487 -0.3095
vn 0.0644 -0.9487 -0.3095
vn -0.0000 -0.9985 -0.0549
vn 0.0643 0.9487 -0.3095
vn -0.0643 0.9487 -0.3095
vn -0.0000 0.9985 -0.0549
vn 0.1733 -0.9487 -0.2643
vn 0.2643 -0.9487 -0.1733
vn 0.0388 -0.9985 -0.0388
vn 0.2643 0.9487 -0.1733
vn 0.1733 0.9487 -0.2643
vn 0.0388 0.9985 -0.0388
vn 0.3095 -0.9487 -0.0644
vn 0.3095 -0.9487 0.0644
vn 0.0549 -0.9985 -0.0000
vn 0.3095 0.9487 0.0643
vn 0.3095 0.9487 -0.0643
vn 0.0549 0.9985 -0.0000
vn 0.2643 -0.9487 0.1733
vn 0.1733 -0.9487 0.2643
vn 0.0388 -0.9985 0.0388
vn 0.1733 0.9487 0.2643
vn 0.2643 0.9487 0.1733
vn 0.0388 0.9985 0.0388
vn -0.0643 -0.9487 0.3094
vn 0.0643 -0.9487 0.3094
vn -0.3094 -0.9487 0.0643
vn -0.3094 -0.9487 -0.0643
vn -0.0643 -0.9487 -0.3095
vn 0.0643 -0.9487 -0.3094
vn -0.0643 0.9487 -0.3094
vn 0.3094 -0.9487 -0.0643
vn 0.3094 -0.9487 0.0643
vn -0.1027 0.9872 -0.1217
vn -0.0269 0.9993 -0.0269
vn -0.1217 0.9872 -0.1027
vn 0.0134 0.9872 -0.1587
vn -0.0000 0.9993 -0.0380
vn -0.0134 0.9872 -0.1587
vn 0.0134 -0.9872 -0.1587
vn -0.0134 -0.9872 -0.1587
vn -0.0000 -0.9993 -0.0380
vn -0.1217 -0.9872 -0.1027
vn -0.0269 -0.9993 -0.0269
vn -0.1027 -0.9872 -0.1217
vn -0.1587 0.9872 -0.0134
vn -0.0380 0.9993 -0.0000
vn -0.1587 0.9872 0.0134
vn -0.1587 -0.9872 -0.0134
vn -0.1587 -0.9872 0.0134
vn -0.0380 -0.9993 -0.0000
vn -0.1027 0.9872 0.1217
vn -0.1217 0.9872 0.1027
vn -0.0269 0.9993 0.0269
vn -0.1217 -0.9872 0.1027
vn -0.1027 -0.9872 0.1217
vn -0.0269 -0.9993 0.0269
vn -0.0134 0.9872 0.1587
vn -0.0000 0.9993 0.0380
vn 0.0134 0.9872 0.1587
vn -0.0134 -0.9872 0.1587
vn 0.0134 -0.9872 0.1587
vn -0.0000 -0.9993 0.0380
vn 0.1027 0.9872 0.1217
vn 0.0269 0.9993 0.0269
vn 0.1217 0.9872 0.1027
vn 0.1027 -0.9872 0.1217
vn 0.1217 -0.9872 0.1027
vn 0.0269 -0.9993 0.0269
vn 0.1587 0.9872 0.0134
vn 0.0380 0.9993 -0.0000
vn 0.1587 0.9872 -0.0134
vn 0.1587 -0.9872 -0.0134
vn 0.0380 -0.9993 -0.0000
vn 0.1587 -0.9872 0.0134
vn 0.1217 0.9872 -0.1027
vn 0.0269 0.9993 -0.0269
vn 0.1027 0.9872 -0.1217
vn 0.1217 -0.9872 -0.1027
vn 0.1027 -0.9872 -0.1217
vn 0.0269 -0.9993 -0.0269
vn -0.0850 -0.9750 0.2051
vn -0.0149 -0.9992 0.0361
vn -0.0850 0.9750 0.2051
vn -0.0149 0.9992 0.0360
vn 0.1691 -0.0000 0.9856
vn -0.1691 -0.0000 0.9856
vn -0.8165 -0.0000 0.5774
vn -0.5774 -0.0000 0.8165
vn -0.2051 -0.9750 0.0850
vn -0.0361 -0.9992 0.0149
vn -0.2051 0.9750 0.0850
vn -0.0360 0.9992 0.0149
vn -0.9856 -0.0000 -0.1691
vn -0.9856 -0.0000 0.1691
vn -0.2051 -0.9750 -0.0850
vn -0.0361 -0.9992 -0.0149
vn -0.2051 0.9750 -0.0850
vn -0.2052 0.9750 -0.0850
vn -0.0360 0.9992 -0.0149
vn -0.0850 -0.9750 -0.2051
vn -0.0149 -0.9992 -0.0361
vn -0.0850 0.9750 -0.2051
vn -0.0149 0.9992 -0.0360
vn 0.0850 -0.9750 -0.2051
vn 0.0149 -0.9992 -0.0361
vn 0.0850 0.9750 -0.2051
vn 0.0149 0.9992 -0.0360
vn 0.8165 -0.0000 -0.5774
vn 0.5774 -0.0000 -0.8165
vn 0.2051 -0.9750 -0.0850
vn 0.0361 -0.9992 -0.0149
vn 0.2051 0.9750 -0.0850
vn 0.0360 0.9992 -0.0149
vn 0.9856 -0.0000 0.1691
vn 0.9856 -0.0000 -0.1691
vn 0.2051 -0.9750 0.0850
vn 0.0361 -0.9992 0.0149
vn 0.2051 0.9750 0.0850
vn 0.0360 0.9992 0.0149
vn 0.5774 -0.0000 0.8165
vn 0.8165 -0.0000 0.5774
vn 0.0850 -0.9750 0.2051
vn 0.0149 -0.9992 0.0361
vn 0.0850 0.9750 0.2051
vn 0.0149 0.9992 0.0360
vn 0.0361 0.9992 -0.0149
vn -0.0850 -0.9750 -0.2052
vn -0.0850 0.9750 -0.2052
vn -0.0149 0.9992 -0.0361
vn -0.0361 0.9992 -0.0149
vn -0.8165 -0.0000 0.5773
vn -0.5773 -0.0000 0.8165
vn -0.0361 0.9992 0.0149
vn -0.0149 0.9992 0.0361
vn 0.0149 0.9992 0.0361
vn 0.0850 0.9750 0.2052
vn 0.0361 0.9992 0.0149
vn 0.2052 0.9750 -0.0850
vn 0.0850 0.9750 -0.2052
vn 0.0149 0.9992 -0.0361
vn -0.0850 0.9750 0.2052
vn -0.2052 0.9750 0.0850
vn 0.2052 0.9750 0.0850
vn 0.8165 -0.0000 0.5773
vn 0.5773 -0.0000 0.8165
vn 0.0979 -0.0000 -0.9952
vn 0.2904 -0.0000 -0.9569
vn 0.4713 -0.0000 -0.8820
vn 0.6344 -0.0000 -0.7730
vn 0.7730 -0.0000 -0.6345
vn 0.8819 -0.0000 -0.4713
vn 0.9569 -0.0000 -0.2903
vn 0.9952 -0.0000 -0.0979
vn 0.9952 -0.0000 0.0979
vn 0.9569 -0.0000 0.2903
vn 0.8819 -0.0000 0.4713
vn 0.7730 -0.0000 0.6344
vn 0.6344 -0.0000 0.7730
vn 0.4713 -0.0000 0.8820
vn 0.2903 -0.0000 0.9569
vn 0.0980 -0.0000 0.9952
vn -0.0980 -0.0000 0.9952
vn -0.2903 -0.0000 0.9569
vn -0.4713 -0.0000 0.8820
vn -0.6344 -0.0000 0.7730
vn -0.7730 -0.0000 0.6344
vn -0.8819 -0.0000 0.4713
vn -0.9569 -0.0000 0.2903
vn -0.9952 -0.0000 0.0979
vn -0.9952 -0.0000 -0.0979
vn -0.9569 -0.0000 -0.2903
vn -0.8819 -0.0000 -0.4713
vn -0.7730 -0.0000 -0.6345
vn -0.6344 -0.0000 -0.7730
vn -0.4713 -0.0000 -0.8820
vn -0.2904 -0.0000 -0.9569
vn -0.0979 -0.0000 -0.9952
vt 0.125000 0.977273
vt 0.000000 0.977273
vt 0.750000 0.542003
vt 0.650627 0.542003
vt 0.650627 0.545455
vt 0.750000 0.545455
vt 0.597560 0.542003
vt 0.527440 0.542003
vt 0.527440 0.545455
vt 0.597560 0.545455
vt 0.473466 0.542003
vt 0.375000 0.542003
vt 0.375000 0.545455
vt 0.473466 0.545455
vt 0.281865 0.542003
vt 0.281865 0.545455
vt 0.222560 0.542003
vt 0.152440 0.542003
vt 0.152440 0.545455
vt 0.222560 0.545455
vt 1.000000 0.977273
vt 0.875000 0.977273
vt 0.972560 0.545455
vt 0.902440 0.545455
vt 0.902440 0.590909
vt 0.972560 0.590909
vt 0.842404 0.542003
vt 0.842404 0.545455
vt 0.097560 0.542003
vt 0.027440 0.542003
vt 0.027440 0.545455
vt 0.097560 0.545455
vt 0.396978 0.396978
vt 0.457859 0.250000
vt 0.396978 0.103022
vt 0.250000 0.042142
vt 0.103022 0.103022
vt 0.042142 0.250000
vt 0.103022 0.396978
vt 0.250000 0.457858
vt 0.902440 0.636364
vt 0.972560 0.636364
vt 0.902440 0.681818
vt 0.972560 0.681818
vt 0.902440 0.727273
vt 0.972560 0.727273
vt 0.902440 0.772727
vt 0.972560 0.772727
vt 0.902440 0.818182
vt 0.972560 0.818182
vt 0.902440 0.863636
vt 0.972560 0.863636
vt 0.902439 0.867088
vt 0.972560 0.867088
vt 1.000000 0.922299
vt 0.875000 0.922299
vt 0.875000 0.941337
vt 1.000000 0.941337
vt 0.750000 0.922299
vt 0.750000 0.941337
vt 0.250000 0.977273
vt 0.281865 0.590909
vt 0.375000 0.590909
vt 0.281865 0.636364
vt 0.375000 0.636364
vt 0.281865 0.681818
vt 0.375000 0.681818
vt 0.281865 0.727273
vt 0.375000 0.727273
vt 0.281865 0.772727
vt 0.375000 0.772727
vt 0.281865 0.818182
vt 0.375000 0.818182
vt 0.281865 0.863636
vt 0.375000 0.863636
vt 0.222560 0.863636
vt 0.152440 0.863636
vt 0.152440 0.867088
vt 0.222560 0.867088
vt 0.375000 0.977273
vt 0.152440 0.590909
vt 0.222560 0.590909
vt 0.152440 0.636364
vt 0.222560 0.636364
vt 0.152440 0.681818
vt 0.222560 0.681818
vt 0.152440 0.727273
vt 0.222560 0.727273
vt 0.152440 0.772727
vt 0.222560 0.772727
vt 0.152440 0.818182
vt 0.222560 0.818182
vt 0.250000 0.922299
vt 0.125000 0.922299
vt 0.125000 0.941337
vt 0.250000 0.941337
vt 0.281068 0.871326
vt 0.375000 0.874548
vt 0.500000 0.977273
vt 0.375000 0.922299
vt 0.375000 0.941337
vt 0.473466 0.590909
vt 0.473466 0.636364
vt 0.473466 0.681818
vt 0.473466 0.727273
vt 0.473466 0.772727
vt 0.473466 0.818182
vt 0.473466 0.863636
vt 0.473386 0.867501
vt 0.625000 0.977273
vt 0.500000 0.922299
vt 0.500000 0.941337
vt 0.650627 0.590909
vt 0.750000 0.590909
vt 0.650627 0.636364
vt 0.750000 0.636364
vt 0.650627 0.681818
vt 0.750000 0.681818
vt 0.650627 0.727273
vt 0.750000 0.727273
vt 0.650627 0.772727
vt 0.750000 0.772727
vt 0.650627 0.818182
vt 0.750000 0.818182
vt 0.650627 0.863636
vt 0.750000 0.863636
vt 0.597560 0.863636
vt 0.527440 0.863636
vt 0.527440 0.867088
vt 0.597560 0.867088
vt 0.750000 0.977273
vt 0.527440 0.590909
vt 0.597560 0.590909
vt 0.527440 0.636364
vt 0.597560 0.636364
vt 0.527440 0.681818
vt 0.597560 0.681818
vt 0.527440 0.727273
vt 0.597560 0.727273
vt 0.527440 0.772727
vt 0.597560 0.772727
vt 0.527440 0.818182
vt 0.597560 0.818182
vt 0.625000 0.922299
vt 0.625000 0.941337
vt 0.650742 0.866435
vt 0.750000 0.872692
vt 0.842404 0.590909
vt 0.842404 0.636364
vt 0.842404 0.681818
vt 0.842404 0.727273
vt 0.842404 0.772727
vt 0.842404 0.818182
vt 0.842404 0.863636
vt 0.843317 0.871082
vt 0.750421 0.445306
vt 0.611295 0.387702
vt 0.554008 0.248814
vt 0.614223 0.119708
vt 0.753684 0.051420
vt 0.887499 0.106702
vt 0.939846 0.255113
vt 0.889715 0.386525
vt 0.027440 0.590909
vt 0.097560 0.590909
vt 0.027440 0.636364
vt 0.097560 0.636364
vt 0.027440 0.681818
vt 0.097560 0.681818
vt 0.027440 0.727273
vt 0.097560 0.727273
vt 0.027440 0.772727
vt 0.097560 0.772727
vt 0.027440 0.818182
vt 0.097560 0.818182
vt 0.027440 0.863636
vt 0.097560 0.863636
vt 0.027440 0.867088
vt 0.097560 0.867088
vt 0.000000 0.922299
vt 0.000000 0.941337
vt 0.972560 0.542003
vt 1.000000 0.542003
vt 0.995900 0.500000
vt 0.976579 0.500000
vt 0.781798 0.476829
vt 0.744433 0.487694
vt 0.718202 0.476829
vt 0.023421 0.500000
vt 0.000000 0.517752
vt 0.000000 0.542003
vt 0.935613 0.381303
vt 0.913111 0.422437
vt 0.887378 0.433096
vt 0.902440 0.542003
vt 0.898811 0.500000
vt 0.875000 0.517753
vt 0.875000 0.542003
vt 0.869230 0.500000
vt 0.846714 0.500000
vt 0.887026 0.066758
vt 0.922534 0.087123
vt 0.932348 0.110815
vt 0.647480 0.500000
vt 0.625000 0.517753
vt 0.625000 0.542003
vt 0.619614 0.500000
vt 0.600929 0.500000
vt 0.718258 0.023148
vt 0.757614 0.013154
vt 0.782825 0.023597
vt 0.524178 0.500000
vt 0.500000 0.517753
vt 0.500000 0.542003
vt 0.494577 0.500000
vt 0.476620 0.500000
vt 0.523501 0.282595
vt 0.513433 0.241711
vt 0.525679 0.212148
vt 0.277881 0.500000
vt 0.250000 0.517753
vt 0.250000 0.542003
vt 0.244743 0.500000
vt 0.225992 0.500000
vt 0.606636 0.430617
vt 0.578183 0.414608
vt 0.569383 0.393364
vt 0.144403 0.500000
vt 0.125000 0.517752
vt 0.125000 0.542003
vt 0.121246 0.500000
vt 0.105597 0.500000
vt 0.991770 0.909091
vt 1.000000 0.893164
vt 1.000000 0.867088
vt 0.000000 0.867088
vt 0.000000 0.909091
vt 0.008230 0.909091
vt 1.004637 0.906385
vt 1.000000 0.909091
vt 0.875000 0.868770
vt 0.875000 0.904019
vt 0.883229 0.909091
vt 0.879637 0.906385
vt 0.866227 0.909091
vt 0.625000 0.865649
vt 0.625000 0.903579
vt 0.632797 0.909091
vt 0.629394 0.906527
vt 0.616770 0.909091
vt 0.500000 0.865857
vt 0.500000 0.903608
vt 0.508230 0.909091
vt 0.504637 0.906385
vt 0.492142 0.909091
vt 0.250000 0.868492
vt 0.250000 0.903980
vt 0.258680 0.909091
vt 0.254891 0.906237
vt 0.241770 0.909091
vt 0.125000 0.867088
vt 0.125000 0.903782
vt 0.133230 0.909091
vt 0.129637 0.906385
vt 0.116770 0.909091
vt 0.875789 1.000000
vt 0.999211 1.000000
vt 0.418635 0.420149
vt 0.251071 0.489557
vt 0.875000 0.545455
vt 0.752570 0.500000
vt 0.988555 0.253489
vt 0.750789 1.000000
vt 0.874211 1.000000
vt 0.489557 0.251071
vt 0.420149 0.418635
vt 0.747979 0.500000
vt 0.988864 0.247257
vt 0.625789 1.000000
vt 0.749211 1.000000
vt 0.420149 0.081365
vt 0.489557 0.248929
vt 0.625000 0.545455
vt 0.500789 1.000000
vt 0.624211 1.000000
vt 0.251071 0.010443
vt 0.418635 0.079851
vt 0.500000 0.545455
vt 0.376781 0.500000
vt 0.582712 0.079293
vt 0.375789 1.000000
vt 0.499211 1.000000
vt 0.081365 0.079851
vt 0.248929 0.010443
vt 0.372861 0.500000
vt 0.579092 0.083198
vt 0.250789 1.000000
vt 0.374211 1.000000
vt 0.010443 0.248929
vt 0.079851 0.081365
vt 0.250000 0.545455
vt 0.125789 1.000000
vt 0.249211 1.000000
vt 0.079851 0.418635
vt 0.010443 0.251071
vt 0.125000 0.545455
vt 0.000789 1.000000
vt 0.124211 1.000000
vt 0.248929 0.489557
vt 0.081365 0.420149
vt 0.000000 0.545455
vt 1.000000 0.545455
vt 0.000000 0.590909
vt 1.000000 0.590909
vt 0.000000 0.636364
vt 1.000000 0.636364
vt 0.000000 0.681818
vt 1.000000 0.681818
vt 0.000000 0.727273
vt 1.000000 0.727273
vt 0.000000 0.772727
vt 1.000000 0.772727
vt 0.000000 0.818182
vt 1.000000 0.818182
vt 0.000000 0.863636
vt 1.000000 0.863636
vt 0.875000 0.863636
vt 0.875000 0.818182
vt 0.875000 0.772727
vt 0.875000 0.727273
vt 0.875000 0.681818
vt 0.875000 0.636364
vt 0.875000 0.590909
vt 0.625000 0.863636
vt 0.625000 0.818182
vt 0.625000 0.772727
vt 0.625000 0.727273
vt 0.625000 0.681818
vt 0.625000 0.636364
vt 0.625000 0.590909
vt 0.500000 0.863636
vt 0.500000 0.818182
vt 0.500000 0.772727
vt 0.500000 0.727273
vt 0.500000 0.681818
vt 0.500000 0.636364
vt 0.500000 0.590909
vt 0.250000 0.863636
vt 0.250000 0.818182
vt 0.250000 0.772727
vt 0.250000 0.727273
vt 0.250000 0.681818
vt 0.250000 0.636364
vt 0.250000 0.590909
vt 0.125000 0.863636
vt 0.125000 0.818182
vt 0.125000 0.772727
vt 0.125000 0.727273
vt 0.125000 0.681818
vt 0.125000 0.636364
vt 0.125000 0.590909
vt 0.125000 0.954545
vt 0.003412 0.954545
vt 0.250000 0.954545
vt 0.374548 0.909091
vt 0.375000 0.954545
vt 0.500000 0.954545
vt 0.625000 0.954545
vt 0.750769 0.909091
vt 0.750000 0.954545
vt 0.875000 0.954545
vt 0.996588 0.954545
vt 0.400000 0.775000
vt 0.600000 0.775000
vt 0.600000 0.975000
vt 0.400000 0.975000
vt 0.401928 0.500000
vt 0.598494 0.500000
vt 0.598552 0.725000
vt 0.401854 0.725000
vt 0.402058 0.500000
vt 0.598425 0.500000
vt 0.650000 0.500000
vt 0.850000 0.500000
vt 0.850000 0.725000
vt 0.650000 0.725000
vt 0.401854 0.025000
vt 0.598552 0.025000
vt 0.598494 0.250000
vt 0.401928 0.250000
vt 0.598425 0.250000
vt 0.402058 0.250000
vt 0.402074 0.500000
vt 0.598506 0.500000
vt 0.349939 0.500000
vt 0.150061 0.500000
vt 0.150068 0.500000
vt 0.349932 0.500000
vt 0.598506 0.250000
vt 0.402074 0.250000
vt 0.426543 0.288527
vt 0.573457 0.280476
vt 0.573457 0.469524
vt 0.426543 0.461473
vt 0.150081 0.500000
vt 0.349919 0.500000
vt 0.579791 0.250000
vt 0.418299 0.250000
vt 0.154733 0.529733
vt 0.345267 0.529733
vt 0.345267 0.720267
vt 0.154733 0.720267
vt 0.418299 0.500000
vt 0.579791 0.500000
vt 0.165488 0.500000
vt 0.334512 0.500000
vt 0.396337 0.777984
vt 0.603663 0.772917
vt 0.603663 0.977083
vt 0.396337 0.972016
vt 0.396337 0.527984
vt 0.603663 0.522917
vt 0.603663 0.727083
vt 0.396337 0.722016
vt 0.646539 0.521539
vt 0.853461 0.521539
vt 0.853461 0.728461
vt 0.646539 0.728461
vt 0.396337 0.027984
vt 0.603663 0.022917
vt 0.603663 0.227083
vt 0.396337 0.222016
vt 0.396337 0.277984
vt 0.603663 0.272917
vt 0.603663 0.477083
vt 0.396337 0.472016
vt 0.150058 0.725000
vt 0.150029 0.750000
vt 0.135578 0.750000
vt 0.125000 0.725000
vt 0.400927 1.000000
vt 0.385958 1.000000
vt 0.375000 0.974971
vt 0.375000 0.025000
vt 0.375000 0.010566
vt 0.400927 0.000000
vt 0.625000 0.975000
vt 0.625000 0.989434
vt 0.599276 1.000000
vt 0.875000 0.725000
vt 0.875000 0.739434
vt 0.850000 0.750000
vt 0.599276 0.000000
vt 0.614128 0.000000
vt 0.625000 0.025000
vt 0.349941 0.725000
vt 0.375000 0.725000
vt 0.378653 0.750004
vt 0.349971 0.750000
vt 0.400927 0.750000
vt 0.375000 0.775029
vt 0.650000 0.750000
vt 0.624898 0.746478
vt 0.625000 0.725000
vt 0.599276 0.750000
vt 0.625000 0.775000
vt 0.408461 0.250000
vt 0.381689 0.250000
vt 0.375000 0.250000
vt 0.375000 0.283257
vt 0.375000 0.258087
vt 0.125000 0.500000
vt 0.158257 0.500000
vt 0.625000 0.250000
vt 0.563795 0.250000
vt 0.843157 0.500000
vt 0.858563 0.500000
vt 0.875000 0.500000
vt 0.593768 0.250000
vt 0.625000 0.281843
vt 0.341743 0.500000
vt 0.374534 0.500000
vt 0.375000 0.500000
vt 0.408461 0.500000
vt 0.375000 0.466743
vt 0.625000 0.500000
vt 0.615017 0.494749
vt 0.654593 0.500000
vt 0.567793 0.500000
vt 0.625000 0.470407
vt 0.153682 0.750000
vt 0.135909 0.750000
vt 0.125000 0.721318
vt 0.394635 1.000000
vt 0.381590 1.000000
vt 0.375000 0.971318
vt 0.375000 0.028682
vt 0.375000 0.010909
vt 0.394635 0.000000
vt 0.625000 0.977500
vt 0.625000 0.989612
vt 0.601961 1.000000
vt 0.875000 0.727500
vt 0.875000 0.739612
vt 0.852500 0.750000
vt 0.601961 0.000000
vt 0.613554 0.000000
vt 0.625000 0.022500
vt 0.125000 0.528682
vt 0.125000 0.510909
vt 0.153682 0.500000
vt 0.394635 0.250000
vt 0.381590 0.250000
vt 0.375000 0.221318
vt 0.375000 0.278682
vt 0.375000 0.260909
vt 0.852500 0.500000
vt 0.864612 0.500000
vt 0.875000 0.522500
vt 0.601961 0.250000
vt 0.613554 0.250000
vt 0.625000 0.272500
vt 0.625000 0.227500
vt 0.625000 0.239612
vt 0.375000 0.721318
vt 0.377197 0.750000
vt 0.346318 0.750000
vt 0.394635 0.750000
vt 0.375000 0.778682
vt 0.647500 0.750000
vt 0.624647 0.746537
vt 0.625000 0.727500
vt 0.601961 0.750000
vt 0.625000 0.772500
vt 0.346318 0.500000
vt 0.373560 0.503636
vt 0.375000 0.528682
vt 0.394635 0.500000
vt 0.375000 0.471318
vt 0.625000 0.522500
vt 0.621185 0.500000
vt 0.647500 0.500000
vt 0.601961 0.500000
vt 0.625000 0.477500
vt 0.750000 0.250000
vt 0.750000 0.370000
vt 0.834853 0.334853
vt 0.250000 0.250000
vt 0.334853 0.334853
vt 0.250000 0.370000
vt 0.434592 0.326460
vt 0.402921 0.402921
vt 0.870000 0.250000
vt 0.370000 0.250000
vt 0.434591 0.173540
vt 0.466262 0.250000
vt 0.834853 0.165147
vt 0.334853 0.165147
vt 0.326460 0.065409
vt 0.402921 0.097079
vt 0.750000 0.130000
vt 0.250000 0.130000
vt 0.173540 0.065409
vt 0.250000 0.033738
vt 0.665147 0.165147
vt 0.165147 0.165147
vt 0.065409 0.173540
vt 0.097079 0.097079
vt 0.630000 0.250000
vt 0.130000 0.250000
vt 0.065409 0.326460
vt 0.033738 0.250000
vt 0.665147 0.334853
vt 0.165147 0.334853
vt 0.173540 0.434592
vt 0.097079 0.402921
vt 0.826460 0.434592
vt 0.902921 0.402921
vt 0.326460 0.434591
vt 0.250000 0.466262
vt 0.110076 0.750000
vt 0.110076 0.977156
vt 0.062500 0.977156
vt 0.062500 0.750000
vt 0.982091 0.522844
vt 0.982091 0.750000
vt 0.937500 0.750000
vt 0.937500 0.522844
vt 0.985076 0.750000
vt 0.985076 0.977155
vt 0.937500 0.977156
vt 0.062500 0.522844
vt 0.014924 0.750000
vt 0.014924 0.522844
vt 0.187500 0.522844
vt 0.187500 0.750000
vt 0.139924 0.750000
vt 0.139924 0.522845
vt 0.110076 0.522844
vt 0.565408 0.326460
vt 0.597079 0.402921
vt 0.235076 0.750000
vt 0.235076 0.977155
vt 0.187500 0.977156
vt 0.673540 0.434591
vt 0.139924 0.977156
vt 0.312500 0.522844
vt 0.312500 0.750000
vt 0.264924 0.750000
vt 0.264924 0.522844
vt 0.235076 0.522844
vt 0.565408 0.173540
vt 0.533738 0.250000
vt 0.360076 0.750000
vt 0.360076 0.977156
vt 0.312500 0.977156
vt 0.264924 0.977156
vt 0.437500 0.522844
vt 0.437500 0.750000
vt 0.389924 0.750000
vt 0.389924 0.522845
vt 0.360076 0.522844
vt 0.673540 0.065409
vt 0.597079 0.097079
vt 0.485076 0.750000
vt 0.485076 0.977155
vt 0.437500 0.977156
vt 0.389924 0.977156
vt 0.562500 0.522844
vt 0.562500 0.750000
vt 0.514924 0.750000
vt 0.514924 0.522844
vt 0.485076 0.522844
vt 0.826460 0.065409
vt 0.750000 0.033738
vt 0.610076 0.750000
vt 0.610076 0.977156
vt 0.562500 0.977156
vt 0.514924 0.977156
vt 0.687500 0.522844
vt 0.687500 0.750000
vt 0.639924 0.750000
vt 0.639924 0.522845
vt 0.610076 0.522844
vt 0.934591 0.173540
vt 0.902921 0.097079
vt 0.735076 0.750000
vt 0.735076 0.977155
vt 0.687500 0.977156
vt 0.639924 0.977156
vt 0.812500 0.522844
vt 0.812500 0.750000
vt 0.764924 0.750000
vt 0.764924 0.522844
vt 0.735076 0.522844
vt 0.934591 0.326460
vt 0.966262 0.250000
vt 0.860076 0.750000
vt 0.860076 0.977156
vt 0.812500 0.977156
vt 0.764924 0.977156
vt 0.889924 0.750000
vt 0.889924 0.522845
vt 0.860076 0.522844
vt 0.750000 0.466262
vt 0.014924 0.977156
vt 0.889924 0.977156
vt 0.985076 0.522844
vt 0.426368 0.334853
vt 0.430539 0.324782
vt 0.399564 0.399564
vt 0.930539 0.175218
vt 0.899564 0.100436
vt 0.926368 0.165147
vt 0.334853 0.073632
vt 0.324782 0.069461
vt 0.399564 0.100436
vt 0.185289 0.065289
vt 0.175218 0.069461
vt 0.250000 0.038485
vt 0.538485 0.250000
vt 0.569461 0.324782
vt 0.565289 0.314711
vt 0.065289 0.185289
vt 0.038485 0.250000
vt 0.069461 0.175218
vt 0.814711 0.434711
vt 0.824782 0.430539
vt 0.834853 0.426368
vt 0.250000 0.461515
vt 0.175218 0.430539
vt 0.185289 0.434711
vt 0.675218 0.430539
vt 0.750000 0.461515
vt 0.685289 0.434711
vt 0.165147 0.426368
vt 0.100436 0.399564
vt 0.073632 0.334853
vt 0.069461 0.324782
vt 0.107091 0.750000
vt 0.107091 0.977155
vt 0.892909 0.750000
vt 0.892909 0.522844
vt 0.142909 0.750000
vt 0.142909 0.522845
vt 0.107091 0.522844
vt 0.565289 0.185289
vt 0.569461 0.175218
vt 0.065289 0.314711
vt 0.267909 0.977155
vt 0.267909 0.750000
vt 0.101517 0.786322
vt 0.101517 0.750000
vt 0.062500 0.786322
vt 0.081954 0.786322
vt 0.142909 0.977155
vt 0.600436 0.399564
vt 0.665147 0.426368
vt 0.267909 0.522845
vt 0.232091 0.522844
vt 0.232091 0.750000
vt 0.600436 0.100436
vt 0.573632 0.165147
vt 0.100436 0.100436
vt 0.165147 0.073632
vt 0.357091 0.750000
vt 0.357091 0.977156
vt 0.273483 0.648436
vt 0.273483 0.750000
vt 0.312500 0.648436
vt 0.293046 0.648436
vt 0.573632 0.334853
vt 0.232091 0.977156
vt 0.073632 0.165147
vt 0.357091 0.522845
vt 0.750000 0.038485
vt 0.675218 0.069461
vt 0.685289 0.065289
vt 0.665147 0.073632
vt 0.482091 0.750000
vt 0.482091 0.977155
vt 0.351517 0.786322
vt 0.351517 0.750000
vt 0.312500 0.786322
vt 0.331954 0.786322
vt 0.392909 0.977155
vt 0.392909 0.750000
vt 0.392909 0.522845
vt 0.517909 0.750000
vt 0.517909 0.522844
vt 0.314711 0.065289
vt 0.824782 0.069461
vt 0.834853 0.073632
vt 0.814711 0.065289
vt 0.607091 0.750000
vt 0.607091 0.977156
vt 0.523483 0.648436
vt 0.523483 0.750000
vt 0.562500 0.648436
vt 0.543046 0.648436
vt 0.517909 0.977156
vt 0.482091 0.522844
vt 0.430539 0.175218
vt 0.426368 0.165147
vt 0.607091 0.522844
vt 0.434711 0.185289
vt 0.461515 0.250000
vt 0.434711 0.314711
vt 0.732091 0.750000
vt 0.732091 0.977155
vt 0.601517 0.750000
vt 0.562500 0.786322
vt 0.581954 0.786322
vt 0.601517 0.786322
vt 0.642909 0.977155
vt 0.642909 0.750000
vt 0.642909 0.522844
vt 0.767909 0.750000
vt 0.767909 0.522845
vt 0.732091 0.522844
vt 0.899564 0.399564
vt 0.930539 0.324782
vt 0.926368 0.334853
vt 0.934711 0.314711
vt 0.961515 0.250000
vt 0.857091 0.750000
vt 0.857091 0.977156
vt 0.773483 0.648436
vt 0.773483 0.750000
vt 0.812500 0.648436
vt 0.793046 0.648436
vt 0.767909 0.977156
vt 0.934711 0.185289
vt 0.857091 0.522844
vt 0.017909 0.750000
vt 0.017909 0.522845
vt 0.017909 0.977155
vt 0.982091 0.977156
vt 0.976517 0.786322
vt 0.976517 0.750000
vt 0.937500 0.786322
vt 0.956954 0.786322
vt 0.892909 0.977155
vt 0.324782 0.430539
vt 0.334853 0.426368
vt 0.314711 0.434711
vt 0.726517 0.750000
vt 0.726517 0.648436
vt 0.706954 0.648436
vt 0.687500 0.648436
vt 0.351517 0.648436
vt 0.331954 0.648436
vt 0.226517 0.786322
vt 0.226517 0.750000
vt 0.187500 0.786322
vt 0.206954 0.786322
vt 0.062500 0.648436
vt 0.101517 0.648436
vt 0.081954 0.648436
vt 0.937500 0.648436
vt 0.976517 0.648436
vt 0.956954 0.648436
vt 0.851517 0.750000
vt 0.812500 0.786322
vt 0.831954 0.786322
vt 0.851517 0.786322
vt 0.148483 0.648436
vt 0.148483 0.750000
vt 0.187500 0.648436
vt 0.168046 0.648436
vt 0.148483 0.786322
vt 0.168046 0.786322
vt 0.226517 0.648436
vt 0.206954 0.648436
vt 0.273483 0.786322
vt 0.293046 0.786322
vt 0.398483 0.648436
vt 0.398483 0.750000
vt 0.437500 0.648436
vt 0.418046 0.648436
vt 0.398483 0.786322
vt 0.418046 0.786322
vt 0.437500 0.786322
vt 0.476517 0.750000
vt 0.456954 0.786322
vt 0.476517 0.786322
vt 0.523483 0.786322
vt 0.543046 0.786322
vt 0.476517 0.648436
vt 0.456954 0.648436
vt 0.648483 0.750000
vt 0.648483 0.786322
vt 0.668046 0.786322
vt 0.687500 0.786322
vt 0.648483 0.648436
vt 0.668046 0.648436
vt 0.601517 0.648436
vt 0.581954 0.648436
vt 0.706954 0.786322
vt 0.726517 0.786322
vt 0.773483 0.786322
vt 0.793046 0.786322
vt 0.898483 0.750000
vt 0.898483 0.786322
vt 0.918046 0.786322
vt 0.898483 0.648436
vt 0.918046 0.648436
vt 0.851517 0.648436
vt 0.831954 0.648436
vt 0.023483 0.648436
vt 0.023483 0.750000
vt 0.043046 0.648436
vt 0.023483 0.786322
vt 0.043046 0.786322
vt 0.000000 0.522844
vt 0.000000 0.509655
vt 0.010553 0.500000
vt 0.989447 0.500000
vt 0.997958 0.500000
vt 1.000000 0.522844
vt 0.735673 0.484066
vt 0.747228 0.488852
vt 0.764327 0.484066
vt 1.000000 0.977156
vt 1.000000 0.990345
vt 0.989447 1.000000
vt 0.010553 1.000000
vt 0.002042 1.000000
vt 0.000000 0.977156
vt 0.264327 0.484066
vt 0.252772 0.488852
vt 0.235673 0.484066
vt 0.875000 0.522844
vt 0.875000 0.509655
vt 0.885553 0.500000
vt 0.864447 0.500000
vt 0.872958 0.500000
vt 0.905379 0.425640
vt 0.916933 0.420854
vt 0.925640 0.405379
vt 0.875000 0.977156
vt 0.875000 0.990345
vt 0.864447 1.000000
vt 0.885553 1.000000
vt 0.877042 1.000000
vt 0.425640 0.405379
vt 0.420854 0.416933
vt 0.405379 0.425640
vt 0.750000 0.522844
vt 0.750000 0.509655
vt 0.760553 0.500000
vt 0.739447 0.500000
vt 0.747958 0.500000
vt 0.984066 0.264327
vt 0.988852 0.252772
vt 0.984066 0.235673
vt 0.750000 0.977156
vt 0.750000 0.990345
vt 0.739447 1.000000
vt 0.760553 1.000000
vt 0.752042 1.000000
vt 0.484066 0.235673
vt 0.488852 0.247228
vt 0.484066 0.264327
vt 0.625000 0.522844
vt 0.625000 0.509655
vt 0.635553 0.500000
vt 0.614447 0.500000
vt 0.622958 0.500000
vt 0.925640 0.094621
vt 0.920854 0.083067
vt 0.905379 0.074360
vt 0.625000 0.977156
vt 0.625000 0.990345
vt 0.614447 1.000000
vt 0.635553 1.000000
vt 0.627042 1.000000
vt 0.405379 0.074360
vt 0.416933 0.079146
vt 0.425640 0.094621
vt 0.500000 0.522844
vt 0.500000 0.509655
vt 0.510553 0.500000
vt 0.489447 0.500000
vt 0.497958 0.500000
vt 0.764327 0.015934
vt 0.752772 0.011148
vt 0.735673 0.015934
vt 0.500000 0.977156
vt 0.500000 0.990345
vt 0.489447 1.000000
vt 0.510553 1.000000
vt 0.502042 1.000000
vt 0.235673 0.015934
vt 0.247228 0.011148
vt 0.264327 0.015934
vt 0.375000 0.522844
vt 0.375000 0.509655
vt 0.385553 0.500000
vt 0.364447 0.500000
vt 0.372958 0.500000
vt 0.594621 0.074360
vt 0.583067 0.079146
vt 0.574360 0.094621
vt 0.375000 0.977156
vt 0.375000 0.990345
vt 0.364447 1.000000
vt 0.385553 1.000000
vt 0.377042 1.000000
vt 0.074360 0.094621
vt 0.079146 0.083067
vt 0.094621 0.074360
vt 0.250000 0.522844
vt 0.250000 0.509655
vt 0.260553 0.500000
vt 0.239447 0.500000
vt 0.247958 0.500000
vt 0.515934 0.235673
vt 0.511148 0.247228
vt 0.515934 0.264327
vt 0.250000 0.977156
vt 0.250000 0.990345
vt 0.239447 1.000000
vt 0.260553 1.000000
vt 0.252042 1.000000
vt 0.015934 0.264327
vt 0.011148 0.252772
vt 0.015934 0.235673
vt 0.125000 0.522844
vt 0.125000 0.509655
vt 0.135553 0.500000
vt 0.114447 0.500000
vt 0.122958 0.500000
vt 0.574360 0.405379
vt 0.579146 0.416933
vt 0.594621 0.425640
vt 0.125000 0.977156
vt 0.125000 0.990345
vt 0.114447 1.000000
vt 0.135553 1.000000
vt 0.127042 1.000000
vt 0.094621 0.425640
vt 0.083067 0.420854
vt 0.074360 0.405379
vt 0.987337 0.500000
vt 0.997550 0.500000
vt 0.732808 0.482879
vt 0.746673 0.488622
vt 0.767192 0.482879
vt 0.012663 0.500000
vt 0.987337 1.000000
vt 0.012663 1.000000
vt 0.002450 1.000000
vt 0.267192 0.482879
vt 0.253327 0.488622
vt 0.232808 0.482879
vt 0.887663 0.500000
vt 0.862337 0.500000
vt 0.872550 0.500000
vt 0.902513 0.426827
vt 0.916379 0.421084
vt 0.926827 0.402513
vt 0.426827 0.402513
vt 0.421084 0.416379
vt 0.402513 0.426827
vt 0.862337 1.000000
vt 0.887663 1.000000
vt 0.877450 1.000000
vt 0.762663 0.500000
vt 0.737337 0.500000
vt 0.747550 0.500000
vt 0.982879 0.267192
vt 0.988622 0.253327
vt 0.982879 0.232808
vt 0.737337 1.000000
vt 0.762663 1.000000
vt 0.752450 1.000000
vt 0.482879 0.232808
vt 0.488622 0.246673
vt 0.482879 0.267192
vt 0.637663 0.500000
vt 0.612337 0.500000
vt 0.622550 0.500000
vt 0.926827 0.097487
vt 0.921084 0.083621
vt 0.902513 0.073173
vt 0.402513 0.073173
vt 0.416379 0.078916
vt 0.426827 0.097487
vt 0.612337 1.000000
vt 0.637663 1.000000
vt 0.627450 1.000000
vt 0.512663 0.500000
vt 0.487337 0.500000
vt 0.497550 0.500000
vt 0.767192 0.017121
vt 0.753327 0.011378
vt 0.732808 0.017121
vt 0.232808 0.017121
vt 0.246673 0.011378
vt 0.267192 0.017121
vt 0.487337 1.000000
vt 0.512663 1.000000
vt 0.502450 1.000000
vt 0.387663 0.500000
vt 0.362337 0.500000
vt 0.372550 0.500000
vt 0.597487 0.073173
vt 0.583621 0.078916
vt 0.573173 0.097487
vt 0.362337 1.000000
vt 0.387663 1.000000
vt 0.377450 1.000000
vt 0.073173 0.097487
vt 0.078916 0.083621
vt 0.097487 0.073173
vt 0.517121 0.232808
vt 0.511378 0.246673
vt 0.517121 0.267192
vt 0.262663 0.500000
vt 0.237337 0.500000
vt 0.247550 0.500000
vt 0.237337 1.000000
vt 0.262663 1.000000
vt 0.252450 1.000000
vt 0.017121 0.267192
vt 0.011378 0.253327
vt 0.017121 0.232808
vt 0.137663 0.500000
vt 0.112337 0.500000
vt 0.122550 0.500000
vt 0.573173 0.402513
vt 0.578916 0.416379
vt 0.597487 0.426827
vt 0.112337 1.000000
vt 0.137663 1.000000
vt 0.127450 1.000000
vt 0.097487 0.426827
vt 0.083621 0.421084
vt 0.073173 0.402513
vt 0.118122 0.793255
vt 0.125000 0.793255
vt 0.125000 0.786322
vt 0.117629 0.372300
vt 0.120578 0.379422
vt 0.127700 0.382371
vt 0.125000 0.790325
vt 0.131878 0.793255
vt 0.993122 0.793255
vt 1.000000 0.793255
vt 1.000000 0.786322
vt 0.242879 0.430080
vt 0.250000 0.433030
vt 0.257121 0.430080
vt 0.000000 0.786322
vt 0.000000 0.790325
vt 0.006878 0.793255
vt 1.000000 0.648436
vt 1.000000 0.644433
vt 0.993122 0.641503
vt 0.006878 0.641503
vt 0.000000 0.641503
vt 0.000000 0.648436
vt 0.757121 0.430080
vt 0.750000 0.433030
vt 0.742879 0.430080
vt 0.131878 0.641503
vt 0.125000 0.641503
vt 0.125000 0.648436
vt 0.627700 0.382371
vt 0.620578 0.379422
vt 0.617629 0.372300
vt 0.125000 0.644433
vt 0.118122 0.641503
vt 0.243122 0.793255
vt 0.250000 0.793255
vt 0.250000 0.786322
vt 0.069920 0.242879
vt 0.066970 0.250000
vt 0.069920 0.257121
vt 0.250000 0.790325
vt 0.256878 0.793255
vt 0.250000 0.648436
vt 0.250000 0.644433
vt 0.243122 0.641503
vt 0.256878 0.641503
vt 0.250000 0.641503
vt 0.569920 0.257121
vt 0.566970 0.250000
vt 0.569920 0.242879
vt 0.375000 0.786322
vt 0.375000 0.790325
vt 0.381878 0.793255
vt 0.368122 0.793255
vt 0.375000 0.793255
vt 0.127700 0.117629
vt 0.120578 0.120578
vt 0.117629 0.127700
vt 0.375000 0.648436
vt 0.375000 0.644433
vt 0.368122 0.641503
vt 0.381878 0.641503
vt 0.375000 0.641503
vt 0.617629 0.127700
vt 0.620578 0.120578
vt 0.627700 0.117629
vt 0.493122 0.793255
vt 0.500000 0.793255
vt 0.500000 0.786322
vt 0.257121 0.069920
vt 0.250000 0.066970
vt 0.242879 0.069920
vt 0.500000 0.790325
vt 0.506878 0.793255
vt 0.500000 0.648436
vt 0.500000 0.644433
vt 0.493122 0.641503
vt 0.506878 0.641503
vt 0.500000 0.641503
vt 0.742879 0.069920
vt 0.750000 0.066970
vt 0.757121 0.069920
vt 0.618122 0.793255
vt 0.625000 0.793255
vt 0.625000 0.786322
vt 0.382371 0.127700
vt 0.379422 0.120578
vt 0.372300 0.117629
vt 0.625000 0.790325
vt 0.631878 0.793255
vt 0.625000 0.648436
vt 0.625000 0.644433
vt 0.618122 0.641503
vt 0.631878 0.641503
vt 0.625000 0.641503
vt 0.872300 0.117629
vt 0.879422 0.120578
vt 0.882371 0.127700
vt 0.743122 0.793255
vt 0.750000 0.793255
vt 0.750000 0.786322
vt 0.430080 0.257121
vt 0.433030 0.250000
vt 0.430080 0.242879
vt 0.750000 0.790325
vt 0.756878 0.793255
vt 0.756878 0.641503
vt 0.750000 0.641503
vt 0.750000 0.648436
vt 0.930080 0.242879
vt 0.933030 0.250000
vt 0.930080 0.257121
vt 0.750000 0.644433
vt 0.743122 0.641503
vt 0.868122 0.793255
vt 0.875000 0.793255
vt 0.875000 0.786322
vt 0.372300 0.382371
vt 0.379422 0.379422
vt 0.382371 0.372300
vt 0.875000 0.790325
vt 0.881878 0.793255
vt 0.875000 0.648436
vt 0.875000 0.644433
vt 0.868122 0.641503
vt 0.881878 0.641503
vt 0.875000 0.641503
vt 0.882371 0.372300
vt 0.879422 0.379422
vt 0.872300 0.382371
vt 0.937500 0.500000
vt 0.834853 0.454853
vt 0.937500 1.000000
vt 0.334853 0.454853
vt 0.000000 0.750000
vt 1.000000 0.750000
vt 0.875000 0.750000
vt 0.812500 0.500000
vt 0.954853 0.334853
vt 0.812500 1.000000
vt 0.454853 0.334853
vt 0.750000 0.750000
vt 0.687500 0.500000
vt 0.954853 0.165147
vt 0.687500 1.000000
vt 0.454853 0.165147
vt 0.625000 0.750000
vt 0.562500 0.500000
vt 0.834853 0.045147
vt 0.562500 1.000000
vt 0.334853 0.045147
vt 0.500000 0.750000
vt 0.437500 0.500000
vt 0.665147 0.045147
vt 0.437500 1.000000
vt 0.165147 0.045147
vt 0.375000 0.750000
vt 0.312500 0.500000
vt 0.545147 0.165147
vt 0.312500 1.000000
vt 0.045147 0.165147
vt 0.250000 0.750000
vt 0.187500 0.500000
vt 0.545147 0.334853
vt 0.187500 1.000000
vt 0.045147 0.334853
vt 0.125000 0.750000
vt 0.062500 0.500000
vt 0.665147 0.454853
vt 0.062500 1.000000
vt 0.165147 0.454853
vt 0.081954 0.793255
vt 0.165147 0.397883
vt 0.045895 0.793255
vt 0.062500 0.793255
vt 0.185289 0.406226
vt 0.202482 0.413347
vt 0.085431 0.294569
vt 0.206954 0.793255
vt 0.187500 0.793255
vt 0.204105 0.793255
vt 0.086653 0.297518
vt 0.093774 0.314711
vt 0.170895 0.793255
vt 0.100896 0.331903
vt 0.187500 0.641503
vt 0.170895 0.641503
vt 0.600896 0.331903
vt 0.593774 0.314711
vt 0.331954 0.793255
vt 0.102117 0.165147
vt 0.093774 0.185289
vt 0.086653 0.202482
vt 0.295895 0.793255
vt 0.312500 0.793255
vt 0.331954 0.641503
vt 0.602117 0.165147
vt 0.205431 0.085431
vt 0.456954 0.793255
vt 0.437500 0.793255
vt 0.454105 0.793255
vt 0.202482 0.086653
vt 0.185289 0.093774
vt 0.420895 0.793255
vt 0.168097 0.100896
vt 0.581954 0.793255
vt 0.334853 0.102117
vt 0.165147 0.102117
vt 0.418046 0.793255
vt 0.312500 0.641503
vt 0.295895 0.641503
vt 0.586653 0.202482
vt 0.593774 0.185289
vt 0.581954 0.641503
vt 0.834853 0.102117
vt 0.414569 0.205431
vt 0.706954 0.793255
vt 0.687500 0.793255
vt 0.704105 0.793255
vt 0.413347 0.202482
vt 0.406226 0.185289
vt 0.670895 0.793255
vt 0.399104 0.168097
vt 0.687500 0.641503
vt 0.670895 0.641503
vt 0.899104 0.168097
vt 0.906226 0.185289
vt 0.831954 0.793255
vt 0.397883 0.334853
vt 0.406226 0.314711
vt 0.413347 0.297518
vt 0.795895 0.793255
vt 0.812500 0.793255
vt 0.812500 0.641503
vt 0.795895 0.641503
vt 0.913347 0.297518
vt 0.906226 0.314711
vt 0.831954 0.641503
vt 0.897883 0.334853
vt 0.956954 0.793255
vt 0.294569 0.414569
vt 0.937500 0.793255
vt 0.954105 0.793255
vt 0.297518 0.413347
vt 0.314711 0.406226
vt 0.334853 0.397883
vt 0.918046 0.793255
vt 0.414569 0.294569
vt 0.793046 0.793255
vt 0.794569 0.414569
vt 0.956954 0.641503
vt 0.437500 0.641503
vt 0.420895 0.641503
vt 0.668097 0.100896
vt 0.685289 0.093774
vt 0.456954 0.641503
vt 0.705431 0.085431
vt 0.085431 0.205431
vt 0.293046 0.793255
vt 0.586653 0.297518
vt 0.204105 0.641503
vt 0.314711 0.093774
vt 0.297518 0.086653
vt 0.545895 0.793255
vt 0.562500 0.793255
vt 0.397883 0.165147
vt 0.668046 0.793255
vt 0.562500 0.641503
vt 0.545895 0.641503
vt 0.797518 0.086653
vt 0.814711 0.093774
vt 0.079105 0.793255
vt 0.168097 0.399104
vt 0.043046 0.793255
vt 0.205431 0.414569
vt 0.705431 0.414569
vt 0.043046 0.641503
vt 0.062500 0.641503
vt 0.045895 0.641503
vt 0.702482 0.413347
vt 0.685289 0.406226
vt 0.079105 0.641503
vt 0.668097 0.399104
vt 0.168046 0.641503
vt 0.602117 0.334853
vt 0.206954 0.641503
vt 0.585431 0.294569
vt 0.329105 0.793255
vt 0.100896 0.168097
vt 0.293046 0.641503
vt 0.585431 0.205431
vt 0.814711 0.406226
vt 0.797518 0.413347
vt 0.954105 0.641503
vt 0.937500 0.641503
vt 0.418046 0.641503
vt 0.665147 0.102117
vt 0.454105 0.641503
vt 0.702482 0.086653
vt 0.579105 0.793255
vt 0.331903 0.100896
vt 0.543046 0.641503
vt 0.794569 0.085431
vt 0.579105 0.641503
vt 0.831903 0.100896
vt 0.668046 0.641503
vt 0.897883 0.165147
vt 0.913347 0.202482
vt 0.704105 0.641503
vt 0.706954 0.641503
vt 0.914569 0.205431
vt 0.329105 0.641503
vt 0.600896 0.168097
vt 0.829105 0.793255
vt 0.399104 0.331903
vt 0.793046 0.641503
vt 0.914569 0.294569
vt 0.829105 0.641503
vt 0.899104 0.331903
vt 0.920895 0.793255
vt 0.331903 0.399104
vt 0.918046 0.641503
vt 0.834853 0.397883
vt 0.920895 0.641503
vt 0.831903 0.399104
vt 0.102117 0.334853
vt 0.168046 0.793255
vt 0.081954 0.641503
vt 0.665147 0.397883
vt 0.294569 0.085431
vt 0.543046 0.793255
vt 1.000000 0.500000
vt 0.968750 0.500000
vt 0.968750 1.000000
vt 1.000000 1.000000
vt 0.906250 0.500000
vt 0.906250 1.000000
vt 0.875000 1.000000
vt 0.843750 0.500000
vt 0.843750 1.000000
vt 0.781250 0.500000
vt 0.781250 1.000000
vt 0.750000 0.500000
vt 0.750000 1.000000
vt 0.718750 0.500000
vt 0.718750 1.000000
vt 0.656250 0.500000
vt 0.656250 1.000000
vt 0.625000 1.000000
vt 0.593750 0.500000
vt 0.593750 1.000000
vt 0.531250 0.500000
vt 0.531250 1.000000
vt 0.500000 0.500000
vt 0.500000 1.000000
vt 0.468750 0.500000
vt 0.468750 1.000000
vt 0.406250 0.500000
vt 0.406250 1.000000
vt 0.375000 1.000000
vt 0.343750 0.500000
vt 0.343750 1.000000
vt 0.281250 0.500000
vt 0.281250 1.000000
vt 0.250000 0.500000
vt 0.250000 1.000000
vt 0.218750 0.500000
vt 0.218750 1.000000
vt 0.156250 0.500000
vt 0.156250 1.000000
vt 0.125000 1.000000
vt 0.093750 0.500000
vt 0.093750 1.000000
vt 0.296822 0.485388
vt 0.341844 0.471731
vt 0.383337 0.449553
vt 0.419706 0.419706
vt 0.449553 0.383337
vt 0.471731 0.341844
vt 0.485388 0.296822
vt 0.490000 0.250000
vt 0.485388 0.203178
vt 0.471731 0.158156
vt 0.449553 0.116663
vt 0.419706 0.080294
vt 0.383337 0.050447
vt 0.341844 0.028269
vt 0.296822 0.014612
vt 0.250000 0.010000
vt 0.203178 0.014612
vt 0.158156 0.028269
vt 0.116663 0.050447
vt 0.080294 0.080294
vt 0.050447 0.116663
vt 0.028269 0.158156
vt 0.014612 0.203178
vt 0.010000 0.250000
vt 0.014612 0.296822
vt 0.028269 0.341844
vt 0.050447 0.383337
vt 0.080294 0.419706
vt 0.116663 0.449553
vt 0.158156 0.471731
vt 0.203178 0.485388
vt 0.250000 0.490000
vt 0.031250 0.500000
vt 0.031250 1.000000
vt 0.000000 0.500000
vt 0.000000 1.000000
vt 0.750000 0.490000
vt 0.703178 0.485388
vt 0.658156 0.471731
vt 0.616663 0.449553
vt 0.580294 0.419706
vt 0.550447 0.383337
vt 0.528269 0.341844
vt 0.514612 0.296822
vt 0.510000 0.250000
vt 0.514612 0.203178
vt 0.528269 0.158156
vt 0.550447 0.116663
vt 0.580294 0.080294
vt 0.616663 0.050447
vt 0.658156 0.028269
vt 0.703178 0.014612
vt 0.750000 0.010000
vt 0.796822 0.014612
vt 0.841844 0.028269
vt 0.883337 0.050447
vt 0.919706 0.080294
vt 0.949553 0.116663
vt 0.971731 0.158156
vt 0.985388 0.203178
vt 0.990000 0.250000
vt 0.985388 0.296822
vt 0.971731 0.341844
vt 0.949553 0.383337
vt 0.919706 0.419706
vt 0.883337 0.449553
vt 0.841844 0.471731
vt 0.796822 0.485388
s 0
usemtl Material.003
f 2984/3386/1310 2832/3387/1311 2737/3387/1312 2799/3386/1311
s 1
f 2750/3388/1313 2756/3389/1313 2906/3390/1313 2720/3391/1313
f 2757/3392/1314 2766/3393/1314 2940/3394/1314 2907/3395/1314
f 2767/3396/1315 2776/3397/1315 2728/3398/1315 2941/3399/1315
f 2776/3397/1316 2782/3400/1316 2980/3401/1316 2728/3398/1316
f 2783/3402/1317 2792/3403/1317 3014/3404/1317 2981/3405/1317
s 0
f 2832/3406/1318 2836/3407/1311 2747/3407/1318 2737/3406/1311
s 1
f 2802/3408/1319 2866/3409/1319 2864/3410/1319 2805/3411/1319
f 2741/3412/1320 2750/3388/1320 2720/3391/1320 2867/3413/1320
f 2793/3414/1321 2731/3415/1321 2801/3416/1321 3015/3417/1321
f 2746/3418/1322 2752/3419/1322 2762/3420/1322 2772/3421/1322 2778/3422/1322 2788/3423/1322 2798/3424/1322 2736/3425/1322
f 2805/3411/1319 2864/3410/1319 2861/3426/1319 2808/3427/1319
f 2808/3427/1319 2861/3426/1319 2858/3428/1319 2811/3429/1319
f 2811/3429/1319 2858/3428/1319 2855/3430/1319 2814/3431/1319
f 2814/3431/1319 2855/3430/1319 2852/3432/1319 2817/3433/1319
f 2817/3433/1319 2852/3432/1319 2849/3434/1319 2820/3435/1319
f 2820/3435/1319 2849/3434/1319 2846/3436/1319 2823/3437/1319
f 2823/3437/1319 2846/3436/1319 2838/3438/1319 2825/3439/1319
f 2827/3440/1323 2839/3441/1323 2835/3442/1323 2833/3443/1323
f 2839/3441/1324 2873/3444/1324 2869/3445/1324 2835/3442/1324
s 0
f 2950/3446/1325 2984/3386/1311 2799/3386/1326 2789/3446/1311
s 1
f 2728/3398/1316 2980/3401/1316 2978/3447/1316 2727/3448/1316
f 2727/3448/1316 2978/3447/1316 2975/3449/1316 2726/3450/1316
f 2726/3450/1316 2975/3449/1316 2972/3451/1316 2725/3452/1316
f 2725/3452/1316 2972/3451/1316 2969/3453/1316 2724/3454/1316
f 2724/3454/1316 2969/3453/1316 2966/3455/1316 2723/3456/1316
f 2723/3456/1316 2966/3455/1316 2963/3457/1316 2722/3458/1316
f 2722/3458/1316 2963/3457/1316 2960/3459/1316 2721/3460/1316
f 2959/3461/1317 2994/3462/1317 2986/3463/1317 2954/3464/1317
s 0
f 2944/3465/1327 2950/3446/1328 2789/3446/1327 2779/3465/1311
s 1
f 2981/3405/1317 3014/3404/1317 3012/3466/1317 2977/3467/1317
f 2977/3467/1317 3012/3466/1317 3009/3468/1317 2974/3469/1317
f 2974/3469/1317 3009/3468/1317 3006/3470/1317 2971/3471/1317
f 2971/3471/1317 3006/3470/1317 3003/3472/1317 2968/3473/1317
f 2968/3473/1317 3003/3472/1317 3000/3474/1317 2965/3475/1317
f 2965/3475/1317 3000/3474/1317 2997/3476/1317 2962/3477/1317
f 2962/3477/1317 2997/3476/1317 2994/3462/1317 2959/3461/1317
f 2953/3478/1329 2987/3479/1329 2983/3480/1329 2949/3481/1329
f 2721/3460/1330 2960/3459/1330 2952/3482/1330 2946/3483/1330
s 0
f 2910/3484/1331 2944/3465/1311 2779/3465/1331 2773/3484/1311
s 1
f 2947/3485/1332 2953/3478/1332 2949/3481/1332 2943/3486/1332
f 2941/3399/1315 2728/3398/1315 2727/3448/1315 2937/3487/1315
f 2937/3487/1315 2727/3448/1315 2726/3450/1315 2934/3488/1315
f 2934/3488/1315 2726/3450/1315 2725/3452/1315 2931/3489/1315
f 2931/3489/1315 2725/3452/1315 2724/3454/1315 2928/3490/1315
f 2928/3490/1315 2724/3454/1315 2723/3456/1315 2925/3491/1315
f 2925/3491/1315 2723/3456/1315 2722/3458/1315 2922/3492/1315
f 2922/3492/1315 2722/3458/1315 2721/3460/1315 2919/3493/1315
f 2919/3493/1333 2721/3460/1333 2946/3483/1333 2914/3494/1333
s 0
f 2876/3495/1334 2910/3484/1311 2773/3484/1334 2763/3495/1311
s 1
f 2913/3496/1335 2947/3485/1335 2943/3486/1335 2909/3497/1335
f 2720/3391/1313 2906/3390/1313 2904/3498/1313 2719/3499/1313
f 2719/3499/1313 2904/3498/1313 2901/3500/1313 2718/3501/1313
f 2718/3501/1313 2901/3500/1313 2898/3502/1313 2717/3503/1313
f 2717/3503/1313 2898/3502/1313 2895/3504/1313 2716/3505/1313
f 2716/3505/1313 2895/3504/1313 2892/3506/1313 2715/3507/1313
f 2715/3507/1313 2892/3506/1313 2889/3508/1313 2714/3509/1313
f 2714/3509/1313 2889/3508/1313 2886/3510/1313 2713/3511/1313
f 2885/3512/1314 2920/3513/1314 2912/3514/1314 2880/3515/1314
s 0
f 2870/3516/1336 2876/3495/1311 2763/3495/1327 2753/3516/1328
s 1
f 2907/3395/1314 2940/3394/1314 2938/3517/1314 2903/3518/1314
f 2903/3518/1314 2938/3517/1314 2935/3519/1314 2900/3520/1314
f 2900/3520/1314 2935/3519/1314 2932/3521/1314 2897/3522/1314
f 2897/3522/1314 2932/3521/1314 2929/3523/1314 2894/3524/1314
f 2894/3524/1314 2929/3523/1314 2926/3525/1314 2891/3526/1314
f 2891/3526/1314 2926/3525/1314 2923/3527/1314 2888/3528/1314
f 2888/3528/1314 2923/3527/1314 2920/3513/1314 2885/3512/1314
f 2879/3529/1337 2913/3496/1337 2909/3497/1337 2875/3530/1337
f 2713/3511/1338 2886/3510/1338 2878/3531/1338 2872/3532/1338
s 0
f 2836/3407/1327 2870/3516/1311 2753/3516/1327 2747/3407/1328
s 1
f 2873/3444/1339 2879/3529/1339 2875/3530/1339 2869/3445/1339
f 2867/3413/1320 2720/3391/1320 2719/3499/1320 2863/3533/1320
f 2863/3533/1320 2719/3499/1320 2718/3501/1320 2860/3534/1320
f 2860/3534/1320 2718/3501/1320 2717/3503/1320 2857/3535/1320
f 2857/3535/1320 2717/3503/1320 2716/3505/1320 2854/3536/1320
f 2854/3536/1320 2716/3505/1320 2715/3507/1320 2851/3537/1320
f 2851/3537/1320 2715/3507/1320 2714/3509/1320 2848/3538/1320
f 2848/3538/1320 2714/3509/1320 2713/3511/1320 2845/3539/1320
f 2845/3539/1340 2713/3511/1340 2872/3532/1340 2840/3540/1340
f 2730/3541/1327 2791/3542/1327 2781/3543/1327 2775/3544/1327 2765/3545/1327 2755/3546/1327 2749/3547/1327 2739/3548/1327
f 3015/3417/1321 2801/3416/1321 2804/3549/1321 3011/3550/1321
f 3011/3550/1321 2804/3549/1321 2807/3551/1321 3008/3552/1321
f 3008/3552/1321 2807/3551/1321 2810/3553/1321 3005/3554/1321
f 3005/3554/1321 2810/3553/1321 2813/3555/1321 3002/3556/1321
f 3002/3556/1321 2813/3555/1321 2816/3557/1321 2999/3558/1321
f 2999/3558/1321 2816/3557/1321 2819/3559/1321 2996/3560/1321
f 2996/3560/1321 2819/3559/1321 2822/3561/1321 2993/3562/1321
f 2993/3562/1321 2822/3561/1321 2826/3563/1321 2988/3564/1321
f 2987/3479/1341 2827/3565/1341 2833/3566/1341 2983/3480/1341
f 2729/3567/1342 2735/3568/1342 2733/3569/1342 2732/3570/1342
f 2730/3541/1343 2732/3571/1343 2733/3572/1343 2734/3573/1343
f 2731/3415/1344 2734/3574/1344 2733/3575/1344 2735/3576/1344
f 2739/3548/1345 2745/3577/1345 2743/3578/1345 2742/3579/1345
f 2740/3580/1346 2742/3581/1346 2743/3582/1346 2744/3583/1346
f 2741/3412/1347 2744/3583/1347 2743/3584/1347 2745/3585/1347
f 2755/3546/1348 2761/3586/1348 2759/3587/1348 2758/3588/1348
f 2756/3389/1349 2758/3589/1349 2759/3590/1349 2760/3591/1349
f 2757/3392/1350 2760/3591/1350 2759/3592/1350 2761/3593/1350
f 2765/3545/1351 2771/3594/1351 2769/3595/1351 2768/3596/1351
f 2766/3393/1352 2768/3597/1352 2769/3598/1352 2770/3599/1352
f 2767/3396/1353 2770/3599/1353 2769/3600/1353 2771/3601/1353
f 2781/3543/1354 2787/3602/1354 2785/3603/1354 2784/3604/1354
f 2782/3400/1355 2784/3605/1355 2785/3606/1355 2786/3607/1355
f 2783/3402/1356 2786/3607/1356 2785/3608/1356 2787/3609/1356
f 2791/3542/1357 2797/3610/1357 2795/3611/1357 2794/3612/1357
f 2792/3403/1358 2794/3613/1358 2795/3614/1358 2796/3615/1358
f 2793/3414/1359 2796/3615/1359 2795/3616/1359 2797/3617/1359
f 2825/3439/1360 2831/3618/1360 2829/3619/1360 2828/3620/1360
f 2826/3563/1361 2828/3621/1361 2829/3622/1361 2830/3623/1361
f 2827/3440/1362 2830/3624/1362 2829/3625/1362 2831/3618/1362
f 2838/3438/1363 2844/3626/1363 2842/3627/1363 2841/3628/1363
f 2839/3441/1364 2841/3629/1364 2842/3627/1364 2843/3630/1364
f 2840/3540/1365 2843/3630/1365 2842/3627/1365 2844/3626/1365
f 2878/3531/1366 2884/3631/1366 2882/3632/1366 2881/3633/1366
f 2879/3529/1367 2881/3634/1367 2882/3632/1367 2883/3635/1367
f 2880/3515/1368 2883/3635/1368 2882/3632/1368 2884/3631/1368
f 2912/3514/1369 2918/3636/1369 2916/3637/1369 2915/3638/1369
f 2913/3496/1370 2915/3639/1370 2916/3637/1370 2917/3640/1370
f 2914/3494/1371 2917/3640/1371 2916/3637/1371 2918/3636/1371
f 2952/3482/1372 2958/3641/1372 2956/3642/1372 2955/3643/1372
f 2953/3478/1373 2955/3644/1373 2956/3642/1373 2957/3645/1373
f 2954/3464/1374 2957/3645/1374 2956/3642/1374 2958/3641/1374
f 2986/3463/1375 2992/3646/1375 2990/3647/1375 2989/3648/1375
f 2987/3479/1376 2989/3649/1376 2990/3647/1376 2991/3650/1376
f 2988/3564/1377 2991/3650/1377 2990/3647/1377 2992/3646/1377
f 2729/3567/1378 2732/3570/1378 2742/3581/1378 2740/3580/1378
f 2732/3571/1379 2730/3541/1379 2739/3548/1379 2742/3579/1379
f 2747/3407/1380 2748/3651/1380 2738/3652/1380 2737/3406/1380
f 2748/3653/1381 2746/3418/1381 2736/3425/1381 2738/3654/1381
f 2867/3413/1382 2868/3655/1382 2744/3583/1382 2741/3412/1382
f 2868/3655/1383 2866/3409/1383 2740/3580/1383 2744/3583/1383
f 2741/3412/1384 2745/3585/1384 2751/3656/1384 2750/3388/1384
f 2745/3577/1385 2739/3548/1385 2749/3547/1385 2751/3657/1385
f 2753/3516/1386 2754/3658/1386 2748/3659/1386 2747/3407/1386
f 2754/3660/1387 2752/3419/1387 2746/3418/1387 2748/3661/1387
f 2750/3388/1388 2751/3662/1388 2758/3589/1388 2756/3389/1388
f 2751/3663/1389 2749/3547/1389 2755/3546/1389 2758/3588/1389
f 2763/3495/1390 2764/3664/1390 2754/3665/1390 2753/3516/1390
f 2764/3666/1391 2762/3420/1391 2752/3419/1391 2754/3667/1391
f 2907/3395/1392 2908/3668/1392 2760/3591/1392 2757/3392/1392
f 2908/3668/1393 2906/3390/1393 2756/3389/1393 2760/3591/1393
f 2757/3392/1394 2761/3593/1394 2768/3597/1394 2766/3393/1394
f 2761/3586/1395 2755/3546/1395 2765/3545/1395 2768/3596/1395
f 2773/3484/1396 2774/3669/1396 2764/3670/1396 2763/3495/1396
f 2774/3671/1397 2772/3421/1397 2762/3420/1397 2764/3672/1397
f 2941/3399/1398 2942/3673/1398 2770/3599/1398 2767/3396/1398
f 2942/3673/1399 2940/3394/1399 2766/3393/1399 2770/3599/1399
f 2767/3396/1400 2771/3601/1400 2777/3674/1400 2776/3397/1400
f 2771/3594/1401 2765/3545/1401 2775/3544/1401 2777/3675/1401
f 2779/3465/1402 2780/3676/1402 2774/3677/1402 2773/3484/1402
f 2780/3678/1403 2778/3422/1403 2772/3421/1403 2774/3679/1403
f 2776/3397/1404 2777/3680/1404 2784/3605/1404 2782/3400/1404
f 2777/3681/1405 2775/3544/1405 2781/3543/1405 2784/3604/1405
f 2789/3446/1406 2790/3682/1406 2780/3683/1406 2779/3465/1406
f 2790/3684/1407 2788/3423/1407 2778/3422/1407 2780/3685/1407
f 2981/3405/1408 2982/3686/1408 2786/3607/1408 2783/3402/1408
f 2982/3686/1409 2980/3401/1409 2782/3400/1409 2786/3607/1409
f 2783/3402/1410 2787/3609/1410 2794/3613/1410 2792/3403/1410
f 2787/3602/1411 2781/3543/1411 2791/3542/1411 2794/3612/1411
f 2799/3386/1412 2800/3687/1412 2790/3688/1412 2789/3446/1412
f 2800/3689/1413 2798/3424/1413 2788/3423/1413 2790/3690/1413
f 3015/3417/1414 3016/3691/1414 2796/3615/1414 2793/3414/1414
f 3016/3691/1415 3014/3404/1415 2792/3403/1415 2796/3615/1415
f 2793/3414/1416 2797/3617/1416 2734/3574/1416 2731/3415/1416
f 2797/3610/1417 2791/3542/1417 2730/3541/1417 2734/3573/1417
f 2737/3387/1418 2738/3692/1418 2800/3693/1418 2799/3386/1418
f 2738/3694/1419 2736/3425/1419 2798/3424/1419 2800/3695/1419
f 2731/3415/1420 2735/3576/1420 2803/3696/1420 2801/3416/1420
f 2735/3568/1421 2729/3567/1421 2802/3408/1421 2803/3697/1421
f 2801/3416/1422 2803/3696/1422 2806/3698/1422 2804/3549/1422
f 2803/3697/1423 2802/3408/1423 2805/3411/1423 2806/3699/1423
f 2804/3549/1422 2806/3698/1422 2809/3700/1422 2807/3551/1422
f 2806/3699/1423 2805/3411/1423 2808/3427/1423 2809/3701/1423
f 2807/3551/1422 2809/3700/1422 2812/3702/1422 2810/3553/1422
f 2809/3701/1423 2808/3427/1423 2811/3429/1423 2812/3703/1423
f 2810/3553/1422 2812/3702/1422 2815/3704/1422 2813/3555/1422
f 2812/3703/1423 2811/3429/1423 2814/3431/1423 2815/3705/1423
f 2813/3555/1422 2815/3704/1422 2818/3706/1422 2816/3557/1422
f 2815/3705/1423 2814/3431/1423 2817/3433/1423 2818/3707/1423
f 2816/3557/1422 2818/3706/1422 2821/3708/1422 2819/3559/1422
f 2818/3707/1423 2817/3433/1423 2820/3435/1423 2821/3709/1423
f 2819/3559/1422 2821/3708/1422 2824/3710/1422 2822/3561/1422
f 2821/3709/1423 2820/3435/1423 2823/3437/1423 2824/3711/1423
f 2822/3561/1422 2824/3710/1422 2828/3621/1422 2826/3563/1422
f 2824/3711/1423 2823/3437/1423 2825/3439/1423 2828/3620/1423
f 2840/3540/1424 2844/3626/1424 2847/3712/1424 2845/3539/1424
f 2844/3626/1425 2838/3438/1425 2846/3436/1425 2847/3712/1425
f 2845/3539/1426 2847/3712/1426 2850/3713/1426 2848/3538/1426
f 2847/3712/1427 2846/3436/1427 2849/3434/1427 2850/3713/1427
f 2848/3538/1426 2850/3713/1426 2853/3714/1426 2851/3537/1426
f 2850/3713/1427 2849/3434/1427 2852/3432/1427 2853/3714/1427
f 2851/3537/1426 2853/3714/1426 2856/3715/1426 2854/3536/1426
f 2853/3714/1427 2852/3432/1427 2855/3430/1427 2856/3715/1427
f 2854/3536/1426 2856/3715/1426 2859/3716/1426 2857/3535/1426
f 2856/3715/1427 2855/3430/1427 2858/3428/1427 2859/3716/1427
f 2857/3535/1426 2859/3716/1426 2862/3717/1426 2860/3534/1426
f 2859/3716/1427 2858/3428/1427 2861/3426/1427 2862/3717/1427
f 2860/3534/1426 2862/3717/1426 2865/3718/1426 2863/3533/1426
f 2862/3717/1427 2861/3426/1427 2864/3410/1427 2865/3718/1427
f 2863/3533/1426 2865/3718/1426 2868/3655/1426 2867/3413/1426
f 2865/3718/1427 2864/3410/1427 2866/3409/1427 2868/3655/1427
f 2880/3515/1428 2884/3631/1428 2887/3719/1428 2885/3512/1428
f 2884/3631/1429 2878/3531/1429 2886/3510/1429 2887/3719/1429
f 2885/3512/1430 2887/3719/1430 2890/3720/1430 2888/3528/1430
f 2887/3719/1431 2886/3510/1431 2889/3508/1431 2890/3720/1431
f 2888/3528/1430 2890/3720/1430 2893/3721/1430 2891/3526/1430
f 2890/3720/1431 2889/3508/1431 2892/3506/1431 2893/3721/1431
f 2891/3526/1430 2893/3721/1430 2896/3722/1430 2894/3524/1430
f 2893/3721/1431 2892/3506/1431 2895/3504/1431 2896/3722/1431
f 2894/3524/1430 2896/3722/1430 2899/3723/1430 2897/3522/1430
f 2896/3722/1431 2895/3504/1431 2898/3502/1431 2899/3723/1431
f 2897/3522/1430 2899/3723/1430 2902/3724/1430 2900/3520/1430
f 2899/3723/1431 2898/3502/1431 2901/3500/1431 2902/3724/1431
f 2900/3520/1430 2902/3724/1430 2905/3725/1430 2903/3518/1430
f 2902/3724/1431 2901/3500/1431 2904/3498/1431 2905/3725/1431
f 2903/3518/1430 2905/3725/1430 2908/3668/1430 2907/3395/1430
f 2905/3725/1431 2904/3498/1431 2906/3390/1431 2908/3668/1431
f 2914/3494/1432 2918/3636/1432 2921/3726/1432 2919/3493/1432
f 2918/3636/1433 2912/3514/1433 2920/3513/1433 2921/3726/1433
f 2919/3493/1434 2921/3726/1434 2924/3727/1434 2922/3492/1434
f 2921/3726/1435 2920/3513/1435 2923/3527/1435 2924/3727/1435
f 2922/3492/1434 2924/3727/1434 2927/3728/1434 2925/3491/1434
f 2924/3727/1435 2923/3527/1435 2926/3525/1435 2927/3728/1435
f 2925/3491/1434 2927/3728/1434 2930/3729/1434 2928/3490/1434
f 2927/3728/1435 2926/3525/1435 2929/3523/1435 2930/3729/1435
f 2928/3490/1434 2930/3729/1434 2933/3730/1434 2931/3489/1434
f 2930/3729/1435 2929/3523/1435 2932/3521/1435 2933/3730/1435
f 2931/3489/1434 2933/3730/1434 2936/3731/1434 2934/3488/1434
f 2933/3730/1435 2932/3521/1435 2935/3519/1435 2936/3731/1435
f 2934/3488/1434 2936/3731/1434 2939/3732/1434 2937/3487/1434
f 2936/3731/1435 2935/3519/1435 2938/3517/1435 2939/3732/1435
f 2937/3487/1434 2939/3732/1434 2942/3673/1434 2941/3399/1434
f 2939/3732/1435 2938/3517/1435 2940/3394/1435 2942/3673/1435
f 2954/3464/1436 2958/3641/1436 2961/3733/1436 2959/3461/1436
f 2958/3641/1437 2952/3482/1437 2960/3459/1437 2961/3733/1437
f 2959/3461/1438 2961/3733/1438 2964/3734/1438 2962/3477/1438
f 2961/3733/1439 2960/3459/1439 2963/3457/1439 2964/3734/1439
f 2962/3477/1438 2964/3734/1438 2967/3735/1438 2965/3475/1438
f 2964/3734/1439 2963/3457/1439 2966/3455/1439 2967/3735/1439
f 2965/3475/1438 2967/3735/1438 2970/3736/1438 2968/3473/1438
f 2967/3735/1439 2966/3455/1439 2969/3453/1439 2970/3736/1439
f 2968/3473/1438 2970/3736/1438 2973/3737/1438 2971/3471/1438
f 2970/3736/1439 2969/3453/1439 2972/3451/1439 2973/3737/1439
f 2971/3471/1438 2973/3737/1438 2976/3738/1438 2974/3469/1438
f 2973/3737/1439 2972/3451/1439 2975/3449/1439 2976/3738/1439
f 2974/3469/1438 2976/3738/1438 2979/3739/1438 2977/3467/1438
f 2976/3738/1439 2975/3449/1439 2978/3447/1439 2979/3739/1439
f 2977/3467/1438 2979/3739/1438 2982/3686/1438 2981/3405/1438
f 2979/3739/1439 2978/3447/1439 2980/3401/1439 2982/3686/1439
f 2988/3564/1414 2992/3646/1414 2995/3740/1414 2993/3562/1414
f 2992/3646/1415 2986/3463/1415 2994/3462/1415 2995/3740/1415
f 2993/3562/1414 2995/3740/1414 2998/3741/1414 2996/3560/1414
f 2995/3740/1415 2994/3462/1415 2997/3476/1415 2998/3741/1415
f 2996/3560/1414 2998/3741/1414 3001/3742/1414 2999/3558/1414
f 2998/3741/1415 2997/3476/1415 3000/3474/1415 3001/3742/1415
f 2999/3558/1414 3001/3742/1414 3004/3743/1414 3002/3556/1414
f 3001/3742/1415 3000/3474/1415 3003/3472/1415 3004/3743/1415
f 3002/3556/1414 3004/3743/1414 3007/3744/1414 3005/3554/1414
f 3004/3743/1415 3003/3472/1415 3006/3470/1415 3007/3744/1415
f 3005/3554/1414 3007/3744/1414 3010/3745/1414 3008/3552/1414
f 3007/3744/1415 3006/3470/1415 3009/3468/1415 3010/3745/1415
f 3008/3552/1414 3010/3745/1414 3013/3746/1414 3011/3550/1414
f 3010/3745/1415 3009/3468/1415 3012/3466/1415 3013/3746/1415
f 3011/3550/1414 3013/3746/1414 3016/3691/1414 3015/3417/1414
f 3013/3746/1415 3012/3466/1415 3014/3404/1415 3016/3691/1415
f 2987/3479/1440 2991/3650/1440 2830/3623/1440 2827/3565/1440
f 2991/3650/1441 2988/3564/1441 2826/3563/1441 2830/3623/1441
f 2984/3386/1442 2985/3747/1442 2834/3748/1442 2832/3387/1442
f 2985/3747/1443 2983/3480/1443 2833/3566/1443 2834/3748/1443
f 2953/3478/1444 2957/3645/1444 2989/3648/1444 2987/3479/1444
f 2957/3645/1445 2954/3464/1445 2986/3463/1445 2989/3648/1445
f 2950/3446/1446 2951/3749/1446 2985/3747/1446 2984/3386/1446
f 2951/3749/1447 2949/3481/1447 2983/3480/1447 2985/3747/1447
f 2947/3485/1448 2948/3750/1448 2955/3643/1448 2953/3478/1448
f 2948/3750/1449 2946/3483/1449 2952/3482/1449 2955/3643/1449
f 2944/3465/1450 2945/3751/1450 2951/3749/1450 2950/3446/1450
f 2945/3751/1451 2943/3486/1451 2949/3481/1451 2951/3749/1451
f 2913/3496/1452 2917/3640/1452 2948/3750/1452 2947/3485/1452
f 2917/3640/1453 2914/3494/1453 2946/3483/1453 2948/3750/1453
f 2910/3484/1454 2911/3752/1454 2945/3751/1454 2944/3465/1454
f 2911/3752/1455 2909/3497/1455 2943/3486/1455 2945/3751/1455
f 2879/3529/1456 2883/3635/1456 2915/3638/1456 2913/3496/1456
f 2883/3635/1457 2880/3515/1457 2912/3514/1457 2915/3638/1457
f 2876/3495/1458 2877/3753/1458 2911/3752/1458 2910/3484/1458
f 2877/3753/1459 2875/3530/1459 2909/3497/1459 2911/3752/1459
f 2873/3444/1460 2874/3754/1460 2881/3633/1460 2879/3529/1460
f 2874/3754/1461 2872/3532/1461 2878/3531/1461 2881/3633/1461
f 2870/3516/1462 2871/3755/1462 2877/3753/1462 2876/3495/1462
f 2871/3755/1463 2869/3445/1463 2875/3530/1463 2877/3753/1463
f 2839/3441/1464 2843/3630/1464 2874/3754/1464 2873/3444/1464
f 2843/3630/1465 2840/3540/1465 2872/3532/1465 2874/3754/1465
f 2836/3407/1466 2837/3756/1466 2871/3755/1466 2870/3516/1466
f 2837/3756/1467 2835/3442/1467 2869/3445/1467 2871/3755/1467
f 2827/3440/1468 2831/3618/1468 2841/3628/1468 2839/3441/1468
f 2831/3618/1469 2825/3439/1469 2838/3438/1469 2841/3628/1469
f 2832/3406/1470 2834/3757/1470 2837/3756/1470 2836/3407/1470
f 2834/3757/1471 2833/3443/1471 2835/3442/1471 2837/3756/1471
f 2729/3567/1319 2740/3580/1319 2866/3409/1319 2802/3408/1319
usemtl Material.002
f 3039/3758/1328 3045/3759/1328 3024/3760/1328 3018/3761/1328
f 3052/3762/1472 3054/3763/1472 3046/3764/1472 3038/3765/1472
f 3054/3763/1472 3052/3762/1472 3064/3766/1472 3066/3767/1472
f 3055/3768/1327 3034/3769/1327 3025/3770/1327 3044/3771/1327
f 3019/3772/1318 3026/3773/1318 3035/3774/1318 3031/3775/1318
f 3031/3775/1318 3035/3774/1318 3061/3776/1318 3057/3777/1318
f 3066/3767/1472 3064/3766/1472 3076/3778/1472 3078/3779/1472
f 3051/3780/1473 3032/3781/1473 3058/3782/1473 3063/3783/1473
f 3057/3777/1318 3061/3776/1318 3073/3784/1318 3069/3785/1318
f 3034/3769/1474 3055/3768/1474 3067/3768/1474 3060/3769/1474
f 3082/3786/1311 3090/3787/1311 3104/3788/1311 3096/3789/1311
f 3063/3783/1475 3058/3782/1475 3070/3790/1475 3075/3791/1475
f 3069/3785/1476 3073/3784/1476 3088/3792/1476 3081/3793/1476
f 3060/3769/1477 3067/3768/1477 3079/3768/1477 3072/3769/1477
f 3123/3794/1322 3151/3795/1322 3137/3796/1322 3109/3797/1322
f 3072/3769/1327 3079/3768/1327 3102/3768/1327 3089/3769/1327
f 3078/3779/1478 3076/3778/1478 3097/3798/1478 3103/3799/1478
f 3075/3791/1479 3070/3790/1479 3083/3800/1479 3095/3801/1479
f 3139/3802/1480 3145/3803/1480 3116/3804/1480 3110/3805/1480
f 3153/3806/1481 3159/3807/1481 3146/3808/1481 3138/3809/1481
f 3158/3810/1327 3130/3811/1327 3117/3812/1327 3144/3813/1327
f 3111/3814/1482 3118/3815/1482 3132/3816/1482 3124/3817/1482
f 3125/3818/1483 3131/3819/1483 3160/3820/1483 3152/3821/1483
f 3017/3822/1484 3020/3823/1484 3021/3824/1484 3023/3825/1484
f 3018/3761/1485 3022/3826/1485 3021/3827/1485 3020/3828/1485
f 3019/3772/1486 3023/3829/1486 3021/3830/1486 3022/3831/1486
f 3024/3760/1487 3027/3832/1487 3028/3833/1487 3030/3834/1487
f 3025/3770/1488 3029/3835/1488 3028/3836/1488 3027/3837/1488
f 3026/3773/1489 3030/3838/1489 3028/3839/1489 3029/3840/1489
f 3037/3841/1490 3040/3842/1490 3041/3843/1490 3043/3844/1490
f 3038/3765/1491 3042/3845/1491 3041/3843/1491 3040/3842/1491
f 3039/3758/1492 3043/3846/1492 3041/3843/1492 3042/3845/1492
f 3044/3771/1493 3047/3847/1493 3048/3848/1493 3050/3849/1493
f 3045/3759/1494 3049/3850/1494 3048/3848/1494 3047/3851/1494
f 3046/3764/1495 3050/3849/1495 3048/3848/1495 3049/3850/1495
f 3081/3793/1496 3084/3852/1496 3085/3853/1496 3087/3854/1496
f 3082/3786/1497 3086/3855/1497 3085/3856/1497 3084/3852/1497
f 3083/3800/1498 3087/3857/1498 3085/3857/1498 3086/3858/1498
f 3088/3792/1499 3091/3859/1499 3092/3859/1499 3094/3860/1499
f 3089/3769/1500 3093/3861/1500 3092/3862/1500 3091/3863/1500
f 3090/3787/1501 3094/3860/1501 3092/3864/1501 3093/3865/1501
f 3095/3801/1502 3098/3866/1502 3099/3867/1502 3101/3868/1502
f 3096/3789/1503 3100/3869/1503 3099/3867/1503 3098/3870/1503
f 3097/3798/1504 3101/3868/1504 3099/3867/1504 3100/3869/1504
f 3102/3768/1505 3105/3871/1505 3106/3872/1505 3108/3873/1505
f 3103/3799/1506 3107/3874/1506 3106/3872/1506 3105/3871/1506
f 3104/3788/1507 3108/3875/1507 3106/3872/1507 3107/3874/1507
f 3109/3797/1508 3112/3876/1508 3113/3877/1508 3115/3878/1508
f 3110/3805/1509 3114/3879/1509 3113/3880/1509 3112/3881/1509
f 3111/3814/1510 3115/3882/1510 3113/3883/1510 3114/3884/1510
f 3116/3804/1511 3119/3885/1511 3120/3886/1511 3122/3887/1511
f 3117/3812/1512 3121/3888/1512 3120/3889/1512 3119/3890/1512
f 3118/3815/1513 3122/3891/1513 3120/3892/1513 3121/3893/1513
f 3123/3794/1514 3126/3894/1514 3127/3895/1514 3129/3896/1514
f 3124/3817/1515 3128/3897/1515 3127/3898/1515 3126/3899/1515
f 3125/3818/1516 3129/3900/1516 3127/3901/1516 3128/3897/1516
f 3130/3811/1517 3133/3902/1517 3134/3903/1517 3136/3904/1517
f 3131/3819/1518 3135/3905/1518 3134/3906/1518 3133/3907/1518
f 3132/3816/1519 3136/3908/1519 3134/3909/1519 3135/3905/1519
f 3137/3796/1520 3140/3910/1520 3141/3911/1520 3143/3912/1520
f 3138/3809/1521 3142/3913/1521 3141/3911/1521 3140/3910/1521
f 3139/3802/1522 3143/3914/1522 3141/3911/1522 3142/3913/1522
f 3144/3813/1523 3147/3915/1523 3148/3916/1523 3150/3917/1523
f 3145/3803/1524 3149/3918/1524 3148/3916/1524 3147/3919/1524
f 3146/3808/1525 3150/3917/1525 3148/3916/1525 3149/3918/1525
f 3151/3795/1526 3154/3920/1526 3155/3921/1526 3157/3922/1526
f 3152/3821/1527 3156/3923/1527 3155/3921/1527 3154/3924/1527
f 3153/3806/1528 3157/3922/1528 3155/3921/1528 3156/3923/1528
f 3158/3810/1529 3161/3925/1529 3162/3926/1529 3164/3927/1529
f 3159/3807/1530 3163/3928/1530 3162/3926/1530 3161/3925/1530
f 3160/3820/1531 3164/3929/1531 3162/3926/1531 3163/3928/1531
f 3032/3781/1532 3017/3822/1532 3023/3825/1532 3033/3857/1532
f 3033/3854/1533 3023/3829/1533 3019/3772/1533 3031/3775/1533
f 3018/3761/1319 3024/3760/1319 3030/3834/1319 3022/3826/1319
f 3022/3831/1534 3030/3838/1534 3026/3773/1534 3019/3772/1534
f 3025/3770/1535 3034/3769/1535 3036/3863/1535 3029/3835/1535
f 3029/3840/1536 3036/3859/1536 3035/3774/1536 3026/3773/1536
f 3037/3841/1537 3051/3780/1537 3053/3868/1537 3040/3842/1537
f 3040/3842/1538 3053/3868/1538 3052/3762/1538 3038/3765/1538
f 3055/3768/1539 3044/3771/1539 3050/3849/1539 3056/3871/1539
f 3056/3871/1540 3050/3849/1540 3046/3764/1540 3054/3763/1540
f 3045/3759/1321 3039/3758/1321 3042/3845/1321 3049/3850/1321
f 3049/3850/1317 3042/3845/1317 3038/3765/1317 3046/3764/1317
f 3017/3822/1541 3037/3841/1541 3043/3844/1541 3020/3823/1541
f 3020/3828/1542 3043/3846/1542 3039/3758/1542 3018/3761/1542
f 3044/3771/1543 3025/3770/1543 3027/3837/1543 3047/3847/1543
f 3047/3851/1544 3027/3832/1544 3024/3760/1544 3045/3759/1544
f 3054/3763/1545 3066/3767/1546 3068/3871/1547 3056/3871/1545
f 3056/3871/1548 3068/3871/1548 3067/3768/1548 3055/3768/1548
f 3061/3776/1549 3035/3774/1550 3036/3859/1550 3062/3859/1551
f 3062/3863/1552 3036/3863/1552 3034/3769/1552 3060/3769/1552
f 3058/3782/1553 3032/3781/1553 3033/3857/1553 3059/3857/1553
f 3059/3854/1554 3033/3854/1555 3031/3775/1555 3057/3777/1556
f 3051/3780/1557 3063/3783/1557 3065/3868/1557 3053/3868/1557
f 3053/3868/1558 3065/3868/1559 3064/3766/1560 3052/3762/1558
f 3066/3767/1546 3078/3779/1561 3080/3871/1561 3068/3871/1547
f 3068/3871/1562 3080/3871/1562 3079/3768/1562 3067/3768/1562
f 3073/3784/1563 3061/3776/1549 3062/3859/1551 3074/3859/1563
f 3074/3863/1564 3062/3863/1564 3060/3769/1564 3072/3769/1564
f 3070/3790/1565 3058/3782/1565 3059/3857/1565 3071/3857/1565
f 3071/3854/1566 3059/3854/1554 3057/3777/1556 3069/3785/1566
f 3063/3783/1567 3075/3791/1567 3077/3868/1567 3065/3868/1567
f 3065/3868/1559 3077/3868/1568 3076/3778/1568 3064/3766/1560
f 3090/3787/1569 3082/3786/1569 3084/3852/1569 3094/3860/1569
f 3094/3860/1570 3084/3852/1570 3081/3793/1570 3088/3792/1570
f 3095/3801/1571 3083/3800/1571 3086/3858/1571 3098/3866/1571
f 3098/3870/1572 3086/3855/1572 3082/3786/1572 3096/3789/1572
f 3089/3769/1573 3102/3768/1573 3108/3873/1573 3093/3861/1573
f 3093/3865/1574 3108/3875/1574 3104/3788/1574 3090/3787/1574
f 3103/3799/1575 3097/3798/1575 3100/3869/1575 3107/3874/1575
f 3107/3874/1576 3100/3869/1576 3096/3789/1576 3104/3788/1576
f 3075/3791/1577 3095/3801/1577 3101/3868/1577 3077/3868/1577
f 3077/3868/1578 3101/3868/1578 3097/3798/1578 3076/3778/1578
f 3102/3768/1579 3079/3768/1579 3080/3871/1579 3105/3871/1579
f 3105/3871/1580 3080/3871/1580 3078/3779/1580 3103/3799/1580
f 3069/3785/1581 3081/3793/1581 3087/3854/1581 3071/3854/1581
f 3071/3857/1582 3087/3857/1582 3083/3800/1582 3070/3790/1582
f 3088/3792/1583 3073/3784/1583 3074/3859/1583 3091/3859/1583
f 3091/3863/1584 3074/3863/1584 3072/3769/1584 3089/3769/1584
f 3123/3794/1585 3109/3797/1585 3115/3878/1585 3126/3894/1585
f 3126/3899/1586 3115/3882/1586 3111/3814/1586 3124/3817/1586
f 3110/3805/1587 3116/3804/1587 3122/3887/1587 3114/3879/1587
f 3114/3884/1588 3122/3891/1588 3118/3815/1588 3111/3814/1588
f 3117/3812/1589 3130/3811/1589 3136/3904/1589 3121/3888/1589
f 3121/3893/1590 3136/3908/1590 3132/3816/1590 3118/3815/1590
f 3131/3819/1591 3125/3818/1591 3128/3897/1591 3135/3905/1591
f 3135/3905/1592 3128/3897/1592 3124/3817/1592 3132/3816/1592
f 3151/3795/1593 3123/3794/1593 3129/3896/1593 3154/3920/1593
f 3154/3924/1594 3129/3900/1594 3125/3818/1594 3152/3821/1594
f 3130/3811/1595 3158/3810/1595 3164/3927/1595 3133/3902/1595
f 3133/3907/1596 3164/3929/1596 3160/3820/1596 3131/3819/1596
f 3159/3807/1597 3153/3806/1597 3156/3923/1597 3163/3928/1597
f 3163/3928/1598 3156/3923/1598 3152/3821/1598 3160/3820/1598
f 3137/3796/1599 3151/3795/1599 3157/3922/1599 3140/3910/1599
f 3140/3910/1600 3157/3922/1600 3153/3806/1600 3138/3809/1600
f 3158/3810/1601 3144/3813/1601 3150/3917/1601 3161/3925/1601
f 3161/3925/1602 3150/3917/1602 3146/3808/1602 3159/3807/1602
f 3145/3803/1603 3139/3802/1603 3142/3913/1603 3149/3918/1603
f 3149/3918/1604 3142/3913/1604 3138/3809/1604 3146/3808/1604
f 3109/3797/1605 3137/3796/1605 3143/3912/1605 3112/3876/1605
f 3112/3881/1606 3143/3914/1606 3139/3802/1606 3110/3805/1606
f 3144/3813/1607 3117/3812/1607 3119/3890/1607 3147/3915/1607
f 3147/3919/1608 3119/3885/1608 3116/3804/1608 3145/3803/1608
f 3032/3781/1322 3051/3780/1322 3037/3841/1322 3017/3822/1322
f 3229/3930/1322 3232/3931/1322 3231/3932/1322
f 3230/3933/1327 3234/3934/1327 3233/3935/1327
f 3234/3934/1327 3398/3936/1327 3294/3937/1327
f 3229/3930/1322 3231/3932/1322 3235/3938/1322
f 3230/3933/1327 3236/3939/1327 3234/3934/1327
f 3236/3939/1327 3407/3940/1327 3308/3941/1327
f 3229/3930/1322 3235/3938/1322 3237/3942/1322
f 3230/3933/1327 3238/3943/1327 3236/3939/1327
f 3238/3943/1327 3416/3944/1327 3322/3945/1327
f 3229/3930/1322 3237/3942/1322 3239/3946/1322
f 3230/3933/1327 3240/3947/1327 3238/3943/1327
f 3240/3947/1327 3425/3948/1327 3336/3949/1327
f 3229/3930/1322 3239/3946/1322 3241/3950/1322
f 3230/3933/1327 3242/3951/1327 3240/3947/1327
f 3242/3951/1327 3434/3952/1327 3350/3953/1327
f 3229/3930/1322 3241/3950/1322 3243/3954/1322
f 3230/3933/1327 3244/3955/1327 3242/3951/1327
f 3244/3955/1327 3443/3956/1327 3364/3957/1327
f 3229/3930/1322 3243/3954/1322 3245/3958/1322
f 3230/3933/1327 3246/3959/1327 3244/3955/1327
f 3246/3959/1327 3452/3960/1327 3378/3961/1327
f 3229/3930/1322 3245/3958/1322 3232/3931/1322
f 3230/3933/1327 3233/3935/1327 3246/3959/1327
f 3231/3932/1322 3383/3962/1322 3287/3963/1322
f 3233/3935/1327 3386/3964/1327 3280/3965/1327
f 3246/3959/1327 3378/3961/1327 3443/3956/1327
f 3231/3932/1322 3232/3931/1322 3383/3962/1322
f 3447/3966/1314 3376/3967/1314 3453/3968/1314 3247/3969/1314
f 3455/3970/1609 3574/3971/1609 3269/3972/1609 3567/3973/1609
f 3389/3974/1609 3278/3975/1609 3387/3976/1609 3254/3972/1609
f 3450/3977/1314 3247/3969/1314 3390/3978/1314 3271/3979/1314
f 3246/3959/1327 3233/3935/1327 3452/3960/1327
f 3441/3980/1610 3248/3981/1610 3446/3982/1610 3369/3983/1610
f 3370/3984/1314 3447/3966/1314 3247/3969/1314 3450/3977/1314
f 3244/3955/1327 3364/3957/1327 3434/3952/1327
f 3245/3958/1322 3440/3985/1322 3371/3986/1322
f 3438/3987/1610 3362/3988/1610 3444/3989/1610 3248/3981/1610
f 3232/3931/1322 3245/3958/1322 3449/3990/1322
f 3248/3981/1610 3444/3989/1610 3377/3991/1610 3446/3982/1610
f 3245/3958/1322 3371/3986/1322 3449/3990/1322
f 3244/3955/1327 3246/3959/1327 3443/3956/1327
f 3432/3992/1534 3249/3993/1534 3437/3994/1534 3355/3995/1534
f 3356/3996/1610 3438/3987/1610 3248/3981/1610 3441/3980/1610
f 3242/3951/1327 3350/3953/1327 3425/3948/1327
f 3243/3954/1322 3431/3997/1322 3357/3998/1322
f 3429/3999/1534 3348/4000/1534 3435/4001/1534 3249/3993/1534
f 3245/3958/1322 3243/3954/1322 3440/3985/1322
f 3249/3993/1534 3435/4001/1534 3363/4002/1534 3437/3994/1534
f 3243/3954/1322 3357/3998/1322 3440/3985/1322
f 3242/3951/1327 3244/3955/1327 3434/3952/1327
f 3423/4003/1319 3250/4004/1319 3428/4005/1319 3341/4006/1319
f 3342/4007/1534 3429/3999/1534 3249/3993/1534 3432/3992/1534
f 3240/3947/1327 3336/3949/1327 3416/3944/1327
f 3241/3950/1322 3422/4008/1322 3343/4009/1322
f 3420/4010/1319 3334/4011/1319 3426/4012/1319 3250/4004/1319
f 3243/3954/1322 3241/3950/1322 3431/3997/1322
f 3250/4004/1319 3426/4012/1319 3349/4013/1319 3428/4005/1319
f 3241/3950/1322 3343/4009/1322 3431/3997/1322
f 3240/3947/1327 3242/3951/1327 3425/3948/1327
f 3414/4014/1321 3251/4015/1321 3419/4016/1321 3327/4017/1321
f 3328/4018/1319 3420/4010/1319 3250/4004/1319 3423/4003/1319
f 3238/3943/1327 3322/3945/1327 3407/3940/1327
f 3239/3946/1322 3413/4019/1322 3329/4020/1322
f 3411/4021/1321 3320/4022/1321 3417/4023/1321 3251/4015/1321
f 3241/3950/1322 3239/3946/1322 3422/4008/1322
f 3251/4015/1321 3417/4023/1321 3335/4024/1321 3419/4016/1321
f 3239/3946/1322 3329/4020/1322 3422/4008/1322
f 3238/3943/1327 3240/3947/1327 3416/3944/1327
f 3405/4025/1317 3252/4026/1317 3410/4027/1317 3313/4028/1317
f 3314/4029/1321 3411/4021/1321 3251/4015/1321 3414/4014/1321
f 3236/3939/1327 3308/3941/1327 3398/3936/1327
f 3237/3942/1322 3404/4030/1322 3315/4031/1322
f 3402/4032/1317 3306/4033/1317 3408/4034/1317 3252/4026/1317
f 3239/3946/1322 3237/3942/1322 3413/4019/1322
f 3252/4026/1317 3408/4034/1317 3321/4035/1317 3410/4027/1317
f 3237/3942/1322 3315/4031/1322 3413/4019/1322
f 3236/3939/1327 3238/3943/1327 3407/3940/1327
f 3396/4036/1611 3253/4037/1611 3401/4038/1611 3299/4039/1611
f 3300/4040/1317 3402/4032/1317 3252/4026/1317 3405/4025/1317
f 3234/3934/1327 3294/3937/1327 3386/3964/1327
f 3235/3938/1322 3395/4041/1322 3301/4042/1322
f 3393/4043/1611 3292/4044/1611 3399/4045/1611 3253/4037/1611
f 3237/3942/1322 3235/3938/1322 3404/4030/1322
f 3253/4037/1611 3399/4045/1611 3307/4046/1611 3401/4038/1611
f 3235/3938/1322 3301/4042/1322 3404/4030/1322
f 3234/3934/1327 3236/3939/1327 3398/3936/1327
f 3384/3973/1609 3254/3972/1609 3392/4047/1609 3285/4048/1609
f 3286/4049/1611 3393/4043/1611 3253/4037/1611 3396/4036/1611
f 3232/3931/1322 3449/3990/1322 3273/4050/1322
f 3247/3969/1314 3453/3968/1314 3279/4051/1314 3390/3978/1314
f 3233/3935/1327 3280/3965/1327 3452/3960/1327
f 3235/3938/1322 3231/3932/1322 3395/4041/1322
f 3254/3972/1609 3387/3976/1609 3293/4052/1609 3392/4047/1609
f 3231/3932/1322 3287/3963/1322 3395/4041/1322
f 3233/3935/1327 3234/3934/1327 3386/3964/1327
f 3272/4053/1609 3389/3974/1609 3254/3972/1609 3384/3973/1609
f 3877/4054/1327 3589/4055/1327 3476/4056/1327 3870/4056/1327
f 3597/4057/1322 3499/4058/1612 3832/4058/1322 3854/4059/1322
f 3813/4060/1472 3613/4061/1613 3504/4062/1614 3806/4062/1472
f 3774/4063/1327 3625/4064/1327 3518/4065/1327 3777/4065/1327
f 3539/4066/1322 3646/4067/1322 3729/4068/1322 3736/4066/1322
f 3752/4069/1327 3713/4070/1327 3548/4070/1327 3636/4071/1615
s 0
f 3914/4072/1322 3568/4073/1322 3911/4074/1322 3916/4073/1322
s 1
f 3680/4075/1616 3464/4075/1616 3660/4076/1322 3677/4077/1616
f 3657/4078/1327 3456/4079/1327 3691/4079/1327 3687/4080/1327
f 3671/4081/1617 3660/4076/1617 3562/4082/1322 3664/4082/1617
f 3723/4083/1327 3664/4082/1327 3562/4082/1327 3649/4084/1327
f 3652/4085/1314 3560/4086/1314 3661/3968/1314 3256/3969/1314
f 3567/3973/1609 3269/3972/1609 3579/4087/1609 3469/4088/1609
f 3456/4079/1327 3568/4073/1327 3914/4072/1327 3691/4079/1327
s 0
f 3677/4077/1327 3660/4076/1327 3671/4081/1327 3673/4076/1327
s 1
f 3645/3980/1610 3258/3981/1610 3651/4089/1610 3553/4090/1610
f 3554/4091/1314 3652/4085/1314 3256/3969/1314 3658/3977/1314
f 3758/4092/1322 3633/4093/1616 3539/4066/1322 3736/4066/1322
f 3710/4094/1618 3649/4084/1327 3548/4070/1327 3713/4070/1327
f 3259/3993/1534 3637/4001/1534 3547/4095/1534 3639/4096/1534
f 3663/4097/1321 3655/4098/1321 3255/3969/1321 3674/4099/1321 3670/4100/1321
f 3258/3981/1610 3648/3989/1610 3561/4101/1610 3651/4089/1610
f 3555/4102/1327 3657/4078/1327 3700/4103/1327 3703/4102/1327
s 0
f 3723/4083/1615 3649/4084/1327 3710/4094/1615 3720/4084/1327
s 1
f 3634/3992/1534 3259/3993/1534 3639/4096/1534 3540/4104/1534
f 3541/4105/1610 3640/4106/1610 3258/3981/1610 3645/3980/1610
f 3768/4107/1619 3527/4107/1620 3633/4093/1621 3764/4108/1622
f 3743/4109/1623 3534/4109/1624 3625/4064/1318 3787/4110/1318
f 3631/4111/1534 3532/4112/1534 3637/4001/1534 3259/3993/1534
f 3735/4113/1611 3642/4114/1611 3260/3993/1611 3761/4115/1611 3757/4116/1611
f 3646/4067/1327 3555/4102/1327 3703/4102/1327 3726/4117/1327
f 3640/4106/1610 3546/4118/1610 3648/3989/1610 3258/3981/1610
s 0
f 3752/4069/1618 3636/4071/1327 3749/4119/1618 3754/4071/1327
s 1
f 3749/4119/1327 3636/4071/1327 3534/4109/1327 3743/4109/1327
f 3526/4120/1534 3631/4111/1534 3259/3993/1534 3634/3992/1534
f 3513/4121/1327 3621/4122/1327 3796/4123/1327 3800/4121/1327
f 3621/4122/1327 3527/4107/1327 3768/4107/1327 3790/4124/1327
f 3616/4125/1319 3519/4126/1319 3624/4012/1319 3261/4004/1319
f 3742/4127/1611 3628/4128/1611 3260/3993/1611 3755/4129/1611 3748/4130/1611
f 3261/4004/1319 3624/4012/1319 3533/4131/1319 3630/4132/1319
f 3622/4003/1319 3261/4004/1319 3630/4132/1319 3525/4133/1319
s 0
f 3787/4110/1327 3625/4064/1327 3774/4063/1327 3784/4064/1327
s 1
f 3610/4014/1321 3263/4015/1321 3615/4134/1321 3511/4135/1321
f 3777/4065/1625 3518/4065/1322 3613/4061/1322 3816/4136/1626
f 3832/4058/1627 3499/4058/1472 3609/4137/1613 3828/4138/1472
f 3822/4139/1327 3609/4137/1327 3513/4121/1327 3800/4121/1327
f 3604/4140/1321 3505/4141/1321 3612/4023/1321 3263/4015/1321
f 3799/4142/1314 3619/4143/1314 3264/4015/1314 3825/4144/1314 3821/4145/1314
f 3263/4015/1321 3612/4023/1321 3520/4146/1321 3615/4134/1321
f 3512/4147/1319 3616/4125/1319 3261/4004/1319 3622/4003/1319
s 0
f 3816/4136/1327 3613/4061/1327 3813/4060/1327 3818/4061/1327
s 1
f 3504/4062/1327 3600/4148/1327 3851/4149/1327 3806/4062/1327
f 3498/4150/1321 3604/4140/1321 3263/4015/1321 3610/4014/1321
f 3838/4151/1327 3600/4148/1615 3492/4152/1628 3841/4152/1327
f 3841/4152/1629 3492/4152/1630 3589/4055/1630 3880/4153/1630
f 3592/4154/1317 3490/4155/1317 3601/4034/1317 3265/4026/1317
f 3606/4156/1314 3264/4015/1314 3819/4157/1314 3812/4158/1314 3805/4159/1314
f 3265/4026/1317 3601/4034/1317 3506/4160/1317 3603/4161/1317
f 3598/4025/1317 3265/4026/1317 3603/4161/1317 3497/4162/1317
s 0
f 3600/4148/1327 3838/4151/1327 3848/4148/1327 3851/4149/1618
s 1
f 3586/4036/1611 3267/4037/1611 3591/4163/1611 3483/4164/1611
f 3484/4165/1317 3592/4154/1317 3265/4026/1317 3598/4025/1317
f 3896/4166/1322 3471/4166/1631 3585/4167/1631 3892/4168/1631
f 3886/4169/1322 3585/4167/1322 3485/4170/1322 3863/4170/1322
f 3580/4171/1611 3477/4172/1611 3588/4045/1611 3267/4037/1611
f 3862/4173/1534 3595/4174/1534 3268/4037/1534 3889/4175/1534 3885/4176/1534
f 3267/4037/1611 3588/4045/1611 3491/4177/1611 3591/4163/1611
f 3485/4170/1322 3597/4057/1322 3857/4178/1322 3863/4170/1322
s 0
f 3880/4153/1615 3589/4055/1327 3877/4054/1615 3882/4055/1327
s 1
f 3568/4073/1327 3471/4166/1327 3896/4166/1327 3911/4074/1327
f 3470/4179/1611 3580/4171/1611 3267/4037/1611 3586/4036/1611
f 3658/3977/1314 3256/3969/1314 3573/4180/1314 3457/4181/1314
f 3256/3969/1314 3661/3968/1314 3463/4182/1314 3573/4180/1314
f 3574/3971/1609 3462/4183/1609 3571/3976/1609 3269/3972/1609
f 3679/4184/1319 3577/4185/1319 3270/3972/1319 3905/4186/1319 3901/4187/1319
f 3269/3972/1609 3571/3976/1609 3478/4188/1609 3579/4087/1609
f 3870/4056/1632 3476/4056/1633 3570/4189/1634 3907/4190/1633
s 0
f 3907/4190/1327 3570/4189/1327 3902/4191/1327 3904/4189/1327
s 1
f 3902/4191/1616 3570/4189/1635 3464/4075/1616 3680/4075/1616
f 3888/4167/1322 3892/4168/1322 3585/4167/1322 3886/4169/1322
f 3266/4026/1610 3594/4192/1610 3864/4193/1610 3856/4194/1610 3860/4195/1610
s 0
f 3609/4137/1472 3822/4139/1472 3824/4137/1472 3828/4138/1636
f 3796/4123/1322 3621/4122/1322 3790/4124/1322 3792/4122/1322
s 1
f 3761/4115/1611 3260/3993/1611 3628/4128/1611 3766/4196/1611 3763/4197/1611
f 3712/4198/1317 3643/4199/1317 3257/3981/1317 3719/4200/1317 3709/4201/1317
f 3697/4202/1321 3255/3969/1321 3655/4098/1321 3704/4203/1321 3699/4204/1321
f 3917/4205/1319 3270/3972/1319 3577/4185/1319 3689/4206/1319 3913/4207/1319
f 3582/4208/1534 3268/4037/1534 3883/4209/1534 3876/4210/1534 3869/4211/1534
f 3657/4078/1637 3687/4080/1637 3696/4078/1637 3700/4103/1637
f 3702/4212/1317 3654/4213/1317 3257/3981/1317 3731/4214/1317 3725/4215/1317
f 3719/4200/1317 3257/3981/1317 3654/4213/1317 3665/4216/1317 3722/4217/1317
f 3646/4067/1322 3726/4117/1322 3732/4067/1322 3729/4068/1322
f 3731/4214/1317 3257/3981/1317 3643/4199/1317 3734/4218/1317 3728/4219/1317
f 3755/4129/1611 3260/3993/1611 3642/4114/1611 3714/4220/1611 3751/4221/1611
s 0
f 3760/4093/1322 3764/4108/1616 3633/4093/1638 3758/4092/1322
s 1
f 3767/4222/1609 3627/4223/1609 3262/4004/1609 3793/4224/1609 3789/4225/1609
f 3262/4004/1609 3627/4223/1609 3741/4226/1609 3786/4227/1609 3783/4228/1609
f 3618/4229/1609 3262/4004/1609 3783/4228/1609 3773/4230/1609 3776/4231/1609
f 3264/4015/1314 3619/4143/1314 3778/4232/1314 3815/4233/1314 3819/4157/1314
f 3262/4004/1609 3618/4229/1609 3798/4234/1609 3795/4235/1609 3793/4224/1609
f 3266/4026/1610 3607/4236/1610 3807/4237/1610 3850/4238/1610 3847/4239/1610
f 3831/4240/1610 3607/4236/1610 3266/4026/1610 3860/4195/1610 3853/4241/1610
f 3264/4015/1314 3606/4156/1314 3830/4242/1314 3827/4243/1314 3825/4144/1314
f 3594/4192/1610 3266/4026/1610 3847/4239/1610 3837/4244/1610 3840/4245/1610
s 0
f 3857/4178/1616 3597/4057/1322 3854/4059/1616 3859/4057/1322
s 1
f 3268/4037/1534 3595/4174/1534 3842/4246/1534 3879/4247/1534 3883/4209/1534
f 3905/4186/1319 3270/3972/1319 3583/4248/1319 3871/4249/1319 3908/4250/1319
f 3895/4251/1319 3583/4248/1319 3270/3972/1319 3917/4205/1319 3910/4252/1319
f 3268/4037/1534 3582/4208/1534 3894/4253/1534 3891/4254/1534 3889/4175/1534
f 3690/4255/1321 3576/4256/1321 3255/3969/1321 3697/4202/1321 3686/4257/1321
f 3674/4099/1321 3255/3969/1321 3576/4256/1321 3681/4258/1321 3676/4259/1321
f 3271/3979/1639 3274/4260/1639 3275/4261/1639 3277/4262/1639
f 3272/4053/1640 3276/4263/1640 3275/4264/1640 3274/4265/1640
f 3273/4050/1641 3277/4266/1641 3275/4267/1641 3276/4268/1641
f 3278/3975/1642 3281/4269/1642 3282/4270/1642 3284/4271/1642
f 3279/4051/1643 3283/4272/1643 3282/4273/1643 3281/4274/1643
f 3280/3965/1644 3284/4275/1644 3282/4276/1644 3283/4277/1644
f 3285/4048/1645 3288/4278/1645 3289/4279/1645 3291/4280/1645
f 3286/4049/1646 3290/4281/1646 3289/4282/1646 3288/4278/1646
f 3287/3963/1647 3291/4283/1647 3289/4284/1647 3290/4285/1647
f 3292/4044/1648 3295/4286/1648 3296/4287/1648 3298/4288/1648
f 3293/4052/1649 3297/4289/1649 3296/4290/1649 3295/4286/1649
f 3294/3937/1650 3298/4291/1650 3296/4292/1650 3297/4293/1650
f 3299/4039/1651 3302/4294/1651 3303/4295/1651 3305/4296/1651
f 3300/4040/1652 3304/4297/1652 3303/4298/1652 3302/4294/1652
f 3301/4042/1653 3305/4299/1653 3303/4300/1653 3304/4301/1653
f 3306/4033/1654 3309/4302/1654 3310/4303/1654 3312/4304/1654
f 3307/4046/1655 3311/4305/1655 3310/4306/1655 3309/4302/1655
f 3308/3941/1656 3312/4307/1656 3310/4308/1656 3311/4309/1656
f 3313/4028/1657 3316/4310/1657 3317/4311/1657 3319/4312/1657
f 3314/4029/1658 3318/4313/1658 3317/4314/1658 3316/4310/1658
f 3315/4031/1659 3319/4315/1659 3317/4316/1659 3318/4317/1659
f 3320/4022/1660 3323/4318/1660 3324/4319/1660 3326/4320/1660
f 3321/4035/1661 3325/4321/1661 3324/4322/1661 3323/4318/1661
f 3322/3945/1662 3326/4323/1662 3324/4324/1662 3325/4325/1662
f 3327/4017/1663 3330/4326/1663 3331/4327/1663 3333/4328/1663
f 3328/4018/1664 3332/4329/1664 3331/4330/1664 3330/4326/1664
f 3329/4020/1665 3333/4331/1665 3331/4332/1665 3332/4333/1665
f 3334/4011/1666 3337/4334/1666 3338/4335/1666 3340/4336/1666
f 3335/4024/1667 3339/4337/1667 3338/4338/1667 3337/4334/1667
f 3336/3949/1668 3340/4339/1668 3338/4340/1668 3339/4341/1668
f 3341/4006/1669 3344/4342/1669 3345/4343/1669 3347/4344/1669
f 3342/4007/1670 3346/4345/1670 3345/4346/1670 3344/4342/1670
f 3343/4009/1671 3347/4347/1671 3345/4348/1671 3346/4349/1671
f 3348/4000/1672 3351/4350/1672 3352/4351/1672 3354/4352/1672
f 3349/4013/1673 3353/4353/1673 3352/4354/1673 3351/4350/1673
f 3350/3953/1674 3354/4355/1674 3352/4356/1674 3353/4357/1674
f 3355/3995/1675 3358/4358/1675 3359/4359/1675 3361/4360/1675
f 3356/3996/1676 3360/4361/1676 3359/4362/1676 3358/4358/1676
f 3357/3998/1677 3361/4363/1677 3359/4364/1677 3360/4365/1677
f 3362/3988/1678 3365/4366/1678 3366/4367/1678 3368/4368/1678
f 3363/4002/1679 3367/4369/1679 3366/4370/1679 3365/4366/1679
f 3364/3957/1680 3368/4371/1680 3366/4372/1680 3367/4373/1680
f 3369/3983/1681 3372/4374/1681 3373/4375/1681 3375/4376/1681
f 3370/3984/1682 3374/4377/1682 3373/4378/1682 3372/4374/1682
f 3371/3986/1683 3375/4379/1683 3373/4380/1683 3374/4381/1683
f 3376/3967/1684 3379/4382/1684 3380/4383/1684 3382/4384/1684
f 3377/3991/1685 3381/4385/1685 3380/4386/1685 3379/4382/1685
f 3378/3961/1686 3382/4387/1686 3380/4388/1686 3381/4389/1686
f 3455/3970/1687 3458/4390/1687 3459/4391/1687 3461/4265/1687
f 3456/4079/1641 3460/4392/1641 3459/4393/1641 3458/4394/1641
f 3457/4181/1688 3461/4260/1688 3459/4261/1688 3460/4395/1688
f 3462/4183/1642 3465/4269/1642 3466/4270/1642 3468/4396/1642
f 3463/4182/1643 3467/4397/1643 3466/4398/1643 3465/4274/1643
f 3464/4075/1644 3468/4399/1644 3466/4400/1644 3467/4401/1644
f 3469/4088/1645 3472/4278/1645 3473/4279/1645 3475/4402/1645
f 3470/4179/1646 3474/4403/1646 3473/4404/1646 3472/4278/1646
f 3471/4166/1647 3475/4405/1647 3473/4406/1647 3474/4407/1647
f 3476/4056/1650 3479/4408/1650 3480/4409/1650 3482/4410/1650
f 3477/4172/1648 3481/4286/1648 3480/4287/1648 3479/4411/1648
f 3478/4188/1649 3482/4412/1649 3480/4413/1649 3481/4286/1649
f 3483/4164/1689 3486/4294/1689 3487/4295/1689 3489/4414/1689
f 3484/4165/1690 3488/4415/1690 3487/4416/1690 3486/4294/1690
f 3485/4170/1653 3489/4417/1653 3487/4418/1653 3488/4419/1653
f 3490/4155/1654 3493/4302/1654 3494/4303/1654 3496/4420/1654
f 3491/4177/1655 3495/4421/1655 3494/4422/1655 3493/4302/1655
f 3492/4152/1656 3496/4423/1656 3494/4424/1656 3495/4425/1656
f 3497/4162/1657 3500/4310/1657 3501/4311/1657 3503/4426/1657
f 3498/4150/1658 3502/4427/1658 3501/4428/1658 3500/4310/1658
f 3499/4058/1659 3503/4429/1659 3501/4430/1659 3502/4431/1659
f 3504/4062/1662 3507/4432/1662 3508/4433/1662 3510/4434/1662
f 3505/4141/1660 3509/4318/1660 3508/4319/1660 3507/4435/1660
f 3506/4160/1661 3510/4436/1661 3508/4437/1661 3509/4318/1661
f 3511/4135/1691 3514/4326/1691 3515/4327/1691 3517/4438/1691
f 3512/4147/1692 3516/4439/1692 3515/4440/1692 3514/4326/1692
f 3513/4121/1665 3517/4441/1665 3515/4442/1665 3516/4443/1665
f 3518/4065/1668 3521/4444/1668 3522/4445/1668 3524/4446/1668
f 3519/4126/1666 3523/4334/1666 3522/4335/1666 3521/4447/1666
f 3520/4146/1693 3524/4448/1693 3522/4449/1693 3523/4334/1693
f 3525/4133/1669 3528/4342/1669 3529/4343/1669 3531/4450/1669
f 3526/4120/1670 3530/4451/1670 3529/4452/1670 3528/4342/1670
f 3527/4107/1671 3531/4453/1671 3529/4454/1671 3530/4455/1671
f 3532/4112/1672 3535/4350/1672 3536/4351/1672 3538/4456/1672
f 3533/4131/1673 3537/4457/1673 3536/4458/1673 3535/4350/1673
f 3534/4109/1674 3538/4459/1674 3536/4460/1674 3537/4461/1674
f 3539/4066/1677 3542/4462/1677 3543/4463/1677 3545/4464/1677
f 3540/4104/1694 3544/4358/1694 3543/4359/1694 3542/4465/1694
f 3541/4105/1695 3545/4466/1695 3543/4467/1695 3544/4358/1695
f 3546/4118/1678 3549/4366/1678 3550/4367/1678 3552/4468/1678
f 3547/4095/1679 3551/4469/1679 3550/4470/1679 3549/4366/1679
f 3548/4070/1680 3552/4471/1680 3550/4472/1680 3551/4473/1680
f 3553/4090/1681 3556/4374/1681 3557/4375/1681 3559/4474/1681
f 3554/4091/1682 3558/4475/1682 3557/4476/1682 3556/4374/1682
f 3555/4102/1683 3559/4477/1683 3557/4478/1683 3558/4479/1683
f 3560/4086/1684 3563/4382/1684 3564/4383/1684 3566/4480/1684
f 3561/4101/1685 3565/4481/1685 3564/4482/1685 3563/4382/1685
f 3562/4082/1686 3566/4483/1686 3564/4484/1686 3565/4485/1686
f 3663/4097/1696 3666/4486/1696 3667/4487/1696 3669/4488/1696
f 3664/4082/1697 3668/4489/1697 3667/4490/1697 3666/4491/1697
f 3665/4216/1698 3669/4488/1698 3667/4492/1698 3668/4493/1698
f 3679/4184/1699 3682/4494/1699 3683/4495/1699 3685/4496/1699
f 3680/4075/1700 3684/4497/1700 3683/4498/1700 3682/4499/1700
f 3681/4258/1701 3685/4500/1701 3683/4501/1701 3684/4502/1701
f 3689/4206/1702 3692/4503/1702 3693/4504/1702 3695/4505/1702
f 3690/4255/1703 3694/4506/1703 3693/4507/1703 3692/4508/1703
f 3691/4079/1704 3695/4509/1704 3693/4510/1704 3694/4511/1704
f 3702/4212/1705 3705/4512/1705 3706/4513/1705 3708/4514/1705
f 3703/4102/1706 3707/4515/1706 3706/4516/1706 3705/4517/1706
f 3704/4203/1707 3708/4514/1707 3706/4518/1707 3707/4519/1707
f 3712/4198/1708 3715/4520/1708 3716/4521/1708 3718/4522/1708
f 3713/4070/1709 3717/4523/1709 3716/4524/1709 3715/4525/1709
f 3714/4220/1710 3718/4522/1710 3716/4526/1710 3717/4527/1710
f 3734/4218/1711 3737/4528/1711 3738/4529/1711 3740/4530/1711
f 3735/4113/1712 3739/4531/1712 3738/4532/1712 3737/4528/1712
f 3736/4066/1713 3740/4533/1713 3738/4534/1713 3739/4535/1713
f 3741/4226/1714 3744/4536/1714 3745/4537/1714 3747/4538/1714
f 3742/4127/1715 3746/4539/1715 3745/4540/1715 3744/4536/1715
f 3743/4109/1716 3747/4541/1716 3745/4542/1716 3746/4543/1716
f 3766/4196/1717 3769/4544/1717 3770/4545/1717 3772/4546/1717
f 3767/4222/1718 3771/4547/1718 3770/4548/1718 3769/4544/1718
f 3768/4107/1719 3772/4549/1719 3770/4550/1719 3771/4551/1719
f 3776/4231/1720 3779/4552/1720 3780/4553/1720 3782/4554/1720
f 3777/4065/1721 3781/4555/1721 3780/4556/1721 3779/4557/1721
f 3778/4232/1722 3782/4554/1722 3780/4558/1722 3781/4559/1722
f 3798/4234/1723 3801/4560/1723 3802/4561/1723 3804/4562/1723
f 3799/4142/1724 3803/4563/1724 3802/4564/1724 3801/4560/1724
f 3800/4121/1725 3804/4565/1725 3802/4566/1725 3803/4567/1725
f 3805/4159/1726 3808/4568/1726 3809/4569/1726 3811/4570/1726
f 3806/4062/1727 3810/4571/1727 3809/4572/1727 3808/4573/1727
f 3807/4237/1728 3811/4570/1728 3809/4574/1728 3810/4575/1728
f 3830/4242/1729 3833/4576/1729 3834/4577/1729 3836/4578/1729
f 3831/4240/1730 3835/4579/1730 3834/4580/1730 3833/4576/1730
f 3832/4058/1731 3836/4581/1731 3834/4582/1731 3835/4583/1731
f 3840/4245/1732 3843/4584/1732 3844/4585/1732 3846/4586/1732
f 3841/4152/1733 3845/4587/1733 3844/4588/1733 3843/4589/1733
f 3842/4246/1734 3846/4586/1734 3844/4590/1734 3845/4591/1734
f 3862/4173/1735 3865/4592/1735 3866/4593/1735 3868/4594/1735
f 3863/4170/1736 3867/4595/1736 3866/4596/1736 3865/4597/1736
f 3864/4193/1737 3868/4594/1737 3866/4598/1737 3867/4599/1737
f 3869/4211/1738 3872/4600/1738 3873/4601/1738 3875/4602/1738
f 3870/4056/1739 3874/4603/1739 3873/4604/1739 3872/4605/1739
f 3871/4249/1740 3875/4602/1740 3873/4606/1740 3874/4607/1740
f 3894/4253/1741 3897/4608/1741 3898/4609/1741 3900/4610/1741
f 3895/4251/1742 3899/4611/1742 3898/4612/1742 3897/4608/1742
f 3896/4166/1743 3900/4613/1743 3898/4614/1743 3899/4615/1743
f 3384/3973/1744 3285/4048/1744 3291/4280/1744 3385/4616/1744
f 3385/4617/1745 3291/4283/1745 3287/3963/1745 3383/3962/1745
f 3387/3976/1746 3278/3975/1746 3284/4271/1746 3388/4618/1746
f 3388/4619/1747 3284/4275/1747 3280/3965/1747 3386/3964/1747
f 3390/3978/1748 3279/4051/1748 3281/4274/1748 3391/4620/1748
f 3391/4621/1749 3281/4269/1749 3278/3975/1749 3389/3974/1749
f 3393/4043/1750 3286/4049/1750 3288/4278/1750 3394/4622/1750
f 3394/4622/1751 3288/4278/1751 3285/4048/1751 3392/4047/1751
f 3396/4036/1752 3299/4039/1752 3305/4296/1752 3397/4623/1752
f 3397/4624/1753 3305/4299/1753 3301/4042/1753 3395/4041/1753
f 3399/4045/1754 3292/4044/1754 3298/4288/1754 3400/4625/1754
f 3400/4626/1755 3298/4291/1755 3294/3937/1755 3398/3936/1755
f 3402/4032/1756 3300/4040/1756 3302/4294/1756 3403/4627/1756
f 3403/4627/1757 3302/4294/1757 3299/4039/1757 3401/4038/1757
f 3405/4025/1758 3313/4028/1758 3319/4312/1758 3406/4628/1758
f 3406/4629/1759 3319/4315/1759 3315/4031/1759 3404/4030/1759
f 3408/4034/1760 3306/4033/1761 3312/4304/1761 3409/4630/1760
f 3409/4631/1762 3312/4307/1762 3308/3941/1762 3407/3940/1762
f 3411/4021/1414 3314/4029/1414 3316/4310/1414 3412/4632/1414
f 3412/4632/1415 3316/4310/1415 3313/4028/1415 3410/4027/1415
f 3414/4014/1763 3327/4017/1763 3333/4328/1763 3415/4633/1763
f 3415/4634/1764 3333/4331/1764 3329/4020/1764 3413/4019/1764
f 3417/4023/1765 3320/4022/1765 3326/4320/1765 3418/4635/1765
f 3418/4636/1766 3326/4323/1766 3322/3945/1766 3416/3944/1766
f 3420/4010/1423 3328/4018/1423 3330/4326/1423 3421/4637/1423
f 3421/4637/1422 3330/4326/1422 3327/4017/1422 3419/4016/1422
f 3423/4003/1767 3341/4006/1767 3347/4344/1767 3424/4638/1767
f 3424/4639/1768 3347/4347/1768 3343/4009/1768 3422/4008/1768
f 3426/4012/1769 3334/4011/1769 3340/4336/1769 3427/4640/1769
f 3427/4641/1770 3340/4339/1770 3336/3949/1770 3425/3948/1770
f 3429/3999/1771 3342/4007/1771 3344/4342/1771 3430/4642/1771
f 3430/4642/1772 3344/4342/1772 3341/4006/1772 3428/4005/1772
f 3432/3992/1773 3355/3995/1773 3361/4360/1773 3433/4643/1773
f 3433/4644/1774 3361/4363/1774 3357/3998/1774 3431/3997/1774
f 3435/4001/1775 3348/4000/1775 3354/4352/1775 3436/4645/1775
f 3436/4646/1776 3354/4355/1776 3350/3953/1776 3434/3952/1776
f 3438/3987/1777 3356/3996/1777 3358/4358/1777 3439/4647/1777
f 3439/4647/1778 3358/4358/1778 3355/3995/1778 3437/3994/1778
f 3441/3980/1779 3369/3983/1779 3375/4376/1779 3442/4648/1779
f 3442/4649/1780 3375/4379/1780 3371/3986/1780 3440/3985/1780
f 3444/3989/1781 3362/3988/1781 3368/4368/1781 3445/4650/1781
f 3445/4651/1782 3368/4371/1782 3364/3957/1782 3443/3956/1782
f 3447/3966/1783 3370/3984/1783 3372/4374/1783 3448/4652/1783
f 3448/4652/1784 3372/4374/1784 3369/3983/1784 3446/3982/1784
f 3450/3977/1785 3271/3979/1785 3277/4262/1785 3451/4653/1785
f 3451/4654/1786 3277/4266/1786 3273/4050/1786 3449/3990/1786
f 3453/3968/1787 3376/3967/1787 3382/4384/1787 3454/4655/1787
f 3454/4656/1788 3382/4387/1788 3378/3961/1788 3452/3960/1788
f 3272/4053/1744 3384/3973/1744 3385/4616/1744 3276/4263/1744
f 3276/4268/1745 3385/4617/1745 3383/3962/1745 3273/4050/1745
f 3293/4052/1746 3387/3976/1746 3388/4618/1746 3297/4289/1746
f 3297/4293/1747 3388/4619/1747 3386/3964/1747 3294/3937/1747
f 3271/3979/1748 3390/3978/1748 3391/4620/1748 3274/4260/1748
f 3274/4265/1749 3391/4621/1749 3389/3974/1749 3272/4053/1749
f 3292/4044/1750 3393/4043/1750 3394/4622/1750 3295/4286/1750
f 3295/4286/1751 3394/4622/1751 3392/4047/1751 3293/4052/1751
f 3286/4049/1752 3396/4036/1752 3397/4623/1752 3290/4281/1752
f 3290/4285/1753 3397/4624/1753 3395/4041/1753 3287/3963/1753
f 3307/4046/1754 3399/4045/1754 3400/4625/1754 3311/4305/1754
f 3311/4309/1755 3400/4626/1755 3398/3936/1755 3308/3941/1755
f 3306/4033/1756 3402/4032/1756 3403/4627/1756 3309/4302/1756
f 3309/4302/1757 3403/4627/1757 3401/4038/1757 3307/4046/1757
f 3300/4040/1758 3405/4025/1758 3406/4628/1758 3304/4297/1758
f 3304/4301/1759 3406/4629/1759 3404/4030/1759 3301/4042/1759
f 3321/4035/1760 3408/4034/1760 3409/4630/1760 3325/4321/1760
f 3325/4325/1762 3409/4631/1762 3407/3940/1762 3322/3945/1762
f 3320/4022/1414 3411/4021/1414 3412/4632/1414 3323/4318/1414
f 3323/4318/1415 3412/4632/1415 3410/4027/1415 3321/4035/1415
f 3314/4029/1763 3414/4014/1763 3415/4633/1763 3318/4313/1763
f 3318/4317/1764 3415/4634/1764 3413/4019/1764 3315/4031/1764
f 3335/4024/1765 3417/4023/1765 3418/4635/1765 3339/4337/1765
f 3339/4341/1766 3418/4636/1766 3416/3944/1766 3336/3949/1766
f 3334/4011/1423 3420/4010/1423 3421/4637/1423 3337/4334/1423
f 3337/4334/1422 3421/4637/1422 3419/4016/1422 3335/4024/1422
f 3328/4018/1767 3423/4003/1767 3424/4638/1767 3332/4329/1767
f 3332/4333/1768 3424/4639/1768 3422/4008/1768 3329/4020/1768
f 3349/4013/1769 3426/4012/1769 3427/4640/1769 3353/4353/1769
f 3353/4357/1770 3427/4641/1770 3425/3948/1770 3350/3953/1770
f 3348/4000/1771 3429/3999/1771 3430/4642/1771 3351/4350/1771
f 3351/4350/1772 3430/4642/1772 3428/4005/1772 3349/4013/1772
f 3342/4007/1773 3432/3992/1773 3433/4643/1773 3346/4345/1773
f 3346/4349/1774 3433/4644/1774 3431/3997/1774 3343/4009/1774
f 3363/4002/1775 3435/4001/1775 3436/4645/1775 3367/4369/1775
f 3367/4373/1776 3436/4646/1776 3434/3952/1776 3364/3957/1776
f 3362/3988/1777 3438/3987/1777 3439/4647/1777 3365/4366/1777
f 3365/4366/1778 3439/4647/1778 3437/3994/1778 3363/4002/1778
f 3356/3996/1779 3441/3980/1779 3442/4648/1779 3360/4361/1779
f 3360/4365/1780 3442/4649/1780 3440/3985/1780 3357/3998/1780
f 3377/3991/1781 3444/3989/1781 3445/4650/1781 3381/4385/1781
f 3381/4389/1782 3445/4651/1782 3443/3956/1782 3378/3961/1782
f 3376/3967/1783 3447/3966/1783 3448/4652/1783 3379/4382/1783
f 3379/4382/1784 3448/4652/1784 3446/3982/1784 3377/3991/1784
f 3370/3984/1785 3450/3977/1785 3451/4653/1785 3374/4377/1785
f 3374/4381/1786 3451/4654/1786 3449/3990/1786 3371/3986/1786
f 3279/4051/1787 3453/3968/1787 3454/4655/1787 3283/4272/1787
f 3283/4277/1788 3454/4656/1788 3452/3960/1788 3280/3965/1788
f 3595/4174/1778 3862/4173/1778 3868/4594/1778 3596/4627/1778
f 3596/4627/1777 3868/4594/1777 3864/4193/1777 3594/4192/1777
f 3541/4105/1779 3645/3980/1779 3647/4648/1779 3545/4466/1779
f 3545/4464/1780 3647/4649/1780 3646/4067/1780 3539/4066/1780
f 3457/4181/1748 3573/4180/1748 3575/4620/1748 3461/4260/1748
f 3461/4265/1749 3575/4621/1749 3574/3971/1749 3455/3970/1749
f 3469/4088/1751 3579/4087/1751 3581/4622/1751 3472/4278/1751
f 3472/4278/1750 3581/4622/1750 3580/4171/1750 3470/4179/1750
f 3485/4170/1753 3585/4167/1753 3587/4624/1753 3489/4417/1753
f 3489/4414/1752 3587/4623/1752 3586/4036/1752 3483/4164/1752
f 3483/4164/1757 3591/4163/1757 3593/4627/1757 3486/4294/1757
f 3486/4294/1756 3593/4627/1756 3592/4154/1756 3484/4165/1756
f 3499/4058/1759 3597/4057/1759 3599/4629/1759 3503/4429/1759
f 3503/4426/1758 3599/4628/1758 3598/4025/1758 3497/4162/1758
f 3497/4162/1415 3603/4161/1415 3605/4632/1415 3500/4310/1415
f 3500/4310/1414 3605/4632/1414 3604/4140/1414 3498/4150/1414
f 3534/4109/1789 3636/4071/1789 3638/4646/1789 3538/4459/1789
f 3538/4456/1775 3638/4645/1775 3637/4001/1775 3532/4112/1775
f 3513/4121/1764 3609/4137/1764 3611/4634/1764 3517/4441/1764
f 3517/4438/1790 3611/4633/1763 3610/4014/1763 3511/4135/1790
f 3527/4107/1768 3621/4122/1768 3623/4639/1768 3531/4453/1768
f 3531/4450/1767 3623/4638/1767 3622/4003/1767 3525/4133/1767
f 3525/4133/1772 3630/4132/1772 3632/4642/1772 3528/4342/1772
f 3528/4342/1771 3632/4642/1771 3631/4111/1771 3526/4120/1771
f 3539/4066/1774 3633/4093/1774 3635/4644/1774 3542/4462/1774
f 3542/4465/1773 3635/4643/1773 3634/3992/1773 3540/4104/1773
f 3540/4104/1778 3639/4096/1778 3641/4647/1778 3544/4358/1778
f 3544/4358/1777 3641/4647/1777 3640/4106/1777 3541/4105/1777
f 3555/4102/1780 3646/4067/1780 3647/4649/1780 3559/4477/1780
f 3559/4474/1779 3647/4648/1779 3645/3980/1779 3553/4090/1779
f 3553/4090/1784 3651/4089/1784 3653/4652/1784 3556/4374/1784
f 3556/4374/1783 3653/4652/1783 3652/4085/1783 3554/4091/1783
f 3456/4079/1786 3657/4078/1786 3659/4654/1786 3460/4392/1786
f 3460/4395/1785 3659/4653/1785 3658/3977/1785 3457/4181/1785
f 3546/4118/1777 3640/4106/1777 3641/4647/1777 3549/4366/1777
f 3549/4366/1778 3641/4647/1778 3639/4096/1778 3547/4095/1778
f 3663/4097/1791 3670/4100/1791 3672/4657/1791 3666/4486/1791
f 3666/4491/1792 3672/4658/1792 3671/4081/1792 3664/4082/1792
f 3674/4099/1791 3676/4259/1791 3678/4659/1791 3675/4660/1791
f 3675/4661/1792 3678/4662/1792 3677/4077/1792 3673/4076/1792
f 3710/4094/1793 3713/4070/1793 3715/4525/1793 3711/4663/1793
f 3711/4664/1760 3715/4520/1760 3712/4198/1760 3709/4201/1760
f 3709/4201/1760 3719/4200/1760 3721/4665/1760 3711/4666/1760
f 3711/4667/1793 3721/4668/1793 3720/4084/1793 3710/4094/1793
f 3719/4200/1760 3722/4217/1761 3724/4669/1761 3721/4665/1760
f 3721/4668/1793 3724/4670/1793 3723/4083/1793 3720/4084/1793
f 3725/4215/1758 3731/4214/1758 3733/4671/1758 3727/4672/1758
f 3727/4673/1759 3733/4674/1759 3732/4067/1759 3726/4117/1759
f 3628/4128/1794 3742/4127/1794 3744/4536/1794 3629/4642/1794
f 3629/4642/1795 3744/4536/1795 3741/4226/1795 3627/4223/1795
f 3742/4127/1754 3748/4130/1754 3750/4675/1754 3746/4539/1754
f 3746/4543/1796 3750/4676/1796 3749/4119/1796 3743/4109/1796
f 3752/4069/1796 3754/4071/1796 3756/4677/1796 3753/4678/1796
f 3753/4679/1754 3756/4680/1754 3755/4129/1754 3751/4221/1754
f 3763/4197/1752 3766/4196/1752 3772/4546/1752 3765/4681/1752
f 3765/4682/1753 3772/4549/1753 3768/4107/1753 3764/4108/1753
f 3774/4063/1797 3777/4065/1797 3779/4557/1797 3775/4683/1797
f 3775/4684/1746 3779/4552/1746 3776/4231/1746 3773/4230/1746
f 3773/4230/1746 3783/4228/1746 3785/4685/1746 3775/4686/1746
f 3775/4687/1797 3785/4688/1797 3784/4064/1797 3774/4063/1797
f 3783/4228/1746 3786/4227/1746 3788/4689/1746 3785/4685/1746
f 3785/4688/1797 3788/4690/1797 3787/4110/1797 3784/4064/1797
f 3805/4159/1787 3812/4158/1787 3814/4691/1787 3808/4568/1787
f 3808/4573/1798 3814/4692/1798 3813/4060/1798 3806/4062/1798
f 3743/4109/1797 3787/4110/1797 3788/4693/1797 3747/4541/1797
f 3747/4538/1746 3788/4694/1746 3786/4227/1746 3741/4226/1746
f 3562/4082/1798 3660/4076/1798 3662/4656/1798 3566/4483/1798
f 3566/4480/1799 3662/4655/1799 3661/3968/1799 3560/4086/1799
f 3757/4116/1752 3761/4115/1752 3762/4695/1752 3759/4696/1752
f 3759/4697/1753 3762/4698/1753 3760/4093/1753 3758/4092/1753
f 3827/4243/1785 3830/4242/1785 3836/4578/1785 3829/4699/1785
f 3829/4700/1786 3836/4581/1786 3832/4058/1786 3828/4138/1786
f 3838/4151/1800 3841/4152/1800 3843/4589/1800 3839/4701/1800
f 3839/4702/1781 3843/4584/1781 3840/4245/1781 3837/4244/1781
f 3837/4244/1781 3847/4239/1781 3849/4703/1781 3839/4704/1781
f 3839/4705/1800 3849/4706/1800 3848/4148/1800 3838/4151/1800
f 3847/4239/1781 3850/4238/1781 3852/4707/1781 3849/4703/1781
f 3849/4706/1800 3852/4708/1800 3851/4149/1800 3848/4148/1800
f 3853/4241/1779 3860/4195/1779 3861/4709/1779 3855/4710/1779
f 3855/4711/1780 3861/4712/1780 3859/4057/1780 3854/4059/1780
f 3492/4152/1793 3600/4148/1793 3602/4631/1793 3496/4423/1793
f 3496/4420/1760 3602/4630/1760 3601/4034/1760 3490/4155/1760
f 3869/4211/1801 3876/4210/1801 3878/4713/1801 3872/4600/1801
f 3872/4605/1789 3878/4714/1789 3877/4054/1789 3870/4056/1789
f 3880/4153/1789 3882/4055/1789 3884/4715/1789 3881/4716/1789
f 3881/4717/1775 3884/4718/1775 3883/4209/1775 3879/4247/1775
f 3885/4176/1773 3889/4175/1773 3890/4719/1773 3887/4720/1773
f 3887/4721/1774 3890/4722/1774 3888/4167/1774 3886/4169/1774
f 3891/4254/1773 3894/4253/1773 3900/4610/1773 3893/4723/1773
f 3893/4724/1774 3900/4613/1774 3896/4166/1774 3892/4168/1774
f 3679/4184/1802 3901/4187/1802 3903/4725/1802 3682/4494/1802
f 3682/4499/1803 3903/4726/1803 3902/4191/1803 3680/4075/1803
f 3901/4187/1802 3905/4186/1802 3906/4727/1802 3903/4728/1802
f 3903/4729/1803 3906/4730/1803 3904/4189/1803 3902/4191/1803
f 3870/4056/1803 3907/4190/1803 3909/4731/1803 3874/4603/1803
f 3874/4607/1802 3909/4732/1802 3908/4250/1802 3871/4249/1802
f 3470/4179/1752 3586/4036/1752 3587/4623/1752 3474/4403/1752
f 3474/4407/1753 3587/4624/1753 3585/4167/1753 3471/4166/1753
f 3841/4152/1789 3880/4153/1789 3881/4733/1789 3845/4587/1789
f 3845/4591/1775 3881/4734/1775 3879/4247/1775 3842/4246/1775
f 3484/4165/1758 3598/4025/1758 3599/4628/1758 3488/4415/1758
f 3488/4419/1759 3599/4629/1759 3597/4057/1759 3485/4170/1759
f 3691/4079/1768 3914/4072/1768 3915/4735/1768 3695/4509/1768
f 3695/4505/1767 3915/4736/1767 3913/4207/1767 3689/4206/1767
f 3498/4150/1763 3610/4014/1763 3611/4633/1763 3502/4427/1763
f 3502/4431/1764 3611/4634/1764 3609/4137/1764 3499/4058/1764
f 3789/4225/1744 3793/4224/1744 3794/4737/1744 3791/4738/1744
f 3791/4739/1745 3794/4740/1745 3792/4122/1745 3790/4124/1745
f 3464/4075/1797 3570/4189/1797 3572/4619/1797 3468/4399/1797
f 3468/4396/1804 3572/4618/1804 3571/3976/1804 3462/4183/1804
f 3627/4223/1795 3767/4222/1795 3769/4544/1795 3629/4642/1795
f 3629/4642/1794 3769/4544/1794 3766/4196/1794 3628/4128/1794
f 3511/4135/1422 3615/4134/1422 3617/4637/1422 3514/4326/1422
f 3514/4326/1423 3617/4637/1423 3616/4125/1423 3512/4147/1423
f 3795/4235/1744 3798/4234/1744 3804/4562/1744 3797/4741/1744
f 3797/4742/1745 3804/4565/1745 3800/4121/1745 3796/4123/1745
f 3512/4147/1767 3622/4003/1767 3623/4638/1767 3516/4439/1767
f 3516/4443/1768 3623/4639/1768 3621/4122/1768 3513/4121/1768
f 3577/4185/1423 3679/4184/1423 3685/4496/1423 3578/4621/1423
f 3578/4620/1422 3685/4500/1422 3681/4258/1422 3576/4256/1422
f 3576/4256/1422 3690/4255/1422 3692/4508/1422 3578/4620/1422
f 3578/4621/1423 3692/4503/1423 3689/4206/1423 3577/4185/1423
f 3713/4070/1796 3752/4069/1796 3753/4743/1796 3717/4523/1796
f 3717/4527/1754 3753/4744/1754 3751/4221/1754 3714/4220/1754
f 3729/4068/1759 3732/4067/1759 3733/4674/1759 3730/4745/1759
f 3730/4746/1758 3733/4671/1758 3731/4214/1758 3728/4219/1758
f 3526/4120/1773 3634/3992/1773 3635/4643/1773 3530/4451/1773
f 3530/4455/1774 3635/4644/1774 3633/4093/1774 3527/4107/1774
f 3478/4188/1804 3571/3976/1804 3572/4618/1804 3482/4412/1804
f 3482/4410/1797 3572/4619/1797 3570/4189/1797 3476/4056/1797
f 3462/4183/1749 3574/3971/1749 3575/4621/1749 3465/4269/1749
f 3465/4274/1748 3575/4620/1748 3573/4180/1748 3463/4182/1748
f 3477/4172/1750 3580/4171/1750 3581/4622/1750 3481/4286/1750
f 3481/4286/1751 3581/4622/1751 3579/4087/1751 3478/4188/1751
f 3491/4177/1805 3588/4045/1805 3590/4625/1805 3495/4421/1805
f 3495/4425/1796 3590/4626/1796 3589/4055/1796 3492/4152/1796
f 3490/4155/1756 3592/4154/1756 3593/4627/1756 3493/4302/1756
f 3493/4302/1757 3593/4627/1757 3591/4163/1757 3491/4177/1757
f 3506/4160/1760 3601/4034/1760 3602/4630/1760 3510/4436/1760
f 3510/4434/1793 3602/4631/1793 3600/4148/1793 3504/4062/1793
f 3505/4141/1414 3604/4140/1414 3605/4632/1414 3509/4318/1414
f 3509/4318/1415 3605/4632/1415 3603/4161/1415 3506/4160/1415
f 3816/4136/1798 3818/4061/1798 3820/4747/1798 3817/4748/1798
f 3817/4749/1787 3820/4750/1787 3819/4157/1787 3815/4233/1787
f 3520/4146/1765 3612/4023/1765 3614/4635/1765 3524/4448/1765
f 3524/4446/1792 3614/4636/1792 3613/4061/1792 3518/4065/1792
f 3519/4126/1423 3616/4125/1423 3617/4637/1423 3523/4334/1423
f 3523/4334/1422 3617/4637/1422 3615/4134/1422 3520/4146/1422
f 3533/4131/1769 3624/4012/1769 3626/4640/1769 3537/4457/1769
f 3537/4461/1803 3626/4641/1803 3625/4064/1803 3534/4109/1803
f 3532/4112/1771 3631/4111/1771 3632/4642/1771 3535/4350/1771
f 3535/4350/1772 3632/4642/1772 3630/4132/1772 3533/4131/1772
f 3547/4095/1775 3637/4001/1775 3638/4645/1775 3551/4469/1775
f 3551/4473/1789 3638/4646/1789 3636/4071/1789 3548/4070/1789
f 3561/4101/1806 3648/3989/1806 3650/4650/1806 3565/4481/1806
f 3565/4485/1800 3650/4651/1800 3649/4084/1800 3562/4082/1800
f 3560/4086/1783 3652/4085/1783 3653/4652/1783 3563/4382/1783
f 3563/4382/1784 3653/4652/1784 3651/4089/1784 3561/4101/1784
f 3463/4182/1799 3661/3968/1799 3662/4655/1799 3467/4397/1799
f 3467/4401/1798 3662/4656/1798 3660/4076/1798 3464/4075/1798
f 3806/4062/1800 3851/4149/1800 3852/4751/1800 3810/4571/1800
f 3810/4575/1781 3852/4752/1781 3850/4238/1781 3807/4237/1781
f 3821/4145/1785 3825/4144/1785 3826/4753/1785 3823/4754/1785
f 3823/4755/1786 3826/4756/1786 3824/4137/1786 3822/4139/1786
f 3670/4100/1791 3674/4099/1791 3675/4660/1791 3672/4757/1791
f 3672/4758/1792 3675/4661/1792 3673/4076/1792 3671/4081/1792
f 3676/4259/1791 3681/4258/1791 3684/4502/1791 3678/4759/1791
f 3678/4760/1792 3684/4497/1792 3680/4075/1792 3677/4077/1792
f 3687/4080/1764 3691/4079/1764 3694/4511/1764 3688/4761/1764
f 3688/4762/1763 3694/4506/1763 3690/4255/1763 3686/4257/1763
f 3686/4257/1763 3697/4202/1763 3698/4763/1763 3688/4764/1763
f 3688/4765/1764 3698/4766/1764 3696/4078/1764 3687/4080/1764
f 3697/4202/1763 3699/4204/1763 3701/4767/1763 3698/4763/1763
f 3698/4766/1764 3701/4768/1764 3700/4103/1764 3696/4078/1764
f 3548/4070/1800 3649/4084/1800 3650/4651/1800 3552/4471/1800
f 3552/4468/1806 3650/4650/1806 3648/3989/1806 3546/4118/1806
f 3702/4212/1758 3725/4215/1758 3727/4769/1758 3705/4512/1758
f 3705/4517/1759 3727/4770/1759 3726/4117/1759 3703/4102/1759
f 3728/4219/1758 3734/4218/1758 3740/4530/1758 3730/4771/1758
f 3730/4772/1759 3740/4533/1759 3736/4066/1759 3729/4068/1759
f 3748/4130/1754 3755/4129/1754 3756/4680/1754 3750/4773/1754
f 3750/4774/1796 3756/4677/1796 3754/4071/1796 3749/4119/1796
f 3735/4113/1752 3757/4116/1752 3759/4775/1752 3739/4531/1752
f 3739/4535/1753 3759/4776/1753 3758/4092/1753 3736/4066/1753
f 3554/4091/1785 3658/3977/1785 3659/4653/1785 3558/4475/1785
f 3558/4479/1786 3659/4654/1786 3657/4078/1786 3555/4102/1786
f 3914/4072/1768 3916/4073/1768 3918/4777/1768 3915/4778/1768
f 3915/4779/1767 3918/4780/1767 3917/4205/1767 3913/4207/1767
f 3767/4222/1744 3789/4225/1744 3791/4781/1744 3771/4547/1744
f 3771/4551/1745 3791/4782/1745 3790/4124/1745 3768/4107/1745
f 3793/4224/1744 3795/4235/1744 3797/4783/1744 3794/4737/1744
f 3794/4740/1745 3797/4784/1745 3796/4123/1745 3792/4122/1745
f 3619/4143/1748 3799/4142/1748 3801/4560/1748 3620/4637/1748
f 3620/4637/1749 3801/4560/1749 3798/4234/1749 3618/4229/1749
f 3812/4158/1787 3819/4157/1787 3820/4750/1787 3814/4785/1787
f 3814/4786/1798 3820/4747/1798 3818/4061/1798 3813/4060/1798
f 3799/4142/1785 3821/4145/1785 3823/4787/1785 3803/4563/1785
f 3803/4567/1786 3823/4788/1786 3822/4139/1786 3800/4121/1786
f 3825/4144/1785 3827/4243/1785 3829/4789/1785 3826/4753/1785
f 3826/4756/1786 3829/4790/1786 3828/4138/1786 3824/4137/1786
f 3607/4236/1807 3831/4240/1807 3833/4576/1807 3608/4632/1807
f 3608/4632/1808 3833/4576/1808 3830/4242/1808 3606/4156/1808
f 3831/4240/1779 3853/4241/1779 3855/4791/1779 3835/4579/1779
f 3835/4583/1780 3855/4792/1780 3854/4059/1780 3832/4058/1780
f 3857/4178/1780 3859/4057/1780 3861/4712/1780 3858/4793/1780
f 3858/4794/1779 3861/4709/1779 3860/4195/1779 3856/4194/1779
f 3856/4194/1779 3864/4193/1779 3867/4599/1779 3858/4795/1779
f 3858/4796/1780 3867/4595/1780 3863/4170/1780 3857/4178/1780
f 3761/4115/1752 3763/4197/1752 3765/4797/1752 3762/4695/1752
f 3762/4698/1753 3765/4798/1753 3764/4108/1753 3760/4093/1753
f 3876/4210/1801 3883/4209/1775 3884/4718/1775 3878/4799/1801
f 3878/4800/1789 3884/4715/1789 3882/4055/1789 3877/4054/1789
f 3862/4173/1773 3885/4176/1773 3887/4801/1773 3865/4592/1773
f 3865/4597/1774 3887/4802/1774 3886/4169/1774 3863/4170/1774
f 3889/4175/1773 3891/4254/1773 3893/4803/1773 3890/4719/1773
f 3890/4722/1774 3893/4804/1774 3892/4168/1774 3888/4167/1774
f 3583/4248/1772 3895/4251/1772 3897/4608/1772 3584/4622/1772
f 3584/4622/1771 3897/4608/1771 3894/4253/1771 3582/4208/1771
f 3905/4186/1802 3908/4250/1802 3909/4805/1802 3906/4727/1802
f 3906/4730/1803 3909/4806/1803 3907/4190/1803 3904/4189/1803
f 3895/4251/1767 3910/4252/1767 3912/4807/1767 3899/4611/1767
f 3899/4615/1768 3912/4808/1768 3911/4074/1768 3896/4166/1768
f 3910/4252/1767 3917/4205/1767 3918/4780/1767 3912/4809/1767
f 3912/4810/1768 3918/4777/1768 3916/4073/1768 3911/4074/1768
f 3664/4082/1793 3723/4083/1793 3724/4811/1793 3668/4489/1793
f 3668/4493/1761 3724/4812/1761 3722/4217/1761 3665/4216/1761
f 3476/4056/1796 3589/4055/1796 3590/4626/1796 3479/4408/1796
f 3479/4411/1805 3590/4625/1805 3588/4045/1805 3477/4172/1805
f 3582/4208/1771 3869/4211/1771 3875/4602/1771 3584/4622/1771
f 3584/4622/1772 3875/4602/1772 3871/4249/1772 3583/4248/1772
f 3455/3970/1744 3567/3973/1744 3569/4616/1744 3458/4390/1744
f 3458/4394/1745 3569/4617/1745 3568/4073/1745 3456/4079/1745
f 3655/4098/1414 3663/4097/1414 3669/4488/1414 3656/4652/1414
f 3656/4652/1415 3669/4488/1415 3665/4216/1415 3654/4213/1415
f 3699/4204/1763 3704/4203/1763 3707/4519/1763 3701/4813/1763
f 3701/4814/1764 3707/4515/1764 3703/4102/1764 3700/4103/1764
f 3643/4199/1756 3712/4198/1756 3718/4522/1756 3644/4647/1756
f 3644/4647/1757 3718/4522/1757 3714/4220/1757 3642/4114/1757
f 3777/4065/1798 3816/4136/1798 3817/4815/1798 3781/4555/1798
f 3781/4559/1787 3817/4816/1787 3815/4233/1787 3778/4232/1787
f 3618/4229/1749 3776/4231/1749 3782/4554/1749 3620/4637/1749
f 3620/4637/1748 3782/4554/1748 3778/4232/1748 3619/4143/1748
f 3504/4062/1792 3613/4061/1792 3614/4636/1792 3507/4432/1792
f 3507/4435/1765 3614/4635/1765 3612/4023/1765 3505/4141/1765
f 3606/4156/1808 3805/4159/1808 3811/4570/1808 3608/4632/1808
f 3608/4632/1807 3811/4570/1807 3807/4237/1807 3607/4236/1807
f 3654/4213/1415 3702/4212/1415 3708/4514/1415 3656/4652/1415
f 3656/4652/1414 3708/4514/1414 3704/4203/1414 3655/4098/1414
f 3642/4114/1757 3735/4113/1757 3737/4528/1757 3644/4647/1757
f 3644/4647/1756 3737/4528/1756 3734/4218/1756 3643/4199/1756
f 3594/4192/1777 3840/4245/1777 3846/4586/1777 3596/4627/1777
f 3596/4627/1778 3846/4586/1778 3842/4246/1778 3595/4174/1778
f 3471/4166/1745 3568/4073/1745 3569/4617/1745 3475/4405/1745
f 3475/4402/1744 3569/4616/1744 3567/3973/1744 3469/4088/1744
f 3518/4065/1803 3625/4064/1803 3626/4641/1803 3521/4444/1803
f 3521/4447/1769 3626/4640/1769 3624/4012/1769 3519/4126/1769
f 3232/3931/1322 3273/4050/1322 3383/3962/1322
usemtl Material.004
f 3165/4817/1809 3167/4818/1809 3168/4819/1809 3166/4820/1809
f 3167/4818/1810 3169/4616/1810 3170/4618/1810 3168/4819/1810
f 3169/4616/1811 3171/4821/1811 3172/4822/1811 3170/4618/1811
f 3171/4821/1812 3173/3863/1812 3174/4823/1812 3172/4822/1812
f 3173/3863/1813 3175/4824/1813 3176/4825/1813 3174/4823/1813
f 3175/4824/1814 3177/4623/1814 3178/4625/1814 3176/4825/1814
f 3177/4623/1815 3179/4826/1815 3180/4827/1815 3178/4625/1815
f 3179/4826/1816 3181/4828/1816 3182/4829/1816 3180/4827/1816
f 3181/4828/1817 3183/4830/1817 3184/4831/1817 3182/4829/1817
f 3183/4830/1818 3185/4628/1818 3186/4630/1818 3184/4831/1818
f 3185/4628/1819 3187/4832/1819 3188/4833/1819 3186/4630/1819
f 3187/4832/1820 3189/3871/1820 3190/4834/1820 3188/4833/1820
f 3189/3871/1821 3191/4835/1821 3192/4836/1821 3190/4834/1821
f 3191/4835/1822 3193/4633/1822 3194/4635/1822 3192/4836/1822
f 3193/4633/1823 3195/4837/1823 3196/4838/1823 3194/4635/1823
f 3195/4837/1824 3197/4839/1824 3198/4840/1824 3196/4838/1824
f 3197/4839/1825 3199/4841/1825 3200/4842/1825 3198/4840/1825
f 3199/4841/1826 3201/4638/1826 3202/4640/1826 3200/4842/1826
f 3201/4638/1827 3203/4843/1827 3204/4844/1827 3202/4640/1827
f 3203/4843/1828 3205/3868/1828 3206/4845/1828 3204/4844/1828
f 3205/3868/1829 3207/4846/1829 3208/4847/1829 3206/4845/1829
f 3207/4846/1830 3209/4643/1830 3210/4645/1830 3208/4847/1830
f 3209/4643/1831 3211/4848/1831 3212/4849/1831 3210/4645/1831
f 3211/4848/1832 3213/4850/1832 3214/4851/1832 3212/4849/1832
f 3213/4850/1833 3215/4852/1833 3216/4853/1833 3214/4851/1833
f 3215/4852/1834 3217/4648/1834 3218/4650/1834 3216/4853/1834
f 3217/4648/1835 3219/4854/1835 3220/4855/1835 3218/4650/1835
f 3219/4854/1836 3221/3857/1836 3222/4856/1836 3220/4855/1836
f 3221/3857/1837 3223/4857/1837 3224/4858/1837 3222/4856/1837
f 3223/4857/1838 3225/4653/1838 3226/4655/1838 3224/4858/1838
f 3168/4859/1322 3170/4860/1322 3172/4861/1322 3174/4862/1322 3176/4863/1322 3178/4864/1322 3180/4865/1322 3182/4866/1322 3184/4867/1322 3186/4868/1322 3188/4869/1322 3190/4870/1322 3192/4871/1322 3194/4872/1322 3196/4873/1322 3198/4874/1322 3200/4875/1322 3202/4876/1322 3204/4877/1322 3206/4878/1322 3208/4879/1322 3210/4880/1322 3212/4881/1322 3214/4882/1322 3216/4883/1322 3218/4884/1322 3220/4885/1322 3222/4886/1322 3224/4887/1322 3226/4888/1322 3228/4889/1322 3166/4890/1322
f 3225/4653/1839 3227/4891/1839 3228/4892/1839 3226/4655/1839
f 3227/4891/1840 3165/4893/1840 3166/4894/1840 3228/4892/1840
f 3165/4895/1327 3227/4896/1327 3225/4897/1327 3223/4898/1327 3221/4899/1327 3219/4900/1327 3217/4901/1327 3215/4902/1327 3213/4903/1327 3211/4904/1327 3209/4905/1327 3207/4906/1327 3205/4907/1327 3203/4908/1327 3201/4909/1327 3199/4910/1327 3197/4911/1327 3195/4912/1327 3193/4913/1327 3191/4914/1327 3189/4915/1327 3187/4916/1327 3185/4917/1327 3183/4918/1327 3181/4919/1327 3179/4920/1327 3177/4921/1327 3175/4922/1327 3173/4923/1327 3171/4924/1327 3169/4925/1327 3167/4926/1327
o Cylinder.005
v -0.756591 -2.100860 -16.171921
v -0.756591 -1.707484 -16.171921
v -0.756591 -1.314112 -16.171921
v -0.756591 -0.920736 -16.171921
v -0.756591 -0.527364 -16.171921
v -0.756591 -0.133988 -16.171921
v -0.756591 0.259388 -16.171921
v -0.756591 0.652760 -16.171921
v 0.559568 -2.100860 -16.726961
v 0.559568 -1.707485 -16.726961
v 0.559568 -1.314112 -16.726961
v 0.559568 -0.920736 -16.726961
v 0.559568 -0.527364 -16.726961
v 0.559568 -0.133988 -16.726961
v 0.559568 0.259388 -16.726961
v 0.559568 0.652760 -16.726961
v -0.131288 0.682632 -15.457205
v 0.000000 1.046136 -15.556633
v 0.131288 0.682632 -15.457205
v -0.092832 0.939668 -15.495657
v 0.000000 0.892500 -15.458309
v 0.092832 0.939668 -15.495657
v 0.000000 0.682632 -15.425348
v 0.000000 -3.351380 -15.253921
v 0.000000 -3.084296 -14.995772
v 0.000000 -3.273152 -15.114601
v -0.481648 1.046136 -15.756141
v -0.466784 0.682632 -15.596169
v -0.639408 0.682632 -15.786509
v -0.465652 0.939668 -15.647997
v -0.554460 0.892500 -15.690104
v -0.577208 0.682632 -15.669473
v -0.587720 0.939668 -15.782589
v -0.703360 -3.351380 -15.545260
v -0.885900 -3.084296 -15.362720
v -0.801872 -3.273152 -15.446749
v -0.609508 1.046135 -16.176661
v -0.756591 0.682632 -16.171921
v -0.713512 0.939667 -16.173309
v -0.994700 -3.351381 -16.248621
v -1.252848 -3.084296 -16.248621
v -1.134019 -3.273153 -16.248621
v -0.476392 1.046135 -16.743280
v -0.630568 0.682632 -16.708353
v -0.466784 0.682631 -16.901073
v -0.580672 0.939667 -16.714554
v -0.551480 0.892499 -16.807096
v -0.573876 0.682631 -16.826130
v -0.464856 0.939667 -16.850824
v -0.703360 -3.351381 -16.951981
v -0.885900 -3.084297 -17.134518
v -0.801872 -3.273153 -17.050491
v -0.015120 1.046135 -16.934345
v -0.131288 0.682631 -17.040041
v 0.118780 0.682631 -17.016417
v -0.097804 0.939667 -17.003345
v -0.005840 0.892499 -17.032616
v -0.003120 0.682631 -17.061380
v 0.079020 0.939667 -16.986645
v 0.000000 -3.351381 -17.243320
v 0.000000 -3.084297 -17.501469
v 0.000000 -3.273154 -17.382641
v 0.454348 1.046135 -16.626053
v 0.559568 0.682632 -16.726961
v 0.528748 0.939667 -16.697405
v 0.703360 -3.351381 -16.951981
v 0.885900 -3.084297 -17.134518
v 0.801872 -3.273153 -17.050491
v 0.687164 1.046135 -16.236977
v 0.772832 0.682632 -16.370560
v 0.791420 0.682632 -16.117332
v 0.741260 0.939667 -16.330959
v 0.785364 0.892499 -16.244184
v 0.814980 0.682632 -16.246361
v 0.754404 0.939667 -16.151901
v 0.994700 -3.351381 -16.248621
v 1.252849 -3.084296 -16.248621
v 1.134020 -3.273153 -16.248621
v 0.489308 1.046136 -15.759313
v 0.652452 0.682632 -15.781837
v 0.466784 0.682632 -15.596169
v 0.598072 0.939668 -15.759313
v 0.562144 0.892504 -15.686477
v 0.575544 0.682632 -15.673077
v 0.489308 0.939668 -15.650553
v 0.703360 -3.351380 -15.545260
v 0.885900 -3.084296 -15.362720
v 0.801872 -3.273152 -15.446749
v 0.131288 0.652760 -15.457205
v -0.131288 0.652760 -15.457205
v 0.000000 0.652760 -15.434677
v 0.131288 0.259388 -15.457205
v -0.131288 0.259388 -15.457205
v 0.000000 0.259388 -15.434677
v 0.131288 -0.133988 -15.457205
v -0.131288 -0.133988 -15.457205
v 0.000000 -0.133988 -15.434677
v 0.131288 -0.527364 -15.457205
v -0.131288 -0.527364 -15.457205
v 0.000000 -0.527364 -15.434677
v 0.131288 -0.920736 -15.457205
v -0.131288 -0.920736 -15.457205
v 0.000000 -0.920736 -15.434677
v 0.131288 -1.314112 -15.457205
v -0.131288 -1.314112 -15.457205
v 0.000000 -1.314112 -15.434677
v 0.131288 -1.707484 -15.457205
v -0.131288 -1.707484 -15.457205
v 0.000000 -1.707484 -15.434677
v 0.131288 -2.100860 -15.457205
v -0.131288 -2.100860 -15.457205
v 0.000000 -2.100860 -15.434677
v -0.131288 -2.130733 -15.457205
v 0.131288 -2.130733 -15.457205
v 0.000000 -2.588084 -15.254225
v 0.000000 -2.130733 -15.434677
v 0.000000 -2.356401 -15.398925
v 0.054764 -2.415257 -15.381985
v -0.054764 -2.415257 -15.381985
v 0.000000 -3.084296 -14.995772
v 0.000000 -2.723364 -15.040032
v 0.000000 -2.867952 -14.965517
v -0.854600 -2.723364 -15.394021
v -0.885900 -3.084296 -15.362720
v -0.907292 -2.867952 -15.341329
v -0.466784 -2.130733 -15.596169
v -0.703144 -2.588084 -15.545477
v -0.652452 -2.159844 -15.781837
v -0.574084 -2.415257 -15.597093
v -0.601044 -2.362552 -15.648316
v -0.652564 -2.423580 -15.677153
v -0.575544 -2.145289 -15.673077
v -0.639408 -2.100860 -15.786509
v -0.466784 -2.100860 -15.596169
v -0.571724 -2.100860 -15.674445
v -0.639408 -1.707484 -15.786509
v -0.466784 -1.707484 -15.596169
v -0.571724 -1.707484 -15.674445
v -0.639408 -1.314112 -15.786509
v -0.466784 -1.314112 -15.596169
v -0.571724 -1.314112 -15.674445
v -0.639408 -0.920736 -15.786509
v -0.466784 -0.920736 -15.596169
v -0.571724 -0.920736 -15.674445
v -0.639408 -0.527364 -15.786509
v -0.466784 -0.527364 -15.596169
v -0.571724 -0.527364 -15.674445
v -0.639408 -0.133988 -15.786509
v -0.466784 -0.133988 -15.596169
v -0.571724 -0.133988 -15.674445
v -0.639408 0.259388 -15.786509
v -0.466784 0.259388 -15.596169
v -0.571724 0.259388 -15.674445
v -0.466784 0.652760 -15.596169
v -0.639408 0.652760 -15.786509
v -0.571724 0.652760 -15.674445
v -1.208588 -2.723364 -16.248621
v -1.252848 -3.084296 -16.248621
v -1.283103 -2.867952 -16.248621
v -0.774364 -2.179232 -16.187201
v -0.994395 -2.588084 -16.248621
v -0.868400 -2.429461 -16.230633
v -0.854600 -2.723364 -17.103226
v -0.885900 -3.084297 -17.134518
v -0.907292 -2.867952 -17.155912
v -0.652452 -2.105820 -16.715405
v -0.703144 -2.588085 -16.951765
v -0.466784 -2.130733 -16.901073
v -0.650728 -2.408109 -16.824793
v -0.600652 -2.351136 -16.849865
v -0.574084 -2.415257 -16.900148
v -0.575544 -2.118277 -16.824165
v -0.466784 -2.100860 -16.901073
v -0.630568 -2.100860 -16.708353
v -0.569136 -2.100860 -16.822102
v -0.466784 -1.707485 -16.901073
v -0.630568 -1.707485 -16.708353
v -0.569136 -1.707485 -16.822102
v -0.466784 -1.314112 -16.901073
v -0.630568 -1.314112 -16.708353
v -0.569136 -1.314112 -16.822102
v -0.466784 -0.920736 -16.901073
v -0.630568 -0.920736 -16.708353
v -0.569136 -0.920736 -16.822102
v -0.466784 -0.527364 -16.901073
v -0.630568 -0.527364 -16.708353
v -0.569136 -0.527364 -16.822102
v -0.466784 -0.133988 -16.901073
v -0.630568 -0.133988 -16.708353
v -0.569136 -0.133988 -16.822102
v -0.466784 0.259387 -16.901073
v -0.630568 0.259388 -16.708353
v -0.569136 0.259387 -16.822102
v -0.630568 0.652760 -16.708353
v -0.466784 0.652760 -16.901073
v -0.569136 0.652760 -16.822102
v 0.000000 -2.723364 -17.457209
v 0.000000 -3.084297 -17.501469
v 0.000000 -2.867952 -17.531725
v -0.131288 -2.130733 -17.040041
v 0.000000 -2.588085 -17.243015
v 0.131288 -2.109417 -17.040041
v -0.054764 -2.415257 -17.115261
v -0.000356 -2.351897 -17.098465
v 0.053004 -2.409141 -17.116041
v 0.000000 -2.120077 -17.062565
v 0.118780 -2.100860 -17.016417
v -0.131288 -2.100860 -17.040041
v -0.003664 -2.100860 -17.055645
v 0.118780 -1.707485 -17.016417
v -0.131288 -1.707485 -17.040041
v -0.003664 -1.707485 -17.055645
v 0.118780 -1.314112 -17.016417
v -0.131288 -1.314112 -17.040041
v -0.003664 -1.314112 -17.055645
v 0.118780 -0.920736 -17.016417
v -0.131288 -0.920736 -17.040041
v -0.003664 -0.920736 -17.055645
v 0.118780 -0.527364 -17.016417
v -0.131288 -0.527364 -17.040041
v -0.003664 -0.527364 -17.055645
v 0.118780 -0.133988 -17.016417
v -0.131288 -0.133988 -17.040041
v -0.003664 -0.133988 -17.055645
v 0.118780 0.259387 -17.016417
v -0.131288 0.259387 -17.040041
v -0.003664 0.259387 -17.055645
v -0.131288 0.652760 -17.040041
v 0.118780 0.652760 -17.016417
v -0.003664 0.652760 -17.055645
v 0.854600 -2.723364 -17.103226
v 0.885900 -3.084297 -17.134518
v 0.907292 -2.867952 -17.155912
v 0.568812 -2.195297 -16.755705
v 0.703144 -2.588085 -16.951765
v 0.620276 -2.434165 -16.850817
v 1.208588 -2.723364 -16.248621
v 1.252849 -3.084296 -16.248621
v 1.283104 -2.867952 -16.248621
v 0.791420 -2.155036 -16.379910
v 0.994396 -2.588084 -16.248621
v 0.791420 -2.130733 -16.117332
v 0.865712 -2.422205 -16.305525
v 0.849516 -2.361537 -16.249058
v 0.866640 -2.415257 -16.193855
v 0.813944 -2.142884 -16.248621
v 0.791420 -2.100860 -16.117332
v 0.772832 -2.100860 -16.370560
v 0.808500 -2.100860 -16.245884
v 0.791420 -1.707484 -16.117332
v 0.772832 -1.707485 -16.370560
v 0.808500 -1.707484 -16.245884
v 0.791420 -1.314112 -16.117332
v 0.772832 -1.314112 -16.370560
v 0.808500 -1.314112 -16.245884
v 0.791420 -0.920736 -16.117332
v 0.772832 -0.920736 -16.370560
v 0.808500 -0.920736 -16.245884
v 0.791420 -0.527364 -16.117332
v 0.772832 -0.527364 -16.370560
v 0.808500 -0.527364 -16.245884
v 0.791420 -0.133988 -16.117332
v 0.772832 -0.133988 -16.370560
v 0.808500 -0.133988 -16.245884
v 0.791420 0.259388 -16.117332
v 0.772832 0.259388 -16.370560
v 0.808500 0.259388 -16.245884
v 0.772832 0.652760 -16.370560
v 0.791420 0.652760 -16.117332
v 0.808500 0.652760 -16.245884
v 0.854600 -2.723364 -15.394021
v 0.885900 -3.084296 -15.362720
v 0.907292 -2.867952 -15.341329
v 0.652452 -2.130733 -15.781837
v 0.703144 -2.588084 -15.545477
v 0.466784 -2.130733 -15.596169
v 0.651528 -2.415257 -15.674537
v 0.600828 -2.356401 -15.647797
v 0.574084 -2.415257 -15.597093
v 0.575544 -2.130733 -15.673077
v 0.466784 -2.100860 -15.596169
v 0.652452 -2.100860 -15.781837
v 0.575544 -2.100860 -15.673077
v 0.466784 -1.707484 -15.596169
v 0.652452 -1.707484 -15.781837
v 0.575544 -1.707484 -15.673077
v 0.466784 -1.314112 -15.596169
v 0.652452 -1.314112 -15.781837
v 0.575544 -1.314112 -15.673077
v 0.466784 -0.920736 -15.596169
v 0.652452 -0.920736 -15.781837
v 0.575544 -0.920736 -15.673077
v 0.466784 -0.527364 -15.596169
v 0.652452 -0.527364 -15.781837
v 0.575544 -0.527364 -15.673077
v 0.466784 -0.133988 -15.596169
v 0.652452 -0.133988 -15.781837
v 0.575544 -0.133988 -15.673077
v 0.466784 0.259388 -15.596169
v 0.652452 0.259388 -15.781837
v 0.575544 0.259388 -15.673077
v 0.652452 0.652760 -15.781837
v 0.466784 0.652760 -15.596169
v 0.575544 0.652760 -15.673077
v -0.600624 -7.002296 -10.272872
v -0.600976 -6.852052 -10.122627
v -0.751220 -6.840908 -10.272872
v -0.600800 -6.958292 -10.166631
v -0.687644 -6.936444 -10.186128
v -0.707211 -6.846480 -10.166631
v -0.706928 -6.955160 -10.272872
v -0.600976 -5.650104 -10.122628
v -0.600976 -5.499860 -10.272873
v -0.751220 -5.658804 -10.272873
v -0.600976 -5.542060 -10.166632
v -0.687720 -5.565196 -10.186129
v -0.707211 -5.548216 -10.272873
v -0.707211 -5.654452 -10.166632
v -0.751220 -6.840464 -11.625064
v -0.600608 -7.002296 -11.625064
v -0.707108 -6.954896 -11.625064
v -0.600976 -5.499860 -11.625065
v -0.751220 -5.659152 -11.625065
v -0.707211 -5.546516 -11.625065
v 0.600625 -7.002296 -10.272872
v 0.751220 -6.840908 -10.272872
v 0.600976 -6.852052 -10.122627
v 0.706928 -6.955160 -10.272872
v 0.687644 -6.936444 -10.186128
v 0.707212 -6.846480 -10.166631
v 0.600800 -6.958292 -10.166631
v 0.600976 -5.499860 -10.272873
v 0.600976 -5.650104 -10.122628
v 0.751220 -5.658804 -10.272873
v 0.600976 -5.543864 -10.166632
v 0.687720 -5.565196 -10.186129
v 0.707212 -5.654452 -10.166632
v 0.707064 -5.546308 -10.272873
v 0.600608 -7.002296 -11.625064
v 0.751220 -6.840464 -11.625064
v 0.707108 -6.954896 -11.625064
v 0.751220 -5.659152 -11.625065
v 0.600976 -5.499860 -11.625065
v 0.707212 -5.546516 -11.625065
v -0.751220 -6.282072 -12.618813
v -0.600568 -6.444680 -12.618812
v -0.707092 -6.397052 -12.618812
v -0.600976 -4.942244 -12.618813
v -0.751220 -5.101948 -12.618813
v -0.707211 -4.989020 -12.618813
v 0.600568 -6.444680 -12.618812
v 0.751220 -6.282072 -12.618813
v 0.707092 -6.397052 -12.618812
v 0.751220 -5.101948 -12.618813
v 0.600976 -4.942244 -12.618813
v 0.707212 -4.989020 -12.618813
v -0.751220 -5.524224 -14.065084
v -0.600492 -5.686932 -14.065084
v -0.707072 -5.639276 -14.065084
v -0.600976 -4.184496 -14.065084
v -0.751220 -4.343720 -14.065084
v -0.707211 -4.231133 -14.065084
v 0.600492 -5.686932 -14.065084
v 0.751220 -5.524224 -14.065084
v 0.707072 -5.639276 -14.065084
v 0.751220 -4.343720 -14.065084
v 0.600976 -4.184496 -14.065084
v 0.707212 -4.231133 -14.065084
v -0.510996 -4.824760 -15.936112
v -0.325764 -4.762990 -16.079765
v -0.294940 -4.967096 -15.939508
v -0.438440 -4.802914 -16.037693
v -0.395504 -4.877450 -16.022297
v -0.310352 -4.885005 -16.038685
v -0.418784 -4.921016 -15.949977
v -0.685948 -4.329350 -15.929521
v -0.600976 -4.184496 -15.929521
v -0.518728 -4.334742 -16.079765
v -0.687836 -4.226688 -15.929524
v -0.652440 -4.249514 -16.016270
v -0.559852 -4.228500 -16.035761
v -0.630708 -4.344830 -16.035761
v 0.294944 -4.967096 -15.939508
v 0.325764 -4.762990 -16.079765
v 0.510996 -4.824760 -15.936112
v 0.310352 -4.885005 -16.038685
v 0.395504 -4.877450 -16.022297
v 0.438440 -4.802914 -16.037693
v 0.418784 -4.921016 -15.949977
v 0.600976 -4.184496 -15.929521
v 0.685948 -4.329350 -15.929521
v 0.518728 -4.334742 -16.079765
v 0.691612 -4.225804 -15.929521
v 0.656545 -4.246858 -16.016266
v 0.633456 -4.332046 -16.035761
v 0.573368 -4.229617 -16.035761
v -0.481388 -5.100508 -15.767233
v -0.500504 -4.951673 -15.596477
v -0.652144 -4.951673 -15.748116
v -0.486700 -5.056916 -15.654696
v -0.576508 -5.037601 -15.672112
v -0.607440 -4.951673 -15.641181
v -0.593924 -5.056916 -15.761921
v -0.699796 -3.505460 -15.397189
v -0.721700 -3.356620 -15.526920
v -0.851432 -3.505460 -15.548824
v -0.714996 -3.400216 -15.426401
v -0.799480 -3.419528 -15.449141
v -0.822220 -3.400216 -15.533625
v -0.806732 -3.505460 -15.441889
v -0.481388 -5.100510 -16.730009
v -0.652144 -4.951674 -16.749125
v -0.500504 -4.951674 -16.900761
v -0.593924 -5.056916 -16.735321
v -0.576508 -5.037601 -16.825129
v -0.607440 -4.951674 -16.856060
v -0.486700 -5.056916 -16.842545
v -0.721700 -3.356621 -16.970322
v -0.699796 -3.505461 -17.100052
v -0.851432 -3.505461 -16.948418
v -0.714996 -3.400217 -17.070841
v -0.799480 -3.419529 -17.048100
v -0.806732 -3.505461 -17.055353
v -0.822220 -3.400217 -16.963615
v 0.481388 -5.100508 -15.767233
v 0.652144 -4.951673 -15.748116
v 0.500504 -4.951673 -15.596477
v 0.593924 -5.056916 -15.761921
v 0.576508 -5.037601 -15.672112
v 0.607440 -4.951673 -15.641181
v 0.486700 -5.056916 -15.654696
v 0.721700 -3.356620 -15.526920
v 0.699796 -3.505460 -15.397189
v 0.851433 -3.505460 -15.548824
v 0.714996 -3.400216 -15.426401
v 0.799480 -3.419528 -15.449141
v 0.806732 -3.505460 -15.441889
v 0.822221 -3.400216 -15.533625
v 0.481388 -5.100510 -16.730009
v 0.500504 -4.951674 -16.900764
v 0.652144 -4.951674 -16.749125
v 0.486700 -5.056916 -16.842545
v 0.576508 -5.037601 -16.825129
v 0.607440 -4.951674 -16.856060
v 0.593924 -5.056916 -16.735321
v 0.721700 -3.356621 -16.970322
v 0.851433 -3.505461 -16.948418
v 0.699796 -3.505461 -17.100052
v 0.822221 -3.400217 -16.963615
v 0.799480 -3.419529 -17.048100
v 0.806732 -3.505461 -17.055353
v 0.714996 -3.400217 -17.070841
v 0.000000 1.409136 -16.170048
v 0.000000 1.009043 -16.170048
v -0.015328 1.409136 -16.171556
v -0.015328 1.009043 -16.171556
v -0.030068 1.409136 -16.176029
v -0.030068 1.009043 -16.176029
v -0.043652 1.409136 -16.183289
v -0.043652 1.009043 -16.183289
v -0.055560 1.409136 -16.193062
v -0.055560 1.009043 -16.193062
v -0.065332 1.409136 -16.204967
v -0.065332 1.009043 -16.204967
v -0.072592 1.409136 -16.218552
v -0.072592 1.009043 -16.218552
v -0.077064 1.409136 -16.233292
v -0.077064 1.009043 -16.233292
v -0.078572 1.409136 -16.248621
v -0.078572 1.009043 -16.248621
v -0.077064 1.409136 -16.263948
v -0.077064 1.009043 -16.263948
v -0.072592 1.409136 -16.278688
v -0.072592 1.009043 -16.278688
v -0.065332 1.409136 -16.292273
v -0.065332 1.009043 -16.292273
v -0.055560 1.409136 -16.304180
v -0.055560 1.009043 -16.304180
v -0.043652 1.409136 -16.313953
v -0.043652 1.009043 -16.313953
v -0.030068 1.409136 -16.321213
v -0.030068 1.009043 -16.321213
v -0.015328 1.409136 -16.325684
v -0.015328 1.009043 -16.325684
v 0.000000 1.409136 -16.327192
v 0.000000 1.009043 -16.327192
v 0.015328 1.409136 -16.325684
v 0.015328 1.009043 -16.325684
v 0.030068 1.409136 -16.321213
v 0.030068 1.009043 -16.321213
v 0.043652 1.409136 -16.313953
v 0.043652 1.009043 -16.313953
v 0.055560 1.409136 -16.304180
v 0.055560 1.009043 -16.304180
v 0.065332 1.409136 -16.292273
v 0.065332 1.009043 -16.292273
v 0.072592 1.409136 -16.278688
v 0.072592 1.009043 -16.278688
v 0.077064 1.409136 -16.263948
v 0.077064 1.009043 -16.263948
v 0.078572 1.409136 -16.248621
v 0.078572 1.009043 -16.248621
v 0.077064 1.409136 -16.233292
v 0.077064 1.009043 -16.233292
v 0.072592 1.409136 -16.218552
v 0.072592 1.009043 -16.218552
v 0.065332 1.409136 -16.204967
v 0.065332 1.009043 -16.204967
v 0.055560 1.409136 -16.193062
v 0.055560 1.009043 -16.193062
v 0.043652 1.409136 -16.183289
v 0.043652 1.009043 -16.183289
v 0.030068 1.409136 -16.176029
v 0.030068 1.009043 -16.176029
v 0.015328 1.409136 -16.171556
v 0.015328 1.009043 -16.171556
v 0.000000 -3.648385 -16.248621
v 0.000000 -3.278348 -16.248621
v 0.693528 -3.648385 -16.942150
v 0.000000 -3.648385 -17.229420
v 0.000000 -3.278348 -17.229420
v 0.693528 -3.278348 -16.942150
v 0.980796 -3.648385 -16.248621
v 0.980796 -3.278348 -16.248621
v 0.693528 -3.648384 -15.555093
v 0.693528 -3.278348 -15.555093
v 0.000000 -3.648384 -15.267825
v 0.000000 -3.278348 -15.267825
v -0.693528 -3.648384 -15.555093
v -0.693528 -3.278348 -15.555093
v -0.980796 -3.648385 -16.248621
v -0.980796 -3.278348 -16.248621
v -0.693528 -3.648385 -16.942150
v -0.693528 -3.278348 -16.942150
v -0.693528 -3.463365 -17.922949
v -1.674327 -3.463365 -16.942150
v -1.674327 -3.463364 -15.555093
v -0.693528 -3.463364 -14.574297
v 0.693528 -3.463364 -14.574297
v 1.674328 -3.463364 -15.555093
v 1.674328 -3.463365 -16.942150
v 0.693528 -3.463365 -17.922949
v -0.440752 -3.051756 -17.312689
v -0.577940 -3.131300 -17.643892
v -1.064067 -3.051756 -16.689373
v -1.395272 -3.131300 -16.826561
v -1.395272 -3.131300 -15.670681
v -1.064067 -3.051756 -15.807869
v -0.577940 -3.131300 -14.853349
v -0.440752 -3.051756 -15.184553
v 0.577940 -3.131300 -14.853349
v 0.440752 -3.051756 -15.184553
v 1.395272 -3.131300 -15.670681
v 1.064068 -3.051756 -15.807869
v 1.395272 -3.131300 -16.826561
v 1.064068 -3.051756 -16.689373
v 0.577940 -3.131300 -17.643892
v 0.440752 -3.051756 -17.312689
v -0.165604 -3.631476 -18.141621
v 0.165604 -3.631476 -18.141621
v 0.000000 -3.648386 -18.016201
v 0.000000 -3.631476 -18.170033
v 0.000000 -3.641241 -18.146130
v 0.097008 -3.643432 -18.113209
v -0.097008 -3.643432 -18.113209
v 0.165604 -3.295254 -18.141621
v -0.165604 -3.295254 -18.141621
v 0.000000 -3.278348 -18.016201
v 0.000000 -3.295254 -18.170033
v 0.000000 -3.285492 -18.146130
v -0.097008 -3.283298 -18.113209
v 0.097008 -3.283298 -18.113209
v 1.221457 -3.631476 -17.704273
v 1.455652 -3.631476 -17.470078
v 1.249869 -3.648386 -17.498489
v 1.358644 -3.631476 -17.607265
v 1.341740 -3.641241 -17.590361
v 1.387056 -3.643432 -17.498489
v 1.249869 -3.643432 -17.635677
v 1.455652 -3.295254 -17.470078
v 1.221457 -3.295254 -17.704273
v 1.249869 -3.278348 -17.498489
v 1.358644 -3.295254 -17.607265
v 1.341740 -3.285492 -17.590361
v 1.249869 -3.283298 -17.635677
v 1.387056 -3.283298 -17.498489
v 1.893000 -3.631476 -16.414225
v 1.893000 -3.631476 -16.083021
v 1.767581 -3.648385 -16.248621
v 1.921412 -3.631476 -16.248621
v 1.897509 -3.641241 -16.248621
v 1.864588 -3.643432 -16.151611
v 1.864588 -3.643432 -16.345629
v 1.893000 -3.295253 -16.083021
v 1.893000 -3.295253 -16.414225
v 1.767581 -3.278348 -16.248621
v 1.921412 -3.295253 -16.248621
v 1.897509 -3.285492 -16.248621
v 1.864588 -3.283297 -16.345629
v 1.864588 -3.283297 -16.151611
v 1.455652 -3.631476 -15.027164
v 1.221457 -3.631476 -14.792969
v 1.249869 -3.648384 -14.998753
v 1.358644 -3.631476 -14.889977
v 1.341740 -3.641240 -14.906880
v 1.249869 -3.643432 -14.861565
v 1.387056 -3.643432 -14.998753
v 1.221457 -3.295252 -14.792969
v 1.455652 -3.295252 -15.027164
v 1.249869 -3.278348 -14.998753
v 1.358644 -3.295252 -14.889977
v 1.341740 -3.285492 -14.906880
v 1.387056 -3.283296 -14.998753
v 1.249869 -3.283296 -14.861565
v 0.165604 -3.631476 -14.355620
v -0.165604 -3.631476 -14.355620
v 0.000000 -3.648384 -14.481041
v 0.000000 -3.631476 -14.327209
v 0.000000 -3.641240 -14.351112
v -0.097008 -3.643432 -14.384032
v 0.097008 -3.643432 -14.384032
v -0.165604 -3.295252 -14.355620
v 0.165604 -3.295252 -14.355620
v 0.000000 -3.278348 -14.481041
v 0.000000 -3.295252 -14.327209
v 0.000000 -3.285492 -14.351112
v 0.097008 -3.283296 -14.384032
v -0.097008 -3.283296 -14.384032
v -1.221456 -3.631476 -14.792969
v -1.455652 -3.631476 -15.027164
v -1.249868 -3.648384 -14.998753
v -1.358644 -3.631476 -14.889977
v -1.341740 -3.641240 -14.906880
v -1.387056 -3.643432 -14.998753
v -1.249868 -3.643432 -14.861565
v -1.455652 -3.295252 -15.027164
v -1.221456 -3.295252 -14.792969
v -1.249868 -3.278348 -14.998753
v -1.358644 -3.295252 -14.889977
v -1.341740 -3.285492 -14.906880
v -1.249868 -3.283296 -14.861565
v -1.387056 -3.283296 -14.998753
v -1.893000 -3.631476 -16.083021
v -1.893000 -3.631476 -16.414225
v -1.767580 -3.648385 -16.248621
v -1.921412 -3.631476 -16.248621
v -1.897508 -3.641241 -16.248621
v -1.864588 -3.643432 -16.345629
v -1.864588 -3.643432 -16.151611
v -1.893000 -3.295253 -16.414225
v -1.893000 -3.295253 -16.083021
v -1.767580 -3.278348 -16.248621
v -1.921412 -3.295253 -16.248621
v -1.897508 -3.285492 -16.248621
v -1.864588 -3.283297 -16.151611
v -1.864588 -3.283297 -16.345629
v -1.455652 -3.631476 -17.470078
v -1.221456 -3.631476 -17.704273
v -1.249868 -3.648386 -17.498489
v -1.358644 -3.631476 -17.607265
v -1.341740 -3.641241 -17.590361
v -1.249868 -3.643432 -17.635677
v -1.387056 -3.643432 -17.498489
v -1.221456 -3.295254 -17.704273
v -1.455652 -3.295254 -17.470078
v -1.249868 -3.278348 -17.498489
v -1.358644 -3.295254 -17.607265
v -1.341740 -3.285492 -17.590361
v -1.387056 -3.283298 -17.498489
v -1.249868 -3.283298 -17.635677
v 0.624932 -3.648386 -17.757343
v 0.693528 -3.631476 -17.922949
v 0.673436 -3.643432 -17.874445
v 0.624932 -3.278348 -17.757343
v 0.693528 -3.295254 -17.922949
v 0.673436 -3.283298 -17.874445
v 0.165604 -3.463365 -18.141621
v -0.165604 -3.463365 -18.141621
v 0.000000 -3.463365 -18.170033
v 1.221457 -3.463365 -17.704273
v 1.455652 -3.463365 -17.470078
v 1.358644 -3.463365 -17.607265
v 1.508724 -3.648385 -16.873558
v 1.674328 -3.631476 -16.942150
v 1.625824 -3.643432 -16.922062
v 1.508724 -3.278348 -16.873558
v 1.674328 -3.295253 -16.942150
v 1.625824 -3.283297 -16.922062
v 1.893000 -3.463365 -16.414225
v 1.893000 -3.463365 -16.083021
v 1.921412 -3.463365 -16.248621
v 1.508724 -3.648384 -15.623689
v 1.674328 -3.631476 -15.555093
v 1.625824 -3.643432 -15.575185
v 1.508724 -3.278348 -15.623689
v 1.674328 -3.295252 -15.555093
v 1.625824 -3.283296 -15.575185
v 1.455652 -3.463364 -15.027164
v 1.221457 -3.463364 -14.792969
v 1.358644 -3.463364 -14.889977
v 0.624932 -3.648384 -14.739897
v 0.693528 -3.631476 -14.574297
v 0.673436 -3.643432 -14.622801
v 0.624932 -3.278348 -14.739897
v 0.693528 -3.295252 -14.574297
v 0.673436 -3.283296 -14.622801
v 0.165604 -3.463364 -14.355620
v -0.165604 -3.463364 -14.355620
v 0.000000 -3.463364 -14.327209
v -0.624932 -3.648384 -14.739897
v -0.693528 -3.631476 -14.574297
v -0.673436 -3.643432 -14.622801
v -0.624932 -3.278348 -14.739897
v -0.693528 -3.295252 -14.574297
v -0.673436 -3.283296 -14.622801
v -1.221456 -3.463364 -14.792969
v -1.455652 -3.463364 -15.027164
v -1.358644 -3.463364 -14.889977
v -1.508723 -3.648384 -15.623689
v -1.674327 -3.631476 -15.555093
v -1.625823 -3.643432 -15.575185
v -1.508723 -3.278348 -15.623689
v -1.674327 -3.295252 -15.555093
v -1.625823 -3.283296 -15.575185
v -1.893000 -3.463365 -16.083021
v -1.893000 -3.463365 -16.414225
v -1.921412 -3.463365 -16.248621
v -1.508723 -3.648385 -16.873558
v -1.674327 -3.631476 -16.942150
v -1.625823 -3.643432 -16.922062
v -1.508723 -3.278348 -16.873558
v -1.674327 -3.295253 -16.942150
v -1.625823 -3.283297 -16.922062
v -1.455652 -3.463365 -17.470078
v -1.221456 -3.463365 -17.704273
v -1.358644 -3.463365 -17.607265
v -0.624932 -3.648386 -17.757343
v -0.693528 -3.631476 -17.922949
v -0.673436 -3.643432 -17.874445
v -0.624932 -3.278348 -17.757343
v -0.693528 -3.295254 -17.922949
v -0.673436 -3.283298 -17.874445
v 0.165604 -3.299413 -17.814690
v 0.000000 -3.316320 -17.689270
v -0.165604 -3.299413 -17.814690
v 0.097008 -3.311369 -17.786278
v 0.000000 -3.309172 -17.819197
v -0.097008 -3.311369 -17.786278
v 0.000000 -3.299413 -17.843102
v 0.165604 -2.963189 -17.814690
v -0.165604 -2.963189 -17.814690
v 0.000000 -2.946281 -17.689270
v 0.000000 -2.963189 -17.843102
v 0.000000 -2.953429 -17.819197
v -0.097008 -2.951232 -17.786278
v 0.097008 -2.951232 -17.786278
v 0.990280 -3.299413 -17.473097
v 1.224476 -3.299413 -17.238901
v 1.018692 -3.316320 -17.267313
v 1.127468 -3.299413 -17.376089
v 1.110564 -3.309172 -17.359184
v 1.155880 -3.311369 -17.267313
v 1.018692 -3.311369 -17.404501
v 1.018692 -2.946281 -17.267313
v 1.224476 -2.963189 -17.238901
v 0.990280 -2.963189 -17.473097
v 1.155880 -2.951232 -17.267313
v 1.110564 -2.953429 -17.359184
v 1.127468 -2.963189 -17.376089
v 1.018692 -2.951232 -17.404501
v 1.566069 -3.299413 -16.414221
v 1.566069 -3.299413 -16.083015
v 1.440648 -3.316320 -16.248621
v 1.594481 -3.299413 -16.248621
v 1.570576 -3.309172 -16.248621
v 1.537656 -3.311369 -16.151611
v 1.537656 -3.311369 -16.345629
v 1.566069 -2.963188 -16.083015
v 1.566069 -2.963188 -16.414221
v 1.440648 -2.946281 -16.248621
v 1.594481 -2.963188 -16.248621
v 1.570576 -2.953428 -16.248621
v 1.537656 -2.951232 -16.345629
v 1.537656 -2.951232 -16.151611
v 1.224476 -3.299412 -15.258341
v 0.990280 -3.299412 -15.024145
v 1.018692 -3.316320 -15.229929
v 1.127468 -3.299412 -15.121153
v 1.110564 -3.309172 -15.138057
v 1.018692 -3.311368 -15.092741
v 1.155880 -3.311368 -15.229929
v 1.018692 -2.946281 -15.229929
v 0.990280 -2.963188 -15.024145
v 1.224476 -2.963188 -15.258341
v 1.018692 -2.951232 -15.092741
v 1.110564 -2.953428 -15.138057
v 1.127468 -2.963188 -15.121153
v 1.155880 -2.951232 -15.229929
v 0.165604 -3.299412 -14.682552
v -0.165604 -3.299412 -14.682552
v 0.000000 -3.316320 -14.807973
v 0.000000 -3.299412 -14.654140
v 0.000000 -3.309172 -14.678044
v -0.097008 -3.311368 -14.710965
v 0.097008 -3.311368 -14.710965
v 0.000000 -2.946280 -14.807973
v -0.165604 -2.963188 -14.682552
v 0.165604 -2.963188 -14.682552
v -0.097008 -2.951232 -14.710965
v 0.000000 -2.953428 -14.678044
v 0.000000 -2.963188 -14.654140
v 0.097008 -2.951232 -14.710965
v -0.990279 -3.299412 -15.024145
v -1.224476 -3.299412 -15.258341
v -1.018692 -3.316320 -15.229929
v -1.127468 -3.299412 -15.121153
v -1.110564 -3.309172 -15.138057
v -1.155879 -3.311368 -15.229929
v -1.018692 -3.311368 -15.092741
v -1.224476 -2.963188 -15.258341
v -0.990279 -2.963188 -15.024145
v -1.018692 -2.946281 -15.229929
v -1.127468 -2.963188 -15.121153
v -1.110564 -2.953428 -15.138057
v -1.018692 -2.951232 -15.092741
v -1.155879 -2.951232 -15.229929
v -1.440647 -3.316320 -16.248621
v -1.566068 -3.299413 -16.083015
v -1.566068 -3.299413 -16.414221
v -1.537655 -3.311369 -16.151611
v -1.570575 -3.309172 -16.248621
v -1.594480 -3.299413 -16.248621
v -1.537655 -3.311369 -16.345629
v -1.566068 -2.963188 -16.414221
v -1.566068 -2.963188 -16.083015
v -1.440647 -2.946281 -16.248621
v -1.594480 -2.963188 -16.248621
v -1.570575 -2.953428 -16.248621
v -1.537655 -2.951232 -16.151611
v -1.537655 -2.951232 -16.345629
v -1.224476 -3.299413 -17.238901
v -0.990279 -3.299413 -17.473097
v -1.018692 -3.316320 -17.267313
v -1.127468 -3.299413 -17.376089
v -1.110564 -3.309172 -17.359184
v -1.018692 -3.311369 -17.404501
v -1.155879 -3.311369 -17.267313
v -0.990279 -2.963189 -17.473097
v -1.224476 -2.963189 -17.238901
v -1.018692 -2.946281 -17.267313
v -1.127468 -2.963189 -17.376089
v -1.110564 -2.953429 -17.359184
v -1.155879 -2.951232 -17.267313
v -1.018692 -2.951232 -17.404501
v 0.577940 -3.299413 -17.643892
v 0.509344 -3.316320 -17.478289
v 0.557848 -3.311369 -17.595388
v 0.509344 -2.946281 -17.478289
v 0.577940 -2.963189 -17.643892
v 0.557848 -2.951232 -17.595388
v -0.165604 -3.131300 -17.814690
v 0.165604 -3.131300 -17.814690
v 0.000000 -3.131300 -17.843102
v -0.165604 -3.051756 -17.426657
v 0.165604 -3.051756 -17.426657
v 0.000000 -3.051756 -17.455069
v 0.990280 -3.131300 -17.473097
v 1.224476 -3.131300 -17.238901
v 1.127468 -3.131300 -17.376089
v 0.950096 -3.051756 -16.964520
v 0.715900 -3.051756 -17.198717
v 0.853088 -3.051756 -17.101707
v 1.229668 -3.316320 -16.757965
v 1.395272 -3.299413 -16.826561
v 1.346768 -3.311369 -16.806469
v 1.395272 -2.963189 -16.826561
v 1.229668 -2.946281 -16.757965
v 1.346768 -2.951232 -16.806469
v 1.566069 -3.131300 -16.414221
v 1.566069 -3.131300 -16.083015
v 1.594481 -3.131300 -16.248621
v 1.178036 -3.051756 -16.083015
v 1.178036 -3.051756 -16.414221
v 1.206452 -3.051756 -16.248621
v 1.229668 -3.316320 -15.739273
v 1.395272 -3.299412 -15.670681
v 1.346768 -3.311368 -15.690768
v 1.229668 -2.946281 -15.739273
v 1.395272 -2.963188 -15.670681
v 1.346768 -2.951232 -15.690768
v 1.224476 -3.131300 -15.258341
v 0.990280 -3.131300 -15.024145
v 1.127468 -3.131300 -15.121153
v 0.715900 -3.051756 -15.298525
v 0.950096 -3.051756 -15.532721
v 0.853088 -3.051756 -15.395529
v 0.509344 -3.316320 -15.018949
v 0.577940 -3.299412 -14.853349
v 0.557848 -3.311368 -14.901853
v 0.577940 -2.963188 -14.853349
v 0.509344 -2.946280 -15.018949
v 0.557848 -2.951232 -14.901853
v 0.165604 -3.131300 -14.682552
v -0.165604 -3.131300 -14.682552
v 0.000000 -3.131300 -14.654140
v -0.165604 -3.051756 -15.070580
v 0.165604 -3.051756 -15.070580
v 0.000000 -3.051756 -15.042169
v -0.509344 -3.316320 -15.018949
v -0.577940 -3.299412 -14.853349
v -0.557847 -3.311368 -14.901853
v -0.577940 -2.963188 -14.853349
v -0.509344 -2.946280 -15.018949
v -0.557847 -2.951232 -14.901853
v -0.715900 -3.051756 -15.298525
v -0.950096 -3.051756 -15.532721
v -0.853088 -3.051756 -15.395529
v -0.990279 -3.131300 -15.024145
v -1.224476 -3.131300 -15.258341
v -1.127468 -3.131300 -15.121153
v -1.229668 -3.316320 -15.739273
v -1.395272 -3.299412 -15.670681
v -1.346768 -3.311368 -15.690768
v -1.229668 -2.946281 -15.739273
v -1.395272 -2.963188 -15.670681
v -1.346768 -2.951232 -15.690768
v -1.566068 -3.131300 -16.083015
v -1.566068 -3.131300 -16.414221
v -1.594480 -3.131300 -16.248621
v -1.178035 -3.051756 -16.083015
v -1.178035 -3.051756 -16.414221
v -1.206452 -3.051756 -16.248621
v -1.395272 -3.299413 -16.826561
v -1.229668 -3.316320 -16.757965
v -1.346768 -3.311369 -16.806469
v -1.395272 -2.963189 -16.826561
v -1.229668 -2.946281 -16.757965
v -1.346768 -2.951232 -16.806469
v -1.224476 -3.131300 -17.238901
v -0.990279 -3.131300 -17.473097
v -1.127468 -3.131300 -17.376089
v -0.950096 -3.051756 -16.964520
v -0.715900 -3.051756 -17.198717
v -0.853088 -3.051756 -17.101707
v -0.509344 -3.316320 -17.478289
v -0.577940 -3.299413 -17.643892
v -0.557847 -3.311369 -17.595388
v -0.509344 -2.946281 -17.478289
v -0.577940 -2.963189 -17.643892
v -0.557847 -2.951232 -17.595388
v -0.715900 -2.963189 -17.198717
v -1.018692 -2.946281 -17.267313
v -0.950096 -2.963189 -16.964520
v -0.853088 -2.951232 -17.198717
v -0.885819 -2.953429 -17.134441
v -0.950096 -2.951232 -17.101707
v -0.853088 -2.963189 -17.101707
v -0.577940 -2.963189 -17.255859
v -0.577940 -2.946281 -17.449877
v -0.577940 -2.951232 -17.312689
v -0.509344 -2.946281 -17.478289
v -0.440752 -2.963189 -17.312689
v -0.460844 -2.951232 -17.361193
v -0.303560 -2.963189 -17.369513
v -0.440752 -2.946281 -17.506701
v -0.343744 -2.951232 -17.409693
v 0.165604 -2.963189 -17.426657
v 0.000000 -2.946281 -17.689270
v -0.165604 -2.963189 -17.426657
v 0.068596 -2.951232 -17.523664
v 0.000000 -2.953429 -17.501362
v -0.068596 -2.951232 -17.523664
v 0.000000 -2.963189 -17.455069
v -0.303560 -3.299413 -17.369513
v -0.440752 -3.316320 -17.506701
v -0.343744 -3.311369 -17.409693
v 0.165604 -3.299413 -17.426657
v -0.165604 -3.299413 -17.426657
v 0.000000 -3.316320 -17.689270
v 0.000000 -3.299413 -17.455069
v 0.000000 -3.309172 -17.501362
v -0.068596 -3.311369 -17.523664
v 0.068596 -3.311369 -17.523664
v -0.509344 -3.316320 -17.478289
v -0.440752 -3.299413 -17.312689
v -0.460844 -3.311369 -17.361193
v -0.577940 -3.299413 -17.255859
v -0.577940 -3.316320 -17.449877
v -0.577940 -3.311369 -17.312689
v -0.950096 -3.299413 -16.964520
v -1.018692 -3.316320 -17.267313
v -0.715900 -3.299413 -17.198717
v -0.950096 -3.311369 -17.101707
v -0.885819 -3.309172 -17.134441
v -0.853088 -3.311369 -17.198717
v -0.853088 -3.299413 -17.101707
v -1.120892 -2.963188 -16.552181
v -1.258084 -2.946281 -16.689373
v -1.161075 -2.951232 -16.592365
v -1.178035 -2.963188 -16.414221
v -1.440647 -2.946281 -16.248621
v -1.178035 -2.963188 -16.083015
v -1.275043 -2.951232 -16.317217
v -1.252740 -2.953428 -16.248621
v -1.275043 -2.951232 -16.180025
v -1.206452 -2.963188 -16.248621
v -1.064067 -2.963188 -16.689373
v -1.229668 -2.946281 -16.757965
v -1.112571 -2.951232 -16.709461
v -1.007240 -2.963189 -16.826561
v -1.201256 -2.946281 -16.826561
v -1.064067 -2.951232 -16.826561
v -1.007240 -3.299413 -16.826561
v -1.201256 -3.316320 -16.826561
v -1.064067 -3.311369 -16.826561
v -1.120892 -3.299413 -16.552181
v -1.258084 -3.316320 -16.689373
v -1.161075 -3.311369 -16.592365
v -1.064067 -3.299413 -16.689373
v -1.229668 -3.316320 -16.757965
v -1.112571 -3.311369 -16.709461
v -1.178035 -3.299413 -16.414221
v -1.178035 -3.299413 -16.083015
v -1.440647 -3.316320 -16.248621
v -1.206452 -3.299413 -16.248621
v -1.252740 -3.309172 -16.248621
v -1.275043 -3.311369 -16.180025
v -1.275043 -3.311369 -16.317217
v -0.715900 -2.963188 -15.298525
v -0.950096 -2.963188 -15.532721
v -1.018692 -2.946281 -15.229929
v -0.853088 -2.963188 -15.395529
v -0.885819 -2.953428 -15.362801
v -0.950096 -2.951232 -15.395529
v -0.853088 -2.951232 -15.298525
v -1.007240 -2.963188 -15.670681
v -1.201256 -2.946281 -15.670681
v -1.064067 -2.951232 -15.670681
v -1.120892 -2.963188 -15.945057
v -1.258084 -2.946281 -15.807869
v -1.161075 -2.951232 -15.904877
v -1.229668 -2.946281 -15.739273
v -1.064067 -2.963188 -15.807869
v -1.112571 -2.951232 -15.787777
v -1.120892 -3.299412 -15.945057
v -1.258084 -3.316320 -15.807869
v -1.161075 -3.311368 -15.904877
v -1.229668 -3.316320 -15.739273
v -1.064067 -3.299412 -15.807869
v -1.112571 -3.311368 -15.787777
v -1.007240 -3.299412 -15.670681
v -1.201256 -3.316320 -15.670681
v -1.064067 -3.311368 -15.670681
v -0.950096 -3.299412 -15.532721
v -0.715900 -3.299412 -15.298525
v -1.018692 -3.316320 -15.229929
v -0.853088 -3.299412 -15.395529
v -0.885819 -3.309172 -15.362801
v -0.853088 -3.311368 -15.298525
v -0.950096 -3.311368 -15.395529
v -0.303560 -2.963188 -15.127728
v -0.440752 -2.946280 -14.990537
v -0.343744 -2.951232 -15.087544
v -0.165604 -2.963188 -15.070580
v 0.000000 -2.946280 -14.807973
v 0.165604 -2.963188 -15.070580
v -0.068596 -2.951232 -14.973573
v 0.000000 -2.953428 -14.995881
v 0.068596 -2.951232 -14.973573
v 0.000000 -2.963188 -15.042169
v -0.440752 -2.963188 -15.184553
v -0.509344 -2.946280 -15.018949
v -0.460844 -2.951232 -15.136048
v -0.577940 -2.963188 -15.241381
v -0.577940 -2.946280 -15.047364
v -0.577940 -2.951232 -15.184553
v -0.577940 -3.299412 -15.241381
v -0.577940 -3.316320 -15.047364
v -0.577940 -3.311368 -15.184553
v -0.509344 -3.316320 -15.018949
v -0.440752 -3.299412 -15.184553
v -0.460844 -3.311368 -15.136048
v -0.303560 -3.299412 -15.127728
v -0.440752 -3.316320 -14.990537
v -0.343744 -3.311368 -15.087544
v -0.165604 -3.299412 -15.070580
v 0.165604 -3.299412 -15.070580
v 0.000000 -3.316320 -14.807973
v 0.000000 -3.299412 -15.042169
v 0.000000 -3.309172 -14.995881
v 0.068596 -3.311368 -14.973573
v -0.068596 -3.311368 -14.973573
v 0.715900 -2.963188 -15.298525
v 1.018692 -2.946281 -15.229929
v 0.950096 -2.963188 -15.532721
v 0.853088 -2.951232 -15.298525
v 0.885820 -2.953428 -15.362801
v 0.950096 -2.951232 -15.395529
v 0.853088 -2.963188 -15.395529
v 0.577940 -2.963188 -15.241381
v 0.577940 -2.946280 -15.047364
v 0.577940 -2.951232 -15.184553
v 0.303560 -2.963188 -15.127728
v 0.440752 -2.946280 -14.990537
v 0.343744 -2.951232 -15.087544
v 0.509344 -2.946280 -15.018949
v 0.440752 -2.963188 -15.184553
v 0.460844 -2.951232 -15.136048
v 0.303560 -3.299412 -15.127728
v 0.440752 -3.316320 -14.990537
v 0.343744 -3.311368 -15.087544
v 0.509344 -3.316320 -15.018949
v 0.440752 -3.299412 -15.184553
v 0.460844 -3.311368 -15.136048
v 0.577940 -3.299412 -15.241381
v 0.577940 -3.316320 -15.047364
v 0.577940 -3.311368 -15.184553
v 0.715900 -3.299412 -15.298525
v 0.950096 -3.299412 -15.532721
v 1.018692 -3.316320 -15.229929
v 0.853088 -3.299412 -15.395529
v 0.885820 -3.309172 -15.362801
v 0.950096 -3.311368 -15.395529
v 0.853088 -3.311368 -15.298525
v 1.120893 -2.963188 -15.945057
v 1.258085 -2.946281 -15.807869
v 1.161076 -2.951232 -15.904877
v 1.178036 -2.963188 -16.083015
v 1.440648 -2.946281 -16.248621
v 1.178036 -2.963188 -16.414221
v 1.275044 -2.951232 -16.180025
v 1.252741 -2.953428 -16.248621
v 1.275044 -2.951232 -16.317217
v 1.206452 -2.963188 -16.248621
v 1.064068 -2.963188 -15.807869
v 1.229668 -2.946281 -15.739273
v 1.112572 -2.951232 -15.787777
v 1.007241 -2.963188 -15.670681
v 1.201257 -2.946281 -15.670681
v 1.064068 -2.951232 -15.670681
v 1.007241 -3.299412 -15.670681
v 1.201257 -3.316320 -15.670681
v 1.064068 -3.311368 -15.670681
v 1.120893 -3.299412 -15.945057
v 1.258085 -3.316320 -15.807869
v 1.161076 -3.311368 -15.904877
v 1.229668 -3.316320 -15.739273
v 1.064068 -3.299412 -15.807869
v 1.112572 -3.311368 -15.787777
v 1.178036 -3.299413 -16.414221
v 1.440648 -3.316320 -16.248621
v 1.178036 -3.299413 -16.083015
v 1.275044 -3.311369 -16.317217
v 1.252741 -3.309172 -16.248621
v 1.275044 -3.311369 -16.180025
v 1.206452 -3.299413 -16.248621
v 0.950096 -2.963189 -16.964520
v 1.018692 -2.946281 -17.267313
v 0.715900 -2.963189 -17.198717
v 0.950096 -2.951232 -17.101707
v 0.885820 -2.953429 -17.134441
v 0.853088 -2.951232 -17.198717
v 0.853088 -2.963189 -17.101707
v 1.007241 -2.963189 -16.826561
v 1.201257 -2.946281 -16.826561
v 1.064068 -2.951232 -16.826561
v 1.120893 -2.963188 -16.552181
v 1.258085 -2.946281 -16.689373
v 1.161076 -2.951232 -16.592365
v 1.229668 -2.946281 -16.757965
v 1.064068 -2.963188 -16.689373
v 1.112572 -2.951232 -16.709461
v 1.120893 -3.299413 -16.552181
v 1.258085 -3.316320 -16.689373
v 1.161076 -3.311369 -16.592365
v 1.229668 -3.316320 -16.757965
v 1.064068 -3.299413 -16.689373
v 1.112572 -3.311369 -16.709461
v 1.007241 -3.299413 -16.826561
v 1.201257 -3.316320 -16.826561
v 1.064068 -3.311369 -16.826561
v 0.950096 -3.299413 -16.964520
v 0.715900 -3.299413 -17.198717
v 1.018692 -3.316320 -17.267313
v 0.853088 -3.299413 -17.101707
v 0.885820 -3.309172 -17.134441
v 0.853088 -3.311369 -17.198717
v 0.950096 -3.311369 -17.101707
v 0.303560 -2.963189 -17.369513
v 0.440752 -2.946281 -17.506701
v 0.343744 -2.951232 -17.409693
v 0.509344 -2.946281 -17.478289
v 0.440752 -2.963189 -17.312689
v 0.460844 -2.951232 -17.361193
v 0.577940 -2.946281 -17.449877
v 0.577940 -2.963189 -17.255859
v 0.577940 -2.951232 -17.312689
v 0.577940 -3.299413 -17.255859
v 0.577940 -3.316320 -17.449877
v 0.577940 -3.311369 -17.312689
v 0.303560 -3.299413 -17.369513
v 0.440752 -3.316320 -17.506701
v 0.343744 -3.311369 -17.409693
v 0.509344 -3.316320 -17.478289
v 0.440752 -3.299413 -17.312689
v 0.460844 -3.311369 -17.361193
vn 0.3279 -0.0000 -0.9447
vn -0.0000 -0.0000 -1.0000
vn 0.3280 -0.0000 -0.9447
vn -0.9735 -0.0000 -0.2287
vn -0.3827 -0.0000 -0.9239
vn 0.5489 -0.0000 -0.8359
vn 0.8581 -0.0000 -0.5135
vn 0.9239 -0.0000 0.3827
vn -1.0000 -0.0000 -0.0000
vn -0.3827 -0.0000 0.9239
vn -0.9568 -0.0000 0.2909
vn 0.3827 -0.0000 0.9239
vn -0.0000 -1.0000 -0.0000
vn -0.2160 0.8255 0.5214
vn -0.5214 0.8255 0.2160
vn -0.4461 0.7195 -0.5323
vn -0.0000 1.0000 -0.0000
vn -0.0000 -0.0000 1.0000
vn -0.0001 1.0000 -0.0000
vn 0.5214 0.8255 0.2160
vn 0.8175 0.2818 -0.5022
vn 0.4308 -0.0000 -0.9024
vn 0.4308 -0.0000 -0.9025
vn 0.5214 0.8255 -0.2160
vn 0.5139 0.4726 -0.7159
vn -0.4308 -0.0000 -0.9025
vn -0.4308 -0.0000 -0.9024
vn 0.2160 0.8255 -0.5214
vn -0.2160 0.8255 -0.5214
vn -0.8711 0.4604 -0.1711
vn -0.5214 0.8255 -0.2160
vn -0.9411 0.1895 0.2799
vn 0.2160 0.8255 0.5214
vn -0.2587 0.1668 0.9514
vn -0.0000 0.5390 0.8423
vn 0.2587 0.1668 0.9514
vn -0.6240 0.5389 0.5659
vn -0.5226 0.1568 0.8381
vn -0.8850 0.1568 0.4385
vn -0.6414 0.5399 -0.5451
vn -0.9029 0.1509 -0.4025
vn -0.5429 0.1509 -0.8262
vn 0.0791 0.5405 -0.8376
vn -0.1912 0.1486 -0.9702
vn 0.3695 0.1486 -0.9173
vn 0.8397 0.5396 -0.0616
vn 0.9263 0.1522 -0.3447
vn 0.9667 0.1522 0.2057
vn 0.5873 0.5569 0.5873
vn 0.8312 0.1100 0.5450
vn 0.5450 0.1100 0.8312
vn -0.0921 0.1984 0.9758
vn 0.0921 0.1984 0.9758
vn -0.0000 0.5297 0.8482
vn -0.6409 0.2048 0.7398
vn -0.6285 0.5399 0.5600
vn -0.7691 0.2040 0.6058
vn -0.7430 0.1941 -0.6405
vn -0.5736 0.5202 -0.6327
vn -0.6117 0.1933 -0.7671
vn -0.1074 0.1940 -0.9751
vn -0.0358 0.5216 -0.8524
vn 0.0753 0.1947 -0.9780
vn 0.9728 0.2030 -0.1115
vn 0.8418 0.5383 -0.0405
vn 0.9763 0.2037 0.0737
vn 0.7551 0.1984 0.6249
vn 0.5997 0.5297 0.5997
vn 0.6249 0.1984 0.7551
vn -0.3736 0.1883 0.9083
vn -0.2870 0.6571 0.6970
vn -0.3308 -0.5026 0.7987
vn -0.1988 -0.8546 0.4798
vn -0.8636 -0.1200 0.4896
vn -0.5714 -0.1200 0.8118
vn -0.9401 0.1719 0.2943
vn -0.7062 0.6727 0.2208
vn -0.7987 -0.5026 0.3308
vn -0.4798 -0.8545 0.1988
vn -0.9582 0.1699 -0.2302
vn -0.7170 0.6754 -0.1721
vn -0.7987 -0.5026 -0.3308
vn -0.4798 -0.8545 -0.1988
vn -0.5892 -0.1008 -0.8017
vn -0.8862 -0.1008 -0.4522
vn -0.3770 0.1796 -0.9086
vn -0.2857 0.6664 -0.6887
vn -0.3308 -0.5026 -0.7987
vn -0.1988 -0.8545 -0.4798
vn 0.3244 -0.0933 -0.9413
vn -0.1423 -0.0933 -0.9854
vn 0.5370 0.1691 -0.8264
vn 0.4014 0.6764 -0.6176
vn 0.3308 -0.5026 -0.7987
vn 0.1988 -0.8545 -0.4798
vn 0.8490 0.1703 -0.5001
vn 0.6358 0.6747 -0.3748
vn 0.7987 -0.5026 -0.3308
vn 0.4798 -0.8546 -0.1988
vn 0.9823 -0.1053 0.1550
vn 0.9491 -0.1053 -0.2968
vn 0.9130 0.1710 0.3703
vn 0.6829 0.6755 0.2779
vn 0.7987 -0.5026 0.3308
vn 0.4798 -0.8546 0.1988
vn 0.5774 -0.0000 0.8165
vn 0.8165 -0.0000 0.5774
vn 0.3667 0.1763 0.9135
vn 0.2779 0.6699 0.6884
vn 0.3308 -0.5026 0.7987
vn 0.1988 -0.8545 0.4798
vn 0.2005 -0.1511 0.9680
vn -0.2005 -0.1511 0.9680
vn 0.1691 -0.0000 0.9856
vn -0.1691 -0.0000 0.9856
vn -0.8299 0.1664 0.5325
vn -0.5890 0.0451 0.8069
vn -0.8560 -0.0000 0.5170
vn -0.5979 -0.0000 0.8016
vn -0.5857 0.1144 -0.8024
vn -0.5055 0.7850 -0.3582
vn -0.6109 -0.0000 -0.7917
vn -0.8799 -0.0000 -0.4752
vn 0.1216 0.7656 -0.6318
vn -0.1496 0.1271 -0.9805
vn 0.3051 -0.0000 -0.9523
vn -0.1214 -0.0000 -0.9926
vn 0.9867 0.0691 0.1472
vn 0.9381 0.2627 -0.2257
vn 0.9913 -0.0000 0.1317
vn 0.9614 -0.0000 -0.2751
vn 0.3337 0.4897 0.8055
vn 0.3789 0.1399 0.9148
vn 0.3795 -0.1281 0.9163
vn 0.3455 0.4299 0.8341
vn 0.8055 0.4897 0.3337
vn 0.9148 0.1399 0.3789
vn 0.9163 -0.1281 0.3795
vn 0.8341 0.4299 0.3455
vn 0.7644 0.5516 -0.3339
vn 0.8617 0.2326 -0.4510
vn 0.9163 -0.1281 -0.3795
vn 0.8342 0.4299 -0.3455
vn 0.3438 0.5513 -0.7601
vn 0.4860 0.2426 -0.8396
vn 0.3795 -0.1281 -0.9163
vn 0.3455 0.4299 -0.8342
vn -0.3337 0.4897 -0.8055
vn -0.3789 0.1399 -0.9148
vn -0.3795 -0.1281 -0.9163
vn -0.3455 0.4299 -0.8342
vn -0.7854 0.5419 -0.2992
vn -0.9368 0.2295 -0.2641
vn -0.9163 -0.1281 -0.3795
vn -0.8342 0.4299 -0.3455
vn -0.7826 0.5379 0.3133
vn -0.9244 0.2075 0.3201
vn -0.9163 -0.1281 0.3795
vn -0.8342 0.4299 0.3455
vn -0.3337 0.4897 0.8055
vn -0.3789 0.1399 0.9148
vn -0.3795 -0.1281 0.9163
vn -0.3455 0.4299 0.8341
vn 1.0000 -0.0000 -0.0000
vn -0.0000 -0.8721 -0.4893
vn -0.0000 0.8721 0.4893
vn -0.0000 -0.8858 -0.4641
vn -0.9896 -0.1029 -0.1006
vn -0.0000 0.8858 0.4641
vn 0.9896 -0.1029 -0.1006
vn -0.0000 -0.9335 -0.3585
vn -0.0000 -0.1365 0.9906
vn 0.9906 -0.1365 -0.0000
vn -0.9906 -0.1365 -0.0000
vn -0.0000 -0.1365 -0.9906
vn -0.3471 -0.8813 0.3208
vn -0.3367 -0.3204 0.8854
vn -0.8968 -0.3105 0.3153
vn -0.3369 0.3185 0.8860
vn -0.3577 0.8820 0.3066
vn -0.8952 0.3152 0.3152
vn 0.3471 -0.8812 0.3208
vn 0.8968 -0.3105 0.3153
vn 0.3367 -0.3204 0.8854
vn 0.3428 0.8825 0.3220
vn 0.3343 0.3211 0.8861
vn 0.8951 0.3131 0.3174
vn -0.6505 -0.5197 -0.5539
vn -0.2178 -0.3287 -0.9190
vn -0.2174 -0.7826 -0.5834
vn -0.9082 -0.0677 -0.4131
vn -0.3414 0.8381 -0.4256
vn -0.3175 0.1934 -0.9283
vn 0.2174 -0.7826 -0.5834
vn 0.2178 -0.3287 -0.9190
vn 0.6504 -0.5197 -0.5539
vn 0.3325 0.8537 -0.4007
vn 0.9108 -0.0973 -0.4013
vn 0.3125 0.1833 -0.9320
vn -0.2995 -0.9058 0.2995
vn -0.3081 -0.4604 0.8326
vn -0.8326 -0.4604 0.3081
vn -0.3424 0.1623 0.9254
vn -0.3510 0.8681 0.3510
vn -0.9254 0.1623 0.3424
vn -0.2995 -0.9058 -0.2995
vn -0.8326 -0.4603 -0.3081
vn -0.3080 -0.4603 -0.8326
vn -0.3510 0.8681 -0.3510
vn -0.3424 0.1623 -0.9254
vn -0.9254 0.1623 -0.3424
vn 0.2995 -0.9058 0.2995
vn 0.8326 -0.4604 0.3081
vn 0.3081 -0.4604 0.8326
vn 0.3510 0.8681 0.3510
vn 0.3424 0.1623 0.9254
vn 0.9254 0.1623 0.3424
vn 0.2995 -0.9058 -0.2995
vn 0.3081 -0.4604 -0.8326
vn 0.8326 -0.4603 -0.3081
vn 0.3510 0.8681 -0.3510
vn 0.9254 0.1623 -0.3424
vn 0.3424 0.1623 -0.9254
vn -0.4060 -0.9139 -0.0001
vn -0.9327 -0.3606 -0.0000
vn -0.9239 -0.0000 0.3827
vn -0.4082 0.9129 0.0006
vn -0.9303 0.3668 0.0002
vn 0.4060 -0.9139 -0.0001
vn 0.9327 -0.3606 -0.0000
vn 0.4016 0.9158 -0.0000
vn 0.9311 0.3646 -0.0000
vn -0.0000 -0.9239 0.3827
vn -0.0000 -0.3827 0.9239
vn 0.0007 0.9266 0.3759
vn 0.0003 0.3799 0.9250
vn 0.9128 0.3562 0.1998
vn 0.9148 0.3570 0.1888
vn 0.9131 0.3563 0.1982
vn 0.3581 0.8143 0.4569
vn -0.9148 0.3570 0.1888
vn -0.9128 0.3562 0.1998
vn -0.9131 0.3563 0.1982
vn -0.3581 0.8143 0.4569
vn -0.3625 -0.8127 -0.4561
vn -0.9173 -0.3521 -0.1862
vn -0.9149 -0.3519 -0.1977
vn -0.9153 -0.3519 -0.1960
vn 0.3625 -0.8127 -0.4561
vn 0.9149 -0.3519 -0.1977
vn 0.9173 -0.3521 -0.1862
vn 0.9153 -0.3519 -0.1960
vn 0.9151 0.3572 0.1872
vn 0.3629 0.8254 0.4325
vn -0.9151 0.3572 0.1872
vn -0.3629 0.8254 0.4325
vn -0.3682 -0.8235 -0.4315
vn -0.9176 -0.3521 -0.1845
vn 0.3682 -0.8235 -0.4315
vn 0.9176 -0.3521 -0.1845
vn -0.3269 -0.1401 -0.9346
vn -0.8067 -0.3062 -0.5055
vn -0.0000 -0.7703 -0.6376
vn -0.0000 -0.3191 -0.9477
vn 0.0004 0.9222 -0.3868
vn 0.0002 0.3844 -0.9232
vn 0.8039 -0.3033 -0.5117
vn 0.3303 -0.1405 -0.9334
vn 0.3332 -0.8618 -0.3823
vn 0.8095 -0.5025 -0.3036
vn 0.4079 0.9130 -0.0004
vn 0.9844 0.1746 -0.0204
vn -0.8095 -0.5025 -0.3036
vn -0.3332 -0.8618 -0.3823
vn -0.9812 0.1920 -0.0213
vn -0.4179 0.9085 -0.0011
vn -0.3612 -0.9325 -0.0000
vn -0.8750 -0.4841 -0.0000
vn -0.3796 -0.1774 0.9080
vn -0.9080 -0.1774 0.3796
vn -0.3979 0.9174 -0.0000
vn -0.9636 0.2675 -0.0000
vn -0.3795 -0.1774 -0.9080
vn -0.9080 -0.1774 -0.3796
vn -0.0000 -0.9325 -0.3612
vn -0.0000 -0.4841 -0.8750
vn -0.0000 0.9174 -0.3979
vn -0.0000 0.2674 -0.9636
vn 0.9080 -0.1774 -0.3796
vn 0.3796 -0.1774 -0.9080
vn 0.3612 -0.9325 -0.0000
vn 0.8750 -0.4841 -0.0000
vn 0.3979 0.9174 -0.0000
vn 0.9636 0.2675 -0.0000
vn 0.3796 -0.1774 0.9080
vn 0.9080 -0.1774 0.3796
vn -0.0000 -0.9325 0.3612
vn -0.0000 -0.4841 0.8750
vn -0.0000 0.9174 0.3979
vn -0.0000 0.2675 0.9636
vn 0.3827 -0.0000 -0.9239
vn -0.9239 -0.0000 -0.3827
vn 0.9239 -0.0000 -0.3827
vn 1.0000 -0.0000 -0.0001
vn 1.0000 -0.0001 -0.0000
vn -0.0253 -0.9745 0.2228
vn -0.0000 -1.0000 0.0001
vn -0.0000 1.0000 0.0001
vn -0.0000 1.0000 -0.0001
vn -0.1854 -0.9827 -0.0000
vn -0.0000 -0.8824 -0.4706
vn -0.1072 -0.9942 -0.0000
vn 0.0256 -0.9897 0.1406
vn -1.0000 -0.0000 -0.0001
vn -0.0000 -0.9867 -0.1627
vn -0.0000 -1.0000 -0.0001
vn -0.0000 -1.0000 -0.0002
vn -0.0000 -0.9996 -0.0284
vn -0.0000 1.0000 -0.0002
vn -0.0000 0.9997 0.0248
vn 0.3959 0.9183 -0.0000
vn 0.3958 0.9183 -0.0000
vn 0.3530 -0.9356 -0.0000
vn -0.0000 -0.9986 0.0536
vn 0.1553 -0.9879 -0.0000
vn 0.1552 -0.9879 -0.0000
vn 0.0001 -1.0000 -0.0000
vn 1.0000 0.0001 -0.0000
vn -0.0236 -0.9997 -0.0000
vn -0.0644 -0.9487 -0.3095
vn 0.0644 -0.9487 -0.3095
vn -0.0000 -0.9985 -0.0549
vn 0.0643 0.9487 -0.3095
vn -0.0643 0.9487 -0.3095
vn -0.0000 0.9985 -0.0549
vn 0.1733 -0.9487 -0.2643
vn 0.2643 -0.9487 -0.1733
vn 0.0388 -0.9985 -0.0388
vn 0.2643 0.9487 -0.1733
vn 0.1733 0.9487 -0.2643
vn 0.0388 0.9985 -0.0388
vn 0.3095 -0.9487 -0.0644
vn 0.3095 -0.9487 0.0644
vn 0.0549 -0.9985 -0.0000
vn 0.3095 0.9487 0.0643
vn 0.3095 0.9487 -0.0643
vn 0.0549 0.9985 -0.0000
vn 0.2643 -0.9487 0.1733
vn 0.1733 -0.9487 0.2643
vn 0.0388 -0.9985 0.0388
vn 0.1733 0.9487 0.2643
vn 0.2643 0.9487 0.1733
vn 0.0388 0.9985 0.0388
vn 0.0644 -0.9487 0.3095
vn -0.0644 -0.9487 0.3095
vn -0.0000 -0.9985 0.0549
vn -0.0643 0.9487 0.3095
vn 0.0643 0.9487 0.3095
vn -0.0000 0.9985 0.0549
vn -0.1733 -0.9487 0.2643
vn -0.2643 -0.9487 0.1733
vn -0.0388 -0.9985 0.0388
vn -0.2643 0.9487 0.1733
vn -0.1733 0.9487 0.2643
vn -0.0388 0.9985 0.0388
vn -0.3095 -0.9487 0.0644
vn -0.3095 -0.9487 -0.0644
vn -0.0549 -0.9985 -0.0000
vn -0.3095 0.9487 -0.0643
vn -0.3095 0.9487 0.0643
vn -0.0549 0.9985 -0.0000
vn -0.2643 -0.9487 -0.1733
vn -0.1733 -0.9487 -0.2643
vn -0.0388 -0.9985 -0.0388
vn -0.1733 0.9487 -0.2643
vn -0.2643 0.9487 -0.1733
vn -0.0388 0.9985 -0.0388
vn 0.0643 -0.9487 -0.3094
vn -0.0643 -0.9487 -0.3094
vn 0.3094 -0.9487 -0.0643
vn 0.3094 -0.9487 0.0643
vn 0.3094 0.9487 0.0643
vn 0.3094 0.9487 -0.0643
vn 0.0643 -0.9487 0.3094
vn -0.0643 -0.9487 0.3094
vn -0.0643 0.9487 0.3094
vn 0.0643 0.9487 0.3094
vn -0.3094 -0.9487 0.0643
vn -0.3094 -0.9487 -0.0643
vn -0.3094 0.9487 -0.0643
vn -0.3094 0.9487 0.0643
vn 0.1027 0.9872 0.1217
vn 0.0269 0.9993 0.0269
vn 0.1217 0.9872 0.1027
vn -0.0134 0.9872 0.1587
vn -0.0000 0.9993 0.0380
vn 0.0134 0.9872 0.1587
vn -0.0134 -0.9872 0.1587
vn 0.0134 -0.9872 0.1587
vn -0.0000 -0.9993 0.0380
vn 0.1217 -0.9872 0.1027
vn 0.0269 -0.9993 0.0269
vn 0.1027 -0.9872 0.1217
vn 0.1587 0.9872 0.0134
vn 0.0380 0.9993 -0.0000
vn 0.1587 0.9872 -0.0134
vn 0.1587 -0.9872 0.0134
vn 0.1587 -0.9872 -0.0134
vn 0.0380 -0.9993 -0.0000
vn 0.1027 0.9872 -0.1217
vn 0.1217 0.9872 -0.1027
vn 0.0269 0.9993 -0.0269
vn 0.1217 -0.9872 -0.1027
vn 0.1027 -0.9872 -0.1217
vn 0.0269 -0.9993 -0.0269
vn 0.0134 0.9872 -0.1587
vn -0.0000 0.9993 -0.0380
vn -0.0134 0.9872 -0.1587
vn 0.0134 -0.9872 -0.1587
vn -0.0134 -0.9872 -0.1587
vn -0.0000 -0.9993 -0.0380
vn -0.1027 0.9872 -0.1217
vn -0.0269 0.9993 -0.0269
vn -0.1217 0.9872 -0.1027
vn -0.1027 -0.9872 -0.1217
vn -0.1217 -0.9872 -0.1027
vn -0.0269 -0.9993 -0.0269
vn -0.1587 0.9872 -0.0134
vn -0.0380 0.9993 -0.0000
vn -0.1587 0.9872 0.0134
vn -0.1587 -0.9872 0.0134
vn -0.0380 -0.9993 -0.0000
vn -0.1587 -0.9872 -0.0134
vn -0.1217 0.9872 0.1027
vn -0.0269 0.9993 0.0269
vn -0.1027 0.9872 0.1217
vn -0.1217 -0.9872 0.1027
vn -0.1027 -0.9872 0.1217
vn -0.0269 -0.9993 0.0269
vn 0.0850 -0.9750 -0.2051
vn 0.0149 -0.9992 -0.0361
vn 0.0850 0.9750 -0.2051
vn 0.0149 0.9992 -0.0360
vn -0.1691 -0.0000 -0.9856
vn 0.1691 -0.0000 -0.9856
vn 0.8165 -0.0000 -0.5774
vn 0.5774 -0.0000 -0.8165
vn 0.2051 -0.9750 -0.0850
vn 0.0361 -0.9992 -0.0149
vn 0.2051 0.9750 -0.0850
vn 0.0360 0.9992 -0.0149
vn 0.9856 -0.0000 0.1691
vn 0.9856 -0.0000 -0.1691
vn 0.2051 -0.9750 0.0850
vn 0.0361 -0.9992 0.0149
vn 0.2051 0.9750 0.0850
vn 0.2052 0.9750 0.0850
vn 0.0360 0.9992 0.0149
vn 0.0850 -0.9750 0.2051
vn 0.0149 -0.9992 0.0361
vn 0.0850 0.9750 0.2051
vn 0.0149 0.9992 0.0360
vn -0.0850 -0.9750 0.2051
vn -0.0149 -0.9992 0.0361
vn -0.0850 0.9750 0.2051
vn -0.0149 0.9992 0.0360
vn -0.8165 -0.0000 0.5774
vn -0.5774 -0.0000 0.8165
vn -0.2051 -0.9750 0.0850
vn -0.0361 -0.9992 0.0149
vn -0.2051 0.9750 0.0850
vn -0.0360 0.9992 0.0149
vn -0.9856 -0.0000 -0.1691
vn -0.9856 -0.0000 0.1691
vn -0.2051 -0.9750 -0.0850
vn -0.0361 -0.9992 -0.0149
vn -0.2051 0.9750 -0.0850
vn -0.0360 0.9992 -0.0149
vn -0.5774 -0.0000 -0.8165
vn -0.8165 -0.0000 -0.5774
vn -0.0850 -0.9750 -0.2051
vn -0.0149 -0.9992 -0.0361
vn -0.0850 0.9750 -0.2051
vn -0.0149 0.9992 -0.0360
vn -0.2052 0.9750 0.0850
vn -0.0361 0.9992 0.0149
vn 0.0850 -0.9750 0.2052
vn 0.0850 0.9750 0.2052
vn 0.0149 0.9992 0.0361
vn 0.0361 0.9992 0.0149
vn 0.8165 -0.0000 -0.5773
vn 0.5773 -0.0000 -0.8165
vn 0.0361 0.9992 -0.0149
vn 0.0149 0.9992 -0.0361
vn -0.0149 0.9992 -0.0361
vn -0.0850 0.9750 -0.2052
vn -0.0361 0.9992 -0.0149
vn -0.0850 0.9750 0.2052
vn -0.0149 0.9992 0.0361
vn 0.0850 0.9750 -0.2052
vn 0.2052 0.9750 -0.0850
vn -0.5773 -0.0000 0.8165
vn -0.2052 0.9750 -0.0850
vn -0.8165 -0.0000 -0.5773
vn -0.5773 -0.0000 -0.8165
vn -0.0979 -0.0000 0.9952
vn -0.2904 -0.0000 0.9569
vn -0.4713 -0.0000 0.8820
vn -0.6344 -0.0000 0.7730
vn -0.7730 -0.0000 0.6345
vn -0.8819 -0.0000 0.4713
vn -0.9569 -0.0000 0.2903
vn -0.9952 -0.0000 0.0979
vn -0.9952 -0.0000 -0.0979
vn -0.9569 -0.0000 -0.2903
vn -0.8819 -0.0000 -0.4713
vn -0.7730 -0.0000 -0.6344
vn -0.6344 -0.0000 -0.7730
vn -0.4713 -0.0000 -0.8820
vn -0.2903 -0.0000 -0.9569
vn -0.0980 -0.0000 -0.9952
vn 0.0980 -0.0000 -0.9952
vn 0.2903 -0.0000 -0.9569
vn 0.4713 -0.0000 -0.8820
vn 0.6344 -0.0000 -0.7730
vn 0.7730 -0.0000 -0.6344
vn 0.8819 -0.0000 -0.4713
vn 0.9569 -0.0000 -0.2903
vn 0.9952 -0.0000 -0.0979
vn 0.9952 -0.0000 0.0979
vn 0.9569 -0.0000 0.2903
vn 0.8819 -0.0000 0.4713
vn 0.7730 -0.0000 0.6345
vn 0.6344 -0.0000 0.7730
vn 0.4713 -0.0000 0.8820
vn 0.2904 -0.0000 0.9569
vn 0.0979 -0.0000 0.9952
vt 0.125000 0.977273
vt 0.000000 0.977273
vt 0.750000 0.542003
vt 0.650627 0.542003
vt 0.650627 0.545455
vt 0.750000 0.545455
vt 0.597560 0.542003
vt 0.527440 0.542003
vt 0.527440 0.545455
vt 0.597560 0.545455
vt 0.473466 0.542003
vt 0.375000 0.542003
vt 0.375000 0.545455
vt 0.473466 0.545455
vt 0.281865 0.542003
vt 0.281865 0.545455
vt 0.222560 0.542003
vt 0.152440 0.542003
vt 0.152440 0.545455
vt 0.222560 0.545455
vt 1.000000 0.977273
vt 0.875000 0.977273
vt 0.972560 0.545455
vt 0.902440 0.545455
vt 0.902440 0.590909
vt 0.972560 0.590909
vt 0.842404 0.542003
vt 0.842404 0.545455
vt 0.097560 0.542003
vt 0.027440 0.542003
vt 0.027440 0.545455
vt 0.097560 0.545455
vt 0.396978 0.396978
vt 0.457859 0.250000
vt 0.396978 0.103022
vt 0.250000 0.042142
vt 0.103022 0.103022
vt 0.042142 0.250000
vt 0.103022 0.396978
vt 0.250000 0.457858
vt 0.902440 0.636364
vt 0.972560 0.636364
vt 0.902440 0.681818
vt 0.972560 0.681818
vt 0.902440 0.727273
vt 0.972560 0.727273
vt 0.902440 0.772727
vt 0.972560 0.772727
vt 0.902440 0.818182
vt 0.972560 0.818182
vt 0.902440 0.863636
vt 0.972560 0.863636
vt 0.902439 0.867088
vt 0.972560 0.867088
vt 1.000000 0.922299
vt 0.875000 0.922299
vt 0.875000 0.941337
vt 1.000000 0.941337
vt 0.750000 0.922299
vt 0.750000 0.941337
vt 0.250000 0.977273
vt 0.281865 0.590909
vt 0.375000 0.590909
vt 0.281865 0.636364
vt 0.375000 0.636364
vt 0.281865 0.681818
vt 0.375000 0.681818
vt 0.281865 0.727273
vt 0.375000 0.727273
vt 0.281865 0.772727
vt 0.375000 0.772727
vt 0.281865 0.818182
vt 0.375000 0.818182
vt 0.281865 0.863636
vt 0.375000 0.863636
vt 0.222560 0.863636
vt 0.152440 0.863636
vt 0.152440 0.867088
vt 0.222560 0.867088
vt 0.375000 0.977273
vt 0.152440 0.590909
vt 0.222560 0.590909
vt 0.152440 0.636364
vt 0.222560 0.636364
vt 0.152440 0.681818
vt 0.222560 0.681818
vt 0.152440 0.727273
vt 0.222560 0.727273
vt 0.152440 0.772727
vt 0.222560 0.772727
vt 0.152440 0.818182
vt 0.222560 0.818182
vt 0.250000 0.922299
vt 0.125000 0.922299
vt 0.125000 0.941337
vt 0.250000 0.941337
vt 0.281068 0.871326
vt 0.375000 0.874548
vt 0.500000 0.977273
vt 0.375000 0.922299
vt 0.375000 0.941337
vt 0.473466 0.590909
vt 0.473466 0.636364
vt 0.473466 0.681818
vt 0.473466 0.727273
vt 0.473466 0.772727
vt 0.473466 0.818182
vt 0.473466 0.863636
vt 0.473386 0.867501
vt 0.625000 0.977273
vt 0.500000 0.922299
vt 0.500000 0.941337
vt 0.650627 0.590909
vt 0.750000 0.590909
vt 0.650627 0.636364
vt 0.750000 0.636364
vt 0.650627 0.681818
vt 0.750000 0.681818
vt 0.650627 0.727273
vt 0.750000 0.727273
vt 0.650627 0.772727
vt 0.750000 0.772727
vt 0.650627 0.818182
vt 0.750000 0.818182
vt 0.650627 0.863636
vt 0.750000 0.863636
vt 0.597560 0.863636
vt 0.527440 0.863636
vt 0.527440 0.867088
vt 0.597560 0.867088
vt 0.750000 0.977273
vt 0.527440 0.590909
vt 0.597560 0.590909
vt 0.527440 0.636364
vt 0.597560 0.636364
vt 0.527440 0.681818
vt 0.597560 0.681818
vt 0.527440 0.727273
vt 0.597560 0.727273
vt 0.527440 0.772727
vt 0.597560 0.772727
vt 0.527440 0.818182
vt 0.597560 0.818182
vt 0.625000 0.922299
vt 0.625000 0.941337
vt 0.650742 0.866435
vt 0.750000 0.872692
vt 0.842404 0.590909
vt 0.842404 0.636364
vt 0.842404 0.681818
vt 0.842404 0.727273
vt 0.842404 0.772727
vt 0.842404 0.818182
vt 0.842404 0.863636
vt 0.843317 0.871082
vt 0.750421 0.445306
vt 0.611295 0.387702
vt 0.554008 0.248814
vt 0.614223 0.119708
vt 0.753684 0.051420
vt 0.887499 0.106702
vt 0.939846 0.255113
vt 0.889715 0.386525
vt 0.027440 0.590909
vt 0.097560 0.590909
vt 0.027440 0.636364
vt 0.097560 0.636364
vt 0.027440 0.681818
vt 0.097560 0.681818
vt 0.027440 0.727273
vt 0.097560 0.727273
vt 0.027440 0.772727
vt 0.097560 0.772727
vt 0.027440 0.818182
vt 0.097560 0.818182
vt 0.027440 0.863636
vt 0.097560 0.863636
vt 0.027440 0.867088
vt 0.097560 0.867088
vt 0.000000 0.922299
vt 0.000000 0.941337
vt 0.972560 0.542003
vt 1.000000 0.542003
vt 0.995900 0.500000
vt 0.976579 0.500000
vt 0.781798 0.476829
vt 0.744433 0.487694
vt 0.718202 0.476829
vt 0.023421 0.500000
vt 0.000000 0.517752
vt 0.000000 0.542003
vt 0.935613 0.381303
vt 0.913111 0.422437
vt 0.887378 0.433096
vt 0.902440 0.542003
vt 0.898811 0.500000
vt 0.875000 0.517753
vt 0.875000 0.542003
vt 0.869230 0.500000
vt 0.846714 0.500000
vt 0.887026 0.066758
vt 0.922534 0.087123
vt 0.932348 0.110815
vt 0.647480 0.500000
vt 0.625000 0.517753
vt 0.625000 0.542003
vt 0.619614 0.500000
vt 0.600929 0.500000
vt 0.718258 0.023148
vt 0.757614 0.013154
vt 0.782825 0.023597
vt 0.524178 0.500000
vt 0.500000 0.517753
vt 0.500000 0.542003
vt 0.494577 0.500000
vt 0.476620 0.500000
vt 0.523501 0.282595
vt 0.513433 0.241711
vt 0.525679 0.212148
vt 0.277881 0.500000
vt 0.250000 0.517753
vt 0.250000 0.542003
vt 0.244743 0.500000
vt 0.225992 0.500000
vt 0.606636 0.430617
vt 0.578183 0.414608
vt 0.569383 0.393364
vt 0.144403 0.500000
vt 0.125000 0.517752
vt 0.125000 0.542003
vt 0.121246 0.500000
vt 0.105597 0.500000
vt 0.991770 0.909091
vt 1.000000 0.893164
vt 1.000000 0.867088
vt 0.000000 0.867088
vt 0.000000 0.909091
vt 0.008230 0.909091
vt 1.004637 0.906385
vt 1.000000 0.909091
vt 0.875000 0.868770
vt 0.875000 0.904019
vt 0.883229 0.909091
vt 0.879637 0.906385
vt 0.866227 0.909091
vt 0.625000 0.865649
vt 0.625000 0.903579
vt 0.632797 0.909091
vt 0.629394 0.906527
vt 0.616770 0.909091
vt 0.500000 0.865857
vt 0.500000 0.903608
vt 0.508230 0.909091
vt 0.504637 0.906385
vt 0.492142 0.909091
vt 0.250000 0.868492
vt 0.250000 0.903980
vt 0.258680 0.909091
vt 0.254891 0.906237
vt 0.241770 0.909091
vt 0.125000 0.867088
vt 0.125000 0.903782
vt 0.133230 0.909091
vt 0.129637 0.906385
vt 0.116770 0.909091
vt 0.875789 1.000000
vt 0.999211 1.000000
vt 0.418635 0.420149
vt 0.251071 0.489557
vt 0.875000 0.545455
vt 0.752570 0.500000
vt 0.988555 0.253489
vt 0.750789 1.000000
vt 0.874211 1.000000
vt 0.489557 0.251071
vt 0.420149 0.418635
vt 0.747979 0.500000
vt 0.988864 0.247257
vt 0.625789 1.000000
vt 0.749211 1.000000
vt 0.420149 0.081365
vt 0.489557 0.248929
vt 0.625000 0.545455
vt 0.500789 1.000000
vt 0.624211 1.000000
vt 0.251071 0.010443
vt 0.418635 0.079851
vt 0.500000 0.545455
vt 0.376781 0.500000
vt 0.582712 0.079293
vt 0.375789 1.000000
vt 0.499211 1.000000
vt 0.081365 0.079851
vt 0.248929 0.010443
vt 0.372861 0.500000
vt 0.579092 0.083198
vt 0.250789 1.000000
vt 0.374211 1.000000
vt 0.010443 0.248929
vt 0.079851 0.081365
vt 0.250000 0.545455
vt 0.125789 1.000000
vt 0.249211 1.000000
vt 0.079851 0.418635
vt 0.010443 0.251071
vt 0.125000 0.545455
vt 0.000789 1.000000
vt 0.124211 1.000000
vt 0.248929 0.489557
vt 0.081365 0.420149
vt 0.000000 0.545455
vt 1.000000 0.545455
vt 0.000000 0.590909
vt 1.000000 0.590909
vt 0.000000 0.636364
vt 1.000000 0.636364
vt 0.000000 0.681818
vt 1.000000 0.681818
vt 0.000000 0.727273
vt 1.000000 0.727273
vt 0.000000 0.772727
vt 1.000000 0.772727
vt 0.000000 0.818182
vt 1.000000 0.818182
vt 0.000000 0.863636
vt 1.000000 0.863636
vt 0.875000 0.863636
vt 0.875000 0.818182
vt 0.875000 0.772727
vt 0.875000 0.727273
vt 0.875000 0.681818
vt 0.875000 0.636364
vt 0.875000 0.590909
vt 0.625000 0.863636
vt 0.625000 0.818182
vt 0.625000 0.772727
vt 0.625000 0.727273
vt 0.625000 0.681818
vt 0.625000 0.636364
vt 0.625000 0.590909
vt 0.500000 0.863636
vt 0.500000 0.818182
vt 0.500000 0.772727
vt 0.500000 0.727273
vt 0.500000 0.681818
vt 0.500000 0.636364
vt 0.500000 0.590909
vt 0.250000 0.863636
vt 0.250000 0.818182
vt 0.250000 0.772727
vt 0.250000 0.727273
vt 0.250000 0.681818
vt 0.250000 0.636364
vt 0.250000 0.590909
vt 0.125000 0.863636
vt 0.125000 0.818182
vt 0.125000 0.772727
vt 0.125000 0.727273
vt 0.125000 0.681818
vt 0.125000 0.636364
vt 0.125000 0.590909
vt 0.125000 0.954545
vt 0.003412 0.954545
vt 0.250000 0.954545
vt 0.374548 0.909091
vt 0.375000 0.954545
vt 0.500000 0.954545
vt 0.625000 0.954545
vt 0.750769 0.909091
vt 0.750000 0.954545
vt 0.875000 0.954545
vt 0.996588 0.954545
vt 0.400000 0.775000
vt 0.600000 0.775000
vt 0.600000 0.975000
vt 0.400000 0.975000
vt 0.401928 0.500000
vt 0.598494 0.500000
vt 0.598552 0.725000
vt 0.401854 0.725000
vt 0.402058 0.500000
vt 0.598425 0.500000
vt 0.650000 0.500000
vt 0.850000 0.500000
vt 0.850000 0.725000
vt 0.650000 0.725000
vt 0.401854 0.025000
vt 0.598552 0.025000
vt 0.598494 0.250000
vt 0.401928 0.250000
vt 0.598425 0.250000
vt 0.402058 0.250000
vt 0.402074 0.500000
vt 0.598506 0.500000
vt 0.349939 0.500000
vt 0.150061 0.500000
vt 0.150068 0.500000
vt 0.349932 0.500000
vt 0.598506 0.250000
vt 0.402074 0.250000
vt 0.426543 0.288527
vt 0.573457 0.280476
vt 0.573457 0.469524
vt 0.426543 0.461473
vt 0.150081 0.500000
vt 0.349919 0.500000
vt 0.579791 0.250000
vt 0.418299 0.250000
vt 0.154733 0.529733
vt 0.345267 0.529733
vt 0.345267 0.720267
vt 0.154733 0.720267
vt 0.418299 0.500000
vt 0.579791 0.500000
vt 0.165488 0.500000
vt 0.334512 0.500000
vt 0.396337 0.777984
vt 0.603663 0.772917
vt 0.603663 0.977083
vt 0.396337 0.972016
vt 0.396337 0.527984
vt 0.603663 0.522917
vt 0.603663 0.727083
vt 0.396337 0.722016
vt 0.646539 0.521539
vt 0.853461 0.521539
vt 0.853461 0.728461
vt 0.646539 0.728461
vt 0.396337 0.027984
vt 0.603663 0.022917
vt 0.603663 0.227083
vt 0.396337 0.222016
vt 0.396337 0.277984
vt 0.603663 0.272917
vt 0.603663 0.477083
vt 0.396337 0.472016
vt 0.150058 0.725000
vt 0.150029 0.750000
vt 0.135578 0.750000
vt 0.125000 0.725000
vt 0.400927 1.000000
vt 0.385958 1.000000
vt 0.375000 0.974971
vt 0.375000 0.025000
vt 0.375000 0.010566
vt 0.400927 0.000000
vt 0.625000 0.975000
vt 0.625000 0.989434
vt 0.599276 1.000000
vt 0.875000 0.725000
vt 0.875000 0.739434
vt 0.850000 0.750000
vt 0.599276 0.000000
vt 0.614128 0.000000
vt 0.625000 0.025000
vt 0.349941 0.725000
vt 0.375000 0.725000
vt 0.378653 0.750004
vt 0.349971 0.750000
vt 0.400927 0.750000
vt 0.375000 0.775029
vt 0.650000 0.750000
vt 0.624898 0.746478
vt 0.625000 0.725000
vt 0.599276 0.750000
vt 0.625000 0.775000
vt 0.408461 0.250000
vt 0.381689 0.250000
vt 0.375000 0.250000
vt 0.375000 0.283257
vt 0.375000 0.258087
vt 0.125000 0.500000
vt 0.158257 0.500000
vt 0.625000 0.250000
vt 0.563795 0.250000
vt 0.843157 0.500000
vt 0.858563 0.500000
vt 0.875000 0.500000
vt 0.593768 0.250000
vt 0.625000 0.281843
vt 0.341743 0.500000
vt 0.374534 0.500000
vt 0.375000 0.500000
vt 0.408461 0.500000
vt 0.375000 0.466743
vt 0.625000 0.500000
vt 0.615017 0.494749
vt 0.654593 0.500000
vt 0.567793 0.500000
vt 0.625000 0.470407
vt 0.153682 0.750000
vt 0.135909 0.750000
vt 0.125000 0.721318
vt 0.394635 1.000000
vt 0.381590 1.000000
vt 0.375000 0.971318
vt 0.375000 0.028682
vt 0.375000 0.010909
vt 0.394635 0.000000
vt 0.625000 0.977500
vt 0.625000 0.989612
vt 0.601961 1.000000
vt 0.875000 0.727500
vt 0.875000 0.739612
vt 0.852500 0.750000
vt 0.601961 0.000000
vt 0.613554 0.000000
vt 0.625000 0.022500
vt 0.125000 0.528682
vt 0.125000 0.510909
vt 0.153682 0.500000
vt 0.394635 0.250000
vt 0.381590 0.250000
vt 0.375000 0.221318
vt 0.375000 0.278682
vt 0.375000 0.260909
vt 0.852500 0.500000
vt 0.864612 0.500000
vt 0.875000 0.522500
vt 0.601961 0.250000
vt 0.613554 0.250000
vt 0.625000 0.272500
vt 0.625000 0.227500
vt 0.625000 0.239612
vt 0.375000 0.721318
vt 0.377197 0.750000
vt 0.346318 0.750000
vt 0.394635 0.750000
vt 0.375000 0.778682
vt 0.647500 0.750000
vt 0.624647 0.746537
vt 0.625000 0.727500
vt 0.601961 0.750000
vt 0.625000 0.772500
vt 0.346318 0.500000
vt 0.373560 0.503636
vt 0.375000 0.528682
vt 0.394635 0.500000
vt 0.375000 0.471318
vt 0.625000 0.522500
vt 0.621185 0.500000
vt 0.647500 0.500000
vt 0.601961 0.500000
vt 0.625000 0.477500
vt 0.750000 0.250000
vt 0.750000 0.370000
vt 0.834853 0.334853
vt 0.250000 0.250000
vt 0.334853 0.334853
vt 0.250000 0.370000
vt 0.434592 0.326460
vt 0.402921 0.402921
vt 0.870000 0.250000
vt 0.370000 0.250000
vt 0.434591 0.173540
vt 0.466262 0.250000
vt 0.834853 0.165147
vt 0.334853 0.165147
vt 0.326460 0.065409
vt 0.402921 0.097079
vt 0.750000 0.130000
vt 0.250000 0.130000
vt 0.173540 0.065409
vt 0.250000 0.033738
vt 0.665147 0.165147
vt 0.165147 0.165147
vt 0.065409 0.173540
vt 0.097079 0.097079
vt 0.630000 0.250000
vt 0.130000 0.250000
vt 0.065409 0.326460
vt 0.033738 0.250000
vt 0.665147 0.334853
vt 0.165147 0.334853
vt 0.173540 0.434592
vt 0.097079 0.402921
vt 0.826460 0.434592
vt 0.902921 0.402921
vt 0.326460 0.434591
vt 0.250000 0.466262
vt 0.110076 0.750000
vt 0.110076 0.977156
vt 0.062500 0.977156
vt 0.062500 0.750000
vt 0.982091 0.522844
vt 0.982091 0.750000
vt 0.937500 0.750000
vt 0.937500 0.522844
vt 0.985076 0.750000
vt 0.985076 0.977155
vt 0.937500 0.977156
vt 0.062500 0.522844
vt 0.014924 0.750000
vt 0.014924 0.522844
vt 0.187500 0.522844
vt 0.187500 0.750000
vt 0.139924 0.750000
vt 0.139924 0.522845
vt 0.110076 0.522844
vt 0.565408 0.326460
vt 0.597079 0.402921
vt 0.235076 0.750000
vt 0.235076 0.977155
vt 0.187500 0.977156
vt 0.673540 0.434591
vt 0.139924 0.977156
vt 0.312500 0.522844
vt 0.312500 0.750000
vt 0.264924 0.750000
vt 0.264924 0.522844
vt 0.235076 0.522844
vt 0.565408 0.173540
vt 0.533738 0.250000
vt 0.360076 0.750000
vt 0.360076 0.977156
vt 0.312500 0.977156
vt 0.264924 0.977156
vt 0.437500 0.522844
vt 0.437500 0.750000
vt 0.389924 0.750000
vt 0.389924 0.522845
vt 0.360076 0.522844
vt 0.673540 0.065409
vt 0.597079 0.097079
vt 0.485076 0.750000
vt 0.485076 0.977155
vt 0.437500 0.977156
vt 0.389924 0.977156
vt 0.562500 0.522844
vt 0.562500 0.750000
vt 0.514924 0.750000
vt 0.514924 0.522844
vt 0.485076 0.522844
vt 0.826460 0.065409
vt 0.750000 0.033738
vt 0.610076 0.750000
vt 0.610076 0.977156
vt 0.562500 0.977156
vt 0.514924 0.977156
vt 0.687500 0.522844
vt 0.687500 0.750000
vt 0.639924 0.750000
vt 0.639924 0.522845
vt 0.610076 0.522844
vt 0.934591 0.173540
vt 0.902921 0.097079
vt 0.735076 0.750000
vt 0.735076 0.977155
vt 0.687500 0.977156
vt 0.639924 0.977156
vt 0.812500 0.522844
vt 0.812500 0.750000
vt 0.764924 0.750000
vt 0.764924 0.522844
vt 0.735076 0.522844
vt 0.934591 0.326460
vt 0.966262 0.250000
vt 0.860076 0.750000
vt 0.860076 0.977156
vt 0.812500 0.977156
vt 0.764924 0.977156
vt 0.889924 0.750000
vt 0.889924 0.522845
vt 0.860076 0.522844
vt 0.750000 0.466262
vt 0.014924 0.977156
vt 0.889924 0.977156
vt 0.985076 0.522844
vt 0.426368 0.334853
vt 0.430539 0.324782
vt 0.399564 0.399564
vt 0.930539 0.175218
vt 0.899564 0.100436
vt 0.926368 0.165147
vt 0.334853 0.073632
vt 0.324782 0.069461
vt 0.399564 0.100436
vt 0.185289 0.065289
vt 0.175218 0.069461
vt 0.250000 0.038485
vt 0.538485 0.250000
vt 0.569461 0.324782
vt 0.565289 0.314711
vt 0.065289 0.185289
vt 0.038485 0.250000
vt 0.069461 0.175218
vt 0.814711 0.434711
vt 0.824782 0.430539
vt 0.834853 0.426368
vt 0.250000 0.461515
vt 0.175218 0.430539
vt 0.185289 0.434711
vt 0.675218 0.430539
vt 0.750000 0.461515
vt 0.685289 0.434711
vt 0.165147 0.426368
vt 0.100436 0.399564
vt 0.073632 0.334853
vt 0.069461 0.324782
vt 0.107091 0.750000
vt 0.107091 0.977155
vt 0.892909 0.750000
vt 0.892909 0.522844
vt 0.142909 0.750000
vt 0.142909 0.522845
vt 0.107091 0.522844
vt 0.565289 0.185289
vt 0.569461 0.175218
vt 0.065289 0.314711
vt 0.267909 0.977155
vt 0.267909 0.750000
vt 0.101517 0.786322
vt 0.101517 0.750000
vt 0.062500 0.786322
vt 0.081954 0.786322
vt 0.142909 0.977155
vt 0.600436 0.399564
vt 0.665147 0.426368
vt 0.267909 0.522845
vt 0.232091 0.522844
vt 0.232091 0.750000
vt 0.600436 0.100436
vt 0.573632 0.165147
vt 0.100436 0.100436
vt 0.165147 0.073632
vt 0.357091 0.750000
vt 0.357091 0.977156
vt 0.273483 0.648436
vt 0.273483 0.750000
vt 0.312500 0.648436
vt 0.293046 0.648436
vt 0.573632 0.334853
vt 0.232091 0.977156
vt 0.073632 0.165147
vt 0.357091 0.522845
vt 0.750000 0.038485
vt 0.675218 0.069461
vt 0.685289 0.065289
vt 0.665147 0.073632
vt 0.482091 0.750000
vt 0.482091 0.977155
vt 0.351517 0.786322
vt 0.351517 0.750000
vt 0.312500 0.786322
vt 0.331954 0.786322
vt 0.392909 0.977155
vt 0.392909 0.750000
vt 0.392909 0.522845
vt 0.517909 0.750000
vt 0.517909 0.522844
vt 0.314711 0.065289
vt 0.824782 0.069461
vt 0.834853 0.073632
vt 0.814711 0.065289
vt 0.607091 0.750000
vt 0.607091 0.977156
vt 0.523483 0.648436
vt 0.523483 0.750000
vt 0.562500 0.648436
vt 0.543046 0.648436
vt 0.517909 0.977156
vt 0.482091 0.522844
vt 0.430539 0.175218
vt 0.426368 0.165147
vt 0.607091 0.522844
vt 0.434711 0.185289
vt 0.461515 0.250000
vt 0.434711 0.314711
vt 0.732091 0.750000
vt 0.732091 0.977155
vt 0.601517 0.750000
vt 0.562500 0.786322
vt 0.581954 0.786322
vt 0.601517 0.786322
vt 0.642909 0.977155
vt 0.642909 0.750000
vt 0.642909 0.522844
vt 0.767909 0.750000
vt 0.767909 0.522845
vt 0.732091 0.522844
vt 0.899564 0.399564
vt 0.930539 0.324782
vt 0.926368 0.334853
vt 0.934711 0.314711
vt 0.961515 0.250000
vt 0.857091 0.750000
vt 0.857091 0.977156
vt 0.773483 0.648436
vt 0.773483 0.750000
vt 0.812500 0.648436
vt 0.793046 0.648436
vt 0.767909 0.977156
vt 0.934711 0.185289
vt 0.857091 0.522844
vt 0.017909 0.750000
vt 0.017909 0.522845
vt 0.017909 0.977155
vt 0.982091 0.977156
vt 0.976517 0.786322
vt 0.976517 0.750000
vt 0.937500 0.786322
vt 0.956954 0.786322
vt 0.892909 0.977155
vt 0.324782 0.430539
vt 0.334853 0.426368
vt 0.314711 0.434711
vt 0.726517 0.750000
vt 0.726517 0.648436
vt 0.706954 0.648436
vt 0.687500 0.648436
vt 0.351517 0.648436
vt 0.331954 0.648436
vt 0.226517 0.786322
vt 0.226517 0.750000
vt 0.187500 0.786322
vt 0.206954 0.786322
vt 0.062500 0.648436
vt 0.101517 0.648436
vt 0.081954 0.648436
vt 0.937500 0.648436
vt 0.976517 0.648436
vt 0.956954 0.648436
vt 0.851517 0.750000
vt 0.812500 0.786322
vt 0.831954 0.786322
vt 0.851517 0.786322
vt 0.148483 0.648436
vt 0.148483 0.750000
vt 0.187500 0.648436
vt 0.168046 0.648436
vt 0.148483 0.786322
vt 0.168046 0.786322
vt 0.226517 0.648436
vt 0.206954 0.648436
vt 0.273483 0.786322
vt 0.293046 0.786322
vt 0.398483 0.648436
vt 0.398483 0.750000
vt 0.437500 0.648436
vt 0.418046 0.648436
vt 0.398483 0.786322
vt 0.418046 0.786322
vt 0.437500 0.786322
vt 0.476517 0.750000
vt 0.456954 0.786322
vt 0.476517 0.786322
vt 0.523483 0.786322
vt 0.543046 0.786322
vt 0.476517 0.648436
vt 0.456954 0.648436
vt 0.648483 0.750000
vt 0.648483 0.786322
vt 0.668046 0.786322
vt 0.687500 0.786322
vt 0.648483 0.648436
vt 0.668046 0.648436
vt 0.601517 0.648436
vt 0.581954 0.648436
vt 0.706954 0.786322
vt 0.726517 0.786322
vt 0.773483 0.786322
vt 0.793046 0.786322
vt 0.898483 0.750000
vt 0.898483 0.786322
vt 0.918046 0.786322
vt 0.898483 0.648436
vt 0.918046 0.648436
vt 0.851517 0.648436
vt 0.831954 0.648436
vt 0.023483 0.648436
vt 0.023483 0.750000
vt 0.043046 0.648436
vt 0.023483 0.786322
vt 0.043046 0.786322
vt 0.000000 0.522844
vt 0.000000 0.509655
vt 0.010553 0.500000
vt 0.989447 0.500000
vt 0.997958 0.500000
vt 1.000000 0.522844
vt 0.735673 0.484066
vt 0.747228 0.488852
vt 0.764327 0.484066
vt 1.000000 0.977156
vt 1.000000 0.990345
vt 0.989447 1.000000
vt 0.010553 1.000000
vt 0.002042 1.000000
vt 0.000000 0.977156
vt 0.264327 0.484066
vt 0.252772 0.488852
vt 0.235673 0.484066
vt 0.875000 0.522844
vt 0.875000 0.509655
vt 0.885553 0.500000
vt 0.864447 0.500000
vt 0.872958 0.500000
vt 0.905379 0.425640
vt 0.916933 0.420854
vt 0.925640 0.405379
vt 0.875000 0.977156
vt 0.875000 0.990345
vt 0.864447 1.000000
vt 0.885553 1.000000
vt 0.877042 1.000000
vt 0.425640 0.405379
vt 0.420854 0.416933
vt 0.405379 0.425640
vt 0.750000 0.522844
vt 0.750000 0.509655
vt 0.760553 0.500000
vt 0.739447 0.500000
vt 0.747958 0.500000
vt 0.984066 0.264327
vt 0.988852 0.252772
vt 0.984066 0.235673
vt 0.750000 0.977156
vt 0.750000 0.990345
vt 0.739447 1.000000
vt 0.760553 1.000000
vt 0.752042 1.000000
vt 0.484066 0.235673
vt 0.488852 0.247228
vt 0.484066 0.264327
vt 0.625000 0.522844
vt 0.625000 0.509655
vt 0.635553 0.500000
vt 0.614447 0.500000
vt 0.622958 0.500000
vt 0.925640 0.094621
vt 0.920854 0.083067
vt 0.905379 0.074360
vt 0.625000 0.977156
vt 0.625000 0.990345
vt 0.614447 1.000000
vt 0.635553 1.000000
vt 0.627042 1.000000
vt 0.405379 0.074360
vt 0.416933 0.079146
vt 0.425640 0.094621
vt 0.500000 0.522844
vt 0.500000 0.509655
vt 0.510553 0.500000
vt 0.489447 0.500000
vt 0.497958 0.500000
vt 0.764327 0.015934
vt 0.752772 0.011148
vt 0.735673 0.015934
vt 0.500000 0.977156
vt 0.500000 0.990345
vt 0.489447 1.000000
vt 0.510553 1.000000
vt 0.502042 1.000000
vt 0.235673 0.015934
vt 0.247228 0.011148
vt 0.264327 0.015934
vt 0.375000 0.522844
vt 0.375000 0.509655
vt 0.385553 0.500000
vt 0.364447 0.500000
vt 0.372958 0.500000
vt 0.594621 0.074360
vt 0.583067 0.079146
vt 0.574360 0.094621
vt 0.375000 0.977156
vt 0.375000 0.990345
vt 0.364447 1.000000
vt 0.385553 1.000000
vt 0.377042 1.000000
vt 0.074360 0.094621
vt 0.079146 0.083067
vt 0.094621 0.074360
vt 0.250000 0.522844
vt 0.250000 0.509655
vt 0.260553 0.500000
vt 0.239447 0.500000
vt 0.247958 0.500000
vt 0.515934 0.235673
vt 0.511148 0.247228
vt 0.515934 0.264327
vt 0.250000 0.977156
vt 0.250000 0.990345
vt 0.239447 1.000000
vt 0.260553 1.000000
vt 0.252042 1.000000
vt 0.015934 0.264327
vt 0.011148 0.252772
vt 0.015934 0.235673
vt 0.125000 0.522844
vt 0.125000 0.509655
vt 0.135553 0.500000
vt 0.114447 0.500000
vt 0.122958 0.500000
vt 0.574360 0.405379
vt 0.579146 0.416933
vt 0.594621 0.425640
vt 0.125000 0.977156
vt 0.125000 0.990345
vt 0.114447 1.000000
vt 0.135553 1.000000
vt 0.127042 1.000000
vt 0.094621 0.425640
vt 0.083067 0.420854
vt 0.074360 0.405379
vt 0.987337 0.500000
vt 0.997550 0.500000
vt 0.732808 0.482879
vt 0.746673 0.488622
vt 0.767192 0.482879
vt 0.012663 0.500000
vt 0.987337 1.000000
vt 0.012663 1.000000
vt 0.002450 1.000000
vt 0.267192 0.482879
vt 0.253327 0.488622
vt 0.232808 0.482879
vt 0.887663 0.500000
vt 0.862337 0.500000
vt 0.872550 0.500000
vt 0.902513 0.426827
vt 0.916379 0.421084
vt 0.926827 0.402513
vt 0.426827 0.402513
vt 0.421084 0.416379
vt 0.402513 0.426827
vt 0.862337 1.000000
vt 0.887663 1.000000
vt 0.877450 1.000000
vt 0.762663 0.500000
vt 0.737337 0.500000
vt 0.747550 0.500000
vt 0.982879 0.267192
vt 0.988622 0.253327
vt 0.982879 0.232808
vt 0.737337 1.000000
vt 0.762663 1.000000
vt 0.752450 1.000000
vt 0.482879 0.232808
vt 0.488622 0.246673
vt 0.482879 0.267192
vt 0.637663 0.500000
vt 0.612337 0.500000
vt 0.622550 0.500000
vt 0.926827 0.097487
vt 0.921084 0.083621
vt 0.902513 0.073173
vt 0.402513 0.073173
vt 0.416379 0.078916
vt 0.426827 0.097487
vt 0.612337 1.000000
vt 0.637663 1.000000
vt 0.627450 1.000000
vt 0.512663 0.500000
vt 0.487337 0.500000
vt 0.497550 0.500000
vt 0.767192 0.017121
vt 0.753327 0.011378
vt 0.732808 0.017121
vt 0.232808 0.017121
vt 0.246673 0.011378
vt 0.267192 0.017121
vt 0.487337 1.000000
vt 0.512663 1.000000
vt 0.502450 1.000000
vt 0.387663 0.500000
vt 0.362337 0.500000
vt 0.372550 0.500000
vt 0.597487 0.073173
vt 0.583621 0.078916
vt 0.573173 0.097487
vt 0.362337 1.000000
vt 0.387663 1.000000
vt 0.377450 1.000000
vt 0.073173 0.097487
vt 0.078916 0.083621
vt 0.097487 0.073173
vt 0.517121 0.232808
vt 0.511378 0.246673
vt 0.517121 0.267192
vt 0.262663 0.500000
vt 0.237337 0.500000
vt 0.247550 0.500000
vt 0.237337 1.000000
vt 0.262663 1.000000
vt 0.252450 1.000000
vt 0.017121 0.267192
vt 0.011378 0.253327
vt 0.017121 0.232808
vt 0.137663 0.500000
vt 0.112337 0.500000
vt 0.122550 0.500000
vt 0.573173 0.402513
vt 0.578916 0.416379
vt 0.597487 0.426827
vt 0.112337 1.000000
vt 0.137663 1.000000
vt 0.127450 1.000000
vt 0.097487 0.426827
vt 0.083621 0.421084
vt 0.073173 0.402513
vt 0.118122 0.793255
vt 0.125000 0.793255
vt 0.125000 0.786322
vt 0.117629 0.372300
vt 0.120578 0.379422
vt 0.127700 0.382371
vt 0.125000 0.790325
vt 0.131878 0.793255
vt 0.993122 0.793255
vt 1.000000 0.793255
vt 1.000000 0.786322
vt 0.242879 0.430080
vt 0.250000 0.433030
vt 0.257121 0.430080
vt 0.000000 0.786322
vt 0.000000 0.790325
vt 0.006878 0.793255
vt 1.000000 0.648436
vt 1.000000 0.644433
vt 0.993122 0.641503
vt 0.006878 0.641503
vt 0.000000 0.641503
vt 0.000000 0.648436
vt 0.757121 0.430080
vt 0.750000 0.433030
vt 0.742879 0.430080
vt 0.131878 0.641503
vt 0.125000 0.641503
vt 0.125000 0.648436
vt 0.627700 0.382371
vt 0.620578 0.379422
vt 0.617629 0.372300
vt 0.125000 0.644433
vt 0.118122 0.641503
vt 0.243122 0.793255
vt 0.250000 0.793255
vt 0.250000 0.786322
vt 0.069920 0.242879
vt 0.066970 0.250000
vt 0.069920 0.257121
vt 0.250000 0.790325
vt 0.256878 0.793255
vt 0.250000 0.648436
vt 0.250000 0.644433
vt 0.243122 0.641503
vt 0.256878 0.641503
vt 0.250000 0.641503
vt 0.569920 0.257121
vt 0.566970 0.250000
vt 0.569920 0.242879
vt 0.375000 0.786322
vt 0.375000 0.790325
vt 0.381878 0.793255
vt 0.368122 0.793255
vt 0.375000 0.793255
vt 0.127700 0.117629
vt 0.120578 0.120578
vt 0.117629 0.127700
vt 0.375000 0.648436
vt 0.375000 0.644433
vt 0.368122 0.641503
vt 0.381878 0.641503
vt 0.375000 0.641503
vt 0.617629 0.127700
vt 0.620578 0.120578
vt 0.627700 0.117629
vt 0.493122 0.793255
vt 0.500000 0.793255
vt 0.500000 0.786322
vt 0.257121 0.069920
vt 0.250000 0.066970
vt 0.242879 0.069920
vt 0.500000 0.790325
vt 0.506878 0.793255
vt 0.500000 0.648436
vt 0.500000 0.644433
vt 0.493122 0.641503
vt 0.506878 0.641503
vt 0.500000 0.641503
vt 0.742879 0.069920
vt 0.750000 0.066970
vt 0.757121 0.069920
vt 0.618122 0.793255
vt 0.625000 0.793255
vt 0.625000 0.786322
vt 0.382371 0.127700
vt 0.379422 0.120578
vt 0.372300 0.117629
vt 0.625000 0.790325
vt 0.631878 0.793255
vt 0.625000 0.648436
vt 0.625000 0.644433
vt 0.618122 0.641503
vt 0.631878 0.641503
vt 0.625000 0.641503
vt 0.872300 0.117629
vt 0.879422 0.120578
vt 0.882371 0.127700
vt 0.743122 0.793255
vt 0.750000 0.793255
vt 0.750000 0.786322
vt 0.430080 0.257121
vt 0.433030 0.250000
vt 0.430080 0.242879
vt 0.750000 0.790325
vt 0.756878 0.793255
vt 0.756878 0.641503
vt 0.750000 0.641503
vt 0.750000 0.648436
vt 0.930080 0.242879
vt 0.933030 0.250000
vt 0.930080 0.257121
vt 0.750000 0.644433
vt 0.743122 0.641503
vt 0.868122 0.793255
vt 0.875000 0.793255
vt 0.875000 0.786322
vt 0.372300 0.382371
vt 0.379422 0.379422
vt 0.382371 0.372300
vt 0.875000 0.790325
vt 0.881878 0.793255
vt 0.875000 0.648436
vt 0.875000 0.644433
vt 0.868122 0.641503
vt 0.881878 0.641503
vt 0.875000 0.641503
vt 0.882371 0.372300
vt 0.879422 0.379422
vt 0.872300 0.382371
vt 0.937500 0.500000
vt 0.834853 0.454853
vt 0.937500 1.000000
vt 0.334853 0.454853
vt 0.000000 0.750000
vt 1.000000 0.750000
vt 0.875000 0.750000
vt 0.812500 0.500000
vt 0.954853 0.334853
vt 0.812500 1.000000
vt 0.454853 0.334853
vt 0.750000 0.750000
vt 0.687500 0.500000
vt 0.954853 0.165147
vt 0.687500 1.000000
vt 0.454853 0.165147
vt 0.625000 0.750000
vt 0.562500 0.500000
vt 0.834853 0.045147
vt 0.562500 1.000000
vt 0.334853 0.045147
vt 0.500000 0.750000
vt 0.437500 0.500000
vt 0.665147 0.045147
vt 0.437500 1.000000
vt 0.165147 0.045147
vt 0.375000 0.750000
vt 0.312500 0.500000
vt 0.545147 0.165147
vt 0.312500 1.000000
vt 0.045147 0.165147
vt 0.250000 0.750000
vt 0.187500 0.500000
vt 0.545147 0.334853
vt 0.187500 1.000000
vt 0.045147 0.334853
vt 0.125000 0.750000
vt 0.062500 0.500000
vt 0.665147 0.454853
vt 0.062500 1.000000
vt 0.165147 0.454853
vt 0.081954 0.793255
vt 0.165147 0.397883
vt 0.045895 0.793255
vt 0.062500 0.793255
vt 0.185289 0.406226
vt 0.202482 0.413347
vt 0.085431 0.294569
vt 0.206954 0.793255
vt 0.187500 0.793255
vt 0.204105 0.793255
vt 0.086653 0.297518
vt 0.093774 0.314711
vt 0.170895 0.793255
vt 0.100896 0.331903
vt 0.187500 0.641503
vt 0.170895 0.641503
vt 0.600896 0.331903
vt 0.593774 0.314711
vt 0.331954 0.793255
vt 0.102117 0.165147
vt 0.093774 0.185289
vt 0.086653 0.202482
vt 0.295895 0.793255
vt 0.312500 0.793255
vt 0.331954 0.641503
vt 0.602117 0.165147
vt 0.205431 0.085431
vt 0.456954 0.793255
vt 0.437500 0.793255
vt 0.454105 0.793255
vt 0.202482 0.086653
vt 0.185289 0.093774
vt 0.420895 0.793255
vt 0.168097 0.100896
vt 0.581954 0.793255
vt 0.334853 0.102117
vt 0.165147 0.102117
vt 0.418046 0.793255
vt 0.312500 0.641503
vt 0.295895 0.641503
vt 0.586653 0.202482
vt 0.593774 0.185289
vt 0.581954 0.641503
vt 0.834853 0.102117
vt 0.414569 0.205431
vt 0.706954 0.793255
vt 0.687500 0.793255
vt 0.704105 0.793255
vt 0.413347 0.202482
vt 0.406226 0.185289
vt 0.670895 0.793255
vt 0.399104 0.168097
vt 0.687500 0.641503
vt 0.670895 0.641503
vt 0.899104 0.168097
vt 0.906226 0.185289
vt 0.831954 0.793255
vt 0.397883 0.334853
vt 0.406226 0.314711
vt 0.413347 0.297518
vt 0.795895 0.793255
vt 0.812500 0.793255
vt 0.812500 0.641503
vt 0.795895 0.641503
vt 0.913347 0.297518
vt 0.906226 0.314711
vt 0.831954 0.641503
vt 0.897883 0.334853
vt 0.956954 0.793255
vt 0.294569 0.414569
vt 0.937500 0.793255
vt 0.954105 0.793255
vt 0.297518 0.413347
vt 0.314711 0.406226
vt 0.334853 0.397883
vt 0.918046 0.793255
vt 0.414569 0.294569
vt 0.793046 0.793255
vt 0.794569 0.414569
vt 0.956954 0.641503
vt 0.437500 0.641503
vt 0.420895 0.641503
vt 0.668097 0.100896
vt 0.685289 0.093774
vt 0.456954 0.641503
vt 0.705431 0.085431
vt 0.085431 0.205431
vt 0.293046 0.793255
vt 0.586653 0.297518
vt 0.204105 0.641503
vt 0.314711 0.093774
vt 0.297518 0.086653
vt 0.545895 0.793255
vt 0.562500 0.793255
vt 0.397883 0.165147
vt 0.668046 0.793255
vt 0.562500 0.641503
vt 0.545895 0.641503
vt 0.797518 0.086653
vt 0.814711 0.093774
vt 0.079105 0.793255
vt 0.168097 0.399104
vt 0.043046 0.793255
vt 0.205431 0.414569
vt 0.705431 0.414569
vt 0.043046 0.641503
vt 0.062500 0.641503
vt 0.045895 0.641503
vt 0.702482 0.413347
vt 0.685289 0.406226
vt 0.079105 0.641503
vt 0.668097 0.399104
vt 0.168046 0.641503
vt 0.602117 0.334853
vt 0.206954 0.641503
vt 0.585431 0.294569
vt 0.329105 0.793255
vt 0.100896 0.168097
vt 0.293046 0.641503
vt 0.585431 0.205431
vt 0.814711 0.406226
vt 0.797518 0.413347
vt 0.954105 0.641503
vt 0.937500 0.641503
vt 0.418046 0.641503
vt 0.665147 0.102117
vt 0.454105 0.641503
vt 0.702482 0.086653
vt 0.579105 0.793255
vt 0.331903 0.100896
vt 0.543046 0.641503
vt 0.794569 0.085431
vt 0.579105 0.641503
vt 0.831903 0.100896
vt 0.668046 0.641503
vt 0.897883 0.165147
vt 0.913347 0.202482
vt 0.704105 0.641503
vt 0.706954 0.641503
vt 0.914569 0.205431
vt 0.329105 0.641503
vt 0.600896 0.168097
vt 0.829105 0.793255
vt 0.399104 0.331903
vt 0.793046 0.641503
vt 0.914569 0.294569
vt 0.829105 0.641503
vt 0.899104 0.331903
vt 0.920895 0.793255
vt 0.331903 0.399104
vt 0.918046 0.641503
vt 0.834853 0.397883
vt 0.920895 0.641503
vt 0.831903 0.399104
vt 0.102117 0.334853
vt 0.168046 0.793255
vt 0.081954 0.641503
vt 0.665147 0.397883
vt 0.294569 0.085431
vt 0.543046 0.793255
vt 1.000000 0.500000
vt 0.968750 0.500000
vt 0.968750 1.000000
vt 1.000000 1.000000
vt 0.906250 0.500000
vt 0.906250 1.000000
vt 0.875000 1.000000
vt 0.843750 0.500000
vt 0.843750 1.000000
vt 0.781250 0.500000
vt 0.781250 1.000000
vt 0.750000 0.500000
vt 0.750000 1.000000
vt 0.718750 0.500000
vt 0.718750 1.000000
vt 0.656250 0.500000
vt 0.656250 1.000000
vt 0.625000 1.000000
vt 0.593750 0.500000
vt 0.593750 1.000000
vt 0.531250 0.500000
vt 0.531250 1.000000
vt 0.500000 0.500000
vt 0.500000 1.000000
vt 0.468750 0.500000
vt 0.468750 1.000000
vt 0.406250 0.500000
vt 0.406250 1.000000
vt 0.375000 1.000000
vt 0.343750 0.500000
vt 0.343750 1.000000
vt 0.281250 0.500000
vt 0.281250 1.000000
vt 0.250000 0.500000
vt 0.250000 1.000000
vt 0.218750 0.500000
vt 0.218750 1.000000
vt 0.156250 0.500000
vt 0.156250 1.000000
vt 0.125000 1.000000
vt 0.093750 0.500000
vt 0.093750 1.000000
vt 0.296822 0.485388
vt 0.341844 0.471731
vt 0.383337 0.449553
vt 0.419706 0.419706
vt 0.449553 0.383337
vt 0.471731 0.341844
vt 0.485388 0.296822
vt 0.490000 0.250000
vt 0.485388 0.203178
vt 0.471731 0.158156
vt 0.449553 0.116663
vt 0.419706 0.080294
vt 0.383337 0.050447
vt 0.341844 0.028269
vt 0.296822 0.014612
vt 0.250000 0.010000
vt 0.203178 0.014612
vt 0.158156 0.028269
vt 0.116663 0.050447
vt 0.080294 0.080294
vt 0.050447 0.116663
vt 0.028269 0.158156
vt 0.014612 0.203178
vt 0.010000 0.250000
vt 0.014612 0.296822
vt 0.028269 0.341844
vt 0.050447 0.383337
vt 0.080294 0.419706
vt 0.116663 0.449553
vt 0.158156 0.471731
vt 0.203178 0.485388
vt 0.250000 0.490000
vt 0.031250 0.500000
vt 0.031250 1.000000
vt 0.000000 0.500000
vt 0.000000 1.000000
vt 0.750000 0.490000
vt 0.703178 0.485388
vt 0.658156 0.471731
vt 0.616663 0.449553
vt 0.580294 0.419706
vt 0.550447 0.383337
vt 0.528269 0.341844
vt 0.514612 0.296822
vt 0.510000 0.250000
vt 0.514612 0.203178
vt 0.528269 0.158156
vt 0.550447 0.116663
vt 0.580294 0.080294
vt 0.616663 0.050447
vt 0.658156 0.028269
vt 0.703178 0.014612
vt 0.750000 0.010000
vt 0.796822 0.014612
vt 0.841844 0.028269
vt 0.883337 0.050447
vt 0.919706 0.080294
vt 0.949553 0.116663
vt 0.971731 0.158156
vt 0.985388 0.203178
vt 0.990000 0.250000
vt 0.985388 0.296822
vt 0.971731 0.341844
vt 0.949553 0.383337
vt 0.919706 0.419706
vt 0.883337 0.449553
vt 0.841844 0.471731
vt 0.796822 0.485388
s 0
usemtl Material.003
f 4190/4927/1841 4038/4928/1842 3943/4928/1843 4005/4927/1842
s 1
f 3956/4929/1844 3962/4930/1844 4112/4931/1844 3926/4932/1844
f 3963/4933/1845 3972/4934/1845 4146/4935/1845 4113/4936/1845
f 3973/4937/1846 3982/4938/1846 3934/4939/1846 4147/4940/1846
f 3982/4938/1847 3988/4941/1847 4186/4942/1847 3934/4939/1847
f 3989/4943/1848 3998/4944/1848 4220/4945/1848 4187/4946/1848
s 0
f 4038/4947/1849 4042/4948/1842 3953/4948/1849 3943/4947/1842
s 1
f 4008/4949/1850 4072/4950/1850 4070/4951/1850 4011/4952/1850
f 3947/4953/1851 3956/4929/1851 3926/4932/1851 4073/4954/1851
f 3999/4955/1852 3937/4956/1852 4007/4957/1852 4221/4958/1852
f 3952/4959/1853 3958/4960/1853 3968/4961/1853 3978/4962/1853 3984/4963/1853 3994/4964/1853 4004/4965/1853 3942/4966/1853
f 4011/4952/1850 4070/4951/1850 4067/4967/1850 4014/4968/1850
f 4014/4968/1850 4067/4967/1850 4064/4969/1850 4017/4970/1850
f 4017/4970/1850 4064/4969/1850 4061/4971/1850 4020/4972/1850
f 4020/4972/1850 4061/4971/1850 4058/4973/1850 4023/4974/1850
f 4023/4974/1850 4058/4973/1850 4055/4975/1850 4026/4976/1850
f 4026/4976/1850 4055/4975/1850 4052/4977/1850 4029/4978/1850
f 4029/4978/1850 4052/4977/1850 4044/4979/1850 4031/4980/1850
f 4033/4981/1854 4045/4982/1854 4041/4983/1854 4039/4984/1854
f 4045/4982/1855 4079/4985/1855 4075/4986/1855 4041/4983/1855
s 0
f 4156/4987/1856 4190/4927/1842 4005/4927/1856 3995/4987/1842
s 1
f 3934/4939/1847 4186/4942/1847 4184/4988/1847 3933/4989/1847
f 3933/4989/1847 4184/4988/1847 4181/4990/1847 3932/4991/1847
f 3932/4991/1847 4181/4990/1847 4178/4992/1847 3931/4993/1847
f 3931/4993/1847 4178/4992/1847 4175/4994/1847 3930/4995/1847
f 3930/4995/1847 4175/4994/1847 4172/4996/1847 3929/4997/1847
f 3929/4997/1847 4172/4996/1847 4169/4998/1847 3928/4999/1847
f 3928/4999/1847 4169/4998/1847 4166/5000/1847 3927/5001/1847
f 4165/5002/1848 4200/5003/1848 4192/5004/1848 4160/5005/1848
s 0
f 4150/5006/1857 4156/4987/1858 3995/4987/1859 3985/5006/1842
s 1
f 4187/4946/1848 4220/4945/1848 4218/5007/1848 4183/5008/1848
f 4183/5008/1848 4218/5007/1848 4215/5009/1848 4180/5010/1848
f 4180/5010/1848 4215/5009/1848 4212/5011/1848 4177/5012/1848
f 4177/5012/1848 4212/5011/1848 4209/5013/1848 4174/5014/1848
f 4174/5014/1848 4209/5013/1848 4206/5015/1848 4171/5016/1848
f 4171/5016/1848 4206/5015/1848 4203/5017/1848 4168/5018/1848
f 4168/5018/1848 4203/5017/1848 4200/5003/1848 4165/5002/1848
f 4159/5019/1860 4193/5020/1860 4189/5021/1860 4155/5022/1860
f 3927/5001/1861 4166/5000/1861 4158/5023/1861 4152/5024/1861
s 0
f 4116/5025/1862 4150/5006/1842 3985/5006/1863 3979/5025/1842
s 1
f 4153/5026/1864 4159/5019/1864 4155/5022/1864 4149/5027/1864
f 4147/4940/1846 3934/4939/1846 3933/4989/1846 4143/5028/1846
f 4143/5028/1846 3933/4989/1846 3932/4991/1846 4140/5029/1846
f 4140/5029/1846 3932/4991/1846 3931/4993/1846 4137/5030/1846
f 4137/5030/1846 3931/4993/1846 3930/4995/1846 4134/5031/1846
f 4134/5031/1846 3930/4995/1846 3929/4997/1846 4131/5032/1846
f 4131/5032/1846 3929/4997/1846 3928/4999/1846 4128/5033/1846
f 4128/5033/1846 3928/4999/1846 3927/5001/1846 4125/5034/1846
f 4125/5034/1865 3927/5001/1865 4152/5024/1865 4120/5035/1865
s 0
f 4082/5036/1866 4116/5025/1842 3979/5025/1867 3969/5036/1842
s 1
f 4119/5037/1868 4153/5026/1868 4149/5027/1868 4115/5038/1868
f 3926/4932/1844 4112/4931/1844 4110/5039/1844 3925/5040/1844
f 3925/5040/1844 4110/5039/1844 4107/5041/1844 3924/5042/1844
f 3924/5042/1844 4107/5041/1844 4104/5043/1844 3923/5044/1844
f 3923/5044/1844 4104/5043/1844 4101/5045/1844 3922/5046/1844
f 3922/5046/1844 4101/5045/1844 4098/5047/1844 3921/5048/1844
f 3921/5048/1844 4098/5047/1844 4095/5049/1844 3920/5050/1844
f 3920/5050/1844 4095/5049/1844 4092/5051/1844 3919/5052/1844
f 4091/5053/1845 4126/5054/1845 4118/5055/1845 4086/5056/1845
s 0
f 4076/5057/1857 4082/5036/1842 3969/5036/1857 3959/5057/1858
s 1
f 4113/4936/1845 4146/4935/1845 4144/5058/1845 4109/5059/1845
f 4109/5059/1845 4144/5058/1845 4141/5060/1845 4106/5061/1845
f 4106/5061/1845 4141/5060/1845 4138/5062/1845 4103/5063/1845
f 4103/5063/1845 4138/5062/1845 4135/5064/1845 4100/5065/1845
f 4100/5065/1845 4135/5064/1845 4132/5066/1845 4097/5067/1845
f 4097/5067/1845 4132/5066/1845 4129/5068/1845 4094/5069/1845
f 4094/5069/1845 4129/5068/1845 4126/5054/1845 4091/5053/1845
f 4085/5070/1869 4119/5037/1869 4115/5038/1869 4081/5071/1869
f 3919/5052/1870 4092/5051/1870 4084/5072/1870 4078/5073/1870
s 0
f 4042/4948/1857 4076/5057/1842 3959/5057/1857 3953/4948/1858
s 1
f 4079/4985/1871 4085/5070/1871 4081/5071/1871 4075/4986/1871
f 4073/4954/1851 3926/4932/1851 3925/5040/1851 4069/5074/1851
f 4069/5074/1851 3925/5040/1851 3924/5042/1851 4066/5075/1851
f 4066/5075/1851 3924/5042/1851 3923/5044/1851 4063/5076/1851
f 4063/5076/1851 3923/5044/1851 3922/5046/1851 4060/5077/1851
f 4060/5077/1851 3922/5046/1851 3921/5048/1851 4057/5078/1851
f 4057/5078/1851 3921/5048/1851 3920/5050/1851 4054/5079/1851
f 4054/5079/1851 3920/5050/1851 3919/5052/1851 4051/5080/1851
f 4051/5080/1872 3919/5052/1872 4078/5073/1872 4046/5081/1872
f 3936/5082/1857 3997/5083/1857 3987/5084/1857 3981/5085/1857 3971/5086/1857 3961/5087/1857 3955/5088/1857 3945/5089/1857
f 4221/4958/1852 4007/4957/1852 4010/5090/1852 4217/5091/1852
f 4217/5091/1852 4010/5090/1852 4013/5092/1852 4214/5093/1852
f 4214/5093/1852 4013/5092/1852 4016/5094/1852 4211/5095/1852
f 4211/5095/1852 4016/5094/1852 4019/5096/1852 4208/5097/1852
f 4208/5097/1852 4019/5096/1852 4022/5098/1852 4205/5099/1852
f 4205/5099/1852 4022/5098/1852 4025/5100/1852 4202/5101/1852
f 4202/5101/1852 4025/5100/1852 4028/5102/1852 4199/5103/1852
f 4199/5103/1852 4028/5102/1852 4032/5104/1852 4194/5105/1852
f 4193/5020/1873 4033/5106/1873 4039/5107/1873 4189/5021/1873
f 3935/5108/1874 3941/5109/1874 3939/5110/1874 3938/5111/1874
f 3936/5082/1875 3938/5112/1875 3939/5113/1875 3940/5114/1875
f 3937/4956/1876 3940/5115/1876 3939/5116/1876 3941/5117/1876
f 3945/5089/1877 3951/5118/1877 3949/5119/1877 3948/5120/1877
f 3946/5121/1878 3948/5122/1878 3949/5123/1878 3950/5124/1878
f 3947/4953/1879 3950/5124/1879 3949/5125/1879 3951/5126/1879
f 3961/5087/1880 3967/5127/1880 3965/5128/1880 3964/5129/1880
f 3962/4930/1881 3964/5130/1881 3965/5131/1881 3966/5132/1881
f 3963/4933/1882 3966/5132/1882 3965/5133/1882 3967/5134/1882
f 3971/5086/1883 3977/5135/1883 3975/5136/1883 3974/5137/1883
f 3972/4934/1884 3974/5138/1884 3975/5139/1884 3976/5140/1884
f 3973/4937/1885 3976/5140/1885 3975/5141/1885 3977/5142/1885
f 3987/5084/1886 3993/5143/1886 3991/5144/1886 3990/5145/1886
f 3988/4941/1887 3990/5146/1887 3991/5147/1887 3992/5148/1887
f 3989/4943/1888 3992/5148/1888 3991/5149/1888 3993/5150/1888
f 3997/5083/1889 4003/5151/1889 4001/5152/1889 4000/5153/1889
f 3998/4944/1890 4000/5154/1890 4001/5155/1890 4002/5156/1890
f 3999/4955/1891 4002/5156/1891 4001/5157/1891 4003/5158/1891
f 4031/4980/1892 4037/5159/1892 4035/5160/1892 4034/5161/1892
f 4032/5104/1893 4034/5162/1893 4035/5163/1893 4036/5164/1893
f 4033/4981/1894 4036/5165/1894 4035/5166/1894 4037/5159/1894
f 4044/4979/1895 4050/5167/1895 4048/5168/1895 4047/5169/1895
f 4045/4982/1896 4047/5170/1896 4048/5168/1896 4049/5171/1896
f 4046/5081/1897 4049/5171/1897 4048/5168/1897 4050/5167/1897
f 4084/5072/1898 4090/5172/1898 4088/5173/1898 4087/5174/1898
f 4085/5070/1899 4087/5175/1899 4088/5173/1899 4089/5176/1899
f 4086/5056/1900 4089/5176/1900 4088/5173/1900 4090/5172/1900
f 4118/5055/1901 4124/5177/1901 4122/5178/1901 4121/5179/1901
f 4119/5037/1902 4121/5180/1902 4122/5178/1902 4123/5181/1902
f 4120/5035/1903 4123/5181/1903 4122/5178/1903 4124/5177/1903
f 4158/5023/1904 4164/5182/1904 4162/5183/1904 4161/5184/1904
f 4159/5019/1905 4161/5185/1905 4162/5183/1905 4163/5186/1905
f 4160/5005/1906 4163/5186/1906 4162/5183/1906 4164/5182/1906
f 4192/5004/1907 4198/5187/1907 4196/5188/1907 4195/5189/1907
f 4193/5020/1908 4195/5190/1908 4196/5188/1908 4197/5191/1908
f 4194/5105/1909 4197/5191/1909 4196/5188/1909 4198/5187/1909
f 3935/5108/1910 3938/5111/1910 3948/5122/1910 3946/5121/1910
f 3938/5112/1911 3936/5082/1911 3945/5089/1911 3948/5120/1911
f 3953/4948/1912 3954/5192/1912 3944/5193/1912 3943/4947/1912
f 3954/5194/1913 3952/4959/1913 3942/4966/1913 3944/5195/1913
f 4073/4954/1914 4074/5196/1914 3950/5124/1914 3947/4953/1914
f 4074/5196/1915 4072/4950/1915 3946/5121/1915 3950/5124/1915
f 3947/4953/1916 3951/5126/1916 3957/5197/1916 3956/4929/1916
f 3951/5118/1917 3945/5089/1917 3955/5088/1917 3957/5198/1917
f 3959/5057/1918 3960/5199/1918 3954/5200/1918 3953/4948/1918
f 3960/5201/1919 3958/4960/1919 3952/4959/1919 3954/5202/1919
f 3956/4929/1920 3957/5203/1920 3964/5130/1920 3962/4930/1920
f 3957/5204/1921 3955/5088/1921 3961/5087/1921 3964/5129/1921
f 3969/5036/1922 3970/5205/1922 3960/5206/1922 3959/5057/1922
f 3970/5207/1923 3968/4961/1923 3958/4960/1923 3960/5208/1923
f 4113/4936/1924 4114/5209/1924 3966/5132/1924 3963/4933/1924
f 4114/5209/1925 4112/4931/1925 3962/4930/1925 3966/5132/1925
f 3963/4933/1926 3967/5134/1926 3974/5138/1926 3972/4934/1926
f 3967/5127/1927 3961/5087/1927 3971/5086/1927 3974/5137/1927
f 3979/5025/1928 3980/5210/1928 3970/5211/1928 3969/5036/1928
f 3980/5212/1929 3978/4962/1929 3968/4961/1929 3970/5213/1929
f 4147/4940/1930 4148/5214/1930 3976/5140/1930 3973/4937/1930
f 4148/5214/1931 4146/4935/1931 3972/4934/1931 3976/5140/1931
f 3973/4937/1932 3977/5142/1932 3983/5215/1932 3982/4938/1932
f 3977/5135/1933 3971/5086/1933 3981/5085/1933 3983/5216/1933
f 3985/5006/1934 3986/5217/1934 3980/5218/1934 3979/5025/1934
f 3986/5219/1935 3984/4963/1935 3978/4962/1935 3980/5220/1935
f 3982/4938/1936 3983/5221/1936 3990/5146/1936 3988/4941/1936
f 3983/5222/1937 3981/5085/1937 3987/5084/1937 3990/5145/1937
f 3995/4987/1938 3996/5223/1938 3986/5224/1938 3985/5006/1938
f 3996/5225/1939 3994/4964/1939 3984/4963/1939 3986/5226/1939
f 4187/4946/1940 4188/5227/1940 3992/5148/1940 3989/4943/1940
f 4188/5227/1941 4186/4942/1941 3988/4941/1941 3992/5148/1941
f 3989/4943/1942 3993/5150/1942 4000/5154/1942 3998/4944/1942
f 3993/5143/1943 3987/5084/1943 3997/5083/1943 4000/5153/1943
f 4005/4927/1944 4006/5228/1944 3996/5229/1944 3995/4987/1944
f 4006/5230/1945 4004/4965/1945 3994/4964/1945 3996/5231/1945
f 4221/4958/1946 4222/5232/1946 4002/5156/1946 3999/4955/1946
f 4222/5232/1947 4220/4945/1947 3998/4944/1947 4002/5156/1947
f 3999/4955/1948 4003/5158/1948 3940/5115/1948 3937/4956/1948
f 4003/5151/1949 3997/5083/1949 3936/5082/1949 3940/5114/1949
f 3943/4928/1950 3944/5233/1950 4006/5234/1950 4005/4927/1950
f 3944/5235/1951 3942/4966/1951 4004/4965/1951 4006/5236/1951
f 3937/4956/1952 3941/5117/1952 4009/5237/1952 4007/4957/1952
f 3941/5109/1953 3935/5108/1953 4008/4949/1953 4009/5238/1953
f 4007/4957/1954 4009/5237/1954 4012/5239/1954 4010/5090/1954
f 4009/5238/1955 4008/4949/1955 4011/4952/1955 4012/5240/1955
f 4010/5090/1954 4012/5239/1954 4015/5241/1954 4013/5092/1954
f 4012/5240/1955 4011/4952/1955 4014/4968/1955 4015/5242/1955
f 4013/5092/1954 4015/5241/1954 4018/5243/1954 4016/5094/1954
f 4015/5242/1955 4014/4968/1955 4017/4970/1955 4018/5244/1955
f 4016/5094/1954 4018/5243/1954 4021/5245/1954 4019/5096/1954
f 4018/5244/1955 4017/4970/1955 4020/4972/1955 4021/5246/1955
f 4019/5096/1954 4021/5245/1954 4024/5247/1954 4022/5098/1954
f 4021/5246/1955 4020/4972/1955 4023/4974/1955 4024/5248/1955
f 4022/5098/1954 4024/5247/1954 4027/5249/1954 4025/5100/1954
f 4024/5248/1955 4023/4974/1955 4026/4976/1955 4027/5250/1955
f 4025/5100/1954 4027/5249/1954 4030/5251/1954 4028/5102/1954
f 4027/5250/1955 4026/4976/1955 4029/4978/1955 4030/5252/1955
f 4028/5102/1954 4030/5251/1954 4034/5162/1954 4032/5104/1954
f 4030/5252/1955 4029/4978/1955 4031/4980/1955 4034/5161/1955
f 4046/5081/1956 4050/5167/1956 4053/5253/1956 4051/5080/1956
f 4050/5167/1957 4044/4979/1957 4052/4977/1957 4053/5253/1957
f 4051/5080/1958 4053/5253/1958 4056/5254/1958 4054/5079/1958
f 4053/5253/1959 4052/4977/1959 4055/4975/1959 4056/5254/1959
f 4054/5079/1958 4056/5254/1958 4059/5255/1958 4057/5078/1958
f 4056/5254/1959 4055/4975/1959 4058/4973/1959 4059/5255/1959
f 4057/5078/1958 4059/5255/1958 4062/5256/1958 4060/5077/1958
f 4059/5255/1959 4058/4973/1959 4061/4971/1959 4062/5256/1959
f 4060/5077/1958 4062/5256/1958 4065/5257/1958 4063/5076/1958
f 4062/5256/1959 4061/4971/1959 4064/4969/1959 4065/5257/1959
f 4063/5076/1958 4065/5257/1958 4068/5258/1958 4066/5075/1958
f 4065/5257/1959 4064/4969/1959 4067/4967/1959 4068/5258/1959
f 4066/5075/1958 4068/5258/1958 4071/5259/1958 4069/5074/1958
f 4068/5258/1959 4067/4967/1959 4070/4951/1959 4071/5259/1959
f 4069/5074/1958 4071/5259/1958 4074/5196/1958 4073/4954/1958
f 4071/5259/1959 4070/4951/1959 4072/4950/1959 4074/5196/1959
f 4086/5056/1960 4090/5172/1960 4093/5260/1960 4091/5053/1960
f 4090/5172/1961 4084/5072/1961 4092/5051/1961 4093/5260/1961
f 4091/5053/1962 4093/5260/1962 4096/5261/1962 4094/5069/1962
f 4093/5260/1963 4092/5051/1963 4095/5049/1963 4096/5261/1963
f 4094/5069/1962 4096/5261/1962 4099/5262/1962 4097/5067/1962
f 4096/5261/1963 4095/5049/1963 4098/5047/1963 4099/5262/1963
f 4097/5067/1962 4099/5262/1962 4102/5263/1962 4100/5065/1962
f 4099/5262/1963 4098/5047/1963 4101/5045/1963 4102/5263/1963
f 4100/5065/1962 4102/5263/1962 4105/5264/1962 4103/5063/1962
f 4102/5263/1963 4101/5045/1963 4104/5043/1963 4105/5264/1963
f 4103/5063/1962 4105/5264/1962 4108/5265/1962 4106/5061/1962
f 4105/5264/1963 4104/5043/1963 4107/5041/1963 4108/5265/1963
f 4106/5061/1962 4108/5265/1962 4111/5266/1962 4109/5059/1962
f 4108/5265/1963 4107/5041/1963 4110/5039/1963 4111/5266/1963
f 4109/5059/1962 4111/5266/1962 4114/5209/1962 4113/4936/1962
f 4111/5266/1963 4110/5039/1963 4112/4931/1963 4114/5209/1963
f 4120/5035/1964 4124/5177/1964 4127/5267/1964 4125/5034/1964
f 4124/5177/1965 4118/5055/1965 4126/5054/1965 4127/5267/1965
f 4125/5034/1966 4127/5267/1966 4130/5268/1966 4128/5033/1966
f 4127/5267/1967 4126/5054/1967 4129/5068/1967 4130/5268/1967
f 4128/5033/1966 4130/5268/1966 4133/5269/1966 4131/5032/1966
f 4130/5268/1967 4129/5068/1967 4132/5066/1967 4133/5269/1967
f 4131/5032/1966 4133/5269/1966 4136/5270/1966 4134/5031/1966
f 4133/5269/1967 4132/5066/1967 4135/5064/1967 4136/5270/1967
f 4134/5031/1966 4136/5270/1966 4139/5271/1966 4137/5030/1966
f 4136/5270/1967 4135/5064/1967 4138/5062/1967 4139/5271/1967
f 4137/5030/1966 4139/5271/1966 4142/5272/1966 4140/5029/1966
f 4139/5271/1967 4138/5062/1967 4141/5060/1967 4142/5272/1967
f 4140/5029/1966 4142/5272/1966 4145/5273/1966 4143/5028/1966
f 4142/5272/1967 4141/5060/1967 4144/5058/1967 4145/5273/1967
f 4143/5028/1966 4145/5273/1966 4148/5214/1966 4147/4940/1966
f 4145/5273/1967 4144/5058/1967 4146/4935/1967 4148/5214/1967
f 4160/5005/1968 4164/5182/1968 4167/5274/1968 4165/5002/1968
f 4164/5182/1969 4158/5023/1969 4166/5000/1969 4167/5274/1969
f 4165/5002/1970 4167/5274/1970 4170/5275/1970 4168/5018/1970
f 4167/5274/1971 4166/5000/1971 4169/4998/1971 4170/5275/1971
f 4168/5018/1970 4170/5275/1970 4173/5276/1970 4171/5016/1970
f 4170/5275/1971 4169/4998/1971 4172/4996/1971 4173/5276/1971
f 4171/5016/1970 4173/5276/1970 4176/5277/1970 4174/5014/1970
f 4173/5276/1971 4172/4996/1971 4175/4994/1971 4176/5277/1971
f 4174/5014/1970 4176/5277/1970 4179/5278/1970 4177/5012/1970
f 4176/5277/1971 4175/4994/1971 4178/4992/1971 4179/5278/1971
f 4177/5012/1970 4179/5278/1970 4182/5279/1970 4180/5010/1970
f 4179/5278/1971 4178/4992/1971 4181/4990/1971 4182/5279/1971
f 4180/5010/1970 4182/5279/1970 4185/5280/1970 4183/5008/1970
f 4182/5279/1971 4181/4990/1971 4184/4988/1971 4185/5280/1971
f 4183/5008/1970 4185/5280/1970 4188/5227/1970 4187/4946/1970
f 4185/5280/1971 4184/4988/1971 4186/4942/1971 4188/5227/1971
f 4194/5105/1946 4198/5187/1946 4201/5281/1946 4199/5103/1946
f 4198/5187/1947 4192/5004/1947 4200/5003/1947 4201/5281/1947
f 4199/5103/1946 4201/5281/1946 4204/5282/1946 4202/5101/1946
f 4201/5281/1947 4200/5003/1947 4203/5017/1947 4204/5282/1947
f 4202/5101/1946 4204/5282/1946 4207/5283/1946 4205/5099/1946
f 4204/5282/1947 4203/5017/1947 4206/5015/1947 4207/5283/1947
f 4205/5099/1946 4207/5283/1946 4210/5284/1946 4208/5097/1946
f 4207/5283/1947 4206/5015/1947 4209/5013/1947 4210/5284/1947
f 4208/5097/1946 4210/5284/1946 4213/5285/1946 4211/5095/1946
f 4210/5284/1947 4209/5013/1947 4212/5011/1947 4213/5285/1947
f 4211/5095/1946 4213/5285/1946 4216/5286/1946 4214/5093/1946
f 4213/5285/1947 4212/5011/1947 4215/5009/1947 4216/5286/1947
f 4214/5093/1946 4216/5286/1946 4219/5287/1946 4217/5091/1946
f 4216/5286/1947 4215/5009/1947 4218/5007/1947 4219/5287/1947
f 4217/5091/1946 4219/5287/1946 4222/5232/1946 4221/4958/1946
f 4219/5287/1947 4218/5007/1947 4220/4945/1947 4222/5232/1947
f 4193/5020/1972 4197/5191/1972 4036/5164/1972 4033/5106/1972
f 4197/5191/1973 4194/5105/1973 4032/5104/1973 4036/5164/1973
f 4190/4927/1974 4191/5288/1974 4040/5289/1974 4038/4928/1974
f 4191/5288/1975 4189/5021/1975 4039/5107/1975 4040/5289/1975
f 4159/5019/1976 4163/5186/1976 4195/5189/1976 4193/5020/1976
f 4163/5186/1977 4160/5005/1977 4192/5004/1977 4195/5189/1977
f 4156/4987/1978 4157/5290/1978 4191/5288/1978 4190/4927/1978
f 4157/5290/1979 4155/5022/1979 4189/5021/1979 4191/5288/1979
f 4153/5026/1980 4154/5291/1980 4161/5184/1980 4159/5019/1980
f 4154/5291/1981 4152/5024/1981 4158/5023/1981 4161/5184/1981
f 4150/5006/1982 4151/5292/1982 4157/5290/1982 4156/4987/1982
f 4151/5292/1983 4149/5027/1983 4155/5022/1983 4157/5290/1983
f 4119/5037/1984 4123/5181/1984 4154/5291/1984 4153/5026/1984
f 4123/5181/1985 4120/5035/1985 4152/5024/1985 4154/5291/1985
f 4116/5025/1986 4117/5293/1986 4151/5292/1986 4150/5006/1986
f 4117/5293/1987 4115/5038/1987 4149/5027/1987 4151/5292/1987
f 4085/5070/1988 4089/5176/1988 4121/5179/1988 4119/5037/1988
f 4089/5176/1989 4086/5056/1989 4118/5055/1989 4121/5179/1989
f 4082/5036/1990 4083/5294/1990 4117/5293/1990 4116/5025/1990
f 4083/5294/1991 4081/5071/1991 4115/5038/1991 4117/5293/1991
f 4079/4985/1992 4080/5295/1992 4087/5174/1992 4085/5070/1992
f 4080/5295/1993 4078/5073/1993 4084/5072/1993 4087/5174/1993
f 4076/5057/1994 4077/5296/1994 4083/5294/1994 4082/5036/1994
f 4077/5296/1995 4075/4986/1995 4081/5071/1995 4083/5294/1995
f 4045/4982/1996 4049/5171/1996 4080/5295/1996 4079/4985/1996
f 4049/5171/1997 4046/5081/1997 4078/5073/1997 4080/5295/1997
f 4042/4948/1998 4043/5297/1998 4077/5296/1998 4076/5057/1998
f 4043/5297/1999 4041/4983/1999 4075/4986/1999 4077/5296/1999
f 4033/4981/2000 4037/5159/2000 4047/5169/2000 4045/4982/2000
f 4037/5159/2001 4031/4980/2001 4044/4979/2001 4047/5169/2001
f 4038/4947/2002 4040/5298/2002 4043/5297/2002 4042/4948/2002
f 4040/5298/2003 4039/4984/2003 4041/4983/2003 4043/5297/2003
f 3935/5108/1850 3946/5121/1850 4072/4950/1850 4008/4949/1850
usemtl Material.002
f 4245/5299/1858 4251/5300/1858 4230/5301/1858 4224/5302/1858
f 4258/5303/2004 4260/5304/2004 4252/5305/2004 4244/5306/2004
f 4260/5304/2004 4258/5303/2004 4270/5307/2004 4272/5308/2004
f 4261/5309/1857 4240/5310/1857 4231/5311/1857 4250/5312/1857
f 4225/5313/1849 4232/5314/1849 4241/5315/1849 4237/5316/1849
f 4237/5316/1849 4241/5315/1849 4267/5317/1849 4263/5318/1849
f 4272/5308/2004 4270/5307/2004 4282/5319/2004 4284/5320/2004
f 4257/5321/2005 4238/5322/2005 4264/5323/2005 4269/5324/2005
f 4263/5318/1849 4267/5317/1849 4279/5325/1849 4275/5326/1849
f 4240/5310/2006 4261/5309/2006 4273/5309/2006 4266/5310/2006
f 4288/5327/1842 4296/5328/1842 4310/5329/1842 4302/5330/1842
f 4269/5324/2007 4264/5323/2007 4276/5331/2007 4281/5332/2007
f 4275/5326/2008 4279/5325/2008 4294/5333/2008 4287/5334/2008
f 4266/5310/2009 4273/5309/2009 4285/5309/2009 4278/5310/2009
f 4329/5335/1853 4357/5336/1853 4343/5337/1853 4315/5338/1853
f 4278/5310/1857 4285/5309/1857 4308/5309/1857 4295/5310/1857
f 4284/5320/2010 4282/5319/2010 4303/5339/2010 4309/5340/2010
f 4281/5332/2011 4276/5331/2011 4289/5341/2011 4301/5342/2011
f 4345/5343/2012 4351/5344/2012 4322/5345/2012 4316/5346/2012
f 4359/5347/2013 4365/5348/2013 4352/5349/2013 4344/5350/2013
f 4364/5351/1857 4336/5352/1857 4323/5353/1857 4350/5354/1857
f 4317/5355/2014 4324/5356/2014 4338/5357/2014 4330/5358/2014
f 4331/5359/2015 4337/5360/2015 4366/5361/2015 4358/5362/2015
f 4223/5363/2016 4226/5364/2016 4227/5365/2016 4229/5366/2016
f 4224/5302/2017 4228/5367/2017 4227/5368/2017 4226/5369/2017
f 4225/5313/2018 4229/5370/2018 4227/5371/2018 4228/5372/2018
f 4230/5301/2019 4233/5373/2019 4234/5374/2019 4236/5375/2019
f 4231/5311/2020 4235/5376/2020 4234/5377/2020 4233/5378/2020
f 4232/5314/2021 4236/5379/2021 4234/5380/2021 4235/5381/2021
f 4243/5382/2022 4246/5383/2022 4247/5384/2022 4249/5385/2022
f 4244/5306/2023 4248/5386/2023 4247/5384/2023 4246/5383/2023
f 4245/5299/2024 4249/5387/2024 4247/5384/2024 4248/5386/2024
f 4250/5312/2025 4253/5388/2025 4254/5389/2025 4256/5390/2025
f 4251/5300/2026 4255/5391/2026 4254/5389/2026 4253/5392/2026
f 4252/5305/2027 4256/5390/2027 4254/5389/2027 4255/5391/2027
f 4287/5334/2028 4290/5393/2028 4291/5394/2028 4293/5395/2028
f 4288/5327/2029 4292/5396/2029 4291/5397/2029 4290/5393/2029
f 4289/5341/2030 4293/5398/2030 4291/5398/2030 4292/5399/2030
f 4294/5333/2031 4297/5400/2031 4298/5400/2031 4300/5401/2031
f 4295/5310/2032 4299/5402/2032 4298/5403/2032 4297/5404/2032
f 4296/5328/2033 4300/5401/2033 4298/5405/2033 4299/5406/2033
f 4301/5342/2034 4304/5407/2034 4305/5408/2034 4307/5409/2034
f 4302/5330/2035 4306/5410/2035 4305/5408/2035 4304/5411/2035
f 4303/5339/2036 4307/5409/2036 4305/5408/2036 4306/5410/2036
f 4308/5309/2037 4311/5412/2037 4312/5413/2037 4314/5414/2037
f 4309/5340/2038 4313/5415/2038 4312/5413/2038 4311/5412/2038
f 4310/5329/2039 4314/5416/2039 4312/5413/2039 4313/5415/2039
f 4315/5338/2040 4318/5417/2040 4319/5418/2040 4321/5419/2040
f 4316/5346/2041 4320/5420/2041 4319/5421/2041 4318/5422/2041
f 4317/5355/2042 4321/5423/2042 4319/5424/2042 4320/5425/2042
f 4322/5345/2043 4325/5426/2043 4326/5427/2043 4328/5428/2043
f 4323/5353/2044 4327/5429/2044 4326/5430/2044 4325/5431/2044
f 4324/5356/2045 4328/5432/2045 4326/5433/2045 4327/5434/2045
f 4329/5335/2046 4332/5435/2046 4333/5436/2046 4335/5437/2046
f 4330/5358/2047 4334/5438/2047 4333/5439/2047 4332/5440/2047
f 4331/5359/2048 4335/5441/2048 4333/5442/2048 4334/5438/2048
f 4336/5352/2049 4339/5443/2049 4340/5444/2049 4342/5445/2049
f 4337/5360/2050 4341/5446/2050 4340/5447/2050 4339/5448/2050
f 4338/5357/2051 4342/5449/2051 4340/5450/2051 4341/5446/2051
f 4343/5337/2052 4346/5451/2052 4347/5452/2052 4349/5453/2052
f 4344/5350/2053 4348/5454/2053 4347/5452/2053 4346/5451/2053
f 4345/5343/2054 4349/5455/2054 4347/5452/2054 4348/5454/2054
f 4350/5354/2055 4353/5456/2055 4354/5457/2055 4356/5458/2055
f 4351/5344/2056 4355/5459/2056 4354/5457/2056 4353/5460/2056
f 4352/5349/2057 4356/5458/2057 4354/5457/2057 4355/5459/2057
f 4357/5336/2058 4360/5461/2058 4361/5462/2058 4363/5463/2058
f 4358/5362/2059 4362/5464/2059 4361/5462/2059 4360/5465/2059
f 4359/5347/2060 4363/5463/2060 4361/5462/2060 4362/5464/2060
f 4364/5351/2061 4367/5466/2061 4368/5467/2061 4370/5468/2061
f 4365/5348/2062 4369/5469/2062 4368/5467/2062 4367/5466/2062
f 4366/5361/2063 4370/5470/2063 4368/5467/2063 4369/5469/2063
f 4238/5322/2064 4223/5363/2064 4229/5366/2064 4239/5398/2064
f 4239/5395/2065 4229/5370/2065 4225/5313/2065 4237/5316/2065
f 4224/5302/1850 4230/5301/1850 4236/5375/1850 4228/5367/1850
f 4228/5372/2066 4236/5379/2066 4232/5314/2066 4225/5313/2066
f 4231/5311/2067 4240/5310/2067 4242/5404/2067 4235/5376/2067
f 4235/5381/2068 4242/5400/2068 4241/5315/2068 4232/5314/2068
f 4243/5382/2069 4257/5321/2069 4259/5409/2069 4246/5383/2069
f 4246/5383/2070 4259/5409/2070 4258/5303/2070 4244/5306/2070
f 4261/5309/2071 4250/5312/2071 4256/5390/2071 4262/5412/2071
f 4262/5412/2072 4256/5390/2072 4252/5305/2072 4260/5304/2072
f 4251/5300/1852 4245/5299/1852 4248/5386/1852 4255/5391/1852
f 4255/5391/1848 4248/5386/1848 4244/5306/1848 4252/5305/1848
f 4223/5363/2073 4243/5382/2073 4249/5385/2073 4226/5364/2073
f 4226/5369/2074 4249/5387/2074 4245/5299/2074 4224/5302/2074
f 4250/5312/2075 4231/5311/2075 4233/5378/2075 4253/5388/2075
f 4253/5392/2076 4233/5373/2076 4230/5301/2076 4251/5300/2076
f 4260/5304/2077 4272/5308/2078 4274/5412/2079 4262/5412/2077
f 4262/5412/2080 4274/5412/2080 4273/5309/2080 4261/5309/2080
f 4267/5317/2081 4241/5315/2082 4242/5400/2082 4268/5400/2083
f 4268/5404/2084 4242/5404/2084 4240/5310/2084 4266/5310/2084
f 4264/5323/2085 4238/5322/2085 4239/5398/2085 4265/5398/2085
f 4265/5395/2086 4239/5395/2087 4237/5316/2087 4263/5318/2088
f 4257/5321/2089 4269/5324/2089 4271/5409/2089 4259/5409/2089
f 4259/5409/2090 4271/5409/2091 4270/5307/2092 4258/5303/2090
f 4272/5308/2078 4284/5320/2093 4286/5412/2093 4274/5412/2079
f 4274/5412/2094 4286/5412/2094 4285/5309/2094 4273/5309/2094
f 4279/5325/2095 4267/5317/2081 4268/5400/2083 4280/5400/2095
f 4280/5404/2096 4268/5404/2096 4266/5310/2096 4278/5310/2096
f 4276/5331/2097 4264/5323/2097 4265/5398/2097 4277/5398/2097
f 4277/5395/2098 4265/5395/2086 4263/5318/2088 4275/5326/2098
f 4269/5324/2099 4281/5332/2099 4283/5409/2099 4271/5409/2099
f 4271/5409/2091 4283/5409/2100 4282/5319/2100 4270/5307/2092
f 4296/5328/2101 4288/5327/2101 4290/5393/2101 4300/5401/2101
f 4300/5401/2102 4290/5393/2102 4287/5334/2102 4294/5333/2102
f 4301/5342/2103 4289/5341/2103 4292/5399/2103 4304/5407/2103
f 4304/5411/2104 4292/5396/2104 4288/5327/2104 4302/5330/2104
f 4295/5310/2105 4308/5309/2105 4314/5414/2105 4299/5402/2105
f 4299/5406/2106 4314/5416/2106 4310/5329/2106 4296/5328/2106
f 4309/5340/2107 4303/5339/2107 4306/5410/2107 4313/5415/2107
f 4313/5415/2108 4306/5410/2108 4302/5330/2108 4310/5329/2108
f 4281/5332/2109 4301/5342/2109 4307/5409/2109 4283/5409/2109
f 4283/5409/2110 4307/5409/2110 4303/5339/2110 4282/5319/2110
f 4308/5309/2111 4285/5309/2111 4286/5412/2111 4311/5412/2111
f 4311/5412/2112 4286/5412/2112 4284/5320/2112 4309/5340/2112
f 4275/5326/2113 4287/5334/2113 4293/5395/2113 4277/5395/2113
f 4277/5398/2114 4293/5398/2114 4289/5341/2114 4276/5331/2114
f 4294/5333/2115 4279/5325/2115 4280/5400/2115 4297/5400/2115
f 4297/5404/2116 4280/5404/2116 4278/5310/2116 4295/5310/2116
f 4329/5335/2117 4315/5338/2117 4321/5419/2117 4332/5435/2117
f 4332/5440/2118 4321/5423/2118 4317/5355/2118 4330/5358/2118
f 4316/5346/2119 4322/5345/2119 4328/5428/2119 4320/5420/2119
f 4320/5425/2120 4328/5432/2120 4324/5356/2120 4317/5355/2120
f 4323/5353/2121 4336/5352/2121 4342/5445/2121 4327/5429/2121
f 4327/5434/2122 4342/5449/2122 4338/5357/2122 4324/5356/2122
f 4337/5360/2123 4331/5359/2123 4334/5438/2123 4341/5446/2123
f 4341/5446/2124 4334/5438/2124 4330/5358/2124 4338/5357/2124
f 4357/5336/2125 4329/5335/2125 4335/5437/2125 4360/5461/2125
f 4360/5465/2126 4335/5441/2126 4331/5359/2126 4358/5362/2126
f 4336/5352/2127 4364/5351/2127 4370/5468/2127 4339/5443/2127
f 4339/5448/2128 4370/5470/2128 4366/5361/2128 4337/5360/2128
f 4365/5348/2129 4359/5347/2129 4362/5464/2129 4369/5469/2129
f 4369/5469/2130 4362/5464/2130 4358/5362/2130 4366/5361/2130
f 4343/5337/2131 4357/5336/2131 4363/5463/2131 4346/5451/2131
f 4346/5451/2132 4363/5463/2132 4359/5347/2132 4344/5350/2132
f 4364/5351/2133 4350/5354/2133 4356/5458/2133 4367/5466/2133
f 4367/5466/2134 4356/5458/2134 4352/5349/2134 4365/5348/2134
f 4351/5344/2135 4345/5343/2135 4348/5454/2135 4355/5459/2135
f 4355/5459/2136 4348/5454/2136 4344/5350/2136 4352/5349/2136
f 4315/5338/2137 4343/5337/2137 4349/5453/2137 4318/5417/2137
f 4318/5422/2138 4349/5455/2138 4345/5343/2138 4316/5346/2138
f 4350/5354/2139 4323/5353/2139 4325/5431/2139 4353/5456/2139
f 4353/5460/2140 4325/5426/2140 4322/5345/2140 4351/5344/2140
f 4238/5322/1853 4257/5321/1853 4243/5382/1853 4223/5363/1853
f 4435/5471/1853 4438/5472/1853 4437/5473/1853
f 4436/5474/1857 4440/5475/1857 4439/5476/1857
f 4440/5475/1857 4604/5477/1857 4500/5478/1857
f 4435/5471/1853 4437/5473/1853 4441/5479/1853
f 4436/5474/1857 4442/5480/1857 4440/5475/1857
f 4442/5480/1857 4613/5481/1857 4514/5482/1857
f 4435/5471/1853 4441/5479/1853 4443/5483/1853
f 4436/5474/1857 4444/5484/1857 4442/5480/1857
f 4444/5484/1857 4622/5485/1857 4528/5486/1857
f 4435/5471/1853 4443/5483/1853 4445/5487/1853
f 4436/5474/1857 4446/5488/1857 4444/5484/1857
f 4446/5488/1857 4631/5489/1857 4542/5490/1857
f 4435/5471/1853 4445/5487/1853 4447/5491/1853
f 4436/5474/1857 4448/5492/1857 4446/5488/1857
f 4448/5492/1857 4640/5493/1857 4556/5494/1857
f 4435/5471/1853 4447/5491/1853 4449/5495/1853
f 4436/5474/1857 4450/5496/1857 4448/5492/1857
f 4450/5496/1857 4649/5497/1857 4570/5498/1857
f 4435/5471/1853 4449/5495/1853 4451/5499/1853
f 4436/5474/1857 4452/5500/1857 4450/5496/1857
f 4452/5500/1857 4658/5501/1857 4584/5502/1857
f 4435/5471/1853 4451/5499/1853 4438/5472/1853
f 4436/5474/1857 4439/5476/1857 4452/5500/1857
f 4437/5473/1853 4589/5503/1853 4493/5504/1853
f 4439/5476/1857 4592/5505/1857 4486/5506/1857
f 4452/5500/1857 4584/5502/1857 4649/5497/1857
f 4437/5473/1853 4438/5472/1853 4589/5503/1853
f 4653/5507/1845 4582/5508/1845 4659/5509/1845 4453/5510/1845
f 4661/5511/2141 4780/5512/2141 4475/5513/2141 4773/5514/2141
f 4595/5515/2141 4484/5516/2141 4593/5517/2141 4460/5513/2141
f 4656/5518/1845 4453/5510/1845 4596/5519/1845 4477/5520/1845
f 4452/5500/1857 4439/5476/1857 4658/5501/1857
f 4647/5521/2142 4454/5522/2142 4652/5523/2142 4575/5524/2142
f 4576/5525/1845 4653/5507/1845 4453/5510/1845 4656/5518/1845
f 4450/5496/1857 4570/5498/1857 4640/5493/1857
f 4451/5499/1853 4646/5526/1853 4577/5527/1853
f 4644/5528/2142 4568/5529/2142 4650/5530/2142 4454/5522/2142
f 4438/5472/1853 4451/5499/1853 4655/5531/1853
f 4454/5522/2142 4650/5530/2142 4583/5532/2142 4652/5523/2142
f 4451/5499/1853 4577/5527/1853 4655/5531/1853
f 4450/5496/1857 4452/5500/1857 4649/5497/1857
f 4638/5533/2066 4455/5534/2066 4643/5535/2066 4561/5536/2066
f 4562/5537/2142 4644/5528/2142 4454/5522/2142 4647/5521/2142
f 4448/5492/1857 4556/5494/1857 4631/5489/1857
f 4449/5495/1853 4637/5538/1853 4563/5539/1853
f 4635/5540/2066 4554/5541/2066 4641/5542/2066 4455/5534/2066
f 4451/5499/1853 4449/5495/1853 4646/5526/1853
f 4455/5534/2066 4641/5542/2066 4569/5543/2066 4643/5535/2066
f 4449/5495/1853 4563/5539/1853 4646/5526/1853
f 4448/5492/1857 4450/5496/1857 4640/5493/1857
f 4629/5544/1850 4456/5545/1850 4634/5546/1850 4547/5547/1850
f 4548/5548/2066 4635/5540/2066 4455/5534/2066 4638/5533/2066
f 4446/5488/1857 4542/5490/1857 4622/5485/1857
f 4447/5491/1853 4628/5549/1853 4549/5550/1853
f 4626/5551/1850 4540/5552/1850 4632/5553/1850 4456/5545/1850
f 4449/5495/1853 4447/5491/1853 4637/5538/1853
f 4456/5545/1850 4632/5553/1850 4555/5554/1850 4634/5546/1850
f 4447/5491/1853 4549/5550/1853 4637/5538/1853
f 4446/5488/1857 4448/5492/1857 4631/5489/1857
f 4620/5555/1852 4457/5556/1852 4625/5557/1852 4533/5558/1852
f 4534/5559/1850 4626/5551/1850 4456/5545/1850 4629/5544/1850
f 4444/5484/1857 4528/5486/1857 4613/5481/1857
f 4445/5487/1853 4619/5560/1853 4535/5561/1853
f 4617/5562/1852 4526/5563/1852 4623/5564/1852 4457/5556/1852
f 4447/5491/1853 4445/5487/1853 4628/5549/1853
f 4457/5556/1852 4623/5564/1852 4541/5565/1852 4625/5557/1852
f 4445/5487/1853 4535/5561/1853 4628/5549/1853
f 4444/5484/1857 4446/5488/1857 4622/5485/1857
f 4611/5566/1848 4458/5567/1848 4616/5568/1848 4519/5569/1848
f 4520/5570/1852 4617/5562/1852 4457/5556/1852 4620/5555/1852
f 4442/5480/1857 4514/5482/1857 4604/5477/1857
f 4443/5483/1853 4610/5571/1853 4521/5572/1853
f 4608/5573/1848 4512/5574/1848 4614/5575/1848 4458/5567/1848
f 4445/5487/1853 4443/5483/1853 4619/5560/1853
f 4458/5567/1848 4614/5575/1848 4527/5576/1848 4616/5568/1848
f 4443/5483/1853 4521/5572/1853 4619/5560/1853
f 4442/5480/1857 4444/5484/1857 4613/5481/1857
f 4602/5577/2143 4459/5578/2143 4607/5579/2143 4505/5580/2143
f 4506/5581/1848 4608/5573/1848 4458/5567/1848 4611/5566/1848
f 4440/5475/1857 4500/5478/1857 4592/5505/1857
f 4441/5479/1853 4601/5582/1853 4507/5583/1853
f 4599/5584/2143 4498/5585/2143 4605/5586/2143 4459/5578/2143
f 4443/5483/1853 4441/5479/1853 4610/5571/1853
f 4459/5578/2143 4605/5586/2143 4513/5587/2143 4607/5579/2143
f 4441/5479/1853 4507/5583/1853 4610/5571/1853
f 4440/5475/1857 4442/5480/1857 4604/5477/1857
f 4590/5514/2141 4460/5513/2141 4598/5588/2141 4491/5589/2141
f 4492/5590/2143 4599/5584/2143 4459/5578/2143 4602/5577/2143
f 4438/5472/1853 4655/5531/1853 4479/5591/1853
f 4453/5510/1845 4659/5509/1845 4485/5592/1845 4596/5519/1845
f 4439/5476/1857 4486/5506/1857 4658/5501/1857
f 4441/5479/1853 4437/5473/1853 4601/5582/1853
f 4460/5513/2141 4593/5517/2141 4499/5593/2141 4598/5588/2141
f 4437/5473/1853 4493/5504/1853 4601/5582/1853
f 4439/5476/1857 4440/5475/1857 4592/5505/1857
f 4478/5594/2141 4595/5515/2141 4460/5513/2141 4590/5514/2141
f 5083/5595/1857 4795/5596/1857 4682/5597/1857 5076/5597/1857
f 4803/5598/1853 4705/5599/1853 5038/5599/1853 5060/5600/1853
f 5019/5601/2144 4819/5602/2145 4710/5603/2146 5012/5603/2144
f 4980/5604/1857 4831/5605/1857 4724/5606/1857 4983/5606/1857
f 4745/5607/2147 4852/5608/1853 4935/5609/1853 4942/5607/2147
f 4958/5610/1857 4919/5611/2148 4754/5611/2148 4842/5612/2149
s 0
f 5120/5613/1853 4774/5614/1853 5117/5615/1853 5122/5614/1853
s 1
f 4886/5616/1853 4670/5616/1853 4866/5617/1853 4883/5618/1853
f 4863/5619/1857 4662/5620/1857 4897/5620/1857 4893/5621/1857
f 4877/5622/2150 4866/5617/2150 4768/5623/1853 4870/5623/2150
f 4929/5624/1857 4870/5623/1857 4768/5623/1857 4855/5625/1857
f 4858/5626/1845 4766/5627/1845 4867/5509/1845 4462/5510/1845
f 4773/5514/2141 4475/5513/2141 4785/5628/2141 4675/5629/2141
f 4662/5620/1857 4774/5614/1857 5120/5613/1857 4897/5620/1857
s 0
f 4883/5618/1857 4866/5617/1857 4877/5622/1857 4879/5617/1857
s 1
f 4851/5521/2142 4464/5522/2142 4857/5630/2142 4759/5631/2142
f 4760/5632/1845 4858/5626/1845 4462/5510/1845 4864/5518/1845
f 4964/5633/1853 4839/5634/2147 4745/5607/2147 4942/5607/2147
f 4916/5635/1857 4855/5625/1857 4754/5611/2148 4919/5611/2148
f 4465/5534/2066 4843/5542/2066 4753/5636/2066 4845/5637/2066
f 4869/5638/1852 4861/5639/1852 4461/5510/1852 4880/5640/1852 4876/5641/1852
f 4464/5522/2142 4854/5530/2142 4767/5642/2142 4857/5630/2142
f 4761/5643/1857 4863/5619/1857 4906/5644/1857 4909/5643/1857
s 0
f 4929/5624/2149 4855/5625/1857 4916/5635/1857 4926/5625/1857
s 1
f 4840/5533/2066 4465/5534/2066 4845/5637/2066 4746/5645/2066
f 4747/5646/2142 4846/5647/2142 4464/5522/2142 4851/5521/2142
f 4974/5648/2151 4733/5648/2152 4839/5634/2152 4970/5649/2152
f 4949/5650/2153 4740/5650/1849 4831/5605/1849 4993/5651/2154
f 4837/5652/2066 4738/5653/2066 4843/5542/2066 4465/5534/2066
f 4941/5654/2143 4848/5655/2143 4466/5534/2143 4967/5656/2143 4963/5657/2143
f 4852/5608/1857 4761/5643/1857 4909/5643/1857 4932/5658/2148
f 4846/5647/2142 4752/5659/2142 4854/5530/2142 4464/5522/2142
s 0
f 4958/5610/2148 4842/5612/1857 4955/5660/1857 4960/5612/1857
s 1
f 4955/5660/1857 4842/5612/1857 4740/5650/1857 4949/5650/1857
f 4732/5661/2066 4837/5652/2066 4465/5534/2066 4840/5533/2066
f 4719/5662/1857 4827/5663/1857 5002/5664/1857 5006/5662/1857
f 4827/5663/1857 4733/5648/1857 4974/5648/1857 4996/5665/1857
f 4822/5666/1850 4725/5667/1850 4830/5553/1850 4467/5545/1850
f 4948/5668/2143 4834/5669/2143 4466/5534/2143 4961/5670/2143 4954/5671/2143
f 4467/5545/1850 4830/5553/1850 4739/5672/1850 4836/5673/1850
f 4828/5544/1850 4467/5545/1850 4836/5673/1850 4731/5674/1850
s 0
f 4993/5651/1857 4831/5605/1857 4980/5604/1857 4990/5605/1857
s 1
f 4816/5555/1852 4469/5556/1852 4821/5675/1852 4717/5676/1852
f 4983/5606/2155 4724/5606/2156 4819/5602/2156 5022/5677/2157
f 5038/5599/2158 4705/5599/2004 4815/5678/2144 5034/5679/2004
f 5028/5680/1857 4815/5678/1857 4719/5662/1857 5006/5662/1857
f 4810/5681/1852 4711/5682/1852 4818/5564/1852 4469/5556/1852
f 5005/5683/1845 4825/5684/1845 4470/5556/1845 5031/5685/1845 5027/5686/1845
f 4469/5556/1852 4818/5564/1852 4726/5687/1852 4821/5675/1852
f 4718/5688/1850 4822/5666/1850 4467/5545/1850 4828/5544/1850
s 0
f 5022/5677/1857 4819/5602/1857 5019/5601/1857 5024/5602/1857
s 1
f 4710/5603/1857 4806/5689/1857 5057/5690/1857 5012/5603/1857
f 4704/5691/1852 4810/5681/1852 4469/5556/1852 4816/5555/1852
f 5044/5692/2159 4806/5689/1857 4698/5693/1857 5047/5693/1857
f 5047/5693/2160 4698/5693/2161 4795/5596/2162 5086/5694/2161
f 4798/5695/1848 4696/5696/1848 4807/5575/1848 4471/5567/1848
f 4812/5697/1845 4470/5556/1845 5025/5698/1845 5018/5699/1845 5011/5700/1845
f 4471/5567/1848 4807/5575/1848 4712/5701/1848 4809/5702/1848
f 4804/5566/1848 4471/5567/1848 4809/5702/1848 4703/5703/1848
f 4806/5689/1857 5044/5692/2159 5054/5689/1857 5057/5690/1857
f 4792/5577/2143 4473/5578/2143 4797/5704/2143 4689/5705/2143
f 4690/5706/1848 4798/5695/1848 4471/5567/1848 4804/5566/1848
f 5102/5707/1853 4677/5707/2163 4791/5708/2163 5098/5709/2163
f 5092/5710/1853 4791/5708/2156 4691/5711/2156 5069/5711/2156
f 4786/5712/2143 4683/5713/2143 4794/5586/2143 4473/5578/2143
f 5068/5714/2066 4801/5715/2066 4474/5578/2066 5095/5716/2066 5091/5717/2066
f 4473/5578/2143 4794/5586/2143 4697/5718/2143 4797/5704/2143
f 4691/5711/2156 4803/5598/1853 5063/5719/2156 5069/5711/2156
s 0
f 5086/5694/1857 4795/5596/1857 5083/5595/2149 5088/5596/1857
s 1
f 4774/5614/1857 4677/5707/1857 5102/5707/1857 5117/5615/1857
f 4676/5720/2143 4786/5712/2143 4473/5578/2143 4792/5577/2143
f 4864/5518/1845 4462/5510/1845 4779/5721/1845 4663/5722/1845
f 4462/5510/1845 4867/5509/1845 4669/5723/1845 4779/5721/1845
f 4780/5512/2141 4668/5724/2141 4777/5517/2141 4475/5513/2141
f 4885/5725/1850 4783/5726/1850 4476/5513/1850 5111/5727/1850 5107/5728/1850
f 4475/5513/2141 4777/5517/2141 4684/5729/2141 4785/5628/2141
f 5076/5597/2164 4682/5597/2165 4776/5730/2165 5113/5731/2166
s 0
f 5113/5731/1857 4776/5730/1857 5108/5732/1857 5110/5730/1857
s 1
f 5108/5732/1853 4776/5730/2167 4670/5616/1853 4886/5616/1853
f 5094/5708/1853 5098/5709/1853 4791/5708/2156 5092/5710/1853
f 4472/5567/2142 4800/5733/2142 5070/5734/2142 5062/5735/2142 5066/5736/2142
s 0
f 4815/5678/2004 5028/5680/2004 5030/5678/2004 5034/5679/2168
f 5002/5664/1853 4827/5663/1853 4996/5665/1853 4998/5663/1853
s 1
f 4967/5656/2143 4466/5534/2143 4834/5669/2143 4972/5737/2143 4969/5738/2143
f 4918/5739/1848 4849/5740/1848 4463/5522/1848 4925/5741/1848 4915/5742/1848
f 4903/5743/1852 4461/5510/1852 4861/5639/1852 4910/5744/1852 4905/5745/1852
f 5123/5746/1850 4476/5513/1850 4783/5726/1850 4895/5747/1850 5119/5748/1850
f 4788/5749/2066 4474/5578/2066 5089/5750/2066 5082/5751/2066 5075/5752/2066
f 4863/5619/2169 4893/5621/2169 4902/5619/2169 4906/5644/2169
f 4908/5753/1848 4860/5754/1848 4463/5522/1848 4937/5755/1848 4931/5756/1848
f 4925/5741/1848 4463/5522/1848 4860/5754/1848 4871/5757/1848 4928/5758/1848
f 4852/5608/1853 4932/5658/1853 4938/5608/1853 4935/5609/1853
f 4937/5755/1848 4463/5522/1848 4849/5740/1848 4940/5759/1848 4934/5760/1848
f 4961/5670/2143 4466/5534/2143 4848/5655/2143 4920/5761/2143 4957/5762/2143
s 0
f 4966/5634/1853 4970/5649/2147 4839/5634/2147 4964/5633/2147
s 1
f 4973/5763/2141 4833/5764/2141 4468/5545/2141 4999/5765/2141 4995/5766/2141
f 4468/5545/2141 4833/5764/2141 4947/5767/2141 4992/5768/2141 4989/5769/2141
f 4824/5770/2141 4468/5545/2141 4989/5769/2141 4979/5771/2141 4982/5772/2141
f 4470/5556/1845 4825/5684/1845 4984/5773/1845 5021/5774/1845 5025/5698/1845
f 4468/5545/2141 4824/5770/2141 5004/5775/2141 5001/5776/2141 4999/5765/2141
f 4472/5567/2142 4813/5777/2142 5013/5778/2142 5056/5779/2142 5053/5780/2142
f 5037/5781/2142 4813/5777/2142 4472/5567/2142 5066/5736/2142 5059/5782/2142
f 4470/5556/1845 4812/5697/1845 5036/5783/1845 5033/5784/1845 5031/5685/1845
f 4800/5733/2142 4472/5567/2142 5053/5780/2142 5043/5785/2142 5046/5786/2142
s 0
f 5063/5719/2147 4803/5598/1853 5060/5600/1853 5065/5598/1853
s 1
f 4474/5578/2066 4801/5715/2066 5048/5787/2066 5085/5788/2066 5089/5750/2066
f 5111/5727/1850 4476/5513/1850 4789/5789/1850 5077/5790/1850 5114/5791/1850
f 5101/5792/1850 4789/5789/1850 4476/5513/1850 5123/5746/1850 5116/5793/1850
f 4474/5578/2066 4788/5749/2066 5100/5794/2066 5097/5795/2066 5095/5716/2066
f 4896/5796/1852 4782/5797/1852 4461/5510/1852 4903/5743/1852 4892/5798/1852
f 4880/5640/1852 4461/5510/1852 4782/5797/1852 4887/5799/1852 4882/5800/1852
f 4477/5520/2170 4480/5801/2170 4481/5802/2170 4483/5803/2170
f 4478/5594/2171 4482/5804/2171 4481/5805/2171 4480/5806/2171
f 4479/5591/2172 4483/5807/2172 4481/5808/2172 4482/5809/2172
f 4484/5516/2173 4487/5810/2173 4488/5811/2173 4490/5812/2173
f 4485/5592/2174 4489/5813/2174 4488/5814/2174 4487/5815/2174
f 4486/5506/2175 4490/5816/2175 4488/5817/2175 4489/5818/2175
f 4491/5589/2176 4494/5819/2176 4495/5820/2176 4497/5821/2176
f 4492/5590/2177 4496/5822/2177 4495/5823/2177 4494/5819/2177
f 4493/5504/2178 4497/5824/2178 4495/5825/2178 4496/5826/2178
f 4498/5585/2179 4501/5827/2179 4502/5828/2179 4504/5829/2179
f 4499/5593/2180 4503/5830/2180 4502/5831/2180 4501/5827/2180
f 4500/5478/2181 4504/5832/2181 4502/5833/2181 4503/5834/2181
f 4505/5580/2182 4508/5835/2182 4509/5836/2182 4511/5837/2182
f 4506/5581/2183 4510/5838/2183 4509/5839/2183 4508/5835/2183
f 4507/5583/2184 4511/5840/2184 4509/5841/2184 4510/5842/2184
f 4512/5574/2185 4515/5843/2185 4516/5844/2185 4518/5845/2185
f 4513/5587/2186 4517/5846/2186 4516/5847/2186 4515/5843/2186
f 4514/5482/2187 4518/5848/2187 4516/5849/2187 4517/5850/2187
f 4519/5569/2188 4522/5851/2188 4523/5852/2188 4525/5853/2188
f 4520/5570/2189 4524/5854/2189 4523/5855/2189 4522/5851/2189
f 4521/5572/2190 4525/5856/2190 4523/5857/2190 4524/5858/2190
f 4526/5563/2191 4529/5859/2191 4530/5860/2191 4532/5861/2191
f 4527/5576/2192 4531/5862/2192 4530/5863/2192 4529/5859/2192
f 4528/5486/2193 4532/5864/2193 4530/5865/2193 4531/5866/2193
f 4533/5558/2194 4536/5867/2194 4537/5868/2194 4539/5869/2194
f 4534/5559/2195 4538/5870/2195 4537/5871/2195 4536/5867/2195
f 4535/5561/2196 4539/5872/2196 4537/5873/2196 4538/5874/2196
f 4540/5552/2197 4543/5875/2197 4544/5876/2197 4546/5877/2197
f 4541/5565/2198 4545/5878/2198 4544/5879/2198 4543/5875/2198
f 4542/5490/2199 4546/5880/2199 4544/5881/2199 4545/5882/2199
f 4547/5547/2200 4550/5883/2200 4551/5884/2200 4553/5885/2200
f 4548/5548/2201 4552/5886/2201 4551/5887/2201 4550/5883/2201
f 4549/5550/2202 4553/5888/2202 4551/5889/2202 4552/5890/2202
f 4554/5541/2203 4557/5891/2203 4558/5892/2203 4560/5893/2203
f 4555/5554/2204 4559/5894/2204 4558/5895/2204 4557/5891/2204
f 4556/5494/2205 4560/5896/2205 4558/5897/2205 4559/5898/2205
f 4561/5536/2206 4564/5899/2206 4565/5900/2206 4567/5901/2206
f 4562/5537/2207 4566/5902/2207 4565/5903/2207 4564/5899/2207
f 4563/5539/2208 4567/5904/2208 4565/5905/2208 4566/5906/2208
f 4568/5529/2209 4571/5907/2209 4572/5908/2209 4574/5909/2209
f 4569/5543/2210 4573/5910/2210 4572/5911/2210 4571/5907/2210
f 4570/5498/2211 4574/5912/2211 4572/5913/2211 4573/5914/2211
f 4575/5524/2212 4578/5915/2212 4579/5916/2212 4581/5917/2212
f 4576/5525/2213 4580/5918/2213 4579/5919/2213 4578/5915/2213
f 4577/5527/2214 4581/5920/2214 4579/5921/2214 4580/5922/2214
f 4582/5508/2215 4585/5923/2215 4586/5924/2215 4588/5925/2215
f 4583/5532/2216 4587/5926/2216 4586/5927/2216 4585/5923/2216
f 4584/5502/2217 4588/5928/2217 4586/5929/2217 4587/5930/2217
f 4661/5511/2218 4664/5931/2218 4665/5932/2218 4667/5806/2218
f 4662/5620/2172 4666/5933/2172 4665/5934/2172 4664/5935/2172
f 4663/5722/2219 4667/5801/2219 4665/5802/2219 4666/5936/2219
f 4668/5724/2173 4671/5810/2173 4672/5811/2173 4674/5937/2173
f 4669/5723/2174 4673/5938/2174 4672/5939/2174 4671/5815/2174
f 4670/5616/2175 4674/5940/2175 4672/5941/2175 4673/5942/2175
f 4675/5629/2176 4678/5819/2176 4679/5820/2176 4681/5943/2176
f 4676/5720/2177 4680/5944/2177 4679/5945/2177 4678/5819/2177
f 4677/5707/2178 4681/5946/2178 4679/5947/2178 4680/5948/2178
f 4682/5597/2181 4685/5949/2181 4686/5950/2181 4688/5951/2181
f 4683/5713/2179 4687/5827/2179 4686/5828/2179 4685/5952/2179
f 4684/5729/2180 4688/5953/2180 4686/5954/2180 4687/5827/2180
f 4689/5705/2220 4692/5835/2220 4693/5836/2220 4695/5955/2220
f 4690/5706/2221 4694/5956/2221 4693/5957/2221 4692/5835/2221
f 4691/5711/2184 4695/5958/2184 4693/5959/2184 4694/5960/2184
f 4696/5696/2222 4699/5843/2222 4700/5844/2222 4702/5961/2222
f 4697/5718/2223 4701/5962/2223 4700/5963/2223 4699/5843/2223
f 4698/5693/2187 4702/5964/2187 4700/5965/2187 4701/5966/2187
f 4703/5703/2188 4706/5851/2188 4707/5852/2188 4709/5967/2188
f 4704/5691/2189 4708/5968/2189 4707/5969/2189 4706/5851/2189
f 4705/5599/2190 4709/5970/2190 4707/5971/2190 4708/5972/2190
f 4710/5603/2193 4713/5973/2193 4714/5974/2193 4716/5975/2193
f 4711/5682/2191 4715/5859/2191 4714/5860/2191 4713/5976/2191
f 4712/5701/2192 4716/5977/2192 4714/5978/2192 4715/5859/2192
f 4717/5676/2224 4720/5867/2224 4721/5868/2224 4723/5979/2224
f 4718/5688/2225 4722/5980/2225 4721/5981/2225 4720/5867/2225
f 4719/5662/2196 4723/5982/2196 4721/5983/2196 4722/5984/2196
f 4724/5606/2199 4727/5985/2199 4728/5986/2199 4730/5987/2199
f 4725/5667/2226 4729/5875/2226 4728/5876/2226 4727/5988/2226
f 4726/5687/2227 4730/5989/2227 4728/5990/2227 4729/5875/2227
f 4731/5674/2200 4734/5883/2200 4735/5884/2200 4737/5991/2200
f 4732/5661/2201 4736/5992/2201 4735/5993/2201 4734/5883/2201
f 4733/5648/2202 4737/5994/2202 4735/5995/2202 4736/5996/2202
f 4738/5653/2203 4741/5891/2203 4742/5892/2203 4744/5997/2203
f 4739/5672/2204 4743/5998/2204 4742/5999/2204 4741/5891/2204
f 4740/5650/2205 4744/6000/2205 4742/6001/2205 4743/6002/2205
f 4745/5607/2208 4748/6003/2208 4749/6004/2208 4751/6005/2208
f 4746/5645/2228 4750/5899/2228 4749/5900/2228 4748/6006/2228
f 4747/5646/2229 4751/6007/2229 4749/6008/2229 4750/5899/2229
f 4752/5659/2230 4755/5907/2230 4756/5908/2230 4758/6009/2230
f 4753/5636/2231 4757/6010/2231 4756/6011/2231 4755/5907/2231
f 4754/5611/2211 4758/6012/2211 4756/6013/2211 4757/6014/2211
f 4759/5631/2212 4762/5915/2212 4763/5916/2212 4765/6015/2212
f 4760/5632/2213 4764/6016/2213 4763/6017/2213 4762/5915/2213
f 4761/5643/2214 4765/6018/2214 4763/6019/2214 4764/6020/2214
f 4766/5627/2215 4769/5923/2215 4770/5924/2215 4772/6021/2215
f 4767/5642/2216 4771/6022/2216 4770/6023/2216 4769/5923/2216
f 4768/5623/2217 4772/6024/2217 4770/6025/2217 4771/6026/2217
f 4869/5638/2232 4872/6027/2232 4873/6028/2232 4875/6029/2232
f 4870/5623/2233 4874/6030/2233 4873/6031/2233 4872/6032/2233
f 4871/5757/2234 4875/6029/2234 4873/6033/2234 4874/6034/2234
f 4885/5725/2235 4888/6035/2235 4889/6036/2235 4891/6037/2235
f 4886/5616/2236 4890/6038/2236 4889/6039/2236 4888/6040/2236
f 4887/5799/2237 4891/6041/2237 4889/6042/2237 4890/6043/2237
f 4895/5747/2238 4898/6044/2238 4899/6045/2238 4901/6046/2238
f 4896/5796/2239 4900/6047/2239 4899/6048/2239 4898/6049/2239
f 4897/5620/2240 4901/6050/2240 4899/6051/2240 4900/6052/2240
f 4908/5753/2241 4911/6053/2241 4912/6054/2241 4914/6055/2241
f 4909/5643/2242 4913/6056/2242 4912/6057/2242 4911/6058/2242
f 4910/5744/2243 4914/6055/2243 4912/6059/2243 4913/6060/2243
f 4918/5739/2244 4921/6061/2244 4922/6062/2244 4924/6063/2244
f 4919/5611/2245 4923/6064/2245 4922/6065/2245 4921/6066/2245
f 4920/5761/2246 4924/6063/2246 4922/6067/2246 4923/6068/2246
f 4940/5759/2247 4943/6069/2247 4944/6070/2247 4946/6071/2247
f 4941/5654/2248 4945/6072/2248 4944/6073/2248 4943/6069/2248
f 4942/5607/2249 4946/6074/2249 4944/6075/2249 4945/6076/2249
f 4947/5767/2250 4950/6077/2250 4951/6078/2250 4953/6079/2250
f 4948/5668/2251 4952/6080/2251 4951/6081/2251 4950/6077/2251
f 4949/5650/2252 4953/6082/2252 4951/6083/2252 4952/6084/2252
f 4972/5737/2253 4975/6085/2253 4976/6086/2253 4978/6087/2253
f 4973/5763/2254 4977/6088/2254 4976/6089/2254 4975/6085/2254
f 4974/5648/2255 4978/6090/2255 4976/6091/2255 4977/6092/2255
f 4982/5772/2256 4985/6093/2256 4986/6094/2256 4988/6095/2256
f 4983/5606/2257 4987/6096/2257 4986/6097/2257 4985/6098/2257
f 4984/5773/2258 4988/6095/2258 4986/6099/2258 4987/6100/2258
f 5004/5775/2259 5007/6101/2259 5008/6102/2259 5010/6103/2259
f 5005/5683/2260 5009/6104/2260 5008/6105/2260 5007/6101/2260
f 5006/5662/2261 5010/6106/2261 5008/6107/2261 5009/6108/2261
f 5011/5700/2262 5014/6109/2262 5015/6110/2262 5017/6111/2262
f 5012/5603/2263 5016/6112/2263 5015/6113/2263 5014/6114/2263
f 5013/5778/2264 5017/6111/2264 5015/6115/2264 5016/6116/2264
f 5036/5783/2265 5039/6117/2265 5040/6118/2265 5042/6119/2265
f 5037/5781/2266 5041/6120/2266 5040/6121/2266 5039/6117/2266
f 5038/5599/2267 5042/6122/2267 5040/6123/2267 5041/6124/2267
f 5046/5786/2268 5049/6125/2268 5050/6126/2268 5052/6127/2268
f 5047/5693/2269 5051/6128/2269 5050/6129/2269 5049/6130/2269
f 5048/5787/2270 5052/6127/2270 5050/6131/2270 5051/6132/2270
f 5068/5714/2271 5071/6133/2271 5072/6134/2271 5074/6135/2271
f 5069/5711/2272 5073/6136/2272 5072/6137/2272 5071/6138/2272
f 5070/5734/2273 5074/6135/2273 5072/6139/2273 5073/6140/2273
f 5075/5752/2274 5078/6141/2274 5079/6142/2274 5081/6143/2274
f 5076/5597/2275 5080/6144/2275 5079/6145/2275 5078/6146/2275
f 5077/5790/2276 5081/6143/2276 5079/6147/2276 5080/6148/2276
f 5100/5794/2277 5103/6149/2277 5104/6150/2277 5106/6151/2277
f 5101/5792/2278 5105/6152/2278 5104/6153/2278 5103/6149/2278
f 5102/5707/2279 5106/6154/2279 5104/6155/2279 5105/6156/2279
f 4590/5514/2280 4491/5589/2280 4497/5821/2280 4591/6157/2280
f 4591/6158/2281 4497/5824/2281 4493/5504/2281 4589/5503/2281
f 4593/5517/2282 4484/5516/2282 4490/5812/2282 4594/6159/2282
f 4594/6160/2283 4490/5816/2283 4486/5506/2283 4592/5505/2283
f 4596/5519/2284 4485/5592/2284 4487/5815/2284 4597/6161/2284
f 4597/6162/2285 4487/5810/2285 4484/5516/2285 4595/5515/2285
f 4599/5584/2286 4492/5590/2286 4494/5819/2286 4600/6163/2286
f 4600/6163/2287 4494/5819/2287 4491/5589/2287 4598/5588/2287
f 4602/5577/2288 4505/5580/2288 4511/5837/2288 4603/6164/2288
f 4603/6165/2289 4511/5840/2289 4507/5583/2289 4601/5582/2289
f 4605/5586/2290 4498/5585/2290 4504/5829/2290 4606/6166/2290
f 4606/6167/2291 4504/5832/2291 4500/5478/2291 4604/5477/2291
f 4608/5573/2292 4506/5581/2292 4508/5835/2292 4609/6168/2292
f 4609/6168/2293 4508/5835/2293 4505/5580/2293 4607/5579/2293
f 4611/5566/2294 4519/5569/2294 4525/5853/2294 4612/6169/2294
f 4612/6170/2295 4525/5856/2295 4521/5572/2295 4610/5571/2295
f 4614/5575/2296 4512/5574/2297 4518/5845/2297 4615/6171/2296
f 4615/6172/2298 4518/5848/2298 4514/5482/2298 4613/5481/2298
f 4617/5562/1946 4520/5570/1946 4522/5851/1946 4618/6173/1946
f 4618/6173/1947 4522/5851/1947 4519/5569/1947 4616/5568/1947
f 4620/5555/2299 4533/5558/2299 4539/5869/2299 4621/6174/2299
f 4621/6175/2300 4539/5872/2300 4535/5561/2300 4619/5560/2300
f 4623/5564/2301 4526/5563/2301 4532/5861/2301 4624/6176/2301
f 4624/6177/2302 4532/5864/2302 4528/5486/2302 4622/5485/2302
f 4626/5551/1955 4534/5559/1955 4536/5867/1955 4627/6178/1955
f 4627/6178/1954 4536/5867/1954 4533/5558/1954 4625/5557/1954
f 4629/5544/2303 4547/5547/2303 4553/5885/2303 4630/6179/2303
f 4630/6180/2304 4553/5888/2304 4549/5550/2304 4628/5549/2304
f 4632/5553/2305 4540/5552/2305 4546/5877/2305 4633/6181/2305
f 4633/6182/2306 4546/5880/2306 4542/5490/2306 4631/5489/2306
f 4635/5540/2307 4548/5548/2307 4550/5883/2307 4636/6183/2307
f 4636/6183/2308 4550/5883/2308 4547/5547/2308 4634/5546/2308
f 4638/5533/2309 4561/5536/2309 4567/5901/2309 4639/6184/2309
f 4639/6185/2310 4567/5904/2310 4563/5539/2310 4637/5538/2310
f 4641/5542/2311 4554/5541/2311 4560/5893/2311 4642/6186/2311
f 4642/6187/2312 4560/5896/2312 4556/5494/2312 4640/5493/2312
f 4644/5528/2313 4562/5537/2313 4564/5899/2313 4645/6188/2313
f 4645/6188/2314 4564/5899/2314 4561/5536/2314 4643/5535/2314
f 4647/5521/2315 4575/5524/2315 4581/5917/2315 4648/6189/2315
f 4648/6190/2316 4581/5920/2316 4577/5527/2316 4646/5526/2316
f 4650/5530/2317 4568/5529/2317 4574/5909/2317 4651/6191/2317
f 4651/6192/2318 4574/5912/2318 4570/5498/2318 4649/5497/2318
f 4653/5507/2319 4576/5525/2319 4578/5915/2319 4654/6193/2319
f 4654/6193/2320 4578/5915/2320 4575/5524/2320 4652/5523/2320
f 4656/5518/2321 4477/5520/2321 4483/5803/2321 4657/6194/2321
f 4657/6195/2322 4483/5807/2322 4479/5591/2322 4655/5531/2322
f 4659/5509/2323 4582/5508/2323 4588/5925/2323 4660/6196/2323
f 4660/6197/2324 4588/5928/2324 4584/5502/2324 4658/5501/2324
f 4478/5594/2280 4590/5514/2280 4591/6157/2280 4482/5804/2280
f 4482/5809/2281 4591/6158/2281 4589/5503/2281 4479/5591/2281
f 4499/5593/2282 4593/5517/2282 4594/6159/2282 4503/5830/2282
f 4503/5834/2283 4594/6160/2283 4592/5505/2283 4500/5478/2283
f 4477/5520/2284 4596/5519/2284 4597/6161/2284 4480/5801/2284
f 4480/5806/2285 4597/6162/2285 4595/5515/2285 4478/5594/2285
f 4498/5585/2286 4599/5584/2286 4600/6163/2286 4501/5827/2286
f 4501/5827/2287 4600/6163/2287 4598/5588/2287 4499/5593/2287
f 4492/5590/2288 4602/5577/2288 4603/6164/2288 4496/5822/2288
f 4496/5826/2289 4603/6165/2289 4601/5582/2289 4493/5504/2289
f 4513/5587/2290 4605/5586/2290 4606/6166/2290 4517/5846/2290
f 4517/5850/2291 4606/6167/2291 4604/5477/2291 4514/5482/2291
f 4512/5574/2292 4608/5573/2292 4609/6168/2292 4515/5843/2292
f 4515/5843/2293 4609/6168/2293 4607/5579/2293 4513/5587/2293
f 4506/5581/2294 4611/5566/2294 4612/6169/2294 4510/5838/2294
f 4510/5842/2295 4612/6170/2295 4610/5571/2295 4507/5583/2295
f 4527/5576/2296 4614/5575/2296 4615/6171/2296 4531/5862/2296
f 4531/5866/2298 4615/6172/2298 4613/5481/2298 4528/5486/2298
f 4526/5563/1946 4617/5562/1946 4618/6173/1946 4529/5859/1946
f 4529/5859/1947 4618/6173/1947 4616/5568/1947 4527/5576/1947
f 4520/5570/2299 4620/5555/2299 4621/6174/2299 4524/5854/2299
f 4524/5858/2300 4621/6175/2300 4619/5560/2300 4521/5572/2300
f 4541/5565/2301 4623/5564/2301 4624/6176/2301 4545/5878/2301
f 4545/5882/2302 4624/6177/2302 4622/5485/2302 4542/5490/2302
f 4540/5552/1955 4626/5551/1955 4627/6178/1955 4543/5875/1955
f 4543/5875/1954 4627/6178/1954 4625/5557/1954 4541/5565/1954
f 4534/5559/2303 4629/5544/2303 4630/6179/2303 4538/5870/2303
f 4538/5874/2304 4630/6180/2304 4628/5549/2304 4535/5561/2304
f 4555/5554/2305 4632/5553/2305 4633/6181/2305 4559/5894/2305
f 4559/5898/2306 4633/6182/2306 4631/5489/2306 4556/5494/2306
f 4554/5541/2307 4635/5540/2307 4636/6183/2307 4557/5891/2307
f 4557/5891/2308 4636/6183/2308 4634/5546/2308 4555/5554/2308
f 4548/5548/2309 4638/5533/2309 4639/6184/2309 4552/5886/2309
f 4552/5890/2310 4639/6185/2310 4637/5538/2310 4549/5550/2310
f 4569/5543/2325 4641/5542/2311 4642/6186/2311 4573/5910/2325
f 4573/5914/2312 4642/6187/2312 4640/5493/2312 4570/5498/2312
f 4568/5529/2313 4644/5528/2313 4645/6188/2313 4571/5907/2313
f 4571/5907/2314 4645/6188/2314 4643/5535/2314 4569/5543/2314
f 4562/5537/2315 4647/5521/2315 4648/6189/2315 4566/5902/2315
f 4566/5906/2316 4648/6190/2316 4646/5526/2316 4563/5539/2316
f 4583/5532/2317 4650/5530/2317 4651/6191/2317 4587/5926/2317
f 4587/5930/2318 4651/6192/2318 4649/5497/2318 4584/5502/2318
f 4582/5508/2319 4653/5507/2319 4654/6193/2319 4585/5923/2319
f 4585/5923/2320 4654/6193/2320 4652/5523/2320 4583/5532/2320
f 4576/5525/2321 4656/5518/2321 4657/6194/2321 4580/5918/2321
f 4580/5922/2322 4657/6195/2322 4655/5531/2322 4577/5527/2322
f 4485/5592/2323 4659/5509/2323 4660/6196/2323 4489/5813/2323
f 4489/5818/2324 4660/6197/2324 4658/5501/2324 4486/5506/2324
f 4801/5715/2314 5068/5714/2314 5074/6135/2314 4802/6168/2314
f 4802/6168/2313 5074/6135/2313 5070/5734/2313 4800/5733/2313
f 4747/5646/2315 4851/5521/2315 4853/6189/2315 4751/6007/2315
f 4751/6005/2316 4853/6190/2316 4852/5608/2316 4745/5607/2316
f 4663/5722/2284 4779/5721/2284 4781/6161/2284 4667/5801/2284
f 4667/5806/2285 4781/6162/2285 4780/5512/2285 4661/5511/2285
f 4675/5629/2287 4785/5628/2287 4787/6163/2287 4678/5819/2287
f 4678/5819/2286 4787/6163/2286 4786/5712/2286 4676/5720/2286
f 4691/5711/2289 4791/5708/2289 4793/6165/2289 4695/5958/2289
f 4695/5955/2288 4793/6164/2288 4792/5577/2288 4689/5705/2288
f 4689/5705/2293 4797/5704/2293 4799/6168/2293 4692/5835/2293
f 4692/5835/2292 4799/6168/2292 4798/5695/2292 4690/5706/2292
f 4705/5599/2295 4803/5598/2295 4805/6170/2295 4709/5970/2295
f 4709/5967/2294 4805/6169/2294 4804/5566/2294 4703/5703/2294
f 4703/5703/1947 4809/5702/1947 4811/6173/1947 4706/5851/1947
f 4706/5851/1946 4811/6173/1946 4810/5681/1946 4704/5691/1946
f 4740/5650/2326 4842/5612/2326 4844/6187/2326 4744/6000/2326
f 4744/5997/2311 4844/6186/2311 4843/5542/2311 4738/5653/2311
f 4719/5662/2300 4815/5678/2300 4817/6175/2300 4723/5982/2300
f 4723/5979/2327 4817/6174/2299 4816/5555/2299 4717/5676/2327
f 4733/5648/2304 4827/5663/2304 4829/6180/2304 4737/5994/2304
f 4737/5991/2303 4829/6179/2303 4828/5544/2303 4731/5674/2303
f 4731/5674/2308 4836/5673/2308 4838/6183/2308 4734/5883/2308
f 4734/5883/2307 4838/6183/2307 4837/5652/2307 4732/5661/2307
f 4745/5607/2310 4839/5634/2310 4841/6185/2310 4748/6003/2310
f 4748/6006/2309 4841/6184/2309 4840/5533/2309 4746/5645/2309
f 4746/5645/2314 4845/5637/2314 4847/6188/2314 4750/5899/2314
f 4750/5899/2313 4847/6188/2313 4846/5647/2313 4747/5646/2313
f 4761/5643/2316 4852/5608/2316 4853/6190/2316 4765/6018/2316
f 4765/6015/2315 4853/6189/2315 4851/5521/2315 4759/5631/2315
f 4759/5631/2320 4857/5630/2320 4859/6193/2320 4762/5915/2320
f 4762/5915/2319 4859/6193/2319 4858/5626/2319 4760/5632/2319
f 4662/5620/2322 4863/5619/2322 4865/6195/2322 4666/5933/2322
f 4666/5936/2321 4865/6194/2321 4864/5518/2321 4663/5722/2321
f 4752/5659/2313 4846/5647/2313 4847/6188/2313 4755/5907/2313
f 4755/5907/2314 4847/6188/2314 4845/5637/2314 4753/5636/2314
f 4869/5638/2328 4876/5641/2328 4878/6198/2328 4872/6027/2328
f 4872/6032/2329 4878/6199/2329 4877/5622/2329 4870/5623/2329
f 4880/5640/2328 4882/5800/2328 4884/6200/2328 4881/6201/2328
f 4881/6202/2329 4884/6203/2329 4883/5618/2329 4879/5617/2329
f 4916/5635/2330 4919/5611/2330 4921/6066/2330 4917/6204/2330
f 4917/6205/2296 4921/6061/2296 4918/5739/2296 4915/5742/2296
f 4915/5742/2296 4925/5741/2296 4927/6206/2296 4917/6207/2296
f 4917/6208/2330 4927/6209/2330 4926/5625/2330 4916/5635/2330
f 4925/5741/2296 4928/5758/2297 4930/6210/2297 4927/6206/2296
f 4927/6209/2330 4930/6211/2330 4929/5624/2330 4926/5625/2330
f 4931/5756/2294 4937/5755/2294 4939/6212/2294 4933/6213/2294
f 4933/6214/2295 4939/6215/2295 4938/5608/2295 4932/5658/2295
f 4834/5669/2331 4948/5668/2331 4950/6077/2331 4835/6183/2331
f 4835/6183/2332 4950/6077/2332 4947/5767/2332 4833/5764/2332
f 4948/5668/2290 4954/5671/2290 4956/6216/2290 4952/6080/2290
f 4952/6084/2333 4956/6217/2333 4955/5660/2333 4949/5650/2333
f 4958/5610/2333 4960/5612/2333 4962/6218/2333 4959/6219/2333
f 4959/6220/2290 4962/6221/2290 4961/5670/2290 4957/5762/2290
f 4969/5738/2288 4972/5737/2288 4978/6087/2288 4971/6222/2288
f 4971/6223/2289 4978/6090/2289 4974/5648/2289 4970/5649/2289
f 4980/5604/2334 4983/5606/2334 4985/6098/2334 4981/6224/2334
f 4981/6225/2282 4985/6093/2282 4982/5772/2282 4979/5771/2282
f 4979/5771/2282 4989/5769/2282 4991/6226/2282 4981/6227/2282
f 4981/6228/2334 4991/6229/2334 4990/5605/2334 4980/5604/2334
f 4989/5769/2282 4992/5768/2282 4994/6230/2282 4991/6226/2282
f 4991/6229/2334 4994/6231/2334 4993/5651/2334 4990/5605/2334
f 5011/5700/2323 5018/5699/2323 5020/6232/2323 5014/6109/2323
f 5014/6114/2335 5020/6233/2335 5019/5601/2335 5012/5603/2335
f 4949/5650/2334 4993/5651/2334 4994/6234/2334 4953/6082/2334
f 4953/6079/2282 4994/6235/2282 4992/5768/2282 4947/5767/2282
f 4768/5623/2335 4866/5617/2335 4868/6197/2335 4772/6024/2335
f 4772/6021/2336 4868/6196/2336 4867/5509/2336 4766/5627/2336
f 4963/5657/2288 4967/5656/2288 4968/6236/2288 4965/6237/2288
f 4965/6238/2289 4968/6239/2289 4966/5634/2289 4964/5633/2289
f 5033/5784/2321 5036/5783/2321 5042/6119/2321 5035/6240/2321
f 5035/6241/2322 5042/6122/2322 5038/5599/2322 5034/5679/2322
f 5044/5692/2337 5047/5693/2337 5049/6130/2337 5045/6242/2337
f 5045/6243/2317 5049/6125/2317 5046/5786/2317 5043/5785/2317
f 5043/5785/2317 5053/5780/2317 5055/6244/2317 5045/6245/2317
f 5045/6246/2337 5055/6247/2337 5054/5689/2337 5044/5692/2337
f 5053/5780/2317 5056/5779/2317 5058/6248/2317 5055/6244/2317
f 5055/6247/2337 5058/6249/2337 5057/5690/2337 5054/5689/2337
f 5059/5782/2315 5066/5736/2315 5067/6250/2315 5061/6251/2315
f 5061/6252/2316 5067/6253/2316 5065/5598/2316 5060/5600/2316
f 4698/5693/2330 4806/5689/2330 4808/6172/2330 4702/5964/2330
f 4702/5961/2296 4808/6171/2296 4807/5575/2296 4696/5696/2296
f 5075/5752/2325 5082/5751/2325 5084/6254/2325 5078/6141/2325
f 5078/6146/2326 5084/6255/2326 5083/5595/2326 5076/5597/2326
f 5086/5694/2326 5088/5596/2326 5090/6256/2326 5087/6257/2326
f 5087/6258/2311 5090/6259/2311 5089/5750/2311 5085/5788/2311
f 5091/5717/2309 5095/5716/2309 5096/6260/2309 5093/6261/2309
f 5093/6262/2310 5096/6263/2310 5094/5708/2310 5092/5710/2310
f 5097/5795/2309 5100/5794/2309 5106/6151/2309 5099/6264/2309
f 5099/6265/2310 5106/6154/2310 5102/5707/2310 5098/5709/2310
f 4885/5725/2338 5107/5728/2338 5109/6266/2338 4888/6035/2338
f 4888/6040/2339 5109/6267/2339 5108/5732/2339 4886/5616/2339
f 5107/5728/2338 5111/5727/2338 5112/6268/2338 5109/6269/2338
f 5109/6270/2339 5112/6271/2339 5110/5730/2339 5108/5732/2339
f 5076/5597/2339 5113/5731/2339 5115/6272/2339 5080/6144/2339
f 5080/6148/2338 5115/6273/2338 5114/5791/2338 5077/5790/2338
f 4676/5720/2288 4792/5577/2288 4793/6164/2288 4680/5944/2288
f 4680/5948/2289 4793/6165/2289 4791/5708/2289 4677/5707/2289
f 5047/5693/2326 5086/5694/2326 5087/6274/2326 5051/6128/2326
f 5051/6132/2311 5087/6275/2311 5085/5788/2311 5048/5787/2311
f 4690/5706/2294 4804/5566/2294 4805/6169/2294 4694/5956/2294
f 4694/5960/2295 4805/6170/2295 4803/5598/2295 4691/5711/2295
f 4897/5620/2304 5120/5613/2304 5121/6276/2304 4901/6050/2304
f 4901/6046/2303 5121/6277/2303 5119/5748/2303 4895/5747/2303
f 4704/5691/2299 4816/5555/2299 4817/6174/2299 4708/5968/2299
f 4708/5972/2300 4817/6175/2300 4815/5678/2300 4705/5599/2300
f 4995/5766/2280 4999/5765/2280 5000/6278/2280 4997/6279/2280
f 4997/6280/2281 5000/6281/2281 4998/5663/2281 4996/5665/2281
f 4670/5616/2334 4776/5730/2334 4778/6160/2334 4674/5940/2334
f 4674/5937/2340 4778/6159/2340 4777/5517/2340 4668/5724/2340
f 4833/5764/2332 4973/5763/2332 4975/6085/2332 4835/6183/2332
f 4835/6183/2331 4975/6085/2331 4972/5737/2331 4834/5669/2331
f 4717/5676/1954 4821/5675/1954 4823/6178/1954 4720/5867/1954
f 4720/5867/1955 4823/6178/1955 4822/5666/1955 4718/5688/1955
f 5001/5776/2280 5004/5775/2280 5010/6103/2280 5003/6282/2280
f 5003/6283/2281 5010/6106/2281 5006/5662/2281 5002/5664/2281
f 4718/5688/2303 4828/5544/2303 4829/6179/2303 4722/5980/2303
f 4722/5984/2304 4829/6180/2304 4827/5663/2304 4719/5662/2304
f 4783/5726/1955 4885/5725/1955 4891/6037/1955 4784/6162/1955
f 4784/6161/1954 4891/6041/1954 4887/5799/1954 4782/5797/1954
f 4782/5797/1954 4896/5796/1954 4898/6049/1954 4784/6161/1954
f 4784/6162/1955 4898/6044/1955 4895/5747/1955 4783/5726/1955
f 4919/5611/2333 4958/5610/2333 4959/6284/2333 4923/6064/2333
f 4923/6068/2290 4959/6285/2290 4957/5762/2290 4920/5761/2290
f 4935/5609/2295 4938/5608/2295 4939/6215/2295 4936/6286/2295
f 4936/6287/2294 4939/6212/2294 4937/5755/2294 4934/5760/2294
f 4732/5661/2309 4840/5533/2309 4841/6184/2309 4736/5992/2309
f 4736/5996/2310 4841/6185/2310 4839/5634/2310 4733/5648/2310
f 4684/5729/2340 4777/5517/2340 4778/6159/2340 4688/5953/2340
f 4688/5951/2334 4778/6160/2334 4776/5730/2334 4682/5597/2334
f 4668/5724/2285 4780/5512/2285 4781/6162/2285 4671/5810/2285
f 4671/5815/2284 4781/6161/2284 4779/5721/2284 4669/5723/2284
f 4683/5713/2286 4786/5712/2286 4787/6163/2286 4687/5827/2286
f 4687/5827/2287 4787/6163/2287 4785/5628/2287 4684/5729/2287
f 4697/5718/2341 4794/5586/2341 4796/6166/2341 4701/5962/2341
f 4701/5966/2333 4796/6167/2333 4795/5596/2333 4698/5693/2333
f 4696/5696/2292 4798/5695/2292 4799/6168/2292 4699/5843/2292
f 4699/5843/2293 4799/6168/2293 4797/5704/2293 4697/5718/2293
f 4712/5701/2296 4807/5575/2296 4808/6171/2296 4716/5977/2296
f 4716/5975/2330 4808/6172/2330 4806/5689/2330 4710/5603/2330
f 4711/5682/1946 4810/5681/1946 4811/6173/1946 4715/5859/1946
f 4715/5859/1947 4811/6173/1947 4809/5702/1947 4712/5701/1947
f 5022/5677/2335 5024/5602/2335 5026/6288/2335 5023/6289/2335
f 5023/6290/2323 5026/6291/2323 5025/5698/2323 5021/5774/2323
f 4726/5687/2301 4818/5564/2301 4820/6176/2301 4730/5989/2301
f 4730/5987/2329 4820/6177/2329 4819/5602/2329 4724/5606/2329
f 4725/5667/1955 4822/5666/1955 4823/6178/1955 4729/5875/1955
f 4729/5875/1954 4823/6178/1954 4821/5675/1954 4726/5687/1954
f 4739/5672/2305 4830/5553/2305 4832/6181/2305 4743/5998/2305
f 4743/6002/2339 4832/6182/2339 4831/5605/2339 4740/5650/2339
f 4738/5653/2307 4837/5652/2307 4838/6183/2307 4741/5891/2307
f 4741/5891/2342 4838/6183/2308 4836/5673/2308 4739/5672/2342
f 4753/5636/2311 4843/5542/2311 4844/6186/2311 4757/6010/2311
f 4757/6014/2326 4844/6187/2326 4842/5612/2326 4754/5611/2326
f 4767/5642/2343 4854/5530/2343 4856/6191/2343 4771/6022/2343
f 4771/6026/2337 4856/6192/2337 4855/5625/2337 4768/5623/2337
f 4766/5627/2319 4858/5626/2319 4859/6193/2319 4769/5923/2319
f 4769/5923/2320 4859/6193/2320 4857/5630/2320 4767/5642/2320
f 4669/5723/2336 4867/5509/2336 4868/6196/2336 4673/5938/2336
f 4673/5942/2335 4868/6197/2335 4866/5617/2335 4670/5616/2335
f 5012/5603/2337 5057/5690/2337 5058/6292/2337 5016/6112/2337
f 5016/6116/2317 5058/6293/2317 5056/5779/2317 5013/5778/2317
f 5027/5686/2321 5031/5685/2321 5032/6294/2321 5029/6295/2321
f 5029/6296/2322 5032/6297/2322 5030/5678/2322 5028/5680/2322
f 4876/5641/2328 4880/5640/2328 4881/6201/2328 4878/6298/2328
f 4878/6299/2329 4881/6202/2329 4879/5617/2329 4877/5622/2329
f 4882/5800/2328 4887/5799/2328 4890/6043/2328 4884/6300/2328
f 4884/6301/2329 4890/6038/2329 4886/5616/2329 4883/5618/2329
f 4893/5621/2300 4897/5620/2300 4900/6052/2300 4894/6302/2300
f 4894/6303/2299 4900/6047/2299 4896/5796/2299 4892/5798/2299
f 4892/5798/2299 4903/5743/2299 4904/6304/2299 4894/6305/2299
f 4894/6306/2300 4904/6307/2300 4902/5619/2300 4893/5621/2300
f 4903/5743/2299 4905/5745/2299 4907/6308/2299 4904/6304/2299
f 4904/6307/2300 4907/6309/2300 4906/5644/2300 4902/5619/2300
f 4754/5611/2337 4855/5625/2337 4856/6192/2337 4758/6012/2337
f 4758/6009/2343 4856/6191/2343 4854/5530/2343 4752/5659/2343
f 4908/5753/2294 4931/5756/2294 4933/6310/2294 4911/6053/2294
f 4911/6058/2295 4933/6311/2295 4932/5658/2295 4909/5643/2295
f 4934/5760/2294 4940/5759/2294 4946/6071/2294 4936/6312/2294
f 4936/6313/2295 4946/6074/2295 4942/5607/2295 4935/5609/2295
f 4954/5671/2290 4961/5670/2290 4962/6221/2290 4956/6314/2290
f 4956/6315/2333 4962/6218/2333 4960/5612/2333 4955/5660/2333
f 4941/5654/2288 4963/5657/2288 4965/6316/2288 4945/6072/2288
f 4945/6076/2289 4965/6317/2289 4964/5633/2289 4942/5607/2289
f 4760/5632/2321 4864/5518/2321 4865/6194/2321 4764/6016/2321
f 4764/6020/2322 4865/6195/2322 4863/5619/2322 4761/5643/2322
f 5120/5613/2304 5122/5614/2304 5124/6318/2304 5121/6319/2304
f 5121/6320/2303 5124/6321/2303 5123/5746/2303 5119/5748/2303
f 4973/5763/2280 4995/5766/2280 4997/6322/2280 4977/6088/2280
f 4977/6092/2281 4997/6323/2281 4996/5665/2281 4974/5648/2281
f 4999/5765/2280 5001/5776/2280 5003/6324/2280 5000/6278/2280
f 5000/6281/2281 5003/6325/2281 5002/5664/2281 4998/5663/2281
f 4825/5684/2284 5005/5683/2284 5007/6101/2284 4826/6178/2284
f 4826/6178/2285 5007/6101/2285 5004/5775/2285 4824/5770/2285
f 5018/5699/2323 5025/5698/2323 5026/6291/2323 5020/6326/2323
f 5020/6327/2335 5026/6288/2335 5024/5602/2335 5019/5601/2335
f 5005/5683/2321 5027/5686/2321 5029/6328/2321 5009/6104/2321
f 5009/6108/2322 5029/6329/2322 5028/5680/2322 5006/5662/2322
f 5031/5685/2321 5033/5784/2321 5035/6330/2321 5032/6294/2321
f 5032/6297/2322 5035/6331/2322 5034/5679/2322 5030/5678/2322
f 4813/5777/2344 5037/5781/2344 5039/6117/2344 4814/6173/2344
f 4814/6173/2345 5039/6117/2345 5036/5783/2345 4812/5697/2345
f 5037/5781/2315 5059/5782/2315 5061/6332/2315 5041/6120/2315
f 5041/6124/2316 5061/6333/2316 5060/5600/2316 5038/5599/2316
f 5063/5719/2316 5065/5598/2316 5067/6253/2316 5064/6334/2316
f 5064/6335/2315 5067/6250/2315 5066/5736/2315 5062/5735/2315
f 5062/5735/2315 5070/5734/2315 5073/6140/2315 5064/6336/2315
f 5064/6337/2316 5073/6136/2316 5069/5711/2316 5063/5719/2316
f 4967/5656/2288 4969/5738/2288 4971/6338/2288 4968/6236/2288
f 4968/6239/2289 4971/6339/2289 4970/5649/2289 4966/5634/2289
f 5082/5751/2325 5089/5750/2311 5090/6259/2311 5084/6340/2325
f 5084/6341/2326 5090/6256/2326 5088/5596/2326 5083/5595/2326
f 5068/5714/2309 5091/5717/2309 5093/6342/2309 5071/6133/2309
f 5071/6138/2310 5093/6343/2310 5092/5710/2310 5069/5711/2310
f 5095/5716/2309 5097/5795/2309 5099/6344/2309 5096/6260/2309
f 5096/6263/2310 5099/6345/2310 5098/5709/2310 5094/5708/2310
f 4789/5789/2308 5101/5792/2308 5103/6149/2308 4790/6163/2308
f 4790/6163/2307 5103/6149/2307 5100/5794/2307 4788/5749/2307
f 5111/5727/2338 5114/5791/2338 5115/6346/2338 5112/6268/2338
f 5112/6271/2339 5115/6347/2339 5113/5731/2339 5110/5730/2339
f 5101/5792/2303 5116/5793/2303 5118/6348/2303 5105/6152/2303
f 5105/6156/2304 5118/6349/2304 5117/5615/2304 5102/5707/2304
f 5116/5793/2303 5123/5746/2303 5124/6321/2303 5118/6350/2303
f 5118/6351/2304 5124/6318/2304 5122/5614/2304 5117/5615/2304
f 4870/5623/2330 4929/5624/2330 4930/6352/2330 4874/6030/2330
f 4874/6034/2297 4930/6353/2297 4928/5758/2297 4871/5757/2297
f 4682/5597/2333 4795/5596/2333 4796/6167/2333 4685/5949/2333
f 4685/5952/2341 4796/6166/2341 4794/5586/2341 4683/5713/2341
f 4788/5749/2307 5075/5752/2307 5081/6143/2307 4790/6163/2307
f 4790/6163/2308 5081/6143/2308 5077/5790/2308 4789/5789/2308
f 4661/5511/2280 4773/5514/2280 4775/6157/2280 4664/5931/2280
f 4664/5935/2281 4775/6158/2281 4774/5614/2281 4662/5620/2281
f 4861/5639/1946 4869/5638/1946 4875/6029/1946 4862/6193/1946
f 4862/6193/1947 4875/6029/1947 4871/5757/1947 4860/5754/1947
f 4905/5745/2299 4910/5744/2299 4913/6060/2299 4907/6354/2299
f 4907/6355/2300 4913/6056/2300 4909/5643/2300 4906/5644/2300
f 4849/5740/2292 4918/5739/2292 4924/6063/2292 4850/6188/2292
f 4850/6188/2293 4924/6063/2293 4920/5761/2293 4848/5655/2293
f 4983/5606/2335 5022/5677/2335 5023/6356/2335 4987/6096/2335
f 4987/6100/2323 5023/6357/2323 5021/5774/2323 4984/5773/2323
f 4824/5770/2285 4982/5772/2285 4988/6095/2285 4826/6178/2285
f 4826/6178/2284 4988/6095/2284 4984/5773/2284 4825/5684/2284
f 4710/5603/2329 4819/5602/2329 4820/6177/2329 4713/5973/2329
f 4713/5976/2301 4820/6176/2301 4818/5564/2301 4711/5682/2301
f 4812/5697/2345 5011/5700/2345 5017/6111/2345 4814/6173/2345
f 4814/6173/2344 5017/6111/2344 5013/5778/2344 4813/5777/2344
f 4860/5754/1947 4908/5753/1947 4914/6055/1947 4862/6193/1947
f 4862/6193/1946 4914/6055/1946 4910/5744/1946 4861/5639/1946
f 4848/5655/2293 4941/5654/2293 4943/6069/2293 4850/6188/2293
f 4850/6188/2292 4943/6069/2292 4940/5759/2292 4849/5740/2292
f 4800/5733/2313 5046/5786/2313 5052/6127/2313 4802/6168/2313
f 4802/6168/2314 5052/6127/2314 5048/5787/2314 4801/5715/2314
f 4677/5707/2281 4774/5614/2281 4775/6158/2281 4681/5946/2281
f 4681/5943/2280 4775/6157/2280 4773/5514/2280 4675/5629/2280
f 4724/5606/2339 4831/5605/2339 4832/6182/2339 4727/5985/2339
f 4727/5988/2305 4832/6181/2305 4830/5553/2305 4725/5667/2305
f 4438/5472/1853 4479/5591/1853 4589/5503/1853
usemtl Material.004
f 4371/6358/2346 4373/6359/2346 4374/6360/2346 4372/6361/2346
f 4373/6359/2347 4375/6157/2347 4376/6159/2347 4374/6360/2347
f 4375/6157/2348 4377/6362/2348 4378/6363/2348 4376/6159/2348
f 4377/6362/2349 4379/5404/2349 4380/6364/2349 4378/6363/2349
f 4379/5404/2350 4381/6365/2350 4382/6366/2350 4380/6364/2350
f 4381/6365/2351 4383/6164/2351 4384/6166/2351 4382/6366/2351
f 4383/6164/2352 4385/6367/2352 4386/6368/2352 4384/6166/2352
f 4385/6367/2353 4387/6369/2353 4388/6370/2353 4386/6368/2353
f 4387/6369/2354 4389/6371/2354 4390/6372/2354 4388/6370/2354
f 4389/6371/2355 4391/6169/2355 4392/6171/2355 4390/6372/2355
f 4391/6169/2356 4393/6373/2356 4394/6374/2356 4392/6171/2356
f 4393/6373/2357 4395/5412/2357 4396/6375/2357 4394/6374/2357
f 4395/5412/2358 4397/6376/2358 4398/6377/2358 4396/6375/2358
f 4397/6376/2359 4399/6174/2359 4400/6176/2359 4398/6377/2359
f 4399/6174/2360 4401/6378/2360 4402/6379/2360 4400/6176/2360
f 4401/6378/2361 4403/6380/2361 4404/6381/2361 4402/6379/2361
f 4403/6380/2362 4405/6382/2362 4406/6383/2362 4404/6381/2362
f 4405/6382/2363 4407/6179/2363 4408/6181/2363 4406/6383/2363
f 4407/6179/2364 4409/6384/2364 4410/6385/2364 4408/6181/2364
f 4409/6384/2365 4411/5409/2365 4412/6386/2365 4410/6385/2365
f 4411/5409/2366 4413/6387/2366 4414/6388/2366 4412/6386/2366
f 4413/6387/2367 4415/6184/2367 4416/6186/2367 4414/6388/2367
f 4415/6184/2368 4417/6389/2368 4418/6390/2368 4416/6186/2368
f 4417/6389/2369 4419/6391/2369 4420/6392/2369 4418/6390/2369
f 4419/6391/2370 4421/6393/2370 4422/6394/2370 4420/6392/2370
f 4421/6393/2371 4423/6189/2371 4424/6191/2371 4422/6394/2371
f 4423/6189/2372 4425/6395/2372 4426/6396/2372 4424/6191/2372
f 4425/6395/2373 4427/5398/2373 4428/6397/2373 4426/6396/2373
f 4427/5398/2374 4429/6398/2374 4430/6399/2374 4428/6397/2374
f 4429/6398/2375 4431/6194/2375 4432/6196/2375 4430/6399/2375
f 4374/6400/1853 4376/6401/1853 4378/6402/1853 4380/6403/1853 4382/6404/1853 4384/6405/1853 4386/6406/1853 4388/6407/1853 4390/6408/1853 4392/6409/1853 4394/6410/1853 4396/6411/1853 4398/6412/1853 4400/6413/1853 4402/6414/1853 4404/6415/1853 4406/6416/1853 4408/6417/1853 4410/6418/1853 4412/6419/1853 4414/6420/1853 4416/6421/1853 4418/6422/1853 4420/6423/1853 4422/6424/1853 4424/6425/1853 4426/6426/1853 4428/6427/1853 4430/6428/1853 4432/6429/1853 4434/6430/1853 4372/6431/1853
f 4431/6194/2376 4433/6432/2376 4434/6433/2376 4432/6196/2376
f 4433/6432/2377 4371/6434/2377 4372/6435/2377 4434/6433/2377
f 4371/6436/1857 4433/6437/1857 4431/6438/1857 4429/6439/1857 4427/6440/1857 4425/6441/1857 4423/6442/1857 4421/6443/1857 4419/6444/1857 4417/6445/1857 4415/6446/1857 4413/6447/1857 4411/6448/1857 4409/6449/1857 4407/6450/1857 4405/6451/1857 4403/6452/1857 4401/6453/1857 4399/6454/1857 4397/6455/1857 4395/6456/1857 4393/6457/1857 4391/6458/1857 4389/6459/1857 4387/6460/1857 4385/6461/1857 4383/6462/1857 4381/6463/1857 4379/6464/1857 4377/6465/1857 4375/6466/1857 4373/6467/1857
o Torus.001
v 0.000000 2.516939 -0.000000
v 0.000000 2.780596 -0.163841
v 0.000000 3.207202 -0.101259
v 0.000000 3.207202 0.101259
v 0.000000 2.780596 0.163841
v -1.082532 3.040462 -0.000000
v -0.932930 3.231770 -0.237764
v -0.690868 3.541312 -0.146946
v -0.690868 3.541312 0.146946
v -0.932930 3.231770 0.237764
v -1.082532 5.809098 -0.000000
v -0.932930 5.617790 -0.237764
v -0.690868 5.308247 -0.146946
v -0.690868 5.308247 0.146946
v -0.932930 5.617790 0.237764
v 0.000000 6.332621 -0.000000
v 0.000000 6.068963 -0.163841
v 0.000000 5.642357 -0.101259
v 0.000000 5.642357 0.101259
v 0.000000 6.068963 0.163841
v 1.082532 5.809098 -0.000000
v 0.932930 5.617790 -0.237764
v 0.690868 5.308247 -0.146946
v 0.690868 5.308247 0.146946
v 0.932930 5.617790 0.237764
v 1.082532 3.040462 -0.000000
v 0.932930 3.231770 -0.237764
v 0.690868 3.541313 -0.146946
v 0.690868 3.541313 0.146946
v 0.932930 3.231770 0.237764
vn -0.2575 -0.5905 -0.7649
vn 0.1470 0.1552 -0.9769
vn 0.4354 0.9003 -0.0000
vn 0.1470 0.1552 0.9769
vn -0.2575 -0.5905 0.7649
vn -0.8464 -0.0000 -0.5326
vn 0.3513 -0.0000 -0.9363
vn 1.0000 -0.0000 -0.0000
vn 0.3513 -0.0000 0.9363
vn -0.8464 -0.0000 0.5326
vn -0.2575 0.5905 -0.7649
vn 0.1470 -0.1552 -0.9769
vn 0.4354 -0.9003 -0.0000
vn 0.1470 -0.1552 0.9769
vn -0.2575 0.5905 0.7649
vn 0.2575 0.5905 -0.7649
vn -0.1470 -0.1552 -0.9769
vn -0.4354 -0.9003 -0.0000
vn -0.1470 -0.1552 0.9769
vn 0.2575 0.5905 0.7649
vn 0.8464 -0.0000 -0.5326
vn -0.3513 -0.0000 -0.9363
vn -1.0000 -0.0000 -0.0000
vn -0.3513 -0.0000 0.9363
vn 0.8464 -0.0000 0.5326
vn 0.2575 -0.5905 -0.7649
vn -0.1470 0.1552 -0.9769
vn -0.4354 0.9003 -0.0000
vn -0.1470 0.1552 0.9769
vn 0.2575 -0.5905 0.7649
vt 0.500000 0.600000
vt 0.666667 0.600000
vt 0.666667 0.800000
vt 0.500000 0.800000
vt 0.666667 1.000000
vt 0.500000 1.000000
vt 0.500000 0.000000
vt 0.666667 0.000000
vt 0.666667 0.200000
vt 0.500000 0.200000
vt 0.666667 0.400000
vt 0.500000 0.400000
vt 0.833333 0.600000
vt 0.833333 0.800000
vt 0.833333 1.000000
vt 0.833333 0.000000
vt 0.833333 0.200000
vt 0.833333 0.400000
vt 1.000000 0.600000
vt 1.000000 0.800000
vt 1.000000 1.000000
vt 1.000000 0.000000
vt 1.000000 0.200000
vt 1.000000 0.400000
vt -0.000000 0.600000
vt 0.166667 0.600000
vt 0.166667 0.800000
vt -0.000000 0.800000
vt 0.166667 1.000000
vt -0.000000 1.000000
vt -0.000000 0.000000
vt 0.166667 0.000000
vt 0.166667 0.200000
vt -0.000000 0.200000
vt 0.166667 0.400000
vt -0.000000 0.400000
vt 0.333333 0.600000
vt 0.333333 0.800000
vt 0.333333 1.000000
vt 0.333333 0.000000
vt 0.333333 0.200000
vt 0.333333 0.400000
s 1
usemtl Material.001
f 5125/6468/2378 5130/6469/2378 5131/6470/2378 5126/6471/2378
f 5126/6471/2379 5131/6470/2379 5132/6472/2379 5127/6473/2379
f 5127/6474/2380 5132/6475/2380 5133/6476/2380 5128/6477/2380
f 5128/6477/2381 5133/6476/2381 5134/6478/2381 5129/6479/2381
f 5129/6479/2382 5134/6478/2382 5130/6469/2382 5125/6468/2382
f 5130/6469/2383 5135/6480/2383 5136/6481/2383 5131/6470/2383
f 5131/6470/2384 5136/6481/2384 5137/6482/2384 5132/6472/2384
f 5132/6475/2385 5137/6483/2385 5138/6484/2385 5133/6476/2385
f 5133/6476/2386 5138/6484/2386 5139/6485/2386 5134/6478/2386
f 5134/6478/2387 5139/6485/2387 5135/6480/2387 5130/6469/2387
f 5135/6480/2388 5140/6486/2388 5141/6487/2388 5136/6481/2388
f 5136/6481/2389 5141/6487/2389 5142/6488/2389 5137/6482/2389
f 5137/6483/2390 5142/6489/2390 5143/6490/2390 5138/6484/2390
f 5138/6484/2391 5143/6490/2391 5144/6491/2391 5139/6485/2391
f 5139/6485/2392 5144/6491/2392 5140/6486/2392 5135/6480/2392
f 5140/6492/2393 5145/6493/2393 5146/6494/2393 5141/6495/2393
f 5141/6495/2394 5146/6494/2394 5147/6496/2394 5142/6497/2394
f 5142/6498/2395 5147/6499/2395 5148/6500/2395 5143/6501/2395
f 5143/6501/2396 5148/6500/2396 5149/6502/2396 5144/6503/2396
f 5144/6503/2397 5149/6502/2397 5145/6493/2397 5140/6492/2397
f 5145/6493/2398 5150/6504/2398 5151/6505/2398 5146/6494/2398
f 5146/6494/2399 5151/6505/2399 5152/6506/2399 5147/6496/2399
f 5147/6499/2400 5152/6507/2400 5153/6508/2400 5148/6500/2400
f 5148/6500/2401 5153/6508/2401 5154/6509/2401 5149/6502/2401
f 5149/6502/2402 5154/6509/2402 5150/6504/2402 5145/6493/2402
f 5150/6504/2403 5125/6468/2403 5126/6471/2403 5151/6505/2403
f 5151/6505/2404 5126/6471/2404 5127/6473/2404 5152/6506/2404
f 5152/6507/2405 5127/6474/2405 5128/6477/2405 5153/6508/2405
f 5153/6508/2406 5128/6477/2406 5129/6479/2406 5154/6509/2406
f 5154/6509/2407 5129/6479/2407 5125/6468/2407 5150/6504/2407
o Torus.002
v 0.000000 4.716939 -0.000000
v 0.163841 4.980597 -0.000000
v 0.101259 5.407202 -0.000000
v -0.101259 5.407202 -0.000000
v -0.163841 4.980597 -0.000000
v 0.000000 5.240461 -1.082532
v 0.237764 5.431769 -0.932930
v 0.146946 5.741313 -0.690868
v -0.146946 5.741313 -0.690868
v -0.237764 5.431769 -0.932930
v 0.000000 8.009098 -1.082533
v 0.237764 7.817790 -0.932931
v 0.146946 7.508247 -0.690869
v -0.146946 7.508247 -0.690869
v -0.237764 7.817790 -0.932931
v 0.000000 8.532620 -0.000001
v 0.163841 8.268963 -0.000001
v 0.101259 7.842357 -0.000001
v -0.101259 7.842357 -0.000001
v -0.163841 8.268963 -0.000001
v 0.000000 8.009098 1.082531
v 0.237764 7.817790 0.932929
v 0.146946 7.508247 0.690867
v -0.146946 7.508247 0.690867
v -0.237764 7.817790 0.932929
v 0.000000 5.240461 1.082532
v 0.237764 5.431769 0.932930
v 0.146946 5.741313 0.690868
v -0.146946 5.741313 0.690868
v -0.237764 5.431769 0.932930
vn 0.7649 -0.5905 -0.2575
vn 0.9769 0.1552 0.1470
vn -0.0000 0.9003 0.4354
vn -0.9769 0.1552 0.1470
vn -0.7649 -0.5905 -0.2575
vn 0.5326 -0.0000 -0.8464
vn 0.9363 -0.0000 0.3513
vn -0.0000 -0.0000 1.0000
vn -0.9363 -0.0000 0.3513
vn -0.5326 -0.0000 -0.8464
vn 0.7649 0.5905 -0.2575
vn 0.9769 -0.1552 0.1470
vn -0.0000 -0.9003 0.4354
vn -0.9769 -0.1552 0.1470
vn -0.7649 0.5905 -0.2575
vn 0.7649 0.5905 0.2575
vn 0.9769 -0.1552 -0.1470
vn -0.0000 -0.9003 -0.4354
vn -0.9769 -0.1552 -0.1470
vn -0.7649 0.5905 0.2575
vn 0.5326 -0.0000 0.8464
vn 0.9363 -0.0000 -0.3513
vn -0.0000 -0.0000 -1.0000
vn -0.9363 -0.0000 -0.3513
vn -0.5326 -0.0000 0.8464
vn 0.7649 -0.5905 0.2575
vn 0.9769 0.1552 -0.1470
vn -0.0000 0.9003 -0.4354
vn -0.9769 0.1552 -0.1470
vn -0.7649 -0.5905 0.2575
vt 0.500000 0.600000
vt 0.666667 0.600000
vt 0.666667 0.800000
vt 0.500000 0.800000
vt 0.666667 1.000000
vt 0.500000 1.000000
vt 0.500000 0.000000
vt 0.666667 0.000000
vt 0.666667 0.200000
vt 0.500000 0.200000
vt 0.666667 0.400000
vt 0.500000 0.400000
vt 0.833333 0.600000
vt 0.833333 0.800000
vt 0.833333 1.000000
vt 0.833333 0.000000
vt 0.833333 0.200000
vt 0.833333 0.400000
vt 1.000000 0.600000
vt 1.000000 0.800000
vt 1.000000 1.000000
vt 1.000000 0.000000
vt 1.000000 0.200000
vt 1.000000 0.400000
vt -0.000000 0.600000
vt 0.166667 0.600000
vt 0.166667 0.800000
vt -0.000000 0.800000
vt 0.166667 1.000000
vt -0.000000 1.000000
vt -0.000000 0.000000
vt 0.166667 0.000000
vt 0.166667 0.200000
vt -0.000000 0.200000
vt 0.166667 0.400000
vt -0.000000 0.400000
vt 0.333333 0.600000
vt 0.333333 0.800000
vt 0.333333 1.000000
vt 0.333333 0.000000
vt 0.333333 0.200000
vt 0.333333 0.400000
s 1
usemtl Material.001
f 5155/6510/2408 5160/6511/2408 5161/6512/2408 5156/6513/2408
f 5156/6513/2409 5161/6512/2409 5162/6514/2409 5157/6515/2409
f 5157/6516/2410 5162/6517/2410 5163/6518/2410 5158/6519/2410
f 5158/6519/2411 5163/6518/2411 5164/6520/2411 5159/6521/2411
f 5159/6521/2412 5164/6520/2412 5160/6511/2412 5155/6510/2412
f 5160/6511/2413 5165/6522/2413 5166/6523/2413 5161/6512/2413
f 5161/6512/2414 5166/6523/2414 5167/6524/2414 5162/6514/2414
f 5162/6517/2415 5167/6525/2415 5168/6526/2415 5163/6518/2415
f 5163/6518/2416 5168/6526/2416 5169/6527/2416 5164/6520/2416
f 5164/6520/2417 5169/6527/2417 5165/6522/2417 5160/6511/2417
f 5165/6522/2418 5170/6528/2418 5171/6529/2418 5166/6523/2418
f 5166/6523/2419 5171/6529/2419 5172/6530/2419 5167/6524/2419
f 5167/6525/2420 5172/6531/2420 5173/6532/2420 5168/6526/2420
f 5168/6526/2421 5173/6532/2421 5174/6533/2421 5169/6527/2421
f 5169/6527/2422 5174/6533/2422 5170/6528/2422 5165/6522/2422
f 5170/6534/2423 5175/6535/2423 5176/6536/2423 5171/6537/2423
f 5171/6537/2424 5176/6536/2424 5177/6538/2424 5172/6539/2424
f 5172/6540/2425 5177/6541/2425 5178/6542/2425 5173/6543/2425
f 5173/6543/2426 5178/6542/2426 5179/6544/2426 5174/6545/2426
f 5174/6545/2427 5179/6544/2427 5175/6535/2427 5170/6534/2427
f 5175/6535/2428 5180/6546/2428 5181/6547/2428 5176/6536/2428
f 5176/6536/2429 5181/6547/2429 5182/6548/2429 5177/6538/2429
f 5177/6541/2430 5182/6549/2430 5183/6550/2430 5178/6542/2430
f 5178/6542/2431 5183/6550/2431 5184/6551/2431 5179/6544/2431
f 5179/6544/2432 5184/6551/2432 5180/6546/2432 5175/6535/2432
f 5180/6546/2433 5155/6510/2433 5156/6513/2433 5181/6547/2433
f 5181/6547/2434 5156/6513/2434 5157/6515/2434 5182/6548/2434
f 5182/6549/2435 5157/6516/2435 5158/6519/2435 5183/6550/2435
f 5183/6550/2436 5158/6519/2436 5159/6521/2436 5184/6551/2436
f 5184/6551/2437 5159/6521/2437 5155/6510/2437 5180/6546/2437
o Torus.003
v 0.000000 6.916939 -0.000001
v 0.000000 7.180596 -0.163842
v 0.000000 7.607202 -0.101260
v 0.000000 7.607202 0.101258
v 0.000000 7.180596 0.163840
v -1.082532 7.440461 -0.000001
v -0.932930 7.631769 -0.237765
v -0.690868 7.941312 -0.146947
v -0.690868 7.941312 0.146945
v -0.932930 7.631769 0.237763
v -1.082532 10.209098 -0.000001
v -0.932930 10.017790 -0.237765
v -0.690868 9.708246 -0.146947
v -0.690868 9.708246 0.146945
v -0.932930 10.017790 0.237763
v 0.000000 10.732620 -0.000001
v 0.000000 10.468963 -0.163842
v 0.000000 10.042356 -0.101260
v 0.000000 10.042356 0.101258
v 0.000000 10.468963 0.163840
v 1.082532 10.209098 -0.000001
v 0.932930 10.017790 -0.237765
v 0.690868 9.708246 -0.146947
v 0.690868 9.708246 0.146945
v 0.932930 10.017790 0.237763
v 1.082532 7.440461 -0.000001
v 0.932930 7.631769 -0.237765
v 0.690868 7.941312 -0.146947
v 0.690868 7.941312 0.146945
v 0.932930 7.631769 0.237763
vn -0.2575 -0.5905 -0.7649
vn 0.1470 0.1552 -0.9769
vn 0.4354 0.9003 -0.0000
vn 0.1470 0.1552 0.9769
vn -0.2575 -0.5905 0.7649
vn -0.8464 -0.0000 -0.5326
vn 0.3513 -0.0000 -0.9363
vn 1.0000 -0.0000 -0.0000
vn 0.3513 -0.0000 0.9363
vn -0.8464 -0.0000 0.5326
vn -0.2575 0.5905 -0.7649
vn 0.1470 -0.1552 -0.9769
vn 0.4354 -0.9003 -0.0000
vn 0.1470 -0.1552 0.9769
vn -0.2575 0.5905 0.7649
vn 0.2575 0.5905 -0.7649
vn -0.1470 -0.1552 -0.9769
vn -0.4354 -0.9003 -0.0000
vn -0.1470 -0.1552 0.9769
vn 0.2575 0.5905 0.7649
vn 0.8464 -0.0000 -0.5326
vn -0.3513 -0.0000 -0.9363
vn -1.0000 -0.0000 -0.0000
vn -0.3513 -0.0000 0.9363
vn 0.8464 -0.0000 0.5326
vn 0.2575 -0.5905 -0.7649
vn -0.1470 0.1552 -0.9769
vn -0.4354 0.9003 -0.0000
vn -0.1470 0.1552 0.9769
vn 0.2575 -0.5905 0.7649
vt 0.500000 0.600000
vt 0.666667 0.600000
vt 0.666667 0.800000
vt 0.500000 0.800000
vt 0.666667 1.000000
vt 0.500000 1.000000
vt 0.500000 0.000000
vt 0.666667 0.000000
vt 0.666667 0.200000
vt 0.500000 0.200000
vt 0.666667 0.400000
vt 0.500000 0.400000
vt 0.833333 0.600000
vt 0.833333 0.800000
vt 0.833333 1.000000
vt 0.833333 0.000000
vt 0.833333 0.200000
vt 0.833333 0.400000
vt 1.000000 0.600000
vt 1.000000 0.800000
vt 1.000000 1.000000
vt 1.000000 0.000000
vt 1.000000 0.200000
vt 1.000000 0.400000
vt -0.000000 0.600000
vt 0.166667 0.600000
vt 0.166667 0.800000
vt -0.000000 0.800000
vt 0.166667 1.000000
vt -0.000000 1.000000
vt -0.000000 0.000000
vt 0.166667 0.000000
vt 0.166667 0.200000
vt -0.000000 0.200000
vt 0.166667 0.400000
vt -0.000000 0.400000
vt 0.333333 0.600000
vt 0.333333 0.800000
vt 0.333333 1.000000
vt 0.333333 0.000000
vt 0.333333 0.200000
vt 0.333333 0.400000
s 1
usemtl Material.001
f 5185/6552/2438 5190/6553/2438 5191/6554/2438 5186/6555/2438
f 5186/6555/2439 5191/6554/2439 5192/6556/2439 5187/6557/2439
f 5187/6558/2440 5192/6559/2440 5193/6560/2440 5188/6561/2440
f 5188/6561/2441 5193/6560/2441 5194/6562/2441 5189/6563/2441
f 5189/6563/2442 5194/6562/2442 5190/6553/2442 5185/6552/2442
f 5190/6553/2443 5195/6564/2443 5196/6565/2443 5191/6554/2443
f 5191/6554/2444 5196/6565/2444 5197/6566/2444 5192/6556/2444
f 5192/6559/2445 5197/6567/2445 5198/6568/2445 5193/6560/2445
f 5193/6560/2446 5198/6568/2446 5199/6569/2446 5194/6562/2446
f 5194/6562/2447 5199/6569/2447 5195/6564/2447 5190/6553/2447
f 5195/6564/2448 5200/6570/2448 5201/6571/2448 5196/6565/2448
f 5196/6565/2449 5201/6571/2449 5202/6572/2449 5197/6566/2449
f 5197/6567/2450 5202/6573/2450 5203/6574/2450 5198/6568/2450
f 5198/6568/2451 5203/6574/2451 5204/6575/2451 5199/6569/2451
f 5199/6569/2452 5204/6575/2452 5200/6570/2452 5195/6564/2452
f 5200/6576/2453 5205/6577/2453 5206/6578/2453 5201/6579/2453
f 5201/6579/2454 5206/6578/2454 5207/6580/2454 5202/6581/2454
f 5202/6582/2455 5207/6583/2455 5208/6584/2455 5203/6585/2455
f 5203/6585/2456 5208/6584/2456 5209/6586/2456 5204/6587/2456
f 5204/6587/2457 5209/6586/2457 5205/6577/2457 5200/6576/2457
f 5205/6577/2458 5210/6588/2458 5211/6589/2458 5206/6578/2458
f 5206/6578/2459 5211/6589/2459 5212/6590/2459 5207/6580/2459
f 5207/6583/2460 5212/6591/2460 5213/6592/2460 5208/6584/2460
f 5208/6584/2461 5213/6592/2461 5214/6593/2461 5209/6586/2461
f 5209/6586/2462 5214/6593/2462 5210/6588/2462 5205/6577/2462
f 5210/6588/2463 5185/6552/2463 5186/6555/2463 5211/6589/2463
f 5211/6589/2464 5186/6555/2464 5187/6557/2464 5212/6590/2464
f 5212/6591/2465 5187/6558/2465 5188/6561/2465 5213/6592/2465
f 5213/6592/2466 5188/6561/2466 5189/6563/2466 5214/6593/2466
f 5214/6593/2467 5189/6563/2467 5185/6552/2467 5210/6588/2467
o Torus.004
v 0.000000 9.116940 -0.000001
v 0.163841 9.380597 -0.000001
v 0.101259 9.807203 -0.000001
v -0.101259 9.807203 -0.000001
v -0.163841 9.380597 -0.000001
v 0.000000 9.640462 -1.082533
v 0.237764 9.831770 -0.932931
v 0.146946 10.141313 -0.690869
v -0.146946 10.141313 -0.690869
v -0.237764 9.831770 -0.932931
v 0.000000 12.409099 -1.082533
v 0.237764 12.217791 -0.932931
v 0.146946 11.908247 -0.690869
v -0.146946 11.908247 -0.690869
v -0.237764 12.217791 -0.932931
v 0.000000 12.932621 -0.000001
v 0.163841 12.668963 -0.000001
v 0.101259 12.242357 -0.000001
v -0.101259 12.242357 -0.000001
v -0.163841 12.668963 -0.000001
v 0.000000 12.409099 1.082531
v 0.237764 12.217791 0.932929
v 0.146946 11.908247 0.690867
v -0.146946 11.908247 0.690867
v -0.237764 12.217791 0.932929
v 0.000000 9.640462 1.082531
v 0.237764 9.831770 0.932929
v 0.146946 10.141313 0.690867
v -0.146946 10.141313 0.690867
v -0.237764 9.831770 0.932929
vn 0.7649 -0.5905 -0.2575
vn 0.9769 0.1552 0.1470
vn -0.0000 0.9003 0.4354
vn -0.9769 0.1552 0.1470
vn -0.7649 -0.5905 -0.2575
vn 0.5326 -0.0000 -0.8464
vn 0.9363 -0.0000 0.3513
vn -0.0000 -0.0000 1.0000
vn -0.9363 -0.0000 0.3513
vn -0.5326 -0.0000 -0.8464
vn 0.7649 0.5905 -0.2575
vn 0.9769 -0.1552 0.1470
vn -0.0000 -0.9003 0.4354
vn -0.9769 -0.1552 0.1470
vn -0.7649 0.5905 -0.2575
vn 0.7649 0.5905 0.2575
vn 0.9769 -0.1552 -0.1470
vn -0.0000 -0.9003 -0.4354
vn -0.9769 -0.1552 -0.1470
vn -0.7649 0.5905 0.2575
vn 0.5326 -0.0000 0.8464
vn 0.9363 -0.0000 -0.3513
vn -0.0000 -0.0000 -1.0000
vn -0.9363 -0.0000 -0.3513
vn -0.5326 -0.0000 0.8464
vn 0.7649 -0.5905 0.2575
vn 0.9769 0.1552 -0.1470
vn -0.0000 0.9003 -0.4354
vn -0.9769 0.1552 -0.1470
vn -0.7649 -0.5905 0.2575
vt 0.500000 0.600000
vt 0.666667 0.600000
vt 0.666667 0.800000
vt 0.500000 0.800000
vt 0.666667 1.000000
vt 0.500000 1.000000
vt 0.500000 0.000000
vt 0.666667 0.000000
vt 0.666667 0.200000
vt 0.500000 0.200000
vt 0.666667 0.400000
vt 0.500000 0.400000
vt 0.833333 0.600000
vt 0.833333 0.800000
vt 0.833333 1.000000
vt 0.833333 0.000000
vt 0.833333 0.200000
vt 0.833333 0.400000
vt 1.000000 0.600000
vt 1.000000 0.800000
vt 1.000000 1.000000
vt 1.000000 0.000000
vt 1.000000 0.200000
vt 1.000000 0.400000
vt -0.000000 0.600000
vt 0.166667 0.600000
vt 0.166667 0.800000
vt -0.000000 0.800000
vt 0.166667 1.000000
vt -0.000000 1.000000
vt -0.000000 0.000000
vt 0.166667 0.000000
vt 0.166667 0.200000
vt -0.000000 0.200000
vt 0.166667 0.400000
vt -0.000000 0.400000
vt 0.333333 0.600000
vt 0.333333 0.800000
vt 0.333333 1.000000
vt 0.333333 0.000000
vt 0.333333 0.200000
vt 0.333333 0.400000
s 1
usemtl Material.001
f 5215/6594/2468 5220/6595/2468 5221/6596/2468 5216/6597/2468
f 5216/6597/2469 5221/6596/2469 5222/6598/2469 5217/6599/2469
f 5217/6600/2470 5222/6601/2470 5223/6602/2470 5218/6603/2470
f 5218/6603/2471 5223/6602/2471 5224/6604/2471 5219/6605/2471
f 5219/6605/2472 5224/6604/2472 5220/6595/2472 5215/6594/2472
f 5220/6595/2473 5225/6606/2473 5226/6607/2473 5221/6596/2473
f 5221/6596/2474 5226/6607/2474 5227/6608/2474 5222/6598/2474
f 5222/6601/2475 5227/6609/2475 5228/6610/2475 5223/6602/2475
f 5223/6602/2476 5228/6610/2476 5229/6611/2476 5224/6604/2476
f 5224/6604/2477 5229/6611/2477 5225/6606/2477 5220/6595/2477
f 5225/6606/2478 5230/6612/2478 5231/6613/2478 5226/6607/2478
f 5226/6607/2479 5231/6613/2479 5232/6614/2479 5227/6608/2479
f 5227/6609/2480 5232/6615/2480 5233/6616/2480 5228/6610/2480
f 5228/6610/2481 5233/6616/2481 5234/6617/2481 5229/6611/2481
f 5229/6611/2482 5234/6617/2482 5230/6612/2482 5225/6606/2482
f 5230/6618/2483 5235/6619/2483 5236/6620/2483 5231/6621/2483
f 5231/6621/2484 5236/6620/2484 5237/6622/2484 5232/6623/2484
f 5232/6624/2485 5237/6625/2485 5238/6626/2485 5233/6627/2485
f 5233/6627/2486 5238/6626/2486 5239/6628/2486 5234/6629/2486
f 5234/6629/2487 5239/6628/2487 5235/6619/2487 5230/6618/2487
f 5235/6619/2488 5240/6630/2488 5241/6631/2488 5236/6620/2488
f 5236/6620/2489 5241/6631/2489 5242/6632/2489 5237/6622/2489
f 5237/6625/2490 5242/6633/2490 5243/6634/2490 5238/6626/2490
f 5238/6626/2491 5243/6634/2491 5244/6635/2491 5239/6628/2491
f 5239/6628/2492 5244/6635/2492 5240/6630/2492 5235/6619/2492
f 5240/6630/2493 5215/6594/2493 5216/6597/2493 5241/6631/2493
f 5241/6631/2494 5216/6597/2494 5217/6599/2494 5242/6632/2494
f 5242/6633/2495 5217/6600/2495 5218/6603/2495 5243/6634/2495
f 5243/6634/2496 5218/6603/2496 5219/6605/2496 5244/6635/2496
f 5244/6635/2497 5219/6605/2497 5215/6594/2497 5240/6630/2497
o Torus.005
v 0.000000 11.316938 -0.000001
v 0.000000 11.580596 -0.163842
v 0.000000 12.007202 -0.101260
v 0.000000 12.007202 0.101258
v 0.000000 11.580596 0.163840
v -1.082532 11.840461 -0.000001
v -0.932930 12.031769 -0.237765
v -0.690868 12.341311 -0.146947
v -0.690868 12.341311 0.146945
v -0.932930 12.031769 0.237763
v -1.082532 14.609097 -0.000001
v -0.932930 14.417789 -0.237765
v -0.690868 14.108246 -0.146947
v -0.690868 14.108246 0.146945
v -0.932930 14.417789 0.237763
v 0.000000 15.132620 -0.000001
v 0.000000 14.868962 -0.163842
v 0.000000 14.442356 -0.101260
v 0.000000 14.442356 0.101258
v 0.000000 14.868962 0.163840
v 1.082532 14.609097 -0.000001
v 0.932930 14.417789 -0.237765
v 0.690868 14.108246 -0.146947
v 0.690868 14.108246 0.146945
v 0.932930 14.417789 0.237763
v 1.082532 11.840461 -0.000001
v 0.932930 12.031769 -0.237765
v 0.690868 12.341311 -0.146947
v 0.690868 12.341311 0.146945
v 0.932930 12.031769 0.237763
vn -0.2575 -0.5905 -0.7649
vn 0.1470 0.1552 -0.9769
vn 0.4354 0.9003 -0.0000
vn 0.1470 0.1552 0.9769
vn -0.2575 -0.5905 0.7649
vn -0.8464 -0.0000 -0.5326
vn 0.3513 -0.0000 -0.9363
vn 1.0000 -0.0000 -0.0000
vn 0.3513 -0.0000 0.9363
vn -0.8464 -0.0000 0.5326
vn -0.2575 0.5905 -0.7649
vn 0.1470 -0.1552 -0.9769
vn 0.4354 -0.9003 -0.0000
vn 0.1470 -0.1552 0.9769
vn -0.2575 0.5905 0.7649
vn 0.2575 0.5905 -0.7649
vn -0.1470 -0.1552 -0.9769
vn -0.4354 -0.9003 -0.0000
vn -0.1470 -0.1552 0.9769
vn 0.2575 0.5905 0.7649
vn 0.8464 -0.0000 -0.5326
vn -0.3513 -0.0000 -0.9363
vn -1.0000 -0.0000 -0.0000
vn -0.3513 -0.0000 0.9363
vn 0.8464 -0.0000 0.5326
vn 0.2575 -0.5905 -0.7649
vn -0.1470 0.1552 -0.9769
vn -0.4354 0.9003 -0.0000
vn -0.1470 0.1552 0.9769
vn 0.2575 -0.5905 0.7649
vt 0.500000 0.600000
vt 0.666667 0.600000
vt 0.666667 0.800000
vt 0.500000 0.800000
vt 0.666667 1.000000
vt 0.500000 1.000000
vt 0.500000 0.000000
vt 0.666667 0.000000
vt 0.666667 0.200000
vt 0.500000 0.200000
vt 0.666667 0.400000
vt 0.500000 0.400000
vt 0.833333 0.600000
vt 0.833333 0.800000
vt 0.833333 1.000000
vt 0.833333 0.000000
vt 0.833333 0.200000
vt 0.833333 0.400000
vt 1.000000 0.600000
vt 1.000000 0.800000
vt 1.000000 1.000000
vt 1.000000 0.000000
vt 1.000000 0.200000
vt 1.000000 0.400000
vt -0.000000 0.600000
vt 0.166667 0.600000
vt 0.166667 0.800000
vt -0.000000 0.800000
vt 0.166667 1.000000
vt -0.000000 1.000000
vt -0.000000 0.000000
vt 0.166667 0.000000
vt 0.166667 0.200000
vt -0.000000 0.200000
vt 0.166667 0.400000
vt -0.000000 0.400000
vt 0.333333 0.600000
vt 0.333333 0.800000
vt 0.333333 1.000000
vt 0.333333 0.000000
vt 0.333333 0.200000
vt 0.333333 0.400000
s 1
usemtl Material.001
f 5245/6636/2498 5250/6637/2498 5251/6638/2498 5246/6639/2498
f 5246/6639/2499 5251/6638/2499 5252/6640/2499 5247/6641/2499
f 5247/6642/2500 5252/6643/2500 5253/6644/2500 5248/6645/2500
f 5248/6645/2501 5253/6644/2501 5254/6646/2501 5249/6647/2501
f 5249/6647/2502 5254/6646/2502 5250/6637/2502 5245/6636/2502
f 5250/6637/2503 5255/6648/2503 5256/6649/2503 5251/6638/2503
f 5251/6638/2504 5256/6649/2504 5257/6650/2504 5252/6640/2504
f 5252/6643/2505 5257/6651/2505 5258/6652/2505 5253/6644/2505
f 5253/6644/2506 5258/6652/2506 5259/6653/2506 5254/6646/2506
f 5254/6646/2507 5259/6653/2507 5255/6648/2507 5250/6637/2507
f 5255/6648/2508 5260/6654/2508 5261/6655/2508 5256/6649/2508
f 5256/6649/2509 5261/6655/2509 5262/6656/2509 5257/6650/2509
f 5257/6651/2510 5262/6657/2510 5263/6658/2510 5258/6652/2510
f 5258/6652/2511 5263/6658/2511 5264/6659/2511 5259/6653/2511
f 5259/6653/2512 5264/6659/2512 5260/6654/2512 5255/6648/2512
f 5260/6660/2513 5265/6661/2513 5266/6662/2513 5261/6663/2513
f 5261/6663/2514 5266/6662/2514 5267/6664/2514 5262/6665/2514
f 5262/6666/2515 5267/6667/2515 5268/6668/2515 5263/6669/2515
f 5263/6669/2516 5268/6668/2516 5269/6670/2516 5264/6671/2516
f 5264/6671/2517 5269/6670/2517 5265/6661/2517 5260/6660/2517
f 5265/6661/2518 5270/6672/2518 5271/6673/2518 5266/6662/2518
f 5266/6662/2519 5271/6673/2519 5272/6674/2519 5267/6664/2519
f 5267/6667/2520 5272/6675/2520 5273/6676/2520 5268/6668/2520
f 5268/6668/2521 5273/6676/2521 5274/6677/2521 5269/6670/2521
f 5269/6670/2522 5274/6677/2522 5270/6672/2522 5265/6661/2522
f 5270/6672/2523 5245/6636/2523 5246/6639/2523 5271/6673/2523
f 5271/6673/2524 5246/6639/2524 5247/6641/2524 5272/6674/2524
f 5272/6675/2525 5247/6642/2525 5248/6645/2525 5273/6676/2525
f 5273/6676/2526 5248/6645/2526 5249/6647/2526 5274/6677/2526
f 5274/6677/2527 5249/6647/2527 5245/6636/2527 5270/6672/2527
o Torus.006
v 0.000000 13.516939 -0.000001
v 0.163841 13.780597 -0.000001
v 0.101259 14.207203 -0.000001
v -0.101259 14.207203 -0.000001
v -0.163841 13.780597 -0.000001
v 0.000000 14.040462 -1.082533
v 0.237764 14.231770 -0.932931
v 0.146946 14.541312 -0.690869
v -0.146946 14.541312 -0.690869
v -0.237764 14.231770 -0.932931
v 0.000000 16.809097 -1.082533
v 0.237764 16.617790 -0.932931
v 0.146946 16.308247 -0.690869
v -0.146946 16.308247 -0.690869
v -0.237764 16.617790 -0.932931
v 0.000000 17.332621 -0.000001
v 0.163841 17.068964 -0.000001
v 0.101259 16.642357 -0.000001
v -0.101259 16.642357 -0.000001
v -0.163841 17.068964 -0.000001
v 0.000000 16.809097 1.082531
v 0.237764 16.617790 0.932929
v 0.146946 16.308247 0.690867
v -0.146946 16.308247 0.690867
v -0.237764 16.617790 0.932929
v 0.000000 14.040462 1.082531
v 0.237764 14.231770 0.932929
v 0.146946 14.541312 0.690867
v -0.146946 14.541312 0.690867
v -0.237764 14.231770 0.932929
vn 0.7649 -0.5905 -0.2575
vn 0.9769 0.1552 0.1470
vn -0.0000 0.9003 0.4354
vn -0.9769 0.1552 0.1470
vn -0.7649 -0.5905 -0.2575
vn 0.5326 -0.0000 -0.8464
vn 0.9363 -0.0000 0.3513
vn -0.0000 -0.0000 1.0000
vn -0.9363 -0.0000 0.3513
vn -0.5326 -0.0000 -0.8464
vn 0.7649 0.5905 -0.2575
vn 0.9769 -0.1552 0.1470
vn -0.0000 -0.9003 0.4354
vn -0.9769 -0.1552 0.1470
vn -0.7649 0.5905 -0.2575
vn 0.7649 0.5905 0.2575
vn 0.9769 -0.1552 -0.1470
vn -0.0000 -0.9003 -0.4354
vn -0.9769 -0.1552 -0.1470
vn -0.7649 0.5905 0.2575
vn 0.5326 -0.0000 0.8464
vn 0.9363 -0.0000 -0.3513
vn -0.0000 -0.0000 -1.0000
vn -0.9363 -0.0000 -0.3513
vn -0.5326 -0.0000 0.8464
vn 0.7649 -0.5905 0.2575
vn 0.9769 0.1552 -0.1470
vn -0.0000 0.9003 -0.4354
vn -0.9769 0.1552 -0.1470
vn -0.7649 -0.5905 0.2575
vt 0.500000 0.600000
vt 0.666667 0.600000
vt 0.666667 0.800000
vt 0.500000 0.800000
vt 0.666667 1.000000
vt 0.500000 1.000000
vt 0.500000 0.000000
vt 0.666667 0.000000
vt 0.666667 0.200000
vt 0.500000 0.200000
vt 0.666667 0.400000
vt 0.500000 0.400000
vt 0.833333 0.600000
vt 0.833333 0.800000
vt 0.833333 1.000000
vt 0.833333 0.000000
vt 0.833333 0.200000
vt 0.833333 0.400000
vt 1.000000 0.600000
vt 1.000000 0.800000
vt 1.000000 1.000000
vt 1.000000 0.000000
vt 1.000000 0.200000
vt 1.000000 0.400000
vt -0.000000 0.600000
vt 0.166667 0.600000
vt 0.166667 0.800000
vt -0.000000 0.800000
vt 0.166667 1.000000
vt -0.000000 1.000000
vt -0.000000 0.000000
vt 0.166667 0.000000
vt 0.166667 0.200000
vt -0.000000 0.200000
vt 0.166667 0.400000
vt -0.000000 0.400000
vt 0.333333 0.600000
vt 0.333333 0.800000
vt 0.333333 1.000000
vt 0.333333 0.000000
vt 0.333333 0.200000
vt 0.333333 0.400000
s 1
usemtl Material.001
f 5275/6678/2528 5280/6679/2528 5281/6680/2528 5276/6681/2528
f 5276/6681/2529 5281/6680/2529 5282/6682/2529 5277/6683/2529
f 5277/6684/2530 5282/6685/2530 5283/6686/2530 5278/6687/2530
f 5278/6687/2531 5283/6686/2531 5284/6688/2531 5279/6689/2531
f 5279/6689/2532 5284/6688/2532 5280/6679/2532 5275/6678/2532
f 5280/6679/2533 5285/6690/2533 5286/6691/2533 5281/6680/2533
f 5281/6680/2534 5286/6691/2534 5287/6692/2534 5282/6682/2534
f 5282/6685/2535 5287/6693/2535 5288/6694/2535 5283/6686/2535
f 5283/6686/2536 5288/6694/2536 5289/6695/2536 5284/6688/2536
f 5284/6688/2537 5289/6695/2537 5285/6690/2537 5280/6679/2537
f 5285/6690/2538 5290/6696/2538 5291/6697/2538 5286/6691/2538
f 5286/6691/2539 5291/6697/2539 5292/6698/2539 5287/6692/2539
f 5287/6693/2540 5292/6699/2540 5293/6700/2540 5288/6694/2540
f 5288/6694/2541 5293/6700/2541 5294/6701/2541 5289/6695/2541
f 5289/6695/2542 5294/6701/2542 5290/6696/2542 5285/6690/2542
f 5290/6702/2543 5295/6703/2543 5296/6704/2543 5291/6705/2543
f 5291/6705/2544 5296/6704/2544 5297/6706/2544 5292/6707/2544
f 5292/6708/2545 5297/6709/2545 5298/6710/2545 5293/6711/2545
f 5293/6711/2546 5298/6710/2546 5299/6712/2546 5294/6713/2546
f 5294/6713/2547 5299/6712/2547 5295/6703/2547 5290/6702/2547
f 5295/6703/2548 5300/6714/2548 5301/6715/2548 5296/6704/2548
f 5296/6704/2549 5301/6715/2549 5302/6716/2549 5297/6706/2549
f 5297/6709/2550 5302/6717/2550 5303/6718/2550 5298/6710/2550
f 5298/6710/2551 5303/6718/2551 5304/6719/2551 5299/6712/2551
f 5299/6712/2552 5304/6719/2552 5300/6714/2552 5295/6703/2552
f 5300/6714/2553 5275/6678/2553 5276/6681/2553 5301/6715/2553
f 5301/6715/2554 5276/6681/2554 5277/6683/2554 5302/6716/2554
f 5302/6717/2555 5277/6684/2555 5278/6687/2555 5303/6718/2555
f 5303/6718/2556 5278/6687/2556 5279/6689/2556 5304/6719/2556
f 5304/6719/2557 5279/6689/2557 5275/6678/2557 5300/6714/2557
o Torus.007
v 0.000000 15.716938 -0.000001
v 0.000000 15.980596 -0.163842
v 0.000000 16.407202 -0.101260
v 0.000000 16.407202 0.101258
v 0.000000 15.980596 0.163840
v -1.082532 16.240459 -0.000001
v -0.932930 16.431768 -0.237765
v -0.690868 16.741312 -0.146947
v -0.690868 16.741312 0.146945
v -0.932930 16.431768 0.237763
v -1.082532 19.009096 -0.000001
v -0.932930 18.817789 -0.237765
v -0.690868 18.508245 -0.146947
v -0.690868 18.508245 0.146945
v -0.932930 18.817789 0.237763
v 0.000000 19.532619 -0.000001
v 0.000000 19.268963 -0.163842
v 0.000000 18.842356 -0.101260
v 0.000000 18.842356 0.101258
v 0.000000 19.268963 0.163840
v 1.082532 19.009096 -0.000001
v 0.932930 18.817789 -0.237765
v 0.690868 18.508245 -0.146947
v 0.690868 18.508245 0.146945
v 0.932930 18.817789 0.237763
v 1.082532 16.240461 -0.000001
v 0.932930 16.431768 -0.237765
v 0.690868 16.741312 -0.146947
v 0.690868 16.741312 0.146945
v 0.932930 16.431768 0.237763
vn -0.2575 -0.5905 -0.7649
vn 0.1470 0.1552 -0.9769
vn 0.4354 0.9003 -0.0000
vn 0.1470 0.1552 0.9769
vn -0.2575 -0.5905 0.7649
vn -0.8464 -0.0000 -0.5326
vn 0.3513 -0.0000 -0.9363
vn 1.0000 -0.0000 -0.0000
vn 0.3513 -0.0000 0.9363
vn -0.8464 -0.0000 0.5326
vn -0.2575 0.5905 -0.7649
vn 0.1470 -0.1552 -0.9769
vn 0.4354 -0.9003 -0.0000
vn 0.1470 -0.1552 0.9769
vn -0.2575 0.5905 0.7649
vn 0.2575 0.5905 -0.7649
vn -0.1470 -0.1552 -0.9769
vn -0.4354 -0.9003 -0.0000
vn -0.1470 -0.1552 0.9769
vn 0.2575 0.5905 0.7649
vn 0.8464 -0.0000 -0.5326
vn -0.3513 -0.0000 -0.9363
vn -1.0000 -0.0000 -0.0000
vn -0.3513 -0.0000 0.9363
vn 0.8464 -0.0000 0.5326
vn 0.2575 -0.5905 -0.7649
vn -0.1470 0.1552 -0.9769
vn -0.4354 0.9003 -0.0000
vn -0.1470 0.1552 0.9769
vn 0.2575 -0.5905 0.7649
vt 0.500000 0.600000
vt 0.666667 0.600000
vt 0.666667 0.800000
vt 0.500000 0.800000
vt 0.666667 1.000000
vt 0.500000 1.000000
vt 0.500000 0.000000
vt 0.666667 0.000000
vt 0.666667 0.200000
vt 0.500000 0.200000
vt 0.666667 0.400000
vt 0.500000 0.400000
vt 0.833333 0.600000
vt 0.833333 0.800000
vt 0.833333 1.000000
vt 0.833333 0.000000
vt 0.833333 0.200000
vt 0.833333 0.400000
vt 1.000000 0.600000
vt 1.000000 0.800000
vt 1.000000 1.000000
vt 1.000000 0.000000
vt 1.000000 0.200000
vt 1.000000 0.400000
vt -0.000000 0.600000
vt 0.166667 0.600000
vt 0.166667 0.800000
vt -0.000000 0.800000
vt 0.166667 1.000000
vt -0.000000 1.000000
vt -0.000000 0.000000
vt 0.166667 0.000000
vt 0.166667 0.200000
vt -0.000000 0.200000
vt 0.166667 0.400000
vt -0.000000 0.400000
vt 0.333333 0.600000
vt 0.333333 0.800000
vt 0.333333 1.000000
vt 0.333333 0.000000
vt 0.333333 0.200000
vt 0.333333 0.400000
s 1
usemtl Material.001
f 5305/6720/2558 5310/6721/2558 5311/6722/2558 5306/6723/2558
f 5306/6723/2559 5311/6722/2559 5312/6724/2559 5307/6725/2559
f 5307/6726/2560 5312/6727/2560 5313/6728/2560 5308/6729/2560
f 5308/6729/2561 5313/6728/2561 5314/6730/2561 5309/6731/2561
f 5309/6731/2562 5314/6730/2562 5310/6721/2562 5305/6720/2562
f 5310/6721/2563 5315/6732/2563 5316/6733/2563 5311/6722/2563
f 5311/6722/2564 5316/6733/2564 5317/6734/2564 5312/6724/2564
f 5312/6727/2565 5317/6735/2565 5318/6736/2565 5313/6728/2565
f 5313/6728/2566 5318/6736/2566 5319/6737/2566 5314/6730/2566
f 5314/6730/2567 5319/6737/2567 5315/6732/2567 5310/6721/2567
f 5315/6732/2568 5320/6738/2568 5321/6739/2568 5316/6733/2568
f 5316/6733/2569 5321/6739/2569 5322/6740/2569 5317/6734/2569
f 5317/6735/2570 5322/6741/2570 5323/6742/2570 5318/6736/2570
f 5318/6736/2571 5323/6742/2571 5324/6743/2571 5319/6737/2571
f 5319/6737/2572 5324/6743/2572 5320/6738/2572 5315/6732/2572
f 5320/6744/2573 5325/6745/2573 5326/6746/2573 5321/6747/2573
f 5321/6747/2574 5326/6746/2574 5327/6748/2574 5322/6749/2574
f 5322/6750/2575 5327/6751/2575 5328/6752/2575 5323/6753/2575
f 5323/6753/2576 5328/6752/2576 5329/6754/2576 5324/6755/2576
f 5324/6755/2577 5329/6754/2577 5325/6745/2577 5320/6744/2577
f 5325/6745/2578 5330/6756/2578 5331/6757/2578 5326/6746/2578
f 5326/6746/2579 5331/6757/2579 5332/6758/2579 5327/6748/2579
f 5327/6751/2580 5332/6759/2580 5333/6760/2580 5328/6752/2580
f 5328/6752/2581 5333/6760/2581 5334/6761/2581 5329/6754/2581
f 5329/6754/2582 5334/6761/2582 5330/6756/2582 5325/6745/2582
f 5330/6756/2583 5305/6720/2583 5306/6723/2583 5331/6757/2583
f 5331/6757/2584 5306/6723/2584 5307/6725/2584 5332/6758/2584
f 5332/6759/2585 5307/6726/2585 5308/6729/2585 5333/6760/2585
f 5333/6760/2586 5308/6729/2586 5309/6731/2586 5334/6761/2586
f 5334/6761/2587 5309/6731/2587 5305/6720/2587 5330/6756/2587
