# Blender 5.0.1
# www.blender.org
mtllib StoneWall.mtl
o Cube
v -4.888858 -2.018497 -0.450000
v -4.793859 -2.012530 -0.500000
v -4.794312 -2.063615 -0.450000
v -4.861034 -2.015513 -0.485355
v -4.848405 -2.044841 -0.478868
v -4.792166 -2.048558 -0.485341
v -4.861166 -2.052422 -0.450000
v -4.888858 -1.118497 -0.450000
v -4.795396 -1.077456 -0.450005
v -4.793859 -1.128231 -0.500000
v -4.861484 -1.085765 -0.450002
v -4.848300 -1.094041 -0.478869
v -4.791101 -1.092700 -0.485359
v -4.861034 -1.123363 -0.485355
v -3.083858 -2.017551 -0.500000
v -2.988858 -2.018497 -0.450000
v -3.083858 -2.068496 -0.450000
v -3.016683 -2.018024 -0.485355
v -3.029010 -2.047164 -0.478867
v -3.016683 -2.054048 -0.450000
v -3.083858 -2.053380 -0.485355
v -3.083858 -1.118914 -0.500000
v -3.083858 -1.068496 -0.449991
v -2.988858 -1.118497 -0.450000
v -3.083858 -1.083259 -0.485346
v -3.029009 -1.089717 -0.478866
v -3.016683 -1.083141 -0.449996
v -3.016683 -1.118705 -0.485355
v -3.199970 -2.068496 -0.450000
v -3.199970 -2.017514 -0.500000
v -3.199970 -2.053564 -0.485355
v -3.411081 -2.053772 -0.451269
v -3.411081 -1.991222 -0.500000
v -3.411081 -2.030688 -0.485727
v -3.622192 -2.068496 -0.450000
v -3.622192 -2.017409 -0.500000
v -3.622192 -2.053533 -0.485355
v -3.833303 -2.058896 -0.450581
v -3.833303 -2.000071 -0.500000
v -3.833303 -2.038481 -0.485525
v -4.044414 -2.068496 -0.450000
v -4.044414 -2.017272 -0.500000
v -4.044414 -2.053493 -0.485355
v -4.255525 -2.046125 -0.452541
v -4.255525 -1.978167 -0.500000
v -4.255525 -2.019312 -0.486099
v -4.466636 -2.068496 -0.450000
v -4.466636 -2.017301 -0.500000
v -4.466636 -2.053502 -0.485355
v -4.677747 -2.006501 -0.500000
v -4.677747 -2.062478 -0.450236
v -4.677747 -2.044060 -0.485424
v -4.677747 -1.079772 -0.450789
v -4.677747 -1.139354 -0.500000
v -4.677747 -1.100936 -0.485586
v -4.466636 -1.068496 -0.450006
v -4.466636 -1.119092 -0.500000
v -4.466636 -1.083315 -0.485357
v -4.255525 -1.078103 -0.450588
v -4.255525 -1.136358 -0.500000
v -4.255525 -1.098353 -0.485527
v -4.044414 -1.068496 -0.450009
v -4.044414 -1.119022 -0.500000
v -4.044414 -1.083295 -0.485358
v -3.833303 -1.068496 -0.450011
v -3.833303 -1.119004 -0.500000
v -3.833303 -1.083290 -0.485358
v -3.622192 -1.081802 -0.451074
v -3.622192 -1.142756 -0.500000
v -3.622192 -1.103992 -0.485670
v -3.411081 -1.079088 -0.450689
v -3.411081 -1.137997 -0.500000
v -3.411081 -1.099844 -0.485557
v -3.199970 -1.118930 -0.500000
v -3.199970 -1.068496 -0.449991
v -3.199970 -1.083268 -0.485353
v -4.793859 -1.179608 -0.500000
v -4.888858 -1.179608 -0.450000
v -4.861034 -1.179608 -0.485355
v -4.793859 -1.290719 -0.500000
v -4.888858 -1.290719 -0.450000
v -4.861034 -1.290719 -0.485355
v -4.793859 -1.401829 -0.500000
v -4.888858 -1.401829 -0.450000
v -4.861034 -1.401829 -0.485355
v -4.793859 -1.512941 -0.500000
v -4.888858 -1.512941 -0.450000
v -4.861034 -1.512941 -0.485355
v -4.793859 -1.624052 -0.500000
v -4.888858 -1.624052 -0.450000
v -4.861034 -1.624052 -0.485355
v -4.793859 -1.735163 -0.500000
v -4.888858 -1.735163 -0.450000
v -4.861034 -1.735163 -0.485355
v -4.793859 -1.846274 -0.500000
v -4.888858 -1.846274 -0.450000
v -4.861034 -1.846274 -0.485355
v -4.888858 -1.957386 -0.450000
v -4.793859 -1.957386 -0.500000
v -4.861034 -1.957386 -0.485355
v -2.988858 -1.179608 -0.450000
v -3.083858 -1.179608 -0.500000
v -3.016683 -1.179608 -0.485355
v -2.988858 -1.290719 -0.450000
v -3.083858 -1.290719 -0.500000
v -3.016683 -1.290719 -0.485355
v -2.988858 -1.401829 -0.450000
v -3.083858 -1.401829 -0.500000
v -3.016683 -1.401829 -0.485355
v -2.988858 -1.512941 -0.450000
v -3.083858 -1.512941 -0.500000
v -3.016683 -1.512941 -0.485355
v -2.988858 -1.624052 -0.450000
v -3.083858 -1.624052 -0.500000
v -3.016683 -1.624052 -0.485355
v -2.988858 -1.735163 -0.450000
v -3.083858 -1.735163 -0.500000
v -3.016683 -1.735163 -0.485355
v -2.988858 -1.846274 -0.450000
v -3.083858 -1.846274 -0.500000
v -3.016683 -1.846274 -0.485355
v -3.083858 -1.957386 -0.500000
v -2.988858 -1.957386 -0.450000
v -3.016683 -1.957386 -0.485355
v -4.888858 -1.957386 -0.400000
v -4.888858 -2.018497 -0.400000
v -4.888858 -1.118497 -0.400000
v -4.888858 -1.179608 -0.400000
v -4.255525 -1.070226 -0.400000
v -4.428617 -1.070226 -0.400000
v -4.466636 -1.068496 -0.400000
v -4.044414 -1.068496 -0.400000
v -4.217146 -1.068496 -0.400000
v -3.833303 -1.068496 -0.400000
v -3.622192 -1.070874 -0.400000
v -3.795582 -1.070874 -0.400000
v -3.411081 -1.070401 -0.400000
v -3.199970 -1.068496 -0.400000
v -3.372690 -1.068496 -0.400000
v -4.639367 -1.068496 -0.400000
v -4.677747 -1.070521 -0.400000
v -4.773017 -1.070520 -0.400000
v -4.794138 -1.070125 -0.400000
v -2.988858 -1.179608 -0.400000
v -2.988858 -1.118497 -0.400000
v -3.083858 -1.068496 -0.400000
v -4.888858 -1.290719 -0.400000
v -3.199970 -2.068496 -0.400000
v -3.083858 -2.068496 -0.400000
v -3.237573 -2.065873 -0.400000
v -3.411081 -2.065873 -0.400000
v -3.592979 -2.066458 -0.400000
v -3.622192 -2.068496 -0.400000
v -3.660215 -2.066767 -0.400000
v -3.833303 -2.066767 -0.400000
v -4.014859 -2.067152 -0.400000
v -4.044414 -2.068496 -0.400000
v -4.081266 -2.064591 -0.400000
v -4.255525 -2.064591 -0.400000
v -4.438034 -2.065465 -0.400000
v -4.466636 -2.068496 -0.400000
v -4.504872 -2.067406 -0.400000
v -4.677747 -2.067406 -0.400000
v -4.793941 -2.067609 -0.400000
v -4.888858 -1.846274 -0.400000
v -4.888858 -1.735163 -0.400000
v -4.888858 -1.624052 -0.400000
v -4.888858 -1.512941 -0.400000
v -4.888858 -1.401829 -0.400000
v -2.988858 -2.018497 -0.400000
v -2.988858 -1.957386 -0.400000
v -2.988858 -1.846274 -0.400000
v -2.988858 -1.735163 -0.400000
v -2.988858 -1.624052 -0.400000
v -2.988858 -1.512941 -0.400000
v -2.988858 -1.401829 -0.400000
v -2.988858 -1.290719 -0.400000
v -4.806154 -1.071636 -0.400000
v -4.861116 -1.083618 -0.400000
v -4.866093 -1.089569 -0.400000
v -3.016683 -2.053887 -0.400000
v -4.848903 -2.055627 -0.400000
v -4.861058 -2.053592 -0.400000
v -4.883823 -2.024665 -0.400000
v -3.016683 -1.083141 -0.400000
vn -1.0000 -0.0000 -0.0000
vn 0.0267 0.9976 -0.0640
vn -0.0266 0.9954 -0.0919
vn -0.0000 1.0000 -0.0000
vn 0.0367 0.9954 -0.0884
vn -0.0072 0.9819 -0.1893
vn -0.0293 0.9944 -0.1012
vn -0.0311 0.9937 -0.1075
vn 0.0109 0.9872 -0.1594
vn 1.0000 -0.0000 -0.0000
vn -0.0000 -0.0000 -1.0000
vn -0.0000 -1.0000 -0.0000
vn -0.0405 -0.9944 -0.0977
vn 0.0405 -0.9939 -0.1023
vn -0.0267 -0.9976 -0.0640
vn 0.0267 -0.9974 -0.0671
vn -0.0604 -0.9873 -0.1468
vn 0.0603 -0.9863 -0.1536
vn -0.0168 -0.9990 -0.0402
vn 0.0056 -0.9960 -0.0887
vn -0.6947 -0.4963 -0.5207
vn -0.1608 -0.3356 -0.9282
vn -0.1308 -0.9251 -0.3565
vn -0.6818 0.4968 -0.5370
vn -0.0917 0.9267 -0.3644
vn -0.1483 0.3382 -0.9293
vn 0.1761 -0.3345 -0.9258
vn 0.7117 -0.4920 -0.5013
vn 0.1745 -0.9208 -0.3489
vn 0.1773 0.3363 -0.9249
vn 0.1777 0.9232 -0.3408
vn 0.7124 0.4948 -0.4976
vn -0.1609 0.9820 -0.0994
vn -0.7750 0.6318 -0.0127
vn -0.2130 -0.0000 -0.9771
vn -0.7858 -0.0000 -0.6184
vn 0.0214 -0.9035 -0.4282
vn 0.0165 -0.3688 -0.9293
vn -0.0000 0.9228 -0.3854
vn -0.0000 0.3800 -0.9250
vn 0.7858 -0.0000 -0.6185
vn 0.2130 -0.0000 -0.9771
vn 0.2114 -0.9774 0.0016
vn 0.7868 -0.6172 0.0010
vn 0.0007 -0.9203 -0.3911
vn 0.0002 -0.3774 -0.9261
vn -0.0761 -0.8757 -0.4768
vn -0.0408 -0.3573 -0.9331
vn 0.0760 -0.8755 -0.4771
vn 0.0406 -0.3570 -0.9332
vn -0.0513 -0.8921 -0.4489
vn -0.0275 -0.3638 -0.9311
vn 0.0512 -0.8919 -0.4494
vn 0.0273 -0.3634 -0.9312
vn -0.1098 -0.8498 -0.5156
vn -0.0583 -0.3456 -0.9366
vn 0.1098 -0.8498 -0.5155
vn 0.0584 -0.3457 -0.9365
vn -0.0328 -0.9033 -0.4278
vn -0.0175 -0.3683 -0.9296
vn 0.0386 0.8879 -0.4584
vn 0.0298 0.3646 -0.9307
vn -0.0597 0.8882 -0.4556
vn -0.0322 0.3645 -0.9307
vn 0.0514 0.8936 -0.4459
vn 0.0277 0.3669 -0.9298
vn -0.0514 0.8937 -0.4457
vn -0.0278 0.3671 -0.9298
vn -0.0000 0.9224 -0.3861
vn -0.0000 0.3793 -0.9253
vn 0.0695 0.8819 -0.4663
vn 0.0375 0.3623 -0.9313
vn -0.0132 0.8505 -0.5258
vn -0.0071 0.3504 -0.9366
vn -0.0564 0.8909 -0.4507
vn -0.0305 0.3665 -0.9299
vn -0.1847 -0.9818 -0.0449
vn -0.7793 -0.6266 -0.0053
vn 0.2130 0.9771 -0.0000
vn 0.7858 0.6184 -0.0000
vn -0.0000 -0.0000 1.0000
vt 0.402778 0.237500
vt 0.387500 0.237500
vt 0.387500 0.225000
vt 0.402778 0.225000
vt 0.612500 0.237500
vt 0.597222 0.237500
vt 0.597222 0.225000
vt 0.612500 0.225000
vt 0.791667 0.512353
vt 0.819444 0.512498
vt 0.819444 0.524999
vt 0.814436 0.524975
vt 0.791667 0.525000
vt 0.763889 0.512498
vt 0.786611 0.525027
vt 0.763889 0.525000
vt 0.736111 0.512497
vt 0.736111 0.525000
vt 0.708333 0.512232
vt 0.731136 0.524953
vt 0.708333 0.525000
vt 0.680556 0.512328
vt 0.680556 0.525000
vt 0.652778 0.512502
vt 0.675497 0.525032
vt 0.652778 0.525000
vt 0.847222 0.512303
vt 0.847222 0.525000
vt 0.842164 0.525036
vt 0.862611 0.512408
vt 0.862520 0.524984
vt 0.859745 0.524976
vt 0.597222 0.525000
vt 0.597222 0.512500
vt 0.612500 0.512500
vt 0.612500 0.525000
vt 0.637500 0.512502
vt 0.637500 0.525000
vt 0.388338 0.262500
vt 0.402778 0.262500
vt 0.430556 0.262500
vt 0.458333 0.262500
vt 0.486111 0.262500
vt 0.513889 0.262500
vt 0.541667 0.262500
vt 0.569444 0.262500
vt 0.597222 0.262500
vt 0.611275 0.262500
vt 0.609527 0.277778
vt 0.612351 0.305556
vt 0.610029 0.333333
vt 0.612369 0.361111
vt 0.612373 0.388889
vt 0.608943 0.416667
vt 0.609777 0.444444
vt 0.612392 0.472222
vt 0.612396 0.487500
vt 0.597222 0.487500
vt 0.569444 0.487500
vt 0.541667 0.487500
vt 0.513889 0.487500
vt 0.486111 0.487500
vt 0.458333 0.487500
vt 0.430556 0.487500
vt 0.402778 0.487500
vt 0.387736 0.487500
vt 0.387746 0.472222
vt 0.391705 0.444444
vt 0.387772 0.416667
vt 0.390140 0.388889
vt 0.387806 0.361111
vt 0.394767 0.333333
vt 0.387799 0.305556
vt 0.389163 0.277778
vt 0.569444 0.237500
vt 0.569444 0.225000
vt 0.347222 0.525000
vt 0.347222 0.512500
vt 0.362500 0.512500
vt 0.362500 0.525000
vt 0.319444 0.525000
vt 0.319444 0.512183
vt 0.342260 0.524942
vt 0.291667 0.525000
vt 0.291667 0.512500
vt 0.295518 0.524950
vt 0.263889 0.525000
vt 0.263889 0.512355
vt 0.286658 0.524975
vt 0.236111 0.525000
vt 0.236111 0.512500
vt 0.240003 0.524978
vt 0.208333 0.525000
vt 0.208333 0.511865
vt 0.231231 0.524871
vt 0.180556 0.525000
vt 0.180556 0.512500
vt 0.184335 0.524889
vt 0.152778 0.525000
vt 0.152778 0.512441
vt 0.175522 0.524990
vt 0.137494 0.524995
vt 0.137467 0.512473
vt 0.430556 0.237500
vt 0.430556 0.225000
vt 0.458333 0.237500
vt 0.458333 0.225000
vt 0.486111 0.237500
vt 0.486111 0.225000
vt 0.513889 0.237500
vt 0.513889 0.225000
vt 0.541667 0.237500
vt 0.541667 0.225000
vt 0.387500 0.525000
vt 0.387500 0.512500
vt 0.402778 0.512500
vt 0.402778 0.525000
vt 0.430556 0.512500
vt 0.430556 0.525000
vt 0.458333 0.512500
vt 0.458333 0.525000
vt 0.486111 0.512500
vt 0.486111 0.525000
vt 0.513889 0.512500
vt 0.513889 0.525000
vt 0.541667 0.512500
vt 0.541667 0.525000
vt 0.569444 0.512500
vt 0.569444 0.525000
vt 0.388246 0.250000
vt 0.380914 0.250000
vt 0.375000 0.237500
vt 0.375000 0.263086
vt 0.375000 0.255847
vt 0.125000 0.512500
vt 0.125000 0.505283
vt 0.138086 0.500000
vt 0.625000 0.237501
vt 0.625000 0.244717
vt 0.611283 0.250000
vt 0.861483 0.500000
vt 0.868709 0.500000
vt 0.875000 0.512499
vt 0.618614 0.250000
vt 0.625000 0.263517
vt 0.387618 0.500000
vt 0.375017 0.501761
vt 0.375000 0.487500
vt 0.375000 0.512500
vt 0.362500 0.500000
vt 0.625000 0.487500
vt 0.623232 0.500000
vt 0.612448 0.500000
vt 0.625000 0.512501
vt 0.637500 0.500000
vt 0.875000 0.525000
vt 0.864734 0.525006
vt 0.622817 0.224999
vt 0.625000 0.225000
vt 0.402778 0.250000
vt 0.152778 0.500000
vt 0.375000 0.277778
vt 0.652778 0.500000
vt 0.625000 0.472222
vt 0.402778 0.500000
vt 0.375000 0.525000
vt 0.347222 0.500000
vt 0.375000 0.472222
vt 0.319444 0.500000
vt 0.346388 0.500000
vt 0.375000 0.471388
vt 0.375000 0.444444
vt 0.292503 0.500000
vt 0.375000 0.417503
vt 0.263889 0.500000
vt 0.291098 0.500000
vt 0.375000 0.416098
vt 0.375000 0.388889
vt 0.236681 0.500000
vt 0.375000 0.361681
vt 0.208333 0.500000
vt 0.234938 0.500000
vt 0.375000 0.359938
vt 0.375000 0.333333
vt 0.181728 0.500000
vt 0.375000 0.306728
vt 0.180191 0.500000
vt 0.375000 0.305191
vt 0.847222 0.500000
vt 0.625000 0.277778
vt 0.820098 0.500000
vt 0.625000 0.304902
vt 0.791667 0.500000
vt 0.818881 0.500000
vt 0.625000 0.306119
vt 0.625000 0.333333
vt 0.764451 0.500000
vt 0.625000 0.360549
vt 0.736111 0.500000
vt 0.763889 0.500000
vt 0.625000 0.361111
vt 0.625000 0.388889
vt 0.708333 0.500000
vt 0.735354 0.500000
vt 0.625000 0.389646
vt 0.625000 0.416667
vt 0.680686 0.500000
vt 0.625000 0.444314
vt 0.653393 0.500000
vt 0.680556 0.500000
vt 0.625000 0.444444
vt 0.625000 0.471607
vt 0.125000 0.525000
vt 0.127247 0.524993
vt 0.375000 0.225000
vt 0.385273 0.225000
vt 0.625000 0.525000
vt 0.597222 0.250000
vt 0.569444 0.250000
vt 0.541667 0.250000
vt 0.513889 0.250000
vt 0.486111 0.250000
vt 0.458333 0.250000
vt 0.430556 0.250000
vt 0.597222 0.500000
vt 0.569444 0.500000
vt 0.541667 0.500000
vt 0.513889 0.500000
vt 0.486111 0.500000
vt 0.458333 0.500000
vt 0.430556 0.500000
vt 0.375000 0.336389
vt 0.375000 0.336041
vt 0.375000 0.335202
vt 0.375000 0.333750
vt 0.375000 0.331591
vt 0.375000 0.331111
vt 0.375000 0.328473
vt 0.375000 0.326305
vt 0.375000 0.325834
vt 0.375000 0.323195
vt 0.375000 0.321036
vt 0.375000 0.320556
vt 0.375000 0.318392
vt 0.375000 0.317917
vt 0.375000 0.315758
vt 0.375000 0.315278
vt 0.375000 0.314087
vt 0.375000 0.313823
vt 0.375000 0.313673
vt 0.375000 0.312986
vt 0.375000 0.312924
vt 0.375000 0.312639
vt 0.375000 0.312702
vt 0.375000 0.312987
vt 0.375000 0.313139
vt 0.375000 0.313826
vt 0.375000 0.317439
vt 0.375000 0.318275
vt 0.375000 0.322734
vt 0.375000 0.323564
vt 0.375000 0.327997
vt 0.375000 0.328838
vt 0.375000 0.333280
s 1
usemtl Material.002
f 98/1/1 1/2/1 126/3/1 125/4/1
f 8/5/1 78/6/1 128/7/1 127/8/1
f 59/9/2 56/10/2 131/11/2 130/12/2 129/13/2
f 62/14/3 59/9/3 129/13/3 133/15/3 132/16/3
f 65/17/4 62/14/4 132/16/4 134/18/4
f 68/19/5 65/17/5 134/18/5 136/20/5 135/21/5
f 71/22/6 68/19/6 135/21/6 137/23/6
f 75/24/7 71/22/7 137/23/7 139/25/7 138/26/7
f 56/10/8 53/27/8 141/28/8 140/29/8 131/11/8
f 53/27/9 9/30/9 143/31/9 142/32/9 141/28/9
f 144/33/10 101/34/10 24/35/10 145/36/10
f 23/37/4 75/24/4 138/26/4 146/38/4
f 2/39/11 99/40/11 95/41/11 92/42/11 89/43/11 86/44/11 83/45/11 80/46/11 77/47/11 10/48/11 54/49/11 57/50/11 60/51/11 63/52/11 66/53/11 69/54/11 72/55/11 74/56/11 22/57/11 102/58/11 105/59/11 108/60/11 111/61/11 114/62/11 117/63/11 120/64/11 122/65/11 15/66/11 30/67/11 33/68/11 36/69/11 39/70/11 42/71/11 45/72/11 48/73/11 50/74/11
f 78/6/1 81/75/1 147/76/1 128/7/1
f 148/77/12 29/78/12 17/79/12 149/80/12
f 151/81/13 32/82/13 29/78/13 148/77/13 150/83/13
f 153/84/14 35/85/14 32/82/14 151/81/14 152/86/14
f 155/87/15 38/88/15 35/85/15 153/84/15 154/89/15
f 157/90/16 41/91/16 38/88/16 155/87/16 156/92/16
f 159/93/17 44/94/17 41/91/17 157/90/17 158/95/17
f 161/96/18 47/97/18 44/94/18 159/93/18 160/98/18
f 163/99/19 51/100/19 47/97/19 161/96/19 162/101/19
f 164/102/20 3/103/20 51/100/20 163/99/20
f 96/104/1 98/1/1 125/4/1 165/105/1
f 93/106/1 96/104/1 165/105/1 166/107/1
f 90/108/1 93/106/1 166/107/1 167/109/1
f 87/110/1 90/108/1 167/109/1 168/111/1
f 84/112/1 87/110/1 168/111/1 169/113/1
f 81/75/1 84/112/1 169/113/1 147/76/1
f 170/114/10 16/115/10 123/116/10 171/117/10
f 171/117/10 123/116/10 119/118/10 172/119/10
f 172/119/10 119/118/10 116/120/10 173/121/10
f 173/121/10 116/120/10 113/122/10 174/123/10
f 174/123/10 113/122/10 110/124/10 175/125/10
f 175/125/10 110/124/10 107/126/10 176/127/10
f 176/127/10 107/126/10 104/128/10 177/129/10
f 177/129/10 104/128/10 101/34/10 144/33/10
f 1/2/21 4/130/21 5/131/21 7/132/21
f 2/39/22 6/133/22 5/134/22 4/130/22
f 3/103/23 7/135/23 5/136/23 6/137/23
f 8/5/24 11/138/24 12/139/24 14/140/24
f 9/30/25 13/141/25 12/142/25 11/143/25
f 10/48/26 14/140/26 12/144/26 13/145/26
f 15/66/27 18/146/27 19/147/27 21/148/27
f 16/115/28 20/149/28 19/147/28 18/146/28
f 17/79/29 21/150/29 19/147/29 20/149/29
f 22/57/30 25/151/30 26/152/30 28/153/30
f 23/37/31 27/154/31 26/152/31 25/155/31
f 24/35/32 28/153/32 26/152/32 27/154/32
f 9/30/33 11/143/33 179/156/33 178/157/33 143/31/33
f 11/138/34 8/5/34 127/8/34 180/158/34 179/159/34
f 99/40/35 2/39/35 4/130/35 100/160/35
f 100/160/36 4/130/36 1/2/36 98/1/36
f 51/100/37 3/103/37 6/137/37 52/161/37
f 52/162/38 6/133/38 2/39/38 50/74/38
f 75/24/39 23/37/39 25/155/39 76/163/39
f 76/164/40 25/151/40 22/57/40 74/56/40
f 123/116/41 16/115/41 18/146/41 124/165/41
f 124/165/42 18/146/42 15/66/42 122/65/42
f 149/80/43 17/79/43 20/149/43 181/166/43
f 181/166/44 20/149/44 16/115/44 170/114/44
f 17/79/45 29/78/45 31/167/45 21/150/45
f 21/148/46 31/168/46 30/67/46 15/66/46
f 29/78/47 32/82/47 34/169/47 31/170/47
f 31/171/48 34/172/48 33/68/48 30/67/48
f 32/82/49 35/85/49 37/173/49 34/169/49
f 34/172/50 37/174/50 36/69/50 33/68/50
f 35/85/51 38/88/51 40/175/51 37/176/51
f 37/177/52 40/178/52 39/70/52 36/69/52
f 38/88/53 41/91/53 43/179/53 40/175/53
f 40/178/54 43/180/54 42/71/54 39/70/54
f 41/91/55 44/94/55 46/181/55 43/182/55
f 43/183/56 46/184/56 45/72/56 42/71/56
f 44/94/57 47/97/57 49/185/57 46/181/57
f 46/184/58 49/186/58 48/73/58 45/72/58
f 47/97/59 51/100/59 52/161/59 49/187/59
f 49/188/60 52/162/60 50/74/60 48/73/60
f 9/30/61 53/27/61 55/189/61 13/141/61
f 13/145/62 55/190/62 54/49/62 10/48/62
f 53/27/63 56/10/63 58/191/63 55/189/63
f 55/190/64 58/192/64 57/50/64 54/49/64
f 56/10/65 59/9/65 61/193/65 58/194/65
f 58/195/66 61/196/66 60/51/66 57/50/66
f 59/9/67 62/14/67 64/197/67 61/193/67
f 61/196/68 64/198/68 63/52/68 60/51/68
f 62/14/69 65/17/69 67/199/69 64/200/69
f 64/201/70 67/202/70 66/53/70 63/52/70
f 65/17/71 68/19/71 70/203/71 67/204/71
f 67/205/72 70/206/72 69/54/72 66/53/72
f 68/19/73 71/22/73 73/207/73 70/203/73
f 70/206/74 73/208/74 72/55/74 69/54/74
f 71/22/75 75/24/75 76/209/75 73/210/75
f 73/211/76 76/212/76 74/56/76 72/55/76
f 183/213/77 7/135/77 3/103/77 164/102/77 182/214/77
f 1/2/78 7/132/78 183/215/78 184/216/78 126/3/78
f 27/154/79 23/37/79 146/38/79 185/217/79
f 145/36/80 24/35/80 27/154/80 185/217/80
f 10/48/35 77/47/35 79/218/35 14/140/35
f 14/140/36 79/218/36 78/6/36 8/5/36
f 77/47/35 80/46/35 82/219/35 79/218/35
f 79/218/36 82/219/36 81/75/36 78/6/36
f 80/46/35 83/45/35 85/220/35 82/219/35
f 82/219/36 85/220/36 84/112/36 81/75/36
f 83/45/35 86/44/35 88/221/35 85/220/35
f 85/220/36 88/221/36 87/110/36 84/112/36
f 86/44/35 89/43/35 91/222/35 88/221/35
f 88/221/36 91/222/36 90/108/36 87/110/36
f 89/43/35 92/42/35 94/223/35 91/222/35
f 91/222/36 94/223/36 93/106/36 90/108/36
f 92/42/35 95/41/35 97/224/35 94/223/35
f 94/223/36 97/224/36 96/104/36 93/106/36
f 95/41/35 99/40/35 100/160/35 97/224/35
f 97/224/36 100/160/36 98/1/36 96/104/36
f 24/35/41 101/34/41 103/225/41 28/153/41
f 28/153/42 103/225/42 102/58/42 22/57/42
f 101/34/41 104/128/41 106/226/41 103/225/41
f 103/225/42 106/226/42 105/59/42 102/58/42
f 104/128/41 107/126/41 109/227/41 106/226/41
f 106/226/42 109/227/42 108/60/42 105/59/42
f 107/126/41 110/124/41 112/228/41 109/227/41
f 109/227/42 112/228/42 111/61/42 108/60/42
f 110/124/41 113/122/41 115/229/41 112/228/41
f 112/228/42 115/229/42 114/62/42 111/61/42
f 113/122/41 116/120/41 118/230/41 115/229/41
f 115/229/42 118/230/42 117/63/42 114/62/42
f 116/120/41 119/118/41 121/231/41 118/230/41
f 118/230/42 121/231/42 120/64/42 117/63/42
f 119/118/41 123/116/41 124/165/41 121/231/41
f 121/231/42 124/165/42 122/65/42 120/64/42
f 170/232/81 171/232/81 172/232/81 173/232/81 174/232/81 175/232/81 176/232/81 177/232/81 144/232/81 145/232/81 185/233/81 146/234/81 138/235/81 139/236/81 137/237/81 135/238/81 136/239/81 134/240/81 132/241/81 133/242/81 129/243/81 130/244/81 131/245/81 140/246/81 141/247/81 142/248/81 143/249/81 178/250/81 179/251/81 180/252/81 127/253/81 128/253/81 147/253/81 169/253/81 168/253/81 167/253/81 166/253/81 165/253/81 125/253/81 126/253/81 184/254/81 183/255/81 182/256/81 164/257/81 163/247/81 162/258/81 161/245/81 160/259/81 159/243/81 158/260/81 157/241/81 156/261/81 155/240/81 154/262/81 153/238/81 152/263/81 151/237/81 150/264/81 148/235/81 149/234/81 181/233/81
o Cube.001
v 4.837656 1.102138 -0.450000
v 4.831689 1.151479 -0.500000
v 4.882774 1.151243 -0.450000
v 4.834672 1.116589 -0.485356
v 4.863999 1.123148 -0.478868
v 4.867718 1.152358 -0.485341
v 4.871581 1.116520 -0.450000
v 3.937656 1.102138 -0.450000
v 3.896616 1.150681 -0.450005
v 3.947390 1.151479 -0.500000
v 3.904925 1.116356 -0.450003
v 3.913200 1.123203 -0.478869
v 3.911860 1.152912 -0.485359
v 3.942523 1.116590 -0.485356
v 4.836711 2.039630 -0.500000
v 4.837656 2.088972 -0.450000
v 4.887657 2.039630 -0.450000
v 4.837184 2.074520 -0.485356
v 4.866324 2.068118 -0.478868
v 4.873207 2.074520 -0.450000
v 4.872539 2.039630 -0.485356
v 3.938073 2.039630 -0.500000
v 3.887656 2.039630 -0.449992
v 3.937656 2.088972 -0.450000
v 3.902418 2.039630 -0.485346
v 3.908876 2.068118 -0.478867
v 3.902301 2.074521 -0.449996
v 3.937865 2.074520 -0.485356
v 4.887657 1.979324 -0.450000
v 4.836674 1.979324 -0.500000
v 4.872724 1.979324 -0.485356
v 4.872932 1.869675 -0.451270
v 4.810382 1.869676 -0.500000
v 4.849847 1.869675 -0.485727
v 4.887656 1.760027 -0.450000
v 4.836568 1.760027 -0.500000
v 4.872693 1.760027 -0.485356
v 4.878056 1.650379 -0.450581
v 4.819230 1.650379 -0.500000
v 4.857641 1.650379 -0.485526
v 4.887656 1.540731 -0.450000
v 4.836432 1.540731 -0.500000
v 4.872653 1.540731 -0.485356
v 4.865285 1.431082 -0.452541
v 4.797327 1.431082 -0.500000
v 4.838471 1.431082 -0.486100
v 4.887656 1.321434 -0.450000
v 4.836460 1.321434 -0.500000
v 4.872661 1.321434 -0.485356
v 4.825661 1.211786 -0.500000
v 4.881638 1.211786 -0.450237
v 4.863220 1.211786 -0.485425
v 3.898931 1.211786 -0.450790
v 3.958514 1.211786 -0.500000
v 3.920096 1.211786 -0.485587
v 3.887656 1.321434 -0.450006
v 3.938251 1.321434 -0.500000
v 3.902475 1.321434 -0.485357
v 3.897263 1.431082 -0.450589
v 3.955518 1.431082 -0.500000
v 3.917512 1.431082 -0.485528
v 3.887656 1.540731 -0.450009
v 3.938181 1.540731 -0.500000
v 3.902454 1.540731 -0.485358
v 3.887656 1.650379 -0.450011
v 3.938164 1.650379 -0.500000
v 3.902450 1.650379 -0.485359
v 3.900962 1.760027 -0.451074
v 3.961916 1.760027 -0.500000
v 3.923151 1.760027 -0.485670
v 3.898248 1.869676 -0.450689
v 3.957157 1.869676 -0.500000
v 3.919003 1.869676 -0.485557
v 3.938090 1.979324 -0.500000
v 3.887656 1.979324 -0.449991
v 3.902428 1.979324 -0.485353
v 3.998767 1.151479 -0.500000
v 3.998767 1.102138 -0.450000
v 3.998767 1.116590 -0.485356
v 4.109878 1.151479 -0.500000
v 4.109878 1.102138 -0.450000
v 4.109878 1.116590 -0.485356
v 4.220989 1.151479 -0.500000
v 4.220989 1.102138 -0.450000
v 4.220989 1.116590 -0.485356
v 4.332100 1.151479 -0.500000
v 4.332100 1.102137 -0.450000
v 4.332100 1.116590 -0.485356
v 4.443211 1.151479 -0.500000
v 4.443211 1.102137 -0.450000
v 4.443211 1.116590 -0.485356
v 4.554323 1.151479 -0.500000
v 4.554323 1.102137 -0.450000
v 4.554323 1.116589 -0.485356
v 4.665433 1.151479 -0.500000
v 4.665433 1.102138 -0.450000
v 4.665433 1.116589 -0.485356
v 4.776545 1.102138 -0.450000
v 4.776545 1.151479 -0.500000
v 4.776545 1.116589 -0.485356
v 3.998767 2.088972 -0.450000
v 3.998767 2.039630 -0.500000
v 3.998767 2.074520 -0.485356
v 4.109879 2.088972 -0.450000
v 4.109879 2.039630 -0.500000
v 4.109879 2.074520 -0.485356
v 4.220989 2.088972 -0.450000
v 4.220989 2.039630 -0.500000
v 4.220989 2.074520 -0.485356
v 4.332100 2.088972 -0.450000
v 4.332100 2.039630 -0.500000
v 4.332100 2.074520 -0.485356
v 4.443212 2.088972 -0.450000
v 4.443212 2.039630 -0.500000
v 4.443212 2.074520 -0.485356
v 4.554323 2.088972 -0.450000
v 4.554323 2.039630 -0.500000
v 4.554323 2.074520 -0.485356
v 4.665434 2.088972 -0.450000
v 4.665434 2.039630 -0.500000
v 4.665434 2.074520 -0.485356
v 4.776545 2.039630 -0.500000
v 4.776545 2.088972 -0.450000
v 4.776545 2.074520 -0.485356
v 4.776545 1.102138 -0.391766
v 4.837656 1.102138 -0.391766
v 3.937656 1.102138 -0.391766
v 3.998767 1.102138 -0.391766
v 3.888104 1.326548 -0.391766
v 3.887656 1.321434 -0.391766
v 3.888104 1.431082 -0.391766
v 3.887656 1.436244 -0.391766
v 3.887656 1.540731 -0.391766
v 3.887656 1.650379 -0.391766
v 3.888272 1.655453 -0.391766
v 3.888272 1.760027 -0.391766
v 3.888149 1.765132 -0.391766
v 3.888149 1.869676 -0.391766
v 3.887656 1.874839 -0.391766
v 3.887656 1.979324 -0.391766
v 3.887655 1.216948 -0.391766
v 3.888180 1.211786 -0.391766
v 3.888180 1.154282 -0.391766
v 3.888077 1.151442 -0.391766
v 3.937656 2.088972 -0.391766
v 3.998767 2.088972 -0.391766
v 3.887656 2.039630 -0.391766
v 4.109878 1.102138 -0.391766
v 4.887657 2.039630 -0.391766
v 4.887657 1.979324 -0.391766
v 4.886977 1.974266 -0.391766
v 4.886977 1.869675 -0.391766
v 4.887656 1.864513 -0.391766
v 4.887656 1.760027 -0.391766
v 4.887208 1.754913 -0.391766
v 4.887208 1.650379 -0.391766
v 4.887656 1.645216 -0.391766
v 4.887656 1.540731 -0.391766
v 4.886644 1.535774 -0.391766
v 4.886644 1.431082 -0.391766
v 4.887656 1.425920 -0.391766
v 4.887656 1.321434 -0.391766
v 4.887373 1.316291 -0.391766
v 4.887373 1.211786 -0.391766
v 4.887426 1.208935 -0.391766
v 4.887426 1.151468 -0.391766
v 4.665433 1.102138 -0.391766
v 4.554323 1.102137 -0.391766
v 4.443211 1.102137 -0.391766
v 4.332100 1.102137 -0.391766
v 4.220989 1.102138 -0.391766
v 4.776545 2.088972 -0.391766
v 4.837656 2.088972 -0.391766
v 4.665434 2.088972 -0.391766
v 4.554323 2.088972 -0.391766
v 4.443212 2.088972 -0.391766
v 4.332100 2.088972 -0.391766
v 4.220989 2.088972 -0.391766
v 4.109879 2.088972 -0.391766
v 3.888469 1.149826 -0.391766
v 3.902424 1.116578 -0.391766
v 3.903965 1.115909 -0.391766
v 4.873021 2.074520 -0.391766
v 4.873470 1.118221 -0.391766
v 4.872943 1.116586 -0.391766
v 3.902301 2.074521 -0.391766
vn -0.0000 -1.0000 -0.0000
vn -0.9962 0.0455 -0.0743
vn -0.9956 -0.0454 -0.0815
vn -1.0000 -0.0000 -0.0000
vn -0.9928 0.0625 -0.1022
vn -0.9817 -0.0124 -0.1902
vn -0.9947 -0.0500 -0.0897
vn -0.9940 -0.0532 -0.0954
vn -0.9867 0.0186 -0.1616
vn -0.0000 1.0000 -0.0000
vn 1.0000 -0.0000 -0.0000
vn -0.0000 -0.0000 -1.0000
vn 0.9912 -0.0689 -0.1128
vn 0.9899 0.0689 -0.1235
vn 0.9962 -0.0454 -0.0743
vn 0.9956 0.0454 -0.0815
vn 0.9804 -0.1025 -0.1680
vn 0.9777 0.1022 -0.1834
vn 0.9985 -0.0286 -0.0468
vn 0.9960 0.0096 -0.0891
vn 0.3268 -0.8807 -0.3428
vn 0.3244 -0.2993 -0.8973
vn 0.9044 -0.2462 -0.3485
vn -0.3306 -0.8735 -0.3573
vn -0.9164 -0.1746 -0.3603
vn -0.3285 -0.2774 -0.9028
vn 0.3213 0.3256 -0.8892
vn 0.3195 0.8899 -0.3255
vn 0.8850 0.3229 -0.3354
vn -0.3229 0.3278 -0.8879
vn -0.8861 0.3285 -0.3271
vn -0.3211 0.8903 -0.3230
vn -0.9465 -0.3100 -0.0893
vn -0.3885 -0.9214 -0.0069
vn -0.0000 -0.3870 -0.9221
vn -0.0000 -0.9257 -0.3783
vn 0.9029 0.0413 -0.4279
vn 0.3687 0.0318 -0.9290
vn -0.9228 -0.0001 -0.3854
vn -0.3800 -0.0000 -0.9250
vn -0.0000 0.9257 -0.3784
vn -0.0000 0.3870 -0.9221
vn 0.9230 0.3847 0.0015
vn 0.3774 0.9260 0.0006
vn 0.9203 0.0014 -0.3911
vn 0.3773 0.0005 -0.9261
vn 0.8689 -0.1454 -0.4732
vn 0.3565 -0.0784 -0.9310
vn 0.8687 0.1453 -0.4735
vn 0.3562 0.0781 -0.9311
vn 0.8889 -0.0984 -0.4473
vn 0.3634 -0.0529 -0.9301
vn 0.8887 0.0982 -0.4478
vn 0.3630 0.0526 -0.9303
vn 0.8362 -0.2080 -0.5074
vn 0.3440 -0.1118 -0.9323
vn 0.8363 0.2081 -0.5073
vn 0.3440 0.1119 -0.9323
vn 0.9020 -0.0630 -0.4272
vn 0.3681 -0.0337 -0.9292
vn -0.8861 0.0741 -0.4575
vn -0.3641 0.0574 -0.9296
vn -0.8839 -0.1144 -0.4534
vn -0.3640 -0.0619 -0.9294
vn -0.8905 0.0985 -0.4443
vn -0.3665 0.0533 -0.9289
vn -0.8906 -0.0986 -0.4440
vn -0.3667 -0.0535 -0.9288
vn -0.9225 -0.0000 -0.3861
vn -0.3793 -0.0000 -0.9253
vn -0.8762 0.1330 -0.4633
vn -0.3616 0.0720 -0.9296
vn -0.8503 -0.0254 -0.5257
vn -0.3503 -0.0137 -0.9365
vn -0.8871 -0.1081 -0.4488
vn -0.3660 -0.0586 -0.9288
vn 0.9372 -0.3457 -0.0463
vn 0.3845 -0.9231 -0.0040
vn -0.9221 0.3870 -0.0000
vn -0.3784 0.9257 -0.0000
vn -0.0000 -0.9257 -0.3784
vn -0.0000 -0.9256 -0.3784
vn -0.0000 -0.0000 1.0000
vt 0.402778 0.222942
vt 0.402778 0.237500
vt 0.387500 0.237500
vt 0.387500 0.222942
vt 0.612500 0.222942
vt 0.612500 0.237500
vt 0.597222 0.237500
vt 0.597222 0.222942
vt 0.791667 0.527058
vt 0.791667 0.512353
vt 0.819444 0.512498
vt 0.819444 0.527058
vt 0.818145 0.527051
vt 0.763889 0.527058
vt 0.763889 0.512498
vt 0.790355 0.527066
vt 0.736111 0.527058
vt 0.736111 0.512497
vt 0.708333 0.527058
vt 0.708333 0.512232
vt 0.734818 0.527045
vt 0.680556 0.527058
vt 0.680556 0.512328
vt 0.707040 0.527063
vt 0.652778 0.527058
vt 0.652778 0.512502
vt 0.679243 0.527067
vt 0.847222 0.512303
vt 0.847222 0.527058
vt 0.845909 0.527068
vt 0.862611 0.512408
vt 0.862505 0.527054
vt 0.861786 0.527052
vt 0.597222 0.527058
vt 0.597222 0.512500
vt 0.612500 0.512500
vt 0.612500 0.527058
vt 0.637500 0.527058
vt 0.637500 0.512502
vt 0.569444 0.237500
vt 0.569444 0.222942
vt 0.347222 0.527058
vt 0.347222 0.512500
vt 0.362500 0.512500
vt 0.362500 0.527058
vt 0.388338 0.262500
vt 0.402778 0.262500
vt 0.430556 0.262500
vt 0.458333 0.262500
vt 0.486111 0.262500
vt 0.513889 0.262500
vt 0.541667 0.262500
vt 0.569444 0.262500
vt 0.597222 0.262500
vt 0.611275 0.262500
vt 0.609527 0.277778
vt 0.612351 0.305556
vt 0.610029 0.333333
vt 0.612369 0.361111
vt 0.612373 0.388889
vt 0.608943 0.416667
vt 0.609777 0.444444
vt 0.612392 0.472222
vt 0.612396 0.487500
vt 0.597222 0.487500
vt 0.569444 0.487500
vt 0.541667 0.487500
vt 0.513889 0.487500
vt 0.486111 0.487500
vt 0.458333 0.487500
vt 0.430556 0.487500
vt 0.402778 0.487500
vt 0.387736 0.487500
vt 0.387746 0.472222
vt 0.391705 0.444444
vt 0.387772 0.416667
vt 0.390140 0.388889
vt 0.387806 0.361111
vt 0.394767 0.333333
vt 0.387799 0.305556
vt 0.389163 0.277778
vt 0.345932 0.527042
vt 0.319444 0.527058
vt 0.319444 0.512183
vt 0.318128 0.527075
vt 0.291667 0.527058
vt 0.291667 0.512500
vt 0.290367 0.527051
vt 0.263889 0.527058
vt 0.263889 0.512355
vt 0.262577 0.527066
vt 0.236111 0.527058
vt 0.236111 0.512500
vt 0.234835 0.527021
vt 0.208333 0.527058
vt 0.208333 0.511865
vt 0.207006 0.527094
vt 0.180556 0.527058
vt 0.180556 0.512500
vt 0.179251 0.527056
vt 0.152778 0.527058
vt 0.152778 0.512441
vt 0.137467 0.512473
vt 0.152056 0.527059
vt 0.137498 0.527057
vt 0.430556 0.222942
vt 0.430556 0.237500
vt 0.458333 0.222942
vt 0.458333 0.237500
vt 0.486111 0.222942
vt 0.486111 0.237500
vt 0.513889 0.222942
vt 0.513889 0.237500
vt 0.541667 0.222942
vt 0.541667 0.237500
vt 0.387500 0.527058
vt 0.387500 0.512500
vt 0.402778 0.512500
vt 0.402778 0.527058
vt 0.430556 0.512500
vt 0.430556 0.527058
vt 0.458333 0.512500
vt 0.458333 0.527058
vt 0.486111 0.512500
vt 0.486111 0.527058
vt 0.513889 0.512500
vt 0.513889 0.527058
vt 0.541667 0.512500
vt 0.541667 0.527058
vt 0.569444 0.512500
vt 0.569444 0.527058
vt 0.388246 0.250000
vt 0.380914 0.250000
vt 0.375000 0.237500
vt 0.375000 0.263086
vt 0.375000 0.255847
vt 0.125000 0.512500
vt 0.125000 0.505283
vt 0.138086 0.500000
vt 0.625000 0.237501
vt 0.625000 0.244717
vt 0.611283 0.250000
vt 0.861483 0.500000
vt 0.868709 0.500000
vt 0.875000 0.512499
vt 0.618614 0.250000
vt 0.625000 0.263517
vt 0.387618 0.500000
vt 0.375017 0.501761
vt 0.375000 0.487500
vt 0.375000 0.512500
vt 0.362500 0.500000
vt 0.625000 0.487500
vt 0.623232 0.500000
vt 0.612448 0.500000
vt 0.625000 0.512501
vt 0.637500 0.500000
vt 0.875000 0.527058
vt 0.863061 0.527060
vt 0.624444 0.222942
vt 0.625000 0.222942
vt 0.402778 0.250000
vt 0.152778 0.500000
vt 0.375000 0.277778
vt 0.652778 0.500000
vt 0.625000 0.472222
vt 0.402778 0.500000
vt 0.375000 0.527058
vt 0.347222 0.500000
vt 0.375000 0.472222
vt 0.319444 0.500000
vt 0.346388 0.500000
vt 0.375000 0.471388
vt 0.375000 0.444444
vt 0.292503 0.500000
vt 0.375000 0.417503
vt 0.263889 0.500000
vt 0.291098 0.500000
vt 0.375000 0.416098
vt 0.375000 0.388889
vt 0.236681 0.500000
vt 0.375000 0.361681
vt 0.208333 0.500000
vt 0.234938 0.500000
vt 0.375000 0.359938
vt 0.375000 0.333333
vt 0.181728 0.500000
vt 0.375000 0.306728
vt 0.180191 0.500000
vt 0.375000 0.305191
vt 0.847222 0.500000
vt 0.625000 0.277778
vt 0.820098 0.500000
vt 0.625000 0.304902
vt 0.791667 0.500000
vt 0.818881 0.500000
vt 0.625000 0.306119
vt 0.625000 0.333333
vt 0.764451 0.500000
vt 0.625000 0.360549
vt 0.736111 0.500000
vt 0.763889 0.500000
vt 0.625000 0.361111
vt 0.625000 0.388889
vt 0.708333 0.500000
vt 0.735354 0.500000
vt 0.625000 0.389646
vt 0.625000 0.416667
vt 0.680686 0.500000
vt 0.625000 0.444314
vt 0.653393 0.500000
vt 0.680556 0.500000
vt 0.625000 0.444444
vt 0.625000 0.471607
vt 0.125571 0.527057
vt 0.125000 0.527058
vt 0.375000 0.222942
vt 0.625000 0.527058
vt 0.597222 0.250000
vt 0.569444 0.250000
vt 0.541667 0.250000
vt 0.513889 0.250000
vt 0.486111 0.250000
vt 0.458333 0.250000
vt 0.430556 0.250000
vt 0.597222 0.500000
vt 0.569444 0.500000
vt 0.541667 0.500000
vt 0.513889 0.500000
vt 0.486111 0.500000
vt 0.458333 0.500000
vt 0.430556 0.500000
vt 0.608623 0.254398
vt 0.608537 0.254367
vt 0.606784 0.253555
vt 0.603753 0.253555
vt 0.603603 0.253558
vt 0.598091 0.253558
vt 0.597820 0.253541
vt 0.592309 0.253541
vt 0.592037 0.253600
vt 0.586516 0.253600
vt 0.586254 0.253541
vt 0.580744 0.253541
vt 0.580472 0.253567
vt 0.574959 0.253567
vt 0.574689 0.253541
vt 0.569178 0.253541
vt 0.568906 0.253581
vt 0.563390 0.253581
vt 0.563124 0.253541
vt 0.559943 0.253541
vt 0.558103 0.254393
vt 0.557341 0.256451
vt 0.557341 0.260008
vt 0.557341 0.266475
vt 0.557341 0.272941
vt 0.557341 0.279408
vt 0.557341 0.285875
vt 0.557341 0.292341
vt 0.557341 0.298808
vt 0.557341 0.305275
vt 0.557341 0.308831
vt 0.558103 0.310889
vt 0.559943 0.311741
vt 0.563123 0.311741
vt 0.568634 0.311741
vt 0.568906 0.311713
vt 0.574420 0.311713
vt 0.574689 0.311705
vt 0.580204 0.311705
vt 0.580472 0.311741
vt 0.586254 0.311741
vt 0.591765 0.311741
vt 0.592037 0.311715
vt 0.597550 0.311715
vt 0.597820 0.311741
vt 0.603330 0.311741
vt 0.603603 0.311711
vt 0.606635 0.311711
vt 0.606785 0.311717
vt 0.606870 0.311694
vt 0.608624 0.310882
vt 0.608659 0.310792
vt 0.609385 0.308831
vt 0.609385 0.305275
vt 0.609385 0.298808
vt 0.609385 0.292341
vt 0.609385 0.285875
vt 0.609385 0.279408
vt 0.609385 0.272941
vt 0.609385 0.266475
vt 0.609385 0.260008
vt 0.609385 0.256451
s 1
usemtl Material.002
f 310/265/82 283/266/82 186/267/82 311/268/82
f 312/269/82 193/270/82 263/271/82 313/272/82
f 316/273/83 244/274/83 241/275/83 315/276/83 314/277/83
f 318/278/84 247/279/84 244/274/84 316/273/84 317/280/84
f 319/281/85 250/282/85 247/279/85 318/278/85
f 321/283/86 253/284/86 250/282/86 319/281/86 320/285/86
f 323/286/87 256/287/87 253/284/87 321/283/87 322/288/87
f 325/289/88 260/290/88 256/287/88 323/286/88 324/291/88
f 315/276/89 241/275/89 238/292/89 327/293/89 326/294/89
f 327/293/90 238/292/90 194/295/90 329/296/90 328/297/90
f 331/298/91 286/299/91 209/300/91 330/301/91
f 332/302/85 208/303/85 260/290/85 325/289/85
f 313/272/82 263/271/82 266/304/82 333/305/82
f 335/306/92 214/307/92 202/308/92 334/309/92
f 187/310/93 284/311/93 280/312/93 277/313/93 274/314/93 271/315/93 268/316/93 265/317/93 262/318/93 195/319/93 239/320/93 242/321/93 245/322/93 248/323/93 251/324/93 254/325/93 257/326/93 259/327/93 207/328/93 287/329/93 290/330/93 293/331/93 296/332/93 299/333/93 302/334/93 305/335/93 307/336/93 200/337/93 215/338/93 218/339/93 221/340/93 224/341/93 227/342/93 230/343/93 233/344/93 235/345/93
f 336/346/94 337/347/94 217/348/94 214/307/94 335/306/94
f 338/349/95 339/350/95 220/351/95 217/348/95 337/347/95
f 340/352/96 341/353/96 223/354/96 220/351/96 339/350/96
f 342/355/97 343/356/97 226/357/97 223/354/97 341/353/97
f 344/358/98 345/359/98 229/360/98 226/357/98 343/356/98
f 346/361/99 347/362/99 232/363/99 229/360/99 345/359/99
f 348/364/100 349/365/100 236/366/100 232/363/100 347/362/100
f 188/367/101 236/366/101 349/365/101 350/368/101 351/369/101
f 352/370/82 281/371/82 283/266/82 310/265/82
f 353/372/82 278/373/82 281/371/82 352/370/82
f 354/374/82 275/375/82 278/373/82 353/372/82
f 355/376/82 272/377/82 275/375/82 354/374/82
f 356/378/82 269/379/82 272/377/82 355/376/82
f 333/305/82 266/304/82 269/379/82 356/378/82
f 358/380/91 201/381/91 308/382/91 357/383/91
f 357/383/91 308/382/91 304/384/91 359/385/91
f 359/385/91 304/384/91 301/386/91 360/387/91
f 360/387/91 301/386/91 298/388/91 361/389/91
f 361/389/91 298/388/91 295/390/91 362/391/91
f 362/391/91 295/390/91 292/392/91 363/393/91
f 363/393/91 292/392/91 289/394/91 364/395/91
f 364/395/91 289/394/91 286/299/91 331/298/91
f 186/267/102 189/396/102 190/397/102 192/398/102
f 187/310/103 191/399/103 190/400/103 189/396/103
f 188/367/104 192/401/104 190/402/104 191/403/104
f 193/270/105 196/404/105 197/405/105 199/406/105
f 194/295/106 198/407/106 197/408/106 196/409/106
f 195/319/107 199/406/107 197/410/107 198/411/107
f 200/337/108 203/412/108 204/413/108 206/414/108
f 201/381/109 205/415/109 204/413/109 203/412/109
f 202/308/110 206/416/110 204/413/110 205/415/110
f 207/328/111 210/417/111 211/418/111 213/419/111
f 208/303/112 212/420/112 211/418/112 210/421/112
f 209/300/113 213/419/113 211/418/113 212/420/113
f 329/296/114 194/295/114 196/409/114 366/422/114 365/423/114
f 196/404/115 193/270/115 312/269/115 367/424/115 366/425/115
f 284/311/116 187/310/116 189/396/116 285/426/116
f 285/426/117 189/396/117 186/267/117 283/266/117
f 236/366/118 188/367/118 191/403/118 237/427/118
f 237/428/119 191/399/119 187/310/119 235/345/119
f 260/290/120 208/303/120 210/421/120 261/429/120
f 261/430/121 210/417/121 207/328/121 259/327/121
f 308/382/122 201/381/122 203/412/122 309/431/122
f 309/431/123 203/412/123 200/337/123 307/336/123
f 334/309/124 202/308/124 205/415/124 368/432/124
f 205/415/125 201/381/125 358/380/125 368/432/125
f 202/308/126 214/307/126 216/433/126 206/416/126
f 206/414/127 216/434/127 215/338/127 200/337/127
f 214/307/128 217/348/128 219/435/128 216/436/128
f 216/437/129 219/438/129 218/339/129 215/338/129
f 217/348/130 220/351/130 222/439/130 219/435/130
f 219/438/131 222/440/131 221/340/131 218/339/131
f 220/351/132 223/354/132 225/441/132 222/442/132
f 222/443/133 225/444/133 224/341/133 221/340/133
f 223/354/134 226/357/134 228/445/134 225/441/134
f 225/444/135 228/446/135 227/342/135 224/341/135
f 226/357/136 229/360/136 231/447/136 228/448/136
f 228/449/137 231/450/137 230/343/137 227/342/137
f 229/360/138 232/363/138 234/451/138 231/447/138
f 231/450/139 234/452/139 233/344/139 230/343/139
f 232/363/140 236/366/140 237/427/140 234/453/140
f 234/454/141 237/428/141 235/345/141 233/344/141
f 194/295/142 238/292/142 240/455/142 198/407/142
f 198/411/143 240/456/143 239/320/143 195/319/143
f 238/292/144 241/275/144 243/457/144 240/455/144
f 240/456/145 243/458/145 242/321/145 239/320/145
f 241/275/146 244/274/146 246/459/146 243/460/146
f 243/461/147 246/462/147 245/322/147 242/321/147
f 244/274/148 247/279/148 249/463/148 246/459/148
f 246/462/149 249/464/149 248/323/149 245/322/149
f 247/279/150 250/282/150 252/465/150 249/466/150
f 249/467/151 252/468/151 251/324/151 248/323/151
f 250/282/152 253/284/152 255/469/152 252/470/152
f 252/471/153 255/472/153 254/325/153 251/324/153
f 253/284/154 256/287/154 258/473/154 255/469/154
f 255/472/155 258/474/155 257/326/155 254/325/155
f 256/287/156 260/290/156 261/475/156 258/476/156
f 258/477/157 261/478/157 259/327/157 257/326/157
f 192/401/158 188/367/158 351/369/158 369/479/158 370/480/158
f 186/267/159 192/398/159 370/481/159 311/268/159
f 371/482/160 212/420/160 208/303/160 332/302/160
f 209/300/161 212/420/161 371/482/161 330/301/161
f 195/319/116 262/318/116 264/483/116 199/406/116
f 199/406/162 264/483/162 263/271/162 193/270/162
f 262/318/116 265/317/116 267/484/116 264/483/116
f 264/483/162 267/484/162 266/304/162 263/271/162
f 265/317/116 268/316/116 270/485/116 267/484/116
f 267/484/162 270/485/162 269/379/162 266/304/162
f 268/316/116 271/315/116 273/486/116 270/485/116
f 270/485/162 273/486/163 272/377/163 269/379/162
f 271/315/116 274/314/116 276/487/116 273/486/116
f 273/486/163 276/487/163 275/375/163 272/377/163
f 274/314/116 277/313/116 279/488/116 276/487/116
f 276/487/163 279/488/162 278/373/162 275/375/163
f 277/313/116 280/312/116 282/489/116 279/488/116
f 279/488/162 282/489/117 281/371/117 278/373/162
f 280/312/116 284/311/116 285/426/116 282/489/116
f 282/489/117 285/426/117 283/266/117 281/371/117
f 209/300/122 286/299/122 288/490/122 213/419/122
f 213/419/123 288/490/123 287/329/123 207/328/123
f 286/299/122 289/394/122 291/491/122 288/490/122
f 288/490/123 291/491/123 290/330/123 287/329/123
f 289/394/122 292/392/122 294/492/122 291/491/122
f 291/491/123 294/492/123 293/331/123 290/330/123
f 292/392/122 295/390/122 297/493/122 294/492/122
f 294/492/123 297/493/123 296/332/123 293/331/123
f 295/390/122 298/388/122 300/494/122 297/493/122
f 297/493/123 300/494/123 299/333/123 296/332/123
f 298/388/122 301/386/122 303/495/122 300/494/122
f 300/494/123 303/495/123 302/334/123 299/333/123
f 301/386/122 304/384/122 306/496/122 303/495/122
f 303/495/123 306/496/123 305/335/123 302/334/123
f 304/384/122 308/382/122 309/431/122 306/496/122
f 306/496/123 309/431/123 307/336/123 305/335/123
f 370/497/164 369/498/164 351/499/164 350/500/164 349/501/164 348/502/164 347/503/164 346/504/164 345/505/164 344/506/164 343/507/164 342/508/164 341/509/164 340/510/164 339/511/164 338/512/164 337/513/164 336/514/164 335/515/164 334/516/164 368/517/164 358/518/164 357/519/164 359/520/164 360/521/164 361/522/164 362/523/164 363/524/164 364/525/164 331/526/164 330/527/164 371/528/164 332/529/164 325/530/164 324/531/164 323/532/164 322/533/164 321/534/164 320/535/164 319/536/164 318/537/164 317/538/164 316/539/164 314/540/164 315/541/164 326/542/164 327/543/164 328/544/164 329/545/164 365/546/164 366/547/164 367/548/164 312/549/164 313/550/164 333/551/164 356/552/164 355/553/164 354/554/164 353/555/164 352/556/164 310/557/164 311/558/164
o Cube.002
v -1.023234 -1.107323 -0.461174
v -1.097004 -1.133706 -0.500000
v -1.086668 -1.088316 -0.461174
v -1.044841 -1.120515 -0.488628
v -1.053874 -1.096176 -0.483590
v -1.099765 -1.104800 -0.488655
v -1.041813 -1.085673 -0.461174
v -1.023234 -2.029670 -0.461174
v -1.095810 -2.061538 -0.461178
v -1.097004 -2.022111 -0.500000
v -1.044491 -2.055087 -0.461176
v -1.054728 -2.048661 -0.483591
v -1.099146 -2.049702 -0.488631
v -1.044841 -2.025891 -0.488628
v -2.849464 -1.108564 -0.500000
v -2.923234 -1.107322 -0.461174
v -2.849464 -1.068496 -0.461174
v -2.901627 -1.107943 -0.488628
v -2.892055 -1.085168 -0.483590
v -2.901627 -1.079611 -0.461174
v -2.849464 -1.080488 -0.488628
v -2.849465 -2.029346 -0.500000
v -2.849465 -2.068496 -0.461167
v -2.923234 -2.029670 -0.461174
v -2.849465 -2.057033 -0.488620
v -2.892056 -2.052018 -0.483589
v -2.901628 -2.057124 -0.461170
v -2.901628 -2.029508 -0.488628
v -2.712123 -1.068496 -0.461174
v -2.712123 -1.108613 -0.500000
v -2.712123 -1.080246 -0.488628
v -2.501012 -1.085791 -0.462159
v -2.501012 -1.134955 -0.500000
v -2.501012 -1.103890 -0.488917
v -2.289901 -1.068496 -0.461174
v -2.289901 -1.108872 -0.500000
v -2.289901 -1.080322 -0.488628
v -2.078789 -1.079816 -0.461625
v -2.078789 -1.126364 -0.500000
v -2.078789 -1.095923 -0.488760
v -1.867678 -1.068496 -0.461174
v -1.867678 -1.109377 -0.500000
v -1.867678 -1.080470 -0.488628
v -1.656567 -1.094595 -0.463147
v -1.656567 -1.148819 -0.500000
v -1.656567 -1.115842 -0.489206
v -1.515053 -1.081370 -0.461174
v -1.382021 -1.088316 -0.461174
v -1.445456 -1.110170 -0.500000
v -1.447261 -1.078072 -0.461174
v -1.446451 -1.083056 -0.483590
v -1.407094 -1.092744 -0.488662
v -1.485510 -1.088106 -0.488620
v -1.169732 -1.099539 -0.463298
v -1.234345 -1.176497 -0.500000
v -1.298958 -1.099539 -0.463298
v -1.208017 -1.134245 -0.489257
v -1.234345 -1.127307 -0.483888
v -1.260673 -1.134245 -0.489257
v -1.234345 -1.106741 -0.460407
v -1.234345 -2.055218 -0.461786
v -1.234345 -2.008950 -0.500000
v -1.234345 -2.038784 -0.488807
v -1.445456 -2.068496 -0.461178
v -1.445456 -2.029208 -0.500000
v -1.445456 -2.056989 -0.488629
v -1.656568 -2.057170 -0.461631
v -1.656568 -2.011934 -0.500000
v -1.656568 -2.041446 -0.488762
v -1.867678 -2.068496 -0.461180
v -1.867678 -2.029263 -0.500000
v -1.867678 -2.057005 -0.488630
v -2.078790 -2.068496 -0.461182
v -2.078789 -2.029276 -0.500000
v -2.078790 -2.057009 -0.488630
v -2.289901 -2.052851 -0.462008
v -2.289901 -2.005518 -0.500000
v -2.289901 -2.035620 -0.488872
v -2.501012 -2.056015 -0.461708
v -2.501012 -2.010272 -0.500000
v -2.501012 -2.039898 -0.488784
v -2.712123 -2.029333 -0.500000
v -2.712123 -2.068496 -0.461167
v -2.712123 -2.057025 -0.488626
v -1.097004 -1.957386 -0.500000
v -1.023234 -1.957386 -0.461174
v -1.044841 -1.957386 -0.488628
v -1.097004 -1.846274 -0.500000
v -1.023234 -1.846274 -0.461174
v -1.044841 -1.846274 -0.488628
v -1.097004 -1.735163 -0.500000
v -1.023234 -1.735163 -0.461174
v -1.044841 -1.735163 -0.488628
v -1.097004 -1.624052 -0.500000
v -1.023234 -1.624052 -0.461174
v -1.044841 -1.624052 -0.488628
v -1.097004 -1.512941 -0.500000
v -1.023234 -1.512941 -0.461174
v -1.044841 -1.512941 -0.488628
v -1.097004 -1.401830 -0.500000
v -1.023234 -1.401830 -0.461174
v -1.044841 -1.401830 -0.488628
v -1.097004 -1.290719 -0.500000
v -1.023234 -1.290719 -0.461174
v -1.044841 -1.290719 -0.488628
v -1.023234 -1.179608 -0.461174
v -1.097004 -1.179608 -0.500000
v -1.044841 -1.179608 -0.488628
v -2.923234 -1.957385 -0.461174
v -2.849465 -1.957385 -0.500000
v -2.901628 -1.957385 -0.488628
v -2.923234 -1.846274 -0.461174
v -2.849465 -1.846274 -0.500000
v -2.901628 -1.846274 -0.488628
v -2.923234 -1.735162 -0.461174
v -2.849465 -1.735162 -0.500000
v -2.901628 -1.735162 -0.488628
v -2.923234 -1.624051 -0.461174
v -2.849464 -1.624051 -0.500000
v -2.901628 -1.624051 -0.488628
v -2.923234 -1.512941 -0.461174
v -2.849464 -1.512941 -0.500000
v -2.901628 -1.512941 -0.488628
v -2.923234 -1.401829 -0.461174
v -2.849464 -1.401829 -0.500000
v -2.901627 -1.401829 -0.488628
v -2.923234 -1.290718 -0.461174
v -2.849464 -1.290719 -0.500000
v -2.901627 -1.290718 -0.488628
v -2.849464 -1.179607 -0.500000
v -2.923234 -1.179607 -0.461174
v -2.901627 -1.179607 -0.488628
v -1.023234 -1.179608 -0.391766
v -1.023234 -1.107323 -0.391766
v -1.023234 -2.029670 -0.391766
v -1.023234 -1.957386 -0.391766
v -1.453807 -2.068048 -0.391766
v -1.445456 -2.068496 -0.391766
v -1.656568 -2.068048 -0.391766
v -1.664970 -2.068496 -0.391766
v -1.867678 -2.068496 -0.391766
v -2.078790 -2.068496 -0.391766
v -2.087097 -2.067880 -0.391766
v -2.289901 -2.067880 -0.391766
v -2.298242 -2.068003 -0.391766
v -2.501012 -2.068003 -0.391766
v -2.509416 -2.068496 -0.391766
v -2.712123 -2.068496 -0.391766
v -1.242748 -2.068496 -0.391766
v -1.234345 -2.067972 -0.391766
v -1.102425 -2.067972 -0.391766
v -1.096956 -2.068219 -0.391766
v -2.923234 -2.029670 -0.391766
v -2.923234 -1.957385 -0.391766
v -2.849465 -2.068496 -0.391766
v -1.023234 -1.846274 -0.391766
v -2.849464 -1.068496 -0.391766
v -2.712123 -1.068496 -0.391766
v -2.703832 -1.069175 -0.391766
v -2.501012 -1.069175 -0.391766
v -2.492609 -1.068496 -0.391766
v -2.289901 -1.068496 -0.391766
v -2.281549 -1.068944 -0.391766
v -2.078789 -1.068944 -0.391766
v -2.070386 -1.068496 -0.391766
v -1.867678 -1.068496 -0.391766
v -1.859498 -1.069507 -0.391766
v -1.656567 -1.069507 -0.391766
v -1.650934 -1.069009 -0.391766
v -1.519060 -1.069009 -0.391766
v -1.373372 -1.076326 -0.391766
v -1.370150 -1.076746 -0.391766
v -1.306657 -1.083172 -0.391766
v -1.162032 -1.083172 -0.391766
v -1.158735 -1.082746 -0.391766
v -1.095317 -1.076326 -0.391766
v -1.023234 -1.290719 -0.391766
v -1.023234 -1.401830 -0.391766
v -1.023234 -1.512941 -0.391766
v -1.023234 -1.624052 -0.391766
v -1.023234 -1.735163 -0.391766
v -2.923234 -1.179607 -0.391766
v -2.923234 -1.107322 -0.391766
v -2.923234 -1.290718 -0.391766
v -2.923234 -1.401829 -0.391766
v -2.923234 -1.512941 -0.391766
v -2.923234 -1.624051 -0.391766
v -2.923234 -1.735162 -0.391766
v -2.923234 -1.846274 -0.391766
v -1.094914 -2.067963 -0.391766
v -1.044827 -2.057044 -0.391766
v -1.043980 -2.056032 -0.391766
v -2.901627 -1.079857 -0.391766
v -1.046132 -1.082267 -0.391766
v -1.044347 -1.082162 -0.391766
v -2.901628 -2.057124 -0.391766
v -1.236843 -1.086100 -0.391766
v -1.234345 -1.086411 -0.391766
v -1.164644 -1.083489 -0.391766
v -1.448600 -1.071071 -0.391766
v -1.445901 -1.070940 -0.391766
v -1.375969 -1.075919 -0.391766
vn -0.0000 -0.0000 -1.0000
vn 1.0000 -0.0000 -0.0000
vn -0.0277 -0.9968 -0.0748
vn 0.0277 -0.9963 -0.0809
vn -0.0000 -1.0000 -0.0000
vn -0.0381 -0.9940 -0.1028
vn 0.0075 -0.9817 -0.1900
vn 0.0305 -0.9956 -0.0890
vn 0.0324 -0.9950 -0.0946
vn -0.0233 -0.9904 -0.1366
vn -1.0000 -0.0000 -0.0000
vn -0.0000 1.0000 -0.0000
vn 0.0420 0.9927 -0.1133
vn -0.0419 0.9916 -0.1225
vn 0.0277 0.9968 -0.0747
vn -0.0277 0.9963 -0.0809
vn 0.0623 0.9837 -0.1685
vn -0.0456 0.9643 -0.2610
vn 0.1147 0.9738 -0.1962
vn -0.1147 0.9736 -0.1972
vn 0.6284 0.4470 -0.6366
vn 0.0894 0.3109 -0.9462
vn -0.0864 0.8939 -0.4399
vn 0.6818 -0.4968 -0.5370
vn 0.0917 -0.9267 -0.3643
vn 0.1483 -0.3382 -0.9293
vn -0.1748 0.3320 -0.9269
vn -0.7109 0.4894 -0.5051
vn -0.1720 0.9184 -0.3562
vn -0.1773 -0.3363 -0.9249
vn -0.1777 -0.9232 -0.3408
vn -0.7124 -0.4948 -0.4976
vn -0.0627 0.9624 -0.2644
vn 0.1685 0.9505 -0.2612
vn 0.0302 0.5183 -0.8546
vn -0.0674 0.6907 -0.7200
vn -0.0000 0.3113 -0.9503
vn 0.0674 0.6907 -0.7200
vn 0.1677 -0.9840 -0.0607
vn 0.7764 -0.6302 -0.0073
vn 0.2130 -0.0000 -0.9771
vn 0.7858 -0.0000 -0.6185
vn -0.1582 0.7846 -0.5994
vn -0.0927 0.3231 -0.9418
vn -0.0000 -0.9228 -0.3854
vn -0.0000 -0.3800 -0.9250
vn -0.7858 -0.0000 -0.6185
vn -0.2130 -0.0000 -0.9771
vn -0.2106 0.9776 0.0017
vn -0.7873 0.6166 0.0011
vn -0.0008 0.9179 -0.3969
vn -0.0003 0.3738 -0.9275
vn 0.0832 0.8730 -0.4807
vn 0.0412 0.3531 -0.9347
vn -0.0830 0.8725 -0.4816
vn -0.0408 0.3522 -0.9350
vn 0.0560 0.8888 -0.4548
vn 0.0277 0.3578 -0.9334
vn -0.0557 0.8879 -0.4567
vn -0.0271 0.3559 -0.9341
vn 0.1196 0.8435 -0.5236
vn 0.0584 0.3366 -0.9398
vn -0.1079 0.8552 -0.5069
vn -0.0571 0.3370 -0.9398
vn 0.1806 0.8143 -0.5516
vn 0.0974 0.3280 -0.9396
vn -0.0546 -0.8876 -0.4573
vn -0.0316 -0.3645 -0.9307
vn 0.0654 -0.8879 -0.4554
vn 0.0328 -0.3645 -0.9306
vn -0.0562 -0.8934 -0.4457
vn -0.0282 -0.3669 -0.9298
vn 0.0563 -0.8935 -0.4455
vn 0.0283 -0.3671 -0.9297
vn -0.0000 -0.9225 -0.3861
vn -0.0000 -0.3793 -0.9253
vn -0.0761 -0.8815 -0.4661
vn -0.0382 -0.3623 -0.9313
vn 0.0145 -0.8505 -0.5258
vn 0.0073 -0.3504 -0.9366
vn 0.0617 -0.8906 -0.4505
vn 0.0311 -0.3665 -0.9299
vn 0.0331 0.9938 -0.1059
vn 0.7627 0.6467 -0.0024
vn -0.2130 -0.9771 -0.0000
vn -0.7858 -0.6184 -0.0000
vn 0.0788 0.9651 -0.2498
vn -0.0789 0.9658 -0.2471
vn -0.0096 0.9904 -0.1378
vn 0.1115 0.9831 -0.1451
vn -0.7858 -0.0000 -0.6184
vn -0.0000 -0.0000 1.0000
vt 0.400864 0.277778
vt 0.402778 0.259707
vt 0.430556 0.259707
vt 0.458333 0.259707
vt 0.486111 0.259707
vt 0.513889 0.259707
vt 0.541667 0.259707
vt 0.569444 0.259707
vt 0.597222 0.259707
vt 0.614540 0.259707
vt 0.612985 0.277778
vt 0.615178 0.305556
vt 0.613374 0.333333
vt 0.615192 0.361111
vt 0.615195 0.388889
vt 0.612531 0.416667
vt 0.613179 0.444444
vt 0.615209 0.472222
vt 0.615213 0.490293
vt 0.597222 0.490293
vt 0.569444 0.490293
vt 0.541667 0.490293
vt 0.513889 0.490293
vt 0.486111 0.490293
vt 0.458333 0.490293
vt 0.430556 0.490293
vt 0.402778 0.490293
vt 0.385017 0.490293
vt 0.385029 0.472222
vt 0.388166 0.444444
vt 0.385094 0.416667
vt 0.387014 0.388889
vt 0.385220 0.361111
vt 0.390909 0.333333
vt 0.385418 0.305556
vt 0.402778 0.222942
vt 0.402778 0.240293
vt 0.384707 0.240293
vt 0.384707 0.222942
vt 0.615294 0.222942
vt 0.615293 0.240293
vt 0.597222 0.240293
vt 0.597222 0.222942
vt 0.791667 0.527058
vt 0.791667 0.509592
vt 0.819444 0.509705
vt 0.819444 0.527058
vt 0.818341 0.527051
vt 0.763889 0.527058
vt 0.763889 0.509705
vt 0.790557 0.527066
vt 0.736111 0.527058
vt 0.736111 0.509704
vt 0.708333 0.527058
vt 0.708333 0.509498
vt 0.735009 0.527045
vt 0.680556 0.527058
vt 0.680556 0.509573
vt 0.707235 0.527063
vt 0.652778 0.527058
vt 0.652778 0.509708
vt 0.679444 0.527067
vt 0.847222 0.509553
vt 0.847222 0.527058
vt 0.846110 0.527068
vt 0.865394 0.509649
vt 0.865297 0.527056
vt 0.864576 0.527050
vt 0.597222 0.527058
vt 0.597222 0.509706
vt 0.615294 0.509707
vt 0.615294 0.527058
vt 0.634707 0.527058
vt 0.634707 0.509708
vt 0.569444 0.240293
vt 0.569444 0.222942
vt 0.347222 0.527058
vt 0.347222 0.509707
vt 0.365293 0.509707
vt 0.365293 0.527058
vt 0.346121 0.527042
vt 0.319444 0.527058
vt 0.319444 0.509460
vt 0.318328 0.527075
vt 0.291667 0.527058
vt 0.291667 0.509706
vt 0.290563 0.527051
vt 0.263889 0.527058
vt 0.263889 0.509594
vt 0.262779 0.527066
vt 0.236111 0.527058
vt 0.236111 0.509707
vt 0.235011 0.527022
vt 0.208333 0.527058
vt 0.208333 0.509213
vt 0.189913 0.509507
vt 0.207586 0.527082
vt 0.190248 0.527051
vt 0.161629 0.509354
vt 0.171782 0.509489
vt 0.171054 0.527050
vt 0.170631 0.527049
vt 0.162306 0.527065
vt 0.133773 0.509489
vt 0.143927 0.509354
vt 0.143249 0.527065
vt 0.142818 0.527066
vt 0.134502 0.527050
vt 0.430556 0.222942
vt 0.430556 0.240293
vt 0.458333 0.222942
vt 0.458333 0.240293
vt 0.486111 0.222942
vt 0.486111 0.240293
vt 0.513889 0.222942
vt 0.513889 0.240293
vt 0.541667 0.222942
vt 0.541667 0.240293
vt 0.384707 0.527058
vt 0.384707 0.509707
vt 0.402778 0.509707
vt 0.402778 0.527058
vt 0.430556 0.509706
vt 0.430556 0.527058
vt 0.458333 0.509706
vt 0.458333 0.527058
vt 0.486111 0.509706
vt 0.486111 0.527058
vt 0.513889 0.509706
vt 0.513889 0.527058
vt 0.541667 0.509706
vt 0.541667 0.527058
vt 0.569444 0.509706
vt 0.569444 0.527058
vt 0.387667 0.259707
vt 0.388004 0.250000
vt 0.381920 0.250000
vt 0.375000 0.240293
vt 0.375000 0.261430
vt 0.375000 0.256019
vt 0.125000 0.509707
vt 0.125000 0.504102
vt 0.136430 0.500000
vt 0.625000 0.240294
vt 0.625000 0.245898
vt 0.614349 0.250000
vt 0.864504 0.500000
vt 0.870115 0.500000
vt 0.875000 0.509706
vt 0.620041 0.250000
vt 0.625000 0.260496
vt 0.384862 0.500000
vt 0.375022 0.501368
vt 0.375000 0.490293
vt 0.375000 0.509706
vt 0.365293 0.500000
vt 0.625000 0.490293
vt 0.623627 0.500000
vt 0.615253 0.500000
vt 0.625000 0.509707
vt 0.634706 0.500000
vt 0.180556 0.509707
vt 0.180556 0.504102
vt 0.186780 0.500000
vt 0.174162 0.500000
vt 0.179055 0.500000
vt 0.375000 0.311780
vt 0.375000 0.306811
vt 0.380028 0.299162
vt 0.150193 0.500000
vt 0.151993 0.500000
vt 0.152778 0.510920
vt 0.375000 0.280362
vt 0.375000 0.278562
vt 0.371571 0.275193
vt 0.152778 0.504087
vt 0.155362 0.500000
vt 0.875000 0.527058
vt 0.865661 0.527059
vt 0.624635 0.222942
vt 0.625000 0.222942
vt 0.402778 0.250000
vt 0.375000 0.275193
vt 0.652778 0.500000
vt 0.625000 0.472222
vt 0.402778 0.500000
vt 0.375000 0.527058
vt 0.347222 0.500000
vt 0.375000 0.472222
vt 0.319444 0.500000
vt 0.346565 0.500000
vt 0.375000 0.471565
vt 0.375000 0.444444
vt 0.292328 0.500000
vt 0.375000 0.417328
vt 0.263889 0.500000
vt 0.291217 0.500000
vt 0.375000 0.416218
vt 0.375000 0.388889
vt 0.236566 0.500000
vt 0.375000 0.361566
vt 0.208333 0.500000
vt 0.235175 0.500000
vt 0.375000 0.360175
vt 0.375000 0.333333
vt 0.375000 0.299162
vt 0.847222 0.500000
vt 0.625000 0.277778
vt 0.819952 0.500000
vt 0.625000 0.305048
vt 0.791667 0.500000
vt 0.819007 0.500000
vt 0.625000 0.305993
vt 0.625000 0.333333
vt 0.764326 0.500000
vt 0.625000 0.360674
vt 0.736111 0.500000
vt 0.763889 0.500000
vt 0.625000 0.361111
vt 0.625000 0.388889
vt 0.708333 0.500000
vt 0.735524 0.500000
vt 0.625000 0.389476
vt 0.625000 0.416667
vt 0.680657 0.500000
vt 0.625000 0.444343
vt 0.653255 0.500000
vt 0.680556 0.500000
vt 0.625000 0.444444
vt 0.625000 0.471745
vt 0.125328 0.527050
vt 0.125000 0.527058
vt 0.375000 0.222942
vt 0.625000 0.527058
vt 0.153115 0.527104
vt 0.152778 0.527100
vt 0.143601 0.527060
vt 0.180916 0.527051
vt 0.180556 0.527058
vt 0.171405 0.527058
vt 0.597222 0.250000
vt 0.569444 0.250000
vt 0.541667 0.250000
vt 0.513889 0.250000
vt 0.486111 0.250000
vt 0.458333 0.250000
vt 0.430556 0.250000
vt 0.597222 0.500000
vt 0.569444 0.500000
vt 0.541667 0.500000
vt 0.513889 0.500000
vt 0.486111 0.500000
vt 0.458333 0.500000
vt 0.430556 0.500000
vt 0.475197 0.437982
vt 0.475148 0.437988
vt 0.473801 0.437642
vt 0.472064 0.438016
vt 0.471973 0.438041
vt 0.471902 0.438059
vt 0.469993 0.438229
vt 0.469924 0.438211
vt 0.468012 0.438041
vt 0.466273 0.437667
vt 0.466184 0.437642
vt 0.466113 0.437618
vt 0.464198 0.437329
vt 0.464124 0.437336
vt 0.462194 0.437216
vt 0.458581 0.437216
vt 0.458427 0.437245
vt 0.452868 0.437245
vt 0.452644 0.437186
vt 0.447092 0.437186
vt 0.446862 0.437213
vt 0.441308 0.437212
vt 0.441079 0.437186
vt 0.435526 0.437186
vt 0.435296 0.437226
vt 0.429741 0.437226
vt 0.429514 0.437186
vt 0.425752 0.437186
vt 0.424323 0.437848
vt 0.423731 0.439446
vt 0.423731 0.443653
vt 0.423731 0.450120
vt 0.423731 0.456586
vt 0.423731 0.463053
vt 0.423731 0.469520
vt 0.423731 0.475986
vt 0.423731 0.482453
vt 0.423731 0.488920
vt 0.423731 0.493127
vt 0.424323 0.494725
vt 0.425751 0.495386
vt 0.429514 0.495386
vt 0.435066 0.495386
vt 0.435296 0.495358
vt 0.440851 0.495358
vt 0.441079 0.495351
vt 0.446634 0.495351
vt 0.446862 0.495386
vt 0.452644 0.495386
vt 0.458197 0.495386
vt 0.458427 0.495360
vt 0.463981 0.495360
vt 0.464210 0.495386
vt 0.469762 0.495386
vt 0.469993 0.495356
vt 0.473606 0.495356
vt 0.473756 0.495370
vt 0.473812 0.495355
vt 0.475184 0.494720
vt 0.475207 0.494661
vt 0.475775 0.493127
vt 0.475775 0.488920
vt 0.475775 0.482453
vt 0.475775 0.475986
vt 0.475775 0.469520
vt 0.475775 0.463053
vt 0.475775 0.456586
vt 0.475775 0.450120
vt 0.475775 0.443653
vt 0.475775 0.439446
s 1
usemtl Material.002
f 426/559/165 478/560/165 474/561/165 471/562/165 468/563/165 465/564/165 462/565/165 459/566/165 456/567/165 381/568/165 433/569/165 436/570/165 439/571/165 442/572/165 445/573/165 448/574/165 451/575/165 453/576/165 393/577/165 481/578/165 484/579/165 487/580/165 490/581/165 493/582/165 496/583/165 499/584/165 501/585/165 386/586/165 401/587/165 404/588/165 407/589/165 410/590/165 413/591/165 416/592/165 420/593/165
f 504/594/166 477/595/166 372/596/166 505/597/166
f 506/598/166 379/599/166 457/600/166 507/601/166
f 510/602/167 438/603/167 435/604/167 509/605/167 508/606/167
f 512/607/168 441/608/168 438/603/168 510/602/168 511/609/168
f 513/610/169 444/611/169 441/608/169 512/607/169
f 515/612/170 447/613/170 444/611/170 513/610/170 514/614/170
f 517/615/171 450/616/171 447/613/171 515/612/171 516/617/171
f 519/618/172 454/619/172 450/616/172 517/615/172 518/620/172
f 509/605/173 435/604/173 432/621/173 521/622/173 520/623/173
f 521/622/174 432/621/174 380/624/174 523/625/174 522/626/174
f 525/627/175 480/628/175 395/629/175 524/630/175
f 526/631/169 394/632/169 454/619/169 519/618/169
f 507/601/166 457/600/166 460/633/166 527/634/166
f 529/635/176 400/636/176 388/637/176 528/638/176
f 530/639/177 531/640/177 403/641/177 400/636/177 529/635/177
f 532/642/178 533/643/178 406/644/178 403/641/178 531/640/178
f 534/645/179 535/646/179 409/647/179 406/644/179 533/643/179
f 536/648/180 537/649/180 412/650/180 409/647/180 535/646/180
f 538/651/181 539/652/181 415/653/181 412/650/181 537/649/181
f 418/654/182 415/653/182 539/652/182 540/655/182 541/656/182
f 427/657/183 419/658/183 542/659/183 543/660/183 544/661/183
f 374/662/184 425/663/184 545/664/184 546/665/184 547/666/184
f 548/667/166 475/668/166 477/595/166 504/594/166
f 549/669/166 472/670/166 475/668/166 548/667/166
f 550/671/166 469/672/166 472/670/166 549/669/166
f 551/673/166 466/674/166 469/672/166 550/671/166
f 552/675/166 463/676/166 466/674/166 551/673/166
f 527/634/166 460/633/166 463/676/166 552/675/166
f 554/677/175 387/678/175 502/679/175 553/680/175
f 553/680/175 502/679/175 498/681/175 555/682/175
f 555/682/175 498/681/175 495/683/175 556/684/175
f 556/684/175 495/683/175 492/685/175 557/686/175
f 557/686/175 492/685/175 489/687/175 558/688/175
f 558/688/175 489/687/175 486/689/175 559/690/175
f 559/690/175 486/689/175 483/691/175 560/692/175
f 560/692/175 483/691/175 480/628/175 525/627/175
f 373/693/165 478/560/165 426/559/165
f 372/596/185 375/694/185 376/695/185 378/696/185
f 373/693/186 377/697/186 376/698/186 375/694/186
f 374/662/187 378/699/187 376/700/187 377/701/187
f 379/599/188 382/702/188 383/703/188 385/704/188
f 380/624/189 384/705/189 383/706/189 382/707/189
f 381/568/190 385/704/190 383/708/190 384/709/190
f 386/586/191 389/710/191 390/711/191 392/712/191
f 387/678/192 391/713/192 390/711/192 389/710/192
f 388/637/193 392/714/193 390/711/193 391/713/193
f 393/577/194 396/715/194 397/716/194 399/717/194
f 394/632/195 398/718/195 397/716/195 396/719/195
f 395/629/196 399/717/196 397/716/196 398/718/196
f 418/654/197 421/720/197 422/721/197 424/722/197
f 419/658/198 423/723/198 422/724/198 421/720/198
f 420/593/199 424/725/199 422/726/199 423/727/199
f 425/663/200 428/728/200 429/729/200 431/730/200
f 426/559/201 430/731/201 429/732/201 428/733/201
f 427/657/202 431/730/202 429/734/202 430/735/202
f 523/625/203 380/624/203 382/707/203 562/736/203 561/737/203
f 382/702/204 379/599/204 506/598/204 563/738/204 562/739/204
f 478/560/205 373/693/205 375/694/205 479/740/205
f 479/740/206 375/694/206 372/596/206 477/595/206
f 425/663/207 374/662/207 377/701/207 428/728/207
f 428/741/208 377/697/208 373/693/208 426/559/208
f 454/619/209 394/632/209 396/719/209 455/742/209
f 455/743/210 396/715/210 393/577/210 453/576/210
f 502/679/211 387/678/211 389/710/211 503/744/211
f 503/744/212 389/710/212 386/586/212 501/585/212
f 528/638/213 388/637/213 391/713/213 564/745/213
f 391/713/214 387/678/214 554/677/214 564/745/214
f 388/637/215 400/636/215 402/746/215 392/714/215
f 392/712/216 402/747/216 401/587/216 386/586/216
f 400/636/217 403/641/217 405/748/217 402/749/217
f 402/750/218 405/751/218 404/588/218 401/587/218
f 403/641/219 406/644/219 408/752/219 405/748/219
f 405/751/220 408/753/220 407/589/220 404/588/220
f 406/644/221 409/647/221 411/754/221 408/755/221
f 408/756/222 411/757/222 410/590/222 407/589/222
f 409/647/223 412/650/223 414/758/223 411/754/223
f 411/757/224 414/759/224 413/591/224 410/590/224
f 412/650/225 415/653/225 417/760/225 414/761/225
f 414/762/226 417/763/226 416/592/226 413/591/226
f 415/653/227 418/654/227 424/722/227 417/760/227
f 417/763/228 424/725/228 420/593/228 416/592/228
f 419/658/229 427/657/229 430/735/229 423/723/229
f 423/764/230 430/731/230 426/559/230 420/593/230
f 380/624/231 432/621/231 434/765/231 384/705/231
f 384/709/232 434/766/232 433/569/232 381/568/232
f 432/621/233 435/604/233 437/767/233 434/765/233
f 434/766/234 437/768/234 436/570/234 433/569/234
f 435/604/235 438/603/235 440/769/235 437/770/235
f 437/771/236 440/772/236 439/571/236 436/570/236
f 438/603/237 441/608/237 443/773/237 440/769/237
f 440/772/238 443/774/238 442/572/238 439/571/238
f 441/608/239 444/611/239 446/775/239 443/776/239
f 443/777/240 446/778/240 445/573/240 442/572/240
f 444/611/241 447/613/241 449/779/241 446/780/241
f 446/781/242 449/782/242 448/574/242 445/573/242
f 447/613/243 450/616/243 452/783/243 449/779/243
f 449/782/244 452/784/244 451/575/244 448/574/244
f 450/616/245 454/619/245 455/785/245 452/786/245
f 452/787/246 455/788/246 453/576/246 451/575/246
f 378/699/247 374/662/247 547/666/247 565/789/247 566/790/247
f 372/596/248 378/696/248 566/791/248 505/597/248
f 567/792/249 398/718/249 394/632/249 526/631/249
f 395/629/250 398/718/250 567/792/250 524/630/250
f 568/793/251 569/794/251 431/730/251 427/657/251 544/661/251
f 570/795/252 545/664/252 425/663/252 431/730/252 569/794/252
f 571/796/253 572/797/253 421/720/253 418/654/253 541/656/253
f 573/798/254 542/659/254 419/658/254 421/720/254 572/797/254
f 381/568/205 456/567/205 458/799/205 385/704/205
f 385/704/206 458/799/206 457/600/206 379/599/206
f 456/567/205 459/566/205 461/800/205 458/799/205
f 458/799/206 461/800/206 460/633/206 457/600/206
f 459/566/205 462/565/205 464/801/205 461/800/205
f 461/800/206 464/801/206 463/676/206 460/633/206
f 462/565/205 465/564/205 467/802/205 464/801/205
f 464/801/206 467/802/206 466/674/206 463/676/206
f 465/564/205 468/563/205 470/803/205 467/802/205
f 467/802/206 470/803/206 469/672/206 466/674/206
f 468/563/205 471/562/205 473/804/205 470/803/205
f 470/803/206 473/804/206 472/670/206 469/672/206
f 471/562/205 474/561/205 476/805/205 473/804/205
f 473/804/206 476/805/206 475/668/206 472/670/206
f 474/561/205 478/560/205 479/740/205 476/805/205
f 476/805/206 479/740/206 477/595/206 475/668/206
f 395/629/255 480/628/255 482/806/255 399/717/255
f 399/717/212 482/806/212 481/578/212 393/577/212
f 480/628/255 483/691/255 485/807/255 482/806/255
f 482/806/212 485/807/212 484/579/212 481/578/212
f 483/691/255 486/689/255 488/808/255 485/807/255
f 485/807/212 488/808/212 487/580/212 484/579/212
f 486/689/255 489/687/255 491/809/255 488/808/255
f 488/808/212 491/809/212 490/581/212 487/580/212
f 489/687/255 492/685/255 494/810/255 491/809/255
f 491/809/212 494/810/212 493/582/212 490/581/212
f 492/685/255 495/683/211 497/811/211 494/810/255
f 494/810/212 497/811/212 496/583/212 493/582/212
f 495/683/211 498/681/211 500/812/211 497/811/211
f 497/811/212 500/812/212 499/584/212 496/583/212
f 498/681/211 502/679/211 503/744/211 500/812/211
f 500/812/212 503/744/212 501/585/212 499/584/212
f 566/813/256 565/814/256 547/815/256 546/816/256 545/817/256 570/818/256 569/819/256 568/820/256 544/821/256 543/822/256 542/823/256 573/824/256 572/825/256 571/826/256 541/827/256 540/828/256 539/829/256 538/830/256 537/831/256 536/832/256 535/833/256 534/834/256 533/835/256 532/836/256 531/837/256 530/838/256 529/839/256 528/840/256 564/841/256 554/842/256 553/843/256 555/844/256 556/845/256 557/846/256 558/847/256 559/848/256 560/849/256 525/850/256 524/851/256 567/852/256 526/853/256 519/854/256 518/855/256 517/856/256 516/857/256 515/858/256 514/859/256 513/860/256 512/861/256 511/862/256 510/863/256 508/864/256 509/865/256 520/866/256 521/867/256 522/868/256 523/869/256 561/870/256 562/871/256 563/872/256 506/873/256 507/874/256 527/875/256 552/876/256 551/877/256 550/878/256 549/879/256 548/880/256 504/881/256 505/882/256
o Cube.003
v -2.248538 -0.011397 -0.423889
v -2.459650 -0.011397 -0.423889
v -2.670760 -0.011397 -0.423889
v -2.881872 -0.011397 -0.423889
v -3.092983 -0.011397 -0.423889
v -3.304094 -0.011397 -0.423889
v -3.515205 -0.011397 -0.423889
v -3.726316 -0.011397 -0.423889
v -3.726316 -1.011397 -0.423889
v -3.515205 -1.011397 -0.423889
v -3.304094 -1.011397 -0.423889
v -3.092983 -1.011397 -0.423889
v -2.881872 -1.011397 -0.423889
v -2.670760 -1.011397 -0.423889
v -2.459650 -1.011397 -0.423889
v -2.248538 -1.011397 -0.423889
v -2.037427 -0.122508 -0.423889
v -2.037427 -0.233619 -0.423889
v -2.037427 -0.344731 -0.423889
v -2.037427 -0.455842 -0.423889
v -2.037427 -0.566953 -0.423889
v -2.037427 -0.678064 -0.423889
v -2.037427 -0.789175 -0.423889
v -2.037427 -0.900286 -0.423889
v -3.937427 -0.122508 -0.423889
v -3.937427 -0.233619 -0.423889
v -3.937427 -0.344731 -0.423889
v -3.937427 -0.455842 -0.423889
v -3.937427 -0.566953 -0.423889
v -3.937427 -0.678064 -0.423889
v -3.937427 -0.789175 -0.423889
v -3.937427 -0.900286 -0.423889
v -3.937427 -0.961397 -0.485000
v -3.842427 -0.955431 -0.535000
v -3.842881 -1.006516 -0.485000
v -3.909602 -0.958414 -0.520355
v -3.896974 -0.987741 -0.513868
v -3.840736 -0.991459 -0.520341
v -3.909735 -0.995323 -0.485000
v -3.937427 -0.061397 -0.485000
v -3.843965 -0.020358 -0.485005
v -3.842427 -0.071225 -0.535000
v -3.910053 -0.028666 -0.485002
v -3.896869 -0.036961 -0.513869
v -3.839670 -0.035626 -0.520358
v -3.909602 -0.066311 -0.520356
v -2.132976 -0.960453 -0.535000
v -2.037427 -0.961397 -0.485005
v -2.132427 -1.011397 -0.485000
v -2.065406 -0.960926 -0.520352
v -2.077693 -0.990066 -0.513869
v -2.065252 -0.996753 -0.485002
v -2.132699 -0.996487 -0.520339
v -2.157548 -0.076348 -0.535000
v -2.152974 -0.012028 -0.486856
v -2.037555 -0.073898 -0.486636
v -2.151247 -0.037192 -0.520906
v -2.101578 -0.046871 -0.515199
v -2.082778 -0.036580 -0.489599
v -2.083858 -0.073105 -0.520842
v -2.248538 -1.011397 -0.485000
v -2.248538 -0.960415 -0.535000
v -2.248538 -0.996465 -0.520355
v -2.459650 -0.996673 -0.486269
v -2.459650 -0.934123 -0.535000
v -2.459650 -0.973588 -0.520727
v -2.670760 -1.011397 -0.485000
v -2.670760 -0.960309 -0.535000
v -2.670760 -0.996434 -0.520355
v -2.881872 -1.001796 -0.485581
v -2.881872 -0.942971 -0.535000
v -2.881872 -0.981382 -0.520525
v -3.092983 -1.011397 -0.485000
v -3.092983 -0.960173 -0.535000
v -3.092983 -0.996394 -0.520355
v -3.304094 -0.989026 -0.487541
v -3.304094 -0.921068 -0.535000
v -3.304094 -0.962213 -0.521099
v -3.515205 -1.011397 -0.485000
v -3.515205 -0.960202 -0.535000
v -3.515205 -0.996402 -0.520355
v -3.726316 -0.949403 -0.535000
v -3.726316 -1.005378 -0.485236
v -3.726316 -0.986962 -0.520424
v -3.726316 -0.022673 -0.485790
v -3.726316 -0.082352 -0.535000
v -3.726316 -0.043865 -0.520586
v -3.515205 -0.011397 -0.485006
v -3.515205 -0.062100 -0.535000
v -3.515205 -0.026248 -0.520357
v -3.304094 -0.021004 -0.485588
v -3.304094 -0.079387 -0.535000
v -3.304094 -0.041291 -0.520527
v -3.092983 -0.011397 -0.485009
v -3.092983 -0.062081 -0.535000
v -3.092983 -0.026242 -0.520358
v -2.881872 -0.011397 -0.485011
v -2.881872 -0.062105 -0.535000
v -2.881872 -0.026249 -0.520359
v -2.670760 -0.024703 -0.486074
v -2.670760 -0.085918 -0.535000
v -2.670760 -0.046969 -0.520670
v -2.459650 -0.021989 -0.485689
v -2.459650 -0.081237 -0.535000
v -2.459650 -0.042843 -0.520557
v -2.248538 -0.062278 -0.535000
v -2.248538 -0.011397 -0.484991
v -2.248538 -0.026300 -0.520353
v -3.842427 -1.011397 -0.423889
v -3.937427 -0.961397 -0.423889
v -3.909602 -0.996753 -0.423889
v -3.937427 -0.061397 -0.423889
v -3.842427 -0.011397 -0.423889
v -3.909602 -0.026042 -0.423889
v -2.037427 -0.961397 -0.423889
v -2.132427 -1.011397 -0.423889
v -2.065252 -0.996753 -0.423889
v -2.132841 -0.011397 -0.423889
v -2.037427 -0.061665 -0.423889
v -2.065373 -0.026120 -0.423889
v -3.842427 -0.122508 -0.535000
v -3.937427 -0.122508 -0.485000
v -3.909602 -0.122508 -0.520356
v -3.842427 -0.233619 -0.535000
v -3.937427 -0.233619 -0.485000
v -3.909602 -0.233619 -0.520356
v -3.842427 -0.344731 -0.535000
v -3.937427 -0.344731 -0.485000
v -3.909602 -0.344731 -0.520356
v -3.842427 -0.455842 -0.535000
v -3.937427 -0.455842 -0.485000
v -3.909602 -0.455842 -0.520355
v -3.842427 -0.566953 -0.535000
v -3.937427 -0.566953 -0.485000
v -3.909602 -0.566953 -0.520355
v -3.842427 -0.678064 -0.535000
v -3.937427 -0.678064 -0.485000
v -3.909602 -0.678064 -0.520355
v -3.842427 -0.789175 -0.535000
v -3.937427 -0.789175 -0.485000
v -3.909602 -0.789175 -0.520355
v -3.937427 -0.900286 -0.485000
v -3.842427 -0.900286 -0.535000
v -3.909602 -0.900286 -0.520355
v -2.037427 -0.122508 -0.484998
v -2.133606 -0.122508 -0.535000
v -2.065598 -0.122508 -0.520355
v -2.037427 -0.233619 -0.484998
v -2.133488 -0.233619 -0.535000
v -2.065562 -0.233619 -0.520355
v -2.055720 -0.344731 -0.485582
v -2.166350 -0.344731 -0.535000
v -2.094192 -0.344731 -0.520526
v -2.044462 -0.455842 -0.485079
v -2.146115 -0.455842 -0.535000
v -2.076613 -0.455842 -0.520378
v -2.061885 -0.566953 -0.486007
v -2.177037 -0.566953 -0.535000
v -2.103602 -0.566953 -0.520650
v -2.037427 -0.678064 -0.485007
v -2.133184 -0.678064 -0.535000
v -2.065474 -0.678064 -0.520357
v -2.037427 -0.789175 -0.485006
v -2.133065 -0.789175 -0.535000
v -2.065439 -0.789175 -0.520357
v -2.132998 -0.900286 -0.535000
v -2.037427 -0.900286 -0.485005
v -2.065419 -0.900286 -0.520357
v -3.937427 -0.900286 -0.391766
v -3.937427 -0.961397 -0.391766
v -2.248538 -1.011397 -0.391766
v -2.459650 -1.011397 -0.391766
v -2.670760 -1.011397 -0.391766
v -2.881872 -1.011397 -0.391766
v -3.092983 -1.011397 -0.391766
v -3.304094 -1.011397 -0.391766
v -3.515205 -1.011397 -0.391766
v -3.726316 -1.011397 -0.391766
v -3.726316 -0.011397 -0.391766
v -3.515205 -0.011397 -0.391766
v -3.304094 -0.011397 -0.391766
v -3.092983 -0.011397 -0.391766
v -2.881872 -0.011397 -0.391766
v -2.670760 -0.011397 -0.391766
v -2.459650 -0.011397 -0.391766
v -2.248538 -0.011397 -0.391766
v -3.937427 -0.061397 -0.391766
v -3.937427 -0.122508 -0.391766
v -2.037427 -0.061646 -0.391766
v -2.037427 -0.122508 -0.391766
v -2.037427 -0.900286 -0.391766
v -2.037427 -0.961397 -0.391766
v -2.132812 -0.011397 -0.391766
v -3.842427 -0.011397 -0.391766
v -3.842427 -1.011397 -0.391766
v -3.937427 -0.789175 -0.391766
v -3.937427 -0.678064 -0.391766
v -3.937427 -0.566953 -0.391766
v -3.937427 -0.455842 -0.391766
v -3.937427 -0.344731 -0.391766
v -3.937427 -0.233619 -0.391766
v -2.132427 -1.011397 -0.391766
v -2.037427 -0.789175 -0.391766
v -2.037427 -0.678064 -0.391766
v -2.037427 -0.566953 -0.391766
v -2.037427 -0.455842 -0.391766
v -2.037427 -0.344731 -0.391766
v -2.037427 -0.233619 -0.391766
v -3.909602 -0.996753 -0.391766
v -3.909602 -0.026042 -0.391766
v -2.065252 -0.996753 -0.391766
v -2.065365 -0.026115 -0.391766
vn -1.0000 -0.0000 -0.0000
vn 0.0226 0.9967 -0.0780
vn -0.0226 0.9967 -0.0780
vn -0.0000 1.0000 -0.0000
vn 0.0310 0.9937 -0.1072
vn -0.0061 0.9819 -0.1893
vn -0.0248 0.9960 -0.0858
vn -0.0000 -1.0000 -0.0000
vn -0.0264 0.9955 -0.0912
vn 0.0092 0.9867 -0.1624
vn 0.0010 1.0000 -0.0019
vn 1.0000 0.0006 -0.0006
vn 1.0000 0.0012 -0.0011
vn 1.0000 0.0005 -0.0005
vn 1.0000 0.0003 -0.0003
vn 0.0029 1.0000 -0.0056
vn 0.0028 1.0000 -0.0053
vn 1.0000 -0.0000 -0.0000
vn -0.0000 -0.0000 -1.0000
vn -0.0343 -0.9924 -0.1183
vn 0.0343 -0.9924 -0.1183
vn -0.0226 -0.9967 -0.0779
vn 0.0226 -0.9967 -0.0779
vn -0.0510 -0.9830 -0.1763
vn 0.0510 -0.9830 -0.1763
vn -0.0142 -0.9987 -0.0491
vn 0.0048 -0.9960 -0.0887
vn 0.9753 0.1065 -0.1936
vn 0.9662 -0.0747 -0.2468
vn 0.9782 0.0491 -0.2016
vn 0.9859 -0.0808 -0.1469
vn -0.6947 -0.4962 -0.5207
vn -0.1608 -0.3356 -0.9282
vn -0.1308 -0.9251 -0.3565
vn -0.6817 0.4965 -0.5374
vn -0.0917 0.9265 -0.3649
vn -0.1482 0.3377 -0.9295
vn 0.1758 -0.3329 -0.9264
vn 0.7107 -0.4925 -0.5023
vn 0.1772 -0.9217 -0.3451
vn 0.1669 0.3115 -0.9355
vn 0.2425 0.8019 -0.5460
vn 0.5226 0.5452 -0.6555
vn -0.1690 0.9815 -0.0903
vn -0.7767 0.6297 -0.0107
vn -0.2130 -0.0000 -0.9771
vn -0.7858 -0.0000 -0.6185
vn 0.0214 -0.9035 -0.4281
vn 0.0165 -0.3688 -0.9293
vn 0.0455 0.8657 -0.4986
vn 0.0441 0.3537 -0.9343
vn 0.7840 0.0001 -0.6208
vn 0.7840 0.0001 -0.6207
vn 0.2118 0.0001 -0.9773
vn 0.2118 -0.0000 -0.9773
vn 0.2130 -0.9771 -0.0000
vn 0.7858 -0.6184 -0.0000
vn -0.0001 -0.9213 -0.3889
vn -0.0000 -0.3766 -0.9264
vn -0.0761 -0.8757 -0.4769
vn -0.0408 -0.3573 -0.9331
vn 0.0761 -0.8755 -0.4772
vn 0.0406 -0.3570 -0.9332
vn -0.0513 -0.8921 -0.4489
vn -0.0275 -0.3638 -0.9311
vn 0.0512 -0.8919 -0.4493
vn 0.0273 -0.3634 -0.9312
vn -0.1098 -0.8498 -0.5156
vn -0.0583 -0.3456 -0.9366
vn 0.1098 -0.8498 -0.5156
vn 0.0584 -0.3457 -0.9365
vn -0.0328 -0.9033 -0.4278
vn -0.0175 -0.3683 -0.9296
vn 0.0385 0.8876 -0.4590
vn 0.0298 0.3640 -0.9309
vn -0.0597 0.8879 -0.4562
vn -0.0321 0.3639 -0.9309
vn 0.0514 0.8933 -0.4466
vn 0.0277 0.3662 -0.9301
vn -0.0514 0.8933 -0.4465
vn -0.0277 0.3663 -0.9301
vn -0.0000 0.9220 -0.3873
vn -0.0000 0.3781 -0.9258
vn 0.0695 0.8812 -0.4676
vn 0.0374 0.3609 -0.9319
vn -0.0131 0.8495 -0.5274
vn -0.0070 0.3487 -0.9372
vn -0.0562 0.8897 -0.4530
vn -0.0302 0.3641 -0.9309
vn -0.1891 -0.9807 -0.0497
vn -0.7803 -0.6253 -0.0065
vn -0.7831 -0.6219 -0.0032
vn -0.2130 -0.9771 -0.0000
vn -0.7858 -0.6184 -0.0000
vn -0.2130 0.9770 -0.0000
vn -0.7858 0.6185 -0.0000
vn 0.2679 0.9501 -0.1600
vn 0.6933 0.6875 -0.2161
vn 0.2132 0.9770 -0.0002
vn 0.7861 0.6181 -0.0003
vn -0.7858 -0.0000 -0.6184
vn 0.6790 0.1116 -0.7256
vn 0.1967 0.0819 -0.9770
vn 0.7823 0.0001 -0.6229
vn 0.2106 0.0001 -0.9776
vn 0.7178 -0.1493 -0.6801
vn 0.2032 -0.0555 -0.9776
vn 0.7024 0.0891 -0.7062
vn 0.2011 0.0336 -0.9790
vn 0.6815 -0.1323 -0.7198
vn 0.1984 -0.0505 -0.9788
vn 0.6951 0.1917 -0.6928
vn 0.2007 0.0727 -0.9770
vn 0.7836 0.0001 -0.6213
vn 0.7837 0.0001 -0.6211
vn 0.2115 0.0001 -0.9774
vn 0.2116 0.0001 -0.9774
vn -0.0000 -0.0000 1.0000
vt 0.387500 0.222222
vt 0.402778 0.222222
vt 0.402778 0.237500
vt 0.387500 0.237500
vt 0.402778 0.214192
vt 0.387500 0.214192
vt 0.597222 0.222222
vt 0.612500 0.222222
vt 0.612500 0.237500
vt 0.597222 0.237500
vt 0.791667 0.512353
vt 0.819444 0.512498
vt 0.819444 0.527778
vt 0.791667 0.527778
vt 0.763889 0.512498
vt 0.763889 0.527778
vt 0.736111 0.512497
vt 0.736111 0.527778
vt 0.708333 0.512232
vt 0.708333 0.527778
vt 0.680556 0.512328
vt 0.680556 0.527778
vt 0.652778 0.512502
vt 0.652778 0.527778
vt 0.319444 0.535809
vt 0.319444 0.527778
vt 0.347222 0.527778
vt 0.347222 0.535809
vt 0.291667 0.535809
vt 0.291667 0.527778
vt 0.263889 0.535809
vt 0.263889 0.527778
vt 0.236111 0.535809
vt 0.236111 0.527778
vt 0.208333 0.535809
vt 0.208333 0.527778
vt 0.180556 0.535809
vt 0.180556 0.527778
vt 0.847222 0.512303
vt 0.847222 0.527778
vt 0.152778 0.535809
vt 0.152778 0.527778
vt 0.862611 0.512408
vt 0.862500 0.527778
vt 0.819444 0.535809
vt 0.847222 0.535809
vt 0.791667 0.535809
vt 0.763889 0.535809
vt 0.736111 0.535809
vt 0.708333 0.535809
vt 0.680556 0.535809
vt 0.652778 0.535809
vt 0.597222 0.512500
vt 0.611041 0.512287
vt 0.612433 0.527778
vt 0.597222 0.527778
vt 0.612500 0.214192
vt 0.597222 0.214192
vt 0.638725 0.512259
vt 0.637554 0.527778
vt 0.597222 0.535809
vt 0.612438 0.535809
vt 0.387500 0.535809
vt 0.387500 0.527778
vt 0.402778 0.527778
vt 0.402778 0.535809
vt 0.637551 0.535808
vt 0.862500 0.535809
vt 0.137500 0.535809
vt 0.137500 0.527778
vt 0.430556 0.214192
vt 0.430556 0.222222
vt 0.458333 0.214192
vt 0.458333 0.222222
vt 0.486111 0.214192
vt 0.486111 0.222222
vt 0.513889 0.214192
vt 0.513889 0.222222
vt 0.541667 0.214192
vt 0.541667 0.222222
vt 0.569444 0.214192
vt 0.569444 0.222222
vt 0.569444 0.237500
vt 0.362500 0.527778
vt 0.362500 0.535809
vt 0.430556 0.527778
vt 0.430556 0.535809
vt 0.458333 0.527778
vt 0.458333 0.535809
vt 0.486111 0.527778
vt 0.486111 0.535809
vt 0.513889 0.527778
vt 0.513889 0.535809
vt 0.541667 0.527778
vt 0.541667 0.535809
vt 0.569444 0.527778
vt 0.569444 0.535809
vt 0.347222 0.512500
vt 0.362500 0.512500
vt 0.388338 0.262500
vt 0.402778 0.262500
vt 0.430556 0.262500
vt 0.458333 0.262500
vt 0.486111 0.262500
vt 0.513889 0.262500
vt 0.541667 0.262500
vt 0.569444 0.262500
vt 0.597222 0.262500
vt 0.611250 0.262500
vt 0.609497 0.277778
vt 0.612324 0.305556
vt 0.609991 0.333333
vt 0.612329 0.361111
vt 0.612323 0.388889
vt 0.608860 0.416667
vt 0.609674 0.444444
vt 0.612280 0.472222
vt 0.610453 0.485720
vt 0.597222 0.487345
vt 0.569444 0.487361
vt 0.541667 0.485036
vt 0.513889 0.486567
vt 0.486111 0.484090
vt 0.458333 0.487400
vt 0.430556 0.487416
vt 0.402778 0.487425
vt 0.387736 0.487428
vt 0.387746 0.472222
vt 0.391705 0.444444
vt 0.387772 0.416667
vt 0.390140 0.388889
vt 0.387806 0.361111
vt 0.394767 0.333333
vt 0.387799 0.305556
vt 0.389163 0.277778
vt 0.319444 0.512183
vt 0.291667 0.512500
vt 0.263889 0.512355
vt 0.236111 0.512500
vt 0.208333 0.511865
vt 0.180556 0.512500
vt 0.152778 0.512441
vt 0.137467 0.512473
vt 0.430556 0.237500
vt 0.458333 0.237500
vt 0.486111 0.237500
vt 0.513889 0.237500
vt 0.541667 0.237500
vt 0.387500 0.512499
vt 0.402778 0.512499
vt 0.430556 0.512498
vt 0.458333 0.512498
vt 0.486111 0.512248
vt 0.513889 0.512480
vt 0.541667 0.512354
vt 0.569444 0.512500
vt 0.388246 0.250000
vt 0.380914 0.250000
vt 0.375000 0.237500
vt 0.375000 0.263086
vt 0.375000 0.255847
vt 0.125000 0.512500
vt 0.125000 0.505283
vt 0.138086 0.500000
vt 0.625000 0.237501
vt 0.625000 0.244717
vt 0.611272 0.250000
vt 0.861482 0.500000
vt 0.868708 0.500000
vt 0.875000 0.512499
vt 0.618609 0.250000
vt 0.625000 0.263518
vt 0.387618 0.500000
vt 0.375012 0.501761
vt 0.375000 0.487464
vt 0.375000 0.512499
vt 0.362464 0.500000
vt 0.625000 0.489327
vt 0.624306 0.500419
vt 0.614203 0.500000
vt 0.625000 0.510342
vt 0.635674 0.500000
vt 0.875000 0.527778
vt 0.625000 0.222222
vt 0.402778 0.250000
vt 0.152778 0.500000
vt 0.375000 0.277778
vt 0.651508 0.500000
vt 0.625000 0.473492
vt 0.402778 0.500000
vt 0.375000 0.527778
vt 0.347222 0.500000
vt 0.375000 0.472222
vt 0.319444 0.500000
vt 0.346388 0.500000
vt 0.375000 0.471388
vt 0.375000 0.444444
vt 0.292503 0.500000
vt 0.375000 0.417503
vt 0.263889 0.500000
vt 0.291098 0.500000
vt 0.375000 0.416098
vt 0.375000 0.388889
vt 0.236681 0.500000
vt 0.375000 0.361681
vt 0.208333 0.500000
vt 0.234938 0.500000
vt 0.375000 0.359938
vt 0.375000 0.333333
vt 0.181728 0.500000
vt 0.375000 0.306728
vt 0.180191 0.500000
vt 0.375000 0.305191
vt 0.847222 0.500000
vt 0.625000 0.277778
vt 0.820099 0.500000
vt 0.625000 0.304901
vt 0.791667 0.500000
vt 0.818880 0.500000
vt 0.625000 0.306120
vt 0.625000 0.333333
vt 0.764453 0.500000
vt 0.625000 0.360547
vt 0.736111 0.500000
vt 0.763889 0.500000
vt 0.625000 0.361111
vt 0.625000 0.388889
vt 0.708333 0.500000
vt 0.735351 0.500000
vt 0.625000 0.389649
vt 0.625000 0.416667
vt 0.680687 0.500000
vt 0.625000 0.444313
vt 0.653398 0.500000
vt 0.680556 0.500000
vt 0.625000 0.444444
vt 0.625000 0.471602
vt 0.125000 0.527778
vt 0.375000 0.222222
vt 0.125000 0.535809
vt 0.375000 0.214192
vt 0.875000 0.535809
vt 0.625000 0.214192
vt 0.375000 0.535809
vt 0.625000 0.527039
vt 0.625000 0.535283
vt 0.597222 0.250000
vt 0.569444 0.250000
vt 0.541667 0.250000
vt 0.513889 0.250000
vt 0.486111 0.250000
vt 0.458333 0.250000
vt 0.430556 0.250000
vt 0.597833 0.500000
vt 0.569162 0.500000
vt 0.541667 0.500000
vt 0.513804 0.500000
vt 0.486111 0.500000
vt 0.458700 0.500000
vt 0.430556 0.500000
vt 0.445382 0.375663
vt 0.442212 0.375663
vt 0.436429 0.375663
vt 0.430647 0.375663
vt 0.424864 0.375663
vt 0.419081 0.375663
vt 0.413298 0.375663
vt 0.407516 0.375663
vt 0.401733 0.375663
vt 0.398552 0.375663
vt 0.396712 0.376516
vt 0.395950 0.378573
vt 0.395950 0.382130
vt 0.395950 0.388597
vt 0.395950 0.395063
vt 0.395950 0.401530
vt 0.395950 0.407997
vt 0.395950 0.414463
vt 0.395950 0.420930
vt 0.395950 0.427397
vt 0.395950 0.430953
vt 0.396712 0.433011
vt 0.398552 0.433863
vt 0.401733 0.433863
vt 0.407516 0.433863
vt 0.413298 0.433863
vt 0.419081 0.433863
vt 0.424864 0.433863
vt 0.430647 0.433863
vt 0.436429 0.433863
vt 0.442212 0.433863
vt 0.445392 0.433863
vt 0.447232 0.433011
vt 0.447995 0.430953
vt 0.447995 0.427397
vt 0.447995 0.420930
vt 0.447995 0.414463
vt 0.447995 0.407997
vt 0.447995 0.401530
vt 0.447995 0.395063
vt 0.447995 0.388597
vt 0.447995 0.382130
vt 0.447995 0.378588
vt 0.447229 0.376520
s 1
usemtl Material.002
f 683/883/257 605/884/257 715/885/257 606/886/257
f 742/887/257 605/884/257 683/883/257 743/888/257
f 598/889/257 685/890/257 613/891/257 695/892/257
f 664/893/258 661/894/258 580/895/258 579/896/258
f 667/897/259 664/893/259 579/896/259 578/898/259
f 670/899/260 667/897/260 578/898/260 577/900/260
f 673/901/261 670/899/261 577/900/261 576/902/261
f 676/903/262 673/901/262 576/902/262 575/904/262
f 680/905/263 676/903/263 575/904/263 574/906/263
f 745/907/264 588/908/264 589/909/264 744/910/264
f 746/911/264 587/912/264 588/908/264 745/907/264
f 747/913/264 586/914/264 587/912/264 746/911/264
f 748/915/264 585/916/264 586/914/264 747/913/264
f 749/917/264 584/918/264 585/916/264 748/915/264
f 750/919/264 583/920/264 584/918/264 749/917/264
f 661/894/265 658/921/265 581/922/265 580/895/265
f 751/923/264 582/924/264 583/920/264 750/919/264
f 658/921/266 614/925/266 686/926/266 581/922/266
f 753/927/260 580/895/260 581/922/260 752/928/260
f 754/929/260 579/896/260 580/895/260 753/927/260
f 755/930/260 578/898/260 579/896/260 754/929/260
f 756/931/260 577/900/260 578/898/260 755/930/260
f 757/932/260 576/902/260 577/900/260 756/931/260
f 758/933/260 575/904/260 576/902/260 757/932/260
f 759/934/260 574/906/267 575/904/260 758/933/260
f 718/935/268 629/936/269 692/937/270 590/938/271
f 760/939/257 685/890/257 598/889/257 761/940/257
f 628/941/272 680/905/272 574/906/267 691/942/273
f 763/943/274 590/938/271 692/937/270 762/944/274
f 765/945/274 688/946/274 597/947/274 764/948/274
f 766/949/260 691/942/273 574/906/267 759/934/260
f 752/928/260 581/922/260 686/926/260 767/950/260
f 768/951/264 682/952/264 582/924/264 751/923/264
f 769/953/257 604/954/257 605/884/257 742/887/257
f 770/955/257 603/956/257 604/954/257 769/953/257
f 771/957/257 602/958/257 603/956/257 770/955/257
f 772/959/257 601/960/257 602/958/257 771/957/257
f 773/961/257 600/962/257 601/960/257 772/959/257
f 774/963/257 599/964/257 600/962/257 773/961/257
f 761/940/257 598/889/257 599/964/257 774/963/257
f 599/964/257 598/889/257 695/892/257 698/965/257
f 744/910/264 589/909/264 689/966/264 775/967/264
f 764/948/274 597/947/274 596/968/274 776/969/274
f 776/969/274 596/968/274 595/970/274 777/971/274
f 777/971/274 595/970/274 594/972/274 778/973/274
f 778/973/274 594/972/274 593/974/274 779/975/274
f 779/975/274 593/974/274 592/976/274 780/977/274
f 780/977/274 592/976/274 591/978/274 781/979/274
f 781/979/274 591/978/274 590/938/271 763/943/274
f 634/980/264 622/981/264 689/966/264 589/909/264
f 607/982/275 716/983/275 712/984/275 709/985/275 706/986/275 703/987/275 700/988/275 697/989/275 694/990/275 615/991/275 659/992/275 662/993/275 665/994/275 668/995/275 671/996/275 674/997/275 677/998/275 679/999/275 627/1000/275 719/1001/275 722/1002/275 725/1003/275 728/1004/275 731/1005/275 734/1006/275 737/1007/275 739/1008/275 620/1009/275 635/1010/275 638/1011/275 641/1012/275 644/1013/275 647/1014/275 650/1015/275 653/1016/275 655/1017/275
f 637/1018/276 634/980/276 589/909/276 588/908/276
f 640/1019/277 637/1018/277 588/908/277 587/912/277
f 643/1020/278 640/1019/278 587/912/278 586/914/278
f 646/1021/279 643/1020/279 586/914/279 585/916/279
f 649/1022/280 646/1021/280 585/916/280 584/918/280
f 652/1023/281 649/1022/281 584/918/281 583/920/281
f 656/1024/282 652/1023/282 583/920/282 582/924/282
f 608/1025/283 656/1024/283 582/924/283 682/952/283
f 605/884/257 604/954/257 713/1026/257 715/885/257
f 604/954/257 603/956/257 710/1027/257 713/1026/257
f 603/956/257 602/958/257 707/1028/257 710/1027/257
f 602/958/257 601/960/257 704/1029/257 707/1028/257
f 601/960/257 600/962/257 701/1030/257 704/1029/257
f 600/962/257 599/964/257 698/965/257 701/1030/257
f 621/1031/274 740/1032/274 597/947/274 688/946/274
f 740/1032/274 736/1033/274 596/968/274 597/947/274
f 736/1033/274 733/1034/274 595/970/274 596/968/274
f 733/1034/284 730/1035/284 594/972/284 595/970/284
f 730/1035/285 727/1036/285 593/974/285 594/972/285
f 727/1036/286 724/1037/286 592/976/286 593/974/286
f 724/1037/287 721/1038/287 591/978/287 592/976/287
f 721/1038/274 718/935/268 590/938/271 591/978/274
f 606/886/288 609/1039/288 610/1040/288 612/1041/288
f 607/982/289 611/1042/289 610/1043/289 609/1039/289
f 608/1025/290 612/1044/290 610/1045/290 611/1046/290
f 613/891/291 616/1047/291 617/1048/291 619/1049/291
f 614/925/292 618/1050/292 617/1051/292 616/1052/292
f 615/991/293 619/1049/293 617/1053/293 618/1054/293
f 620/1009/294 623/1055/294 624/1056/294 626/1057/294
f 621/1031/295 625/1058/295 624/1056/295 623/1055/295
f 622/981/296 626/1059/296 624/1056/296 625/1058/296
f 627/1000/297 630/1060/297 631/1061/297 633/1062/297
f 628/941/298 632/1063/298 631/1061/298 630/1064/298
f 629/936/299 633/1062/299 631/1061/299 632/1063/299
f 686/926/300 614/925/300 616/1052/300 687/1065/300
f 687/1066/301 616/1047/301 613/891/301 685/890/301
f 716/983/302 607/982/302 609/1039/302 717/1067/302
f 717/1067/303 609/1039/303 606/886/303 715/885/303
f 656/1024/304 608/1025/304 611/1046/304 657/1068/304
f 657/1069/305 611/1042/305 607/982/305 655/1017/305
f 680/905/306 628/941/306 630/1064/306 681/1070/306
f 681/1071/307 630/1060/307 627/1000/307 679/999/307
f 740/1032/308 621/1031/309 623/1055/309 741/1072/308
f 741/1072/310 623/1055/311 620/1009/311 739/1008/310
f 689/966/312 622/981/312 625/1058/312 690/1073/312
f 690/1073/313 625/1058/313 621/1031/313 688/946/313
f 622/981/314 634/980/314 636/1074/314 626/1059/314
f 626/1057/315 636/1075/315 635/1010/315 620/1009/315
f 634/980/316 637/1018/316 639/1076/316 636/1077/316
f 636/1078/317 639/1079/317 638/1011/317 635/1010/317
f 637/1018/318 640/1019/318 642/1080/318 639/1076/318
f 639/1079/319 642/1081/319 641/1012/319 638/1011/319
f 640/1019/320 643/1020/320 645/1082/320 642/1083/320
f 642/1084/321 645/1085/321 644/1013/321 641/1012/321
f 643/1020/322 646/1021/322 648/1086/322 645/1082/322
f 645/1085/323 648/1087/323 647/1014/323 644/1013/323
f 646/1021/324 649/1022/324 651/1088/324 648/1089/324
f 648/1090/325 651/1091/325 650/1015/325 647/1014/325
f 649/1022/326 652/1023/326 654/1092/326 651/1088/326
f 651/1091/327 654/1093/327 653/1016/327 650/1015/327
f 652/1023/328 656/1024/328 657/1068/328 654/1094/328
f 654/1095/329 657/1069/329 655/1017/329 653/1016/329
f 614/925/330 658/921/330 660/1096/330 618/1050/330
f 618/1054/331 660/1097/331 659/992/331 615/991/331
f 658/921/332 661/894/332 663/1098/332 660/1096/332
f 660/1097/333 663/1099/333 662/993/333 659/992/333
f 661/894/334 664/893/334 666/1100/334 663/1101/334
f 663/1102/335 666/1103/335 665/994/335 662/993/335
f 664/893/336 667/897/336 669/1104/336 666/1100/336
f 666/1103/337 669/1105/337 668/995/337 665/994/337
f 667/897/338 670/899/338 672/1106/338 669/1107/338
f 669/1108/339 672/1109/339 671/996/339 668/995/339
f 670/899/340 673/901/340 675/1110/340 672/1111/340
f 672/1112/341 675/1113/341 674/997/341 671/996/341
f 673/901/342 676/903/342 678/1114/342 675/1110/342
f 675/1113/343 678/1115/343 677/998/343 674/997/343
f 676/903/344 680/905/344 681/1116/344 678/1117/344
f 678/1118/345 681/1119/345 679/999/345 677/998/345
f 608/1025/346 682/952/346 684/1120/346 612/1044/346
f 612/1041/347 684/1121/348 683/883/348 606/886/347
f 782/1122/349 684/1120/349 682/952/349 768/951/349
f 683/883/348 684/1121/348 782/1123/350 743/888/350
f 767/950/351 686/926/351 687/1065/351 783/1124/351
f 687/1066/352 685/890/352 760/939/352 783/1125/352
f 775/967/312 689/966/312 690/1073/312 784/1126/312
f 690/1073/313 688/946/313 765/945/313 784/1126/313
f 628/941/353 691/942/353 693/1127/353 632/1063/353
f 632/1063/354 693/1127/354 692/937/354 629/936/354
f 785/1128/355 693/1127/355 691/942/355 766/949/355
f 692/937/356 693/1127/356 785/1128/356 762/944/356
f 615/991/302 694/990/302 696/1129/302 619/1049/302
f 619/1049/357 696/1129/357 695/892/357 613/891/357
f 694/990/302 697/989/302 699/1130/302 696/1129/302
f 696/1129/357 699/1130/357 698/965/357 695/892/357
f 697/989/302 700/988/302 702/1131/302 699/1130/302
f 699/1130/357 702/1131/357 701/1030/357 698/965/357
f 700/988/302 703/987/302 705/1132/302 702/1131/302
f 702/1131/357 705/1132/303 704/1029/303 701/1030/357
f 703/987/302 706/986/302 708/1133/302 705/1132/302
f 705/1132/303 708/1133/303 707/1028/303 704/1029/303
f 706/986/302 709/985/302 711/1134/302 708/1133/302
f 708/1133/303 711/1134/303 710/1027/303 707/1028/303
f 709/985/302 712/984/302 714/1135/302 711/1134/302
f 711/1134/303 714/1135/303 713/1026/303 710/1027/303
f 712/984/302 716/983/302 717/1067/302 714/1135/302
f 714/1135/303 717/1067/303 715/885/303 713/1026/303
f 629/936/358 718/935/358 720/1136/358 633/1062/358
f 633/1062/359 720/1136/359 719/1001/359 627/1000/359
f 718/935/360 721/1038/360 723/1137/360 720/1136/360
f 720/1136/361 723/1137/361 722/1002/361 719/1001/361
f 721/1038/362 724/1037/362 726/1138/362 723/1137/362
f 723/1137/363 726/1138/363 725/1003/363 722/1002/363
f 724/1037/364 727/1036/364 729/1139/364 726/1138/364
f 726/1138/365 729/1139/365 728/1004/365 725/1003/365
f 727/1036/366 730/1035/366 732/1140/366 729/1139/366
f 729/1139/367 732/1140/367 731/1005/367 728/1004/367
f 730/1035/368 733/1034/368 735/1141/368 732/1140/368
f 732/1140/369 735/1141/369 734/1006/369 731/1005/369
f 733/1034/370 736/1033/371 738/1142/371 735/1141/370
f 735/1141/372 738/1142/373 737/1007/373 734/1006/372
f 736/1033/371 740/1032/308 741/1072/308 738/1142/371
f 738/1142/373 741/1072/310 739/1008/310 737/1007/373
f 766/1143/374 759/1144/374 758/1145/374 757/1146/374 756/1147/374 755/1148/374 754/1149/374 753/1150/374 752/1151/374 767/1152/374 783/1153/374 760/1154/374 761/1155/374 774/1156/374 773/1157/374 772/1158/374 771/1159/374 770/1160/374 769/1161/374 742/1162/374 743/1163/374 782/1164/374 768/1165/374 751/1166/374 750/1167/374 749/1168/374 748/1169/374 747/1170/374 746/1171/374 745/1172/374 744/1173/374 775/1174/374 784/1175/374 765/1176/374 764/1177/374 776/1178/374 777/1179/374 778/1180/374 779/1181/374 780/1182/374 781/1183/374 763/1184/374 762/1185/374 785/1186/374
o Cube.004
v -0.071803 -0.055287 -0.456110
v -0.155680 -0.060814 -0.500000
v -0.154795 -0.015683 -0.456140
v -0.096364 -0.058044 -0.487141
v -0.107414 -0.032224 -0.481457
v -0.156917 -0.028986 -0.487137
v -0.096110 -0.025508 -0.456125
v -0.071803 -0.967508 -0.456110
v -0.153844 -1.003532 -0.456105
v -0.155347 -0.958877 -0.500000
v -0.095832 -0.996239 -0.456107
v -0.107437 -0.988957 -0.481449
v -0.157692 -0.990124 -0.487144
v -0.096270 -0.963196 -0.487143
v -1.888125 -0.056601 -0.500000
v -1.971803 -0.055287 -0.456110
v -1.888412 -0.011397 -0.455990
v -1.947297 -0.055943 -0.487143
v -1.936498 -0.030224 -0.481425
v -1.947378 -0.024252 -0.456050
v -1.888270 -0.024623 -0.487089
v -1.887826 -0.956594 -0.500000
v -1.890605 -1.001397 -0.456136
v -1.971803 -0.967507 -0.456110
v -1.885276 -0.987709 -0.487159
v -1.936080 -0.987886 -0.481456
v -1.948020 -0.995613 -0.456123
v -1.947213 -0.962067 -0.487139
v -1.760691 -0.011397 -0.455985
v -1.760691 -0.056654 -0.500000
v -1.760691 -0.024652 -0.487108
v -1.549580 -0.027495 -0.457089
v -1.549580 -0.082999 -0.500000
v -1.549580 -0.047947 -0.487431
v -1.338469 -0.052838 -0.461325
v -1.338469 -0.120441 -0.500000
v -1.338469 -0.081803 -0.488672
v -1.127358 -0.021948 -0.456685
v -1.127358 -0.074154 -0.500000
v -1.127358 -0.040031 -0.487314
v -0.916247 -0.011397 -0.456162
v -0.916247 -0.056823 -0.500000
v -0.916247 -0.024702 -0.487160
v -0.705136 -0.035820 -0.458380
v -0.705136 -0.095830 -0.500000
v -0.705136 -0.059456 -0.487810
v -0.494025 -0.011397 -0.456145
v -0.494025 -0.056644 -0.500000
v -0.494025 -0.024650 -0.487155
v -0.282914 -0.067423 -0.500000
v -0.282914 -0.018016 -0.456349
v -0.282914 -0.034260 -0.487215
v -0.282914 -0.999029 -0.456793
v -0.282914 -0.946651 -0.500000
v -0.282914 -0.980427 -0.487345
v -0.494025 -0.986362 -0.458613
v -0.494025 -0.927005 -0.500000
v -0.494025 -0.962822 -0.487878
v -0.705136 -1.000850 -0.456628
v -0.705136 -0.949626 -0.500000
v -0.705136 -0.983050 -0.487296
v -0.916247 -1.011397 -0.456118
v -0.916247 -0.966962 -0.500000
v -0.916247 -0.998382 -0.487147
v -1.127359 -1.011397 -0.456119
v -1.127359 -0.966974 -0.500000
v -1.127359 -0.998386 -0.487147
v -1.338470 -0.996812 -0.457051
v -1.338470 -0.943208 -0.500000
v -1.338470 -0.977305 -0.487420
v -1.549581 -0.999773 -0.456712
v -1.549580 -0.947946 -0.500000
v -1.549581 -0.981520 -0.487321
v -1.760692 -0.940962 -0.500000
v -1.760692 -0.995406 -0.457233
v -1.760692 -0.975315 -0.487474
v -0.155353 -0.900286 -0.500000
v -0.071803 -0.900286 -0.456110
v -0.096274 -0.900286 -0.487145
v -0.155372 -0.789175 -0.500000
v -0.071803 -0.789175 -0.456110
v -0.096280 -0.789175 -0.487145
v -0.155405 -0.678064 -0.500000
v -0.071803 -0.678064 -0.456110
v -0.096289 -0.678064 -0.487145
v -0.155455 -0.566953 -0.500000
v -0.071803 -0.566953 -0.456110
v -0.096304 -0.566953 -0.487145
v -0.155526 -0.455842 -0.500000
v -0.071803 -0.455842 -0.456110
v -0.096325 -0.455842 -0.487145
v -0.155624 -0.344731 -0.500000
v -0.071803 -0.344731 -0.456110
v -0.096354 -0.344731 -0.487145
v -0.195769 -0.233620 -0.500000
v -0.096312 -0.233620 -0.456854
v -0.131887 -0.233620 -0.487362
v -0.071803 -0.122509 -0.456110
v -0.155699 -0.122509 -0.500000
v -0.096375 -0.122509 -0.487145
v -1.971803 -0.900286 -0.456110
v -1.887803 -0.900286 -0.500000
v -1.947200 -0.900286 -0.487145
v -1.971803 -0.789175 -0.456110
v -1.887730 -0.789175 -0.500000
v -1.947179 -0.789175 -0.487145
v -1.940506 -0.678064 -0.457266
v -1.836838 -0.678064 -0.500000
v -1.902040 -0.678064 -0.487483
v -1.971803 -0.566952 -0.456110
v -1.887790 -0.566952 -0.500000
v -1.947196 -0.566952 -0.487145
v -1.971803 -0.455841 -0.456110
v -1.887922 -0.455841 -0.500000
v -1.947235 -0.455841 -0.487145
v -1.971803 -0.344730 -0.456110
v -1.888016 -0.344730 -0.500000
v -1.947262 -0.344730 -0.487145
v -1.971803 -0.233619 -0.456110
v -1.888078 -0.233619 -0.500000
v -1.947280 -0.233619 -0.487145
v -1.888113 -0.122508 -0.500000
v -1.971803 -0.122508 -0.456110
v -1.947291 -0.122508 -0.487145
v -0.071803 -0.122509 -0.391766
v -0.071803 -0.055287 -0.391766
v -0.071803 -0.967507 -0.391766
v -0.071803 -0.900286 -0.391766
v -0.502993 -1.010949 -0.391766
v -0.494025 -1.010364 -0.391766
v -0.705136 -1.010949 -0.391766
v -0.714171 -1.011397 -0.391766
v -0.916247 -1.011397 -0.391766
v -1.127359 -1.011397 -0.391766
v -1.136270 -1.010782 -0.391766
v -1.338470 -1.010782 -0.391766
v -1.347426 -1.010903 -0.391766
v -1.549581 -1.010903 -0.391766
v -1.558469 -1.010723 -0.391766
v -1.760692 -1.010723 -0.391766
v -0.291626 -1.010364 -0.391766
v -0.282914 -1.010873 -0.391766
v -0.160605 -1.010873 -0.391766
v -0.155136 -1.011060 -0.391766
v -1.971803 -0.967507 -0.391766
v -1.971803 -0.900285 -0.391766
v -1.766250 -1.010969 -0.391766
v -1.888506 -1.010969 -0.391766
v -0.071803 -0.789175 -0.391766
v -1.888412 -0.011397 -0.391766
v -1.760691 -0.011397 -0.391766
v -1.751785 -0.012076 -0.391766
v -1.549580 -0.012076 -0.391766
v -1.541195 -0.013043 -0.391766
v -1.338469 -0.013043 -0.391766
v -1.329510 -0.011845 -0.391766
v -1.127358 -0.011845 -0.391766
v -1.118329 -0.011397 -0.391766
v -0.916247 -0.011397 -0.391766
v -0.907506 -0.012409 -0.391766
v -0.705136 -0.012409 -0.391766
v -0.696104 -0.011397 -0.391766
v -0.494025 -0.011397 -0.391766
v -0.485020 -0.011680 -0.391766
v -0.282914 -0.011680 -0.391766
v -0.277432 -0.011581 -0.391766
v -0.155176 -0.011581 -0.391766
v -0.072840 -0.233620 -0.391766
v -0.072840 -0.127213 -0.391766
v -0.071803 -0.344731 -0.391766
v -0.071803 -0.238376 -0.391766
v -0.071803 -0.455842 -0.391766
v -0.071803 -0.566953 -0.391766
v -0.071803 -0.678064 -0.391766
v -1.971803 -0.122508 -0.391766
v -1.971803 -0.055287 -0.391766
v -1.971803 -0.233619 -0.391766
v -1.971803 -0.344730 -0.391766
v -1.971803 -0.455841 -0.391766
v -1.971803 -0.566952 -0.391766
v -1.971803 -0.673307 -0.391766
v -1.970486 -0.678064 -0.391766
v -1.970486 -0.784499 -0.391766
v -1.971803 -0.789174 -0.391766
v -0.152653 -1.010749 -0.391766
v -0.096211 -0.998443 -0.391766
v -0.095182 -0.997214 -0.391766
v -1.947378 -0.024252 -0.391766
v -0.098733 -0.023886 -0.391766
v -0.096222 -0.024306 -0.391766
v -1.944949 -0.998664 -0.391766
v -1.947406 -0.998416 -0.391766
v -1.970785 -0.968710 -0.391766
vn 1.0000 -0.0000 -0.0000
vn 0.0333 -0.9665 -0.2544
vn 0.0259 -0.9964 -0.0812
vn -0.0000 -1.0000 -0.0000
vn -0.0356 -0.9941 -0.1026
vn 0.0070 -0.9817 -0.1901
vn -0.0103 -0.9803 -0.1975
vn -0.0290 -0.9655 -0.2589
vn -0.0177 -0.9890 -0.1469
vn -1.0000 -0.0000 -0.0000
vn 0.0229 -0.9815 -0.1903
vn -0.0000 1.0000 -0.0000
vn -0.0000 -0.0000 -1.0000
vn 0.0391 0.9928 -0.1132
vn 0.0539 0.9263 -0.3728
vn -0.0671 0.9328 -0.3541
vn -0.0259 0.9964 -0.0811
vn 0.0584 0.9840 -0.1685
vn -0.0582 0.9815 -0.1827
vn 0.0163 0.9988 -0.0470
vn -0.0094 0.9966 -0.0814
vn 0.9791 -0.1120 -0.1700
vn 0.9765 0.1117 -0.1846
vn -0.9627 -0.1401 -0.2316
vn -0.9667 0.1407 -0.2138
vn 0.6933 0.4944 -0.5243
vn 0.1598 0.3330 -0.9293
vn 0.1305 0.9240 -0.3595
vn 0.6813 -0.4963 -0.5380
vn 0.0916 -0.9265 -0.3651
vn 0.1480 -0.3376 -0.9296
vn -0.1751 0.3316 -0.9270
vn -0.7103 0.4921 -0.5034
vn -0.1767 0.9209 -0.3475
vn -0.1396 -0.3366 -0.9313
vn -0.0676 -0.9256 -0.3724
vn -0.6727 -0.4935 -0.5513
vn 0.1674 -0.9831 -0.0739
vn 0.7764 -0.6302 -0.0089
vn 0.2118 -0.0000 -0.9773
vn 0.7841 -0.0000 -0.6207
vn -0.0265 0.9024 -0.4301
vn -0.0169 0.3668 -0.9302
vn 0.0607 -0.8763 -0.4779
vn 0.0389 -0.3597 -0.9323
vn -0.7847 -0.0000 -0.6198
vn -0.7848 -0.0000 -0.6198
vn -0.2123 -0.0000 -0.9772
vn -0.2130 0.9771 -0.0000
vn -0.7858 0.6185 -0.0000
vn 0.0001 0.9201 -0.3916
vn 0.0001 0.3740 -0.9274
vn 0.0799 0.8740 -0.4793
vn 0.0410 0.3547 -0.9341
vn 0.0976 0.7558 -0.6475
vn 0.0492 0.3081 -0.9501
vn -0.1237 0.7705 -0.6253
vn -0.0622 0.3128 -0.9478
vn -0.0538 0.8898 -0.4532
vn -0.0275 0.3594 -0.9328
vn 0.1153 0.8475 -0.5181
vn 0.0584 0.3426 -0.9376
vn -0.1154 0.8479 -0.5175
vn -0.0587 0.3433 -0.9374
vn 0.0344 0.9021 -0.4301
vn 0.0175 0.3660 -0.9304
vn -0.0480 -0.8875 -0.4583
vn -0.0308 -0.3641 -0.9309
vn -0.0553 -0.8162 -0.5751
vn -0.0284 -0.3353 -0.9417
vn 0.0641 -0.8215 -0.5666
vn 0.0329 -0.3373 -0.9408
vn 0.0541 -0.8933 -0.4462
vn 0.0280 -0.3665 -0.9300
vn -0.0000 -0.9222 -0.3868
vn -0.0000 -0.3787 -0.9255
vn -0.0731 -0.8813 -0.4668
vn -0.0378 -0.3617 -0.9315
vn 0.0139 -0.8501 -0.5264
vn 0.0072 -0.3497 -0.9368
vn -0.0203 -0.8459 -0.5330
vn -0.0105 -0.3479 -0.9375
vn 0.1881 0.9814 -0.0388
vn 0.7801 0.6256 -0.0052
vn -0.1551 -0.9839 -0.0892
vn -0.7746 -0.6324 -0.0096
vn 0.2126 -0.0000 -0.9771
vn 0.7853 -0.0000 -0.6192
vn 0.7852 -0.0000 -0.6192
vn 0.7852 -0.0000 -0.6193
vn 0.2125 0.0001 -0.9772
vn 0.7851 -0.0000 -0.6194
vn 0.2124 0.0001 -0.9772
vn 0.7849 0.0001 -0.6197
vn 0.2122 0.0001 -0.9772
vn 0.7846 0.0001 -0.6200
vn 0.2121 0.0001 -0.9773
vn 0.7845 0.0001 -0.6202
vn 0.2022 0.0679 -0.9770
vn 0.7027 0.1869 -0.6865
vn 0.2022 -0.0678 -0.9770
vn 0.7026 -0.1868 -0.6866
vn -0.7837 -0.0000 -0.6212
vn -0.7836 0.0001 -0.6213
vn -0.2116 -0.0000 -0.9774
vn -0.2115 0.0001 -0.9774
vn -0.7835 0.0001 -0.6214
vn -0.2114 0.0001 -0.9774
vn -0.6781 0.2286 -0.6985
vn -0.1987 0.0844 -0.9764
vn -0.6782 -0.2286 -0.6984
vn -0.1988 -0.0845 -0.9764
vn -0.7838 -0.0001 -0.6210
vn -0.7840 -0.0001 -0.6207
vn -0.2117 -0.0002 -0.9773
vn -0.2118 -0.0001 -0.9773
vn -0.7844 -0.0001 -0.6203
vn -0.2120 -0.0001 -0.9773
vn -0.7846 -0.0001 -0.6200
vn -0.2122 -0.0001 -0.9772
vn -0.0000 -0.0000 1.0000
vt 0.402778 0.222942
vt 0.402778 0.239028
vt 0.385972 0.239028
vt 0.385972 0.222942
vt 0.614028 0.222942
vt 0.614028 0.239028
vt 0.597222 0.239028
vt 0.597222 0.222942
vt 0.791667 0.527058
vt 0.791667 0.510843
vt 0.819444 0.510347
vt 0.819444 0.527058
vt 0.818258 0.527087
vt 0.763889 0.527058
vt 0.763889 0.510970
vt 0.790474 0.527066
vt 0.736111 0.527058
vt 0.736111 0.510970
vt 0.708333 0.527058
vt 0.708333 0.510737
vt 0.734930 0.527045
vt 0.680556 0.527058
vt 0.680556 0.510822
vt 0.707155 0.527063
vt 0.652778 0.527058
vt 0.652778 0.510692
vt 0.679385 0.527051
vt 0.847222 0.510802
vt 0.847222 0.527058
vt 0.846071 0.527031
vt 0.864134 0.510903
vt 0.864032 0.527055
vt 0.863312 0.527050
vt 0.597222 0.527058
vt 0.597222 0.510972
vt 0.614028 0.510973
vt 0.614028 0.527058
vt 0.635965 0.527054
vt 0.635800 0.510850
vt 0.652045 0.527067
vt 0.569444 0.239028
vt 0.569444 0.222942
vt 0.347222 0.527058
vt 0.347222 0.511004
vt 0.364028 0.511002
vt 0.364028 0.527058
vt 0.386717 0.261036
vt 0.402778 0.261039
vt 0.430556 0.263625
vt 0.458333 0.261029
vt 0.486111 0.261016
vt 0.513889 0.261007
vt 0.541667 0.261000
vt 0.569444 0.260996
vt 0.597222 0.260993
vt 0.613060 0.260993
vt 0.611395 0.277778
vt 0.607644 0.305556
vt 0.611832 0.333333
vt 0.613891 0.361111
vt 0.613894 0.388889
vt 0.610874 0.416667
vt 0.611602 0.444444
vt 0.610498 0.472222
vt 0.612836 0.488950
vt 0.597222 0.488947
vt 0.569444 0.488938
vt 0.541667 0.485421
vt 0.513889 0.488946
vt 0.486111 0.488963
vt 0.458333 0.488975
vt 0.430556 0.488984
vt 0.402778 0.488988
vt 0.386301 0.488990
vt 0.386314 0.472222
vt 0.389849 0.444444
vt 0.401570 0.416667
vt 0.388461 0.388889
vt 0.386356 0.361111
vt 0.392494 0.333333
vt 0.386312 0.305556
vt 0.387508 0.277778
vt 0.346040 0.527042
vt 0.319444 0.527058
vt 0.319444 0.510728
vt 0.291667 0.509669
vt 0.318322 0.526985
vt 0.291667 0.527058
vt 0.290461 0.527134
vt 0.263889 0.527058
vt 0.263889 0.510829
vt 0.262696 0.527066
vt 0.236111 0.527058
vt 0.236111 0.510960
vt 0.234939 0.527021
vt 0.208333 0.527058
vt 0.208333 0.510405
vt 0.207124 0.527093
vt 0.180556 0.527058
vt 0.180556 0.510964
vt 0.179369 0.527056
vt 0.152778 0.527058
vt 0.152778 0.510913
vt 0.135941 0.510944
vt 0.152056 0.527060
vt 0.135971 0.527058
vt 0.430556 0.222942
vt 0.430556 0.239213
vt 0.403960 0.222952
vt 0.458333 0.222942
vt 0.458333 0.239028
vt 0.431751 0.222931
vt 0.486111 0.222942
vt 0.486111 0.239028
vt 0.513889 0.222942
vt 0.513889 0.239028
vt 0.541667 0.222942
vt 0.541667 0.239028
vt 0.385972 0.527058
vt 0.385972 0.510972
vt 0.402778 0.510972
vt 0.402778 0.527058
vt 0.430556 0.510972
vt 0.430556 0.527058
vt 0.458333 0.510972
vt 0.458333 0.527058
vt 0.486111 0.510972
vt 0.486111 0.527058
vt 0.513889 0.510972
vt 0.513889 0.527058
vt 0.540468 0.527075
vt 0.541667 0.510683
vt 0.541667 0.527058
vt 0.568265 0.527041
vt 0.569444 0.510972
vt 0.569444 0.527058
vt 0.386662 0.250000
vt 0.380206 0.250000
vt 0.375000 0.239031
vt 0.375000 0.261520
vt 0.375000 0.255147
vt 0.125000 0.510969
vt 0.125000 0.504636
vt 0.136520 0.500000
vt 0.625000 0.239027
vt 0.625000 0.245362
vt 0.612950 0.250000
vt 0.863124 0.500000
vt 0.869473 0.500000
vt 0.875000 0.510973
vt 0.619390 0.250000
vt 0.625000 0.261876
vt 0.386137 0.500000
vt 0.375020 0.501548
vt 0.375000 0.489009
vt 0.375000 0.510987
vt 0.364009 0.500000
vt 0.625000 0.487892
vt 0.623041 0.499625
vt 0.612668 0.500000
vt 0.625000 0.510969
vt 0.637108 0.500000
vt 0.875000 0.527058
vt 0.864475 0.527059
vt 0.624556 0.222942
vt 0.625000 0.222942
vt 0.403074 0.250000
vt 0.152778 0.500000
vt 0.375000 0.277778
vt 0.652778 0.500000
vt 0.625000 0.472222
vt 0.402778 0.500000
vt 0.375000 0.527058
vt 0.347222 0.500000
vt 0.375000 0.472222
vt 0.319444 0.500000
vt 0.346481 0.500000
vt 0.375000 0.471481
vt 0.375000 0.444444
vt 0.291667 0.500000
vt 0.318665 0.500000
vt 0.375000 0.443665
vt 0.375000 0.416667
vt 0.264895 0.500000
vt 0.375000 0.389895
vt 0.236616 0.500000
vt 0.263889 0.500000
vt 0.375000 0.388889
vt 0.375000 0.361617
vt 0.208333 0.500000
vt 0.235071 0.500000
vt 0.375000 0.360071
vt 0.375000 0.333333
vt 0.181592 0.500000
vt 0.375000 0.306592
vt 0.180234 0.500000
vt 0.375000 0.305234
vt 0.847222 0.500000
vt 0.625000 0.277778
vt 0.819444 0.500000
vt 0.846762 0.500000
vt 0.625000 0.278238
vt 0.625000 0.305556
vt 0.792206 0.500000
vt 0.625000 0.332794
vt 0.764384 0.500000
vt 0.791667 0.500000
vt 0.625000 0.333333
vt 0.625000 0.360617
vt 0.736111 0.500000
vt 0.763889 0.500000
vt 0.625000 0.361111
vt 0.625000 0.388889
vt 0.708333 0.500000
vt 0.735446 0.500000
vt 0.625000 0.389554
vt 0.625000 0.416667
vt 0.680671 0.500000
vt 0.625000 0.444329
vt 0.680387 0.500000
vt 0.625000 0.444613
vt 0.125455 0.527057
vt 0.125000 0.527058
vt 0.375000 0.222942
vt 0.625000 0.527058
vt 0.625435 0.527053
vt 0.614464 0.527058
vt 0.597222 0.250000
vt 0.569444 0.250000
vt 0.541667 0.250000
vt 0.513889 0.250000
vt 0.486111 0.250000
vt 0.458037 0.250000
vt 0.430556 0.250000
vt 0.597222 0.500000
vt 0.569076 0.500000
vt 0.541667 0.500000
vt 0.514258 0.500000
vt 0.486111 0.500000
vt 0.458333 0.500000
vt 0.430556 0.500000
vt 0.450461 0.433108
vt 0.450528 0.433122
vt 0.452074 0.433838
vt 0.455423 0.433838
vt 0.455575 0.433824
vt 0.461114 0.433824
vt 0.461358 0.433835
vt 0.466895 0.433835
vt 0.467140 0.433827
vt 0.472679 0.433827
vt 0.472923 0.433863
vt 0.478706 0.433863
vt 0.484241 0.433863
vt 0.484489 0.433837
vt 0.490026 0.433837
vt 0.490271 0.433803
vt 0.495815 0.433803
vt 0.496054 0.433833
vt 0.499404 0.433833
vt 0.499554 0.433844
vt 0.499622 0.433826
vt 0.501168 0.433109
vt 0.501196 0.433038
vt 0.501837 0.431309
vt 0.501837 0.427397
vt 0.501837 0.420930
vt 0.501837 0.414463
vt 0.501837 0.407997
vt 0.501837 0.401530
vt 0.501837 0.395063
vt 0.501837 0.388873
vt 0.501808 0.388597
vt 0.501808 0.382404
vt 0.501837 0.382130
vt 0.501837 0.378218
vt 0.501168 0.376415
vt 0.501099 0.376390
vt 0.499553 0.375674
vt 0.496204 0.375674
vt 0.496054 0.375680
vt 0.490518 0.375680
vt 0.490271 0.375663
vt 0.484736 0.375663
vt 0.484489 0.375722
vt 0.478945 0.375722
vt 0.478706 0.375663
vt 0.473171 0.375663
vt 0.472923 0.375689
vt 0.467386 0.375689
vt 0.467140 0.375759
vt 0.461587 0.375759
vt 0.461358 0.375703
vt 0.455819 0.375703
vt 0.455575 0.375663
vt 0.452076 0.375663
vt 0.450461 0.376411
vt 0.449792 0.378218
vt 0.449792 0.382130
vt 0.449792 0.388597
vt 0.449792 0.395063
vt 0.449792 0.401530
vt 0.449792 0.407997
vt 0.449792 0.414187
vt 0.449828 0.414463
vt 0.449828 0.420658
vt 0.449792 0.420930
vt 0.449792 0.427397
vt 0.449792 0.431309
vt 0.449820 0.431379
s 1
usemtl Material.002
f 910/1187/375 883/1188/375 786/1189/375 911/1190/375
f 912/1191/375 793/1192/375 863/1193/375 913/1194/375
f 916/1195/376 844/1196/376 841/1197/376 915/1198/376 914/1199/376
f 918/1200/377 847/1201/377 844/1196/377 916/1195/377 917/1202/377
f 919/1203/378 850/1204/378 847/1201/378 918/1200/378
f 921/1205/379 853/1206/379 850/1204/379 919/1203/379 920/1207/379
f 923/1208/380 856/1209/380 853/1206/380 921/1205/380 922/1210/380
f 925/1211/381 860/1212/381 856/1209/381 923/1208/381 924/1213/381
f 915/1198/382 841/1197/382 838/1214/382 927/1215/382 926/1216/382
f 927/1215/383 838/1214/383 794/1217/383 929/1218/383 928/1219/383
f 931/1220/384 886/1221/384 809/1222/384 930/1223/384
f 933/1224/385 808/1225/385 860/1212/385 925/1211/385 932/1226/385
f 913/1194/375 863/1193/375 866/1227/375 934/1228/375
f 936/1229/386 814/1230/386 802/1231/386 935/1232/386
f 787/1233/387 884/1234/387 880/1235/387 877/1236/387 874/1237/387 871/1238/387 868/1239/387 865/1240/387 862/1241/387 795/1242/387 839/1243/387 842/1244/387 845/1245/387 848/1246/387 851/1247/387 854/1248/387 857/1249/387 859/1250/387 807/1251/387 887/1252/387 890/1253/387 893/1254/387 896/1255/387 899/1256/387 902/1257/387 905/1258/387 907/1259/387 800/1260/387 815/1261/387 818/1262/387 821/1263/387 824/1264/387 827/1265/387 830/1266/387 833/1267/387 835/1268/387
f 937/1269/388 938/1270/388 817/1271/388 814/1230/388 936/1229/388
f 820/1272/389 817/1271/389 938/1270/389 939/1273/389 940/1274/389
f 941/1275/390 942/1276/390 823/1277/390 820/1272/390 940/1274/390
f 943/1278/391 944/1279/391 826/1280/391 823/1277/391 942/1276/391
f 945/1281/392 946/1282/392 829/1283/392 826/1280/392 944/1279/392
f 947/1284/393 948/1285/393 832/1286/393 829/1283/393 946/1282/393
f 949/1287/394 950/1288/394 836/1289/394 832/1286/394 948/1285/394
f 788/1290/395 836/1289/395 950/1288/395 951/1291/395 952/1292/395
f 953/1293/396 881/1294/396 883/1188/396 910/1187/396 954/1295/396
f 955/1296/397 878/1297/397 881/1294/397 953/1293/397 956/1298/397
f 957/1299/375 875/1300/375 878/1297/375 955/1296/375
f 958/1301/375 872/1302/375 875/1300/375 957/1299/375
f 959/1303/375 869/1304/375 872/1302/375 958/1301/375
f 934/1228/375 866/1227/375 869/1304/375 959/1303/375
f 961/1305/384 801/1306/384 908/1307/384 960/1308/384
f 960/1308/384 908/1307/384 904/1309/384 962/1310/384
f 962/1310/384 904/1309/384 901/1311/384 963/1312/384
f 963/1312/384 901/1311/384 898/1313/384 964/1314/384
f 964/1314/384 898/1313/384 895/1315/384 965/1316/384
f 966/1317/398 965/1316/398 895/1315/398 892/1318/398 967/1319/398
f 968/1320/399 967/1319/399 892/1318/399 889/1321/399 969/1322/399
f 969/1322/384 889/1321/384 886/1221/384 931/1220/384
f 786/1189/400 789/1323/400 790/1324/400 792/1325/400
f 787/1233/401 791/1326/401 790/1327/401 789/1323/401
f 788/1290/402 792/1328/402 790/1329/402 791/1330/402
f 793/1192/403 796/1331/403 797/1332/403 799/1333/403
f 794/1217/404 798/1334/404 797/1335/404 796/1336/404
f 795/1242/405 799/1333/405 797/1337/405 798/1338/405
f 800/1260/406 803/1339/406 804/1340/406 806/1341/406
f 801/1306/407 805/1342/407 804/1340/407 803/1339/407
f 802/1231/408 806/1343/408 804/1340/408 805/1342/408
f 807/1251/409 810/1344/409 811/1345/409 813/1346/409
f 808/1225/410 812/1347/410 811/1345/410 810/1348/410
f 809/1222/411 813/1346/411 811/1345/411 812/1347/411
f 929/1218/412 794/1217/412 796/1336/412 971/1349/412 970/1350/412
f 796/1331/413 793/1192/413 912/1191/413 972/1351/413 971/1352/413
f 884/1234/414 787/1233/414 789/1323/414 885/1353/414
f 885/1353/415 789/1323/415 786/1189/415 883/1188/415
f 836/1289/416 788/1290/416 791/1330/416 837/1354/416
f 837/1355/417 791/1326/417 787/1233/417 835/1268/417
f 860/1212/418 808/1225/418 810/1348/418 861/1356/418
f 861/1357/419 810/1344/419 807/1251/419 859/1250/419
f 908/1307/420 801/1306/421 803/1339/421 909/1358/420
f 909/1358/422 803/1339/422 800/1260/422 907/1259/422
f 935/1232/423 802/1231/423 805/1342/423 973/1359/423
f 805/1342/424 801/1306/424 961/1305/424 973/1359/424
f 802/1231/425 814/1230/425 816/1360/425 806/1343/425
f 806/1341/426 816/1361/426 815/1261/426 800/1260/426
f 814/1230/427 817/1271/427 819/1362/427 816/1363/427
f 816/1364/428 819/1365/428 818/1262/428 815/1261/428
f 817/1271/429 820/1272/429 822/1366/429 819/1367/429
f 819/1368/430 822/1369/430 821/1263/430 818/1262/430
f 820/1272/431 823/1277/431 825/1370/431 822/1366/431
f 822/1369/432 825/1371/432 824/1264/432 821/1263/432
f 823/1277/433 826/1280/433 828/1372/433 825/1373/433
f 825/1374/434 828/1375/434 827/1265/434 824/1264/434
f 826/1280/435 829/1283/435 831/1376/435 828/1377/435
f 828/1378/436 831/1379/436 830/1266/436 827/1265/436
f 829/1283/437 832/1286/437 834/1380/437 831/1376/437
f 831/1379/438 834/1381/438 833/1267/438 830/1266/438
f 832/1286/439 836/1289/439 837/1354/439 834/1382/439
f 834/1383/440 837/1355/440 835/1268/440 833/1267/440
f 794/1217/441 838/1214/441 840/1384/441 798/1334/441
f 798/1338/442 840/1385/442 839/1243/442 795/1242/442
f 838/1214/443 841/1197/443 843/1386/443 840/1387/443
f 840/1388/444 843/1389/444 842/1244/444 839/1243/444
f 841/1197/445 844/1196/445 846/1390/445 843/1386/445
f 843/1389/446 846/1391/446 845/1245/446 842/1244/446
f 844/1196/447 847/1201/447 849/1392/447 846/1393/447
f 846/1394/448 849/1395/448 848/1246/448 845/1245/448
f 847/1201/449 850/1204/449 852/1396/449 849/1397/449
f 849/1398/450 852/1399/450 851/1247/450 848/1246/450
f 850/1204/451 853/1206/451 855/1400/451 852/1401/451
f 852/1402/452 855/1403/452 854/1248/452 851/1247/452
f 853/1206/453 856/1209/453 858/1404/453 855/1400/453
f 855/1403/454 858/1405/454 857/1249/454 854/1248/454
f 856/1209/455 860/1212/455 861/1356/455 858/1406/455
f 858/1407/456 861/1357/456 859/1250/456 857/1249/456
f 792/1328/457 788/1290/457 952/1292/457 974/1408/457 975/1409/457
f 786/1189/458 792/1325/458 975/1410/458 911/1190/458
f 977/1411/459 812/1347/459 808/1225/459 933/1224/459 976/1412/459
f 809/1222/460 812/1347/460 977/1411/460 978/1413/460 930/1223/460
f 795/1242/461 862/1241/461 864/1414/461 799/1333/461
f 799/1333/462 864/1414/463 863/1193/463 793/1192/462
f 862/1241/461 865/1240/461 867/1415/461 864/1414/461
f 864/1414/463 867/1415/464 866/1227/464 863/1193/463
f 865/1240/461 868/1239/465 870/1416/465 867/1415/461
f 867/1415/464 870/1416/466 869/1304/466 866/1227/464
f 868/1239/465 871/1238/467 873/1417/467 870/1416/465
f 870/1416/466 873/1417/468 872/1302/468 869/1304/466
f 871/1238/467 874/1237/469 876/1418/469 873/1417/467
f 873/1417/468 876/1418/470 875/1300/470 872/1302/468
f 874/1237/469 877/1236/471 879/1419/471 876/1418/469
f 876/1418/470 879/1419/472 878/1297/472 875/1300/470
f 877/1236/473 880/1235/473 882/1420/473 879/1419/473
f 879/1419/474 882/1420/474 881/1294/474 878/1297/474
f 880/1235/475 884/1234/475 885/1353/475 882/1420/475
f 882/1420/476 885/1353/476 883/1188/476 881/1294/476
f 809/1222/477 886/1221/478 888/1421/478 813/1346/477
f 813/1346/479 888/1421/480 887/1252/480 807/1251/479
f 886/1221/478 889/1321/481 891/1422/481 888/1421/478
f 888/1421/480 891/1422/482 890/1253/482 887/1252/480
f 889/1321/483 892/1318/483 894/1423/483 891/1422/483
f 891/1422/484 894/1423/484 893/1254/484 890/1253/484
f 892/1318/485 895/1315/485 897/1424/485 894/1423/485
f 894/1423/486 897/1424/486 896/1255/486 893/1254/486
f 895/1315/487 898/1313/488 900/1425/488 897/1424/487
f 897/1424/489 900/1425/490 899/1256/490 896/1255/489
f 898/1313/488 901/1311/491 903/1426/491 900/1425/488
f 900/1425/490 903/1426/492 902/1257/492 899/1256/490
f 901/1311/491 904/1309/493 906/1427/493 903/1426/491
f 903/1426/492 906/1427/494 905/1258/494 902/1257/492
f 904/1309/493 908/1307/420 909/1358/420 906/1427/493
f 906/1427/494 909/1358/422 907/1259/422 905/1258/494
f 977/1428/495 976/1429/495 933/1430/495 932/1431/495 925/1432/495 924/1433/495 923/1434/495 922/1435/495 921/1436/495 920/1437/495 919/1438/495 918/1439/495 917/1440/495 916/1441/495 914/1442/495 915/1443/495 926/1444/495 927/1445/495 928/1446/495 929/1447/495 970/1448/495 971/1449/495 972/1450/495 912/1451/495 913/1452/495 934/1453/495 959/1454/495 958/1455/495 957/1456/495 955/1457/495 956/1458/495 953/1459/495 954/1460/495 910/1461/495 911/1462/495 975/1463/495 974/1464/495 952/1465/495 951/1466/495 950/1467/495 949/1468/495 948/1469/495 947/1470/495 946/1471/495 945/1472/495 944/1473/495 943/1474/495 942/1475/495 941/1476/495 940/1477/495 939/1478/495 938/1479/495 937/1480/495 936/1481/495 935/1482/495 973/1483/495 961/1484/495 960/1485/495 962/1486/495 963/1487/495 964/1488/495 965/1489/495 966/1490/495 967/1491/495 968/1492/495 969/1493/495 931/1494/495 930/1495/495 978/1496/495
o Cube.005
v 0.726327 -1.068496 -0.438889
v 0.515215 -1.068496 -0.438889
v 0.304104 -1.068496 -0.438889
v 0.092993 -1.068496 -0.438889
v -0.118118 -1.068496 -0.438889
v -0.329229 -1.068496 -0.438889
v -0.540340 -1.078462 -0.438889
v -0.751451 -1.068496 -0.438889
v -0.751451 -2.068496 -0.438889
v -0.540340 -2.068496 -0.438889
v -0.329229 -2.068496 -0.438889
v -0.118118 -2.068496 -0.438889
v 0.092993 -2.068496 -0.438889
v 0.304104 -2.068496 -0.438889
v 0.515215 -2.068496 -0.438889
v 0.726327 -2.068496 -0.438889
v 0.937437 -1.179608 -0.438889
v 0.937437 -1.290719 -0.438889
v 0.937437 -1.401829 -0.438889
v 0.937437 -1.512941 -0.438889
v 0.937437 -1.624052 -0.438889
v 0.937437 -1.735163 -0.438889
v 0.937437 -1.846274 -0.438889
v 0.937437 -1.957386 -0.438889
v -0.962563 -1.179608 -0.438889
v -0.962563 -1.290719 -0.438889
v -0.962563 -1.401829 -0.438889
v -0.962563 -1.512941 -0.438889
v -0.962563 -1.624052 -0.438889
v -0.962563 -1.735163 -0.438889
v -0.962563 -1.846274 -0.438889
v -0.962563 -1.957386 -0.438889
v -0.962563 -2.018497 -0.500000
v -0.867563 -2.012530 -0.550000
v -0.868016 -2.063615 -0.500000
v -0.934738 -2.015513 -0.535355
v -0.922109 -2.044841 -0.528868
v -0.865871 -2.048558 -0.535341
v -0.934871 -2.052422 -0.500000
v -0.962563 -1.118497 -0.500000
v -0.869100 -1.077456 -0.499961
v -0.867563 -1.128822 -0.550000
v -0.935188 -1.085765 -0.499981
v -0.922004 -1.094166 -0.528860
v -0.864806 -1.092865 -0.535338
v -0.934738 -1.123659 -0.535355
v 0.842437 -2.017551 -0.550000
v 0.937437 -2.018497 -0.500000
v 0.842437 -2.068496 -0.500000
v 0.909613 -2.018024 -0.535355
v 0.897286 -2.047164 -0.528867
v 0.909613 -2.054048 -0.500000
v 0.842437 -2.053380 -0.535355
v 0.842437 -1.119103 -0.550000
v 0.842437 -1.068496 -0.499991
v 0.937437 -1.118497 -0.500000
v 0.842437 -1.083312 -0.535342
v 0.897287 -1.089756 -0.528866
v 0.909613 -1.083141 -0.499995
v 0.909613 -1.118799 -0.535355
v 0.726327 -2.068496 -0.500000
v 0.726327 -2.017514 -0.550000
v 0.726327 -2.053564 -0.535355
v 0.515215 -2.053772 -0.501269
v 0.515215 -1.991222 -0.550000
v 0.515215 -2.030688 -0.535727
v 0.304104 -2.068496 -0.500000
v 0.304104 -2.017409 -0.550000
v 0.304104 -2.053533 -0.535355
v 0.092993 -2.058896 -0.500581
v 0.092993 -2.000071 -0.550000
v 0.092993 -2.038481 -0.535525
v -0.118118 -2.068496 -0.500000
v -0.118118 -2.017272 -0.550000
v -0.118118 -2.053493 -0.535355
v -0.329229 -2.046125 -0.502541
v -0.329229 -1.978167 -0.550000
v -0.329229 -2.019312 -0.536099
v -0.540340 -2.068496 -0.500000
v -0.540340 -2.017301 -0.550000
v -0.540340 -2.053502 -0.535355
v -0.751451 -2.006501 -0.550000
v -0.751451 -2.062478 -0.500236
v -0.751451 -2.044060 -0.535424
v -0.751451 -1.079764 -0.500745
v -0.751451 -1.139969 -0.550000
v -0.751451 -1.101114 -0.535573
v -0.540340 -1.104691 -0.503388
v -0.540340 -1.174867 -0.550000
v -0.540340 -1.133096 -0.536348
v -0.329229 -1.078103 -0.500587
v -0.329229 -1.136893 -0.550000
v -0.329229 -1.098508 -0.535527
v -0.118118 -1.068496 -0.500008
v -0.118118 -1.119434 -0.550000
v -0.118118 -1.083416 -0.535357
v 0.092993 -1.068496 -0.500010
v 0.092993 -1.119329 -0.550000
v 0.092993 -1.083385 -0.535358
v 0.304104 -1.081802 -0.501073
v 0.304104 -1.143018 -0.550000
v 0.304104 -1.104069 -0.535670
v 0.515215 -1.079088 -0.500688
v 0.515215 -1.138219 -0.550000
v 0.515215 -1.099908 -0.535557
v 0.726327 -1.119128 -0.550000
v 0.726327 -1.068496 -0.499991
v 0.726327 -1.083326 -0.535352
v -0.867563 -2.068496 -0.438889
v -0.962563 -2.018497 -0.438889
v -0.934738 -2.053852 -0.438889
v -0.962563 -1.118497 -0.438889
v -0.867563 -1.068496 -0.438889
v -0.934738 -1.083141 -0.438889
v 0.937437 -2.018497 -0.438889
v 0.842437 -2.068496 -0.438889
v 0.909613 -2.053852 -0.438889
v 0.842437 -1.068496 -0.438889
v 0.937437 -1.118497 -0.438889
v 0.909613 -1.083141 -0.438889
v -0.867563 -1.179608 -0.550000
v -0.962563 -1.179608 -0.500000
v -0.934738 -1.179608 -0.535355
v -0.867563 -1.290719 -0.550000
v -0.962563 -1.290719 -0.500000
v -0.934738 -1.290719 -0.535355
v -0.867563 -1.401829 -0.550000
v -0.962563 -1.401829 -0.500000
v -0.934738 -1.401829 -0.535355
v -0.867563 -1.512941 -0.550000
v -0.962563 -1.512941 -0.500000
v -0.934738 -1.512941 -0.535355
v -0.867563 -1.624052 -0.550000
v -0.962563 -1.624052 -0.500000
v -0.934738 -1.624052 -0.535355
v -0.867563 -1.735163 -0.550000
v -0.962563 -1.735163 -0.500000
v -0.934738 -1.735163 -0.535355
v -0.867563 -1.846274 -0.550000
v -0.962563 -1.846274 -0.500000
v -0.934738 -1.846274 -0.535355
v -0.962563 -1.957386 -0.500000
v -0.867563 -1.957386 -0.550000
v -0.934738 -1.957386 -0.535355
v 0.937437 -1.179608 -0.500000
v 0.842437 -1.179608 -0.550000
v 0.909613 -1.179608 -0.535355
v 0.937437 -1.290719 -0.500000
v 0.842437 -1.290719 -0.550000
v 0.909613 -1.290719 -0.535355
v 0.937437 -1.401829 -0.500000
v 0.842437 -1.401829 -0.550000
v 0.909613 -1.401829 -0.535355
v 0.937437 -1.512941 -0.500000
v 0.842437 -1.512941 -0.550000
v 0.909613 -1.512941 -0.535355
v 0.937437 -1.624052 -0.500000
v 0.842437 -1.624052 -0.550000
v 0.909613 -1.624052 -0.535355
v 0.937437 -1.735163 -0.500000
v 0.842437 -1.735163 -0.550000
v 0.909613 -1.735163 -0.535355
v 0.937437 -1.846274 -0.500000
v 0.842437 -1.846274 -0.550000
v 0.909613 -1.846274 -0.535355
v 0.842437 -1.957386 -0.550000
v 0.937437 -1.957386 -0.500000
v 0.909613 -1.957386 -0.535355
v -0.962563 -1.957386 -0.391766
v -0.962563 -2.018497 -0.391766
v 0.726327 -2.068496 -0.391766
v 0.515215 -2.068496 -0.391766
v 0.304104 -2.068496 -0.391766
v 0.092993 -2.068496 -0.391766
v -0.118118 -2.068496 -0.391766
v -0.329229 -2.068496 -0.391766
v -0.540340 -2.068496 -0.391766
v -0.751451 -2.068496 -0.391766
v -0.629874 -1.074235 -0.391766
v -0.751451 -1.068496 -0.391766
v -0.540340 -1.074235 -0.391766
v -0.418762 -1.068496 -0.391766
v -0.329229 -1.068496 -0.391766
v -0.118118 -1.068496 -0.391766
v 0.092993 -1.068496 -0.391766
v 0.304104 -1.068496 -0.391766
v 0.515215 -1.068496 -0.391766
v 0.726327 -1.068496 -0.391766
v -0.962563 -1.118497 -0.391766
v -0.962563 -1.179608 -0.391766
v 0.937437 -1.118497 -0.391766
v 0.937437 -1.179608 -0.391766
v 0.937437 -1.957386 -0.391766
v 0.937437 -2.018497 -0.391766
v 0.842437 -1.068496 -0.391766
v -0.867563 -1.068496 -0.391766
v -0.867563 -2.068496 -0.391766
v -0.962563 -1.846274 -0.391766
v -0.962563 -1.735163 -0.391766
v -0.962563 -1.624052 -0.391766
v -0.962563 -1.512941 -0.391766
v -0.962563 -1.401829 -0.391766
v -0.962563 -1.290719 -0.391766
v 0.842437 -2.068496 -0.391766
v 0.937437 -1.846274 -0.391766
v 0.937437 -1.735163 -0.391766
v 0.937437 -1.624052 -0.391766
v 0.937437 -1.512941 -0.391766
v 0.937437 -1.401829 -0.391766
v 0.937437 -1.290719 -0.391766
v -0.934738 -2.053852 -0.391766
v -0.934738 -1.083141 -0.391766
v 0.909613 -2.053852 -0.391766
v 0.909613 -1.083141 -0.391766
vn -1.0000 -0.0000 -0.0000
vn -0.0812 0.9588 -0.2723
vn -0.0226 0.9967 -0.0780
vn -0.0000 1.0000 -0.0000
vn 0.0310 0.9937 -0.1072
vn -0.0061 0.9819 -0.1893
vn -0.0248 0.9960 -0.0858
vn -0.0000 -1.0000 -0.0000
vn 0.0772 0.9558 -0.2836
vn 0.0092 0.9867 -0.1625
vn 0.0372 0.9991 -0.0190
vn -0.0371 0.9968 -0.0705
vn 1.0000 -0.0000 -0.0000
vn -0.0000 -0.0000 -1.0000
vn -0.0343 -0.9924 -0.1183
vn 0.0343 -0.9924 -0.1183
vn -0.0226 -0.9967 -0.0779
vn 0.0226 -0.9967 -0.0779
vn -0.0510 -0.9830 -0.1763
vn 0.0510 -0.9830 -0.1763
vn -0.0142 -0.9987 -0.0491
vn 0.0048 -0.9960 -0.0887
vn -0.6947 -0.4962 -0.5207
vn -0.1608 -0.3356 -0.9282
vn -0.1308 -0.9251 -0.3565
vn -0.6810 0.4954 -0.5393
vn -0.0914 0.9254 -0.3678
vn -0.1476 0.3357 -0.9303
vn 0.1761 -0.3345 -0.9258
vn 0.7117 -0.4920 -0.5013
vn 0.1745 -0.9208 -0.3489
vn 0.1770 0.3355 -0.9253
vn 0.1776 0.9228 -0.3420
vn 0.7122 0.4943 -0.4985
vn -0.1690 0.9815 -0.0903
vn -0.7767 0.6297 -0.0107
vn -0.2130 -0.0000 -0.9770
vn -0.7858 -0.0000 -0.6185
vn 0.0214 -0.9035 -0.4282
vn 0.0165 -0.3688 -0.9293
vn -0.0000 0.9222 -0.3866
vn -0.0000 0.3788 -0.9255
vn 0.7858 -0.0000 -0.6184
vn 0.2130 -0.0000 -0.9771
vn 0.2123 -0.9772 0.0008
vn 0.2116 -0.9773 0.0016
vn 0.7862 -0.6179 0.0005
vn 0.7867 -0.6174 0.0010
vn 0.0007 -0.9203 -0.3911
vn 0.0002 -0.3774 -0.9261
vn -0.0761 -0.8757 -0.4768
vn -0.0408 -0.3573 -0.9331
vn 0.0760 -0.8755 -0.4771
vn 0.0406 -0.3570 -0.9332
vn -0.0513 -0.8921 -0.4489
vn -0.0275 -0.3638 -0.9311
vn 0.0512 -0.8919 -0.4493
vn 0.0273 -0.3634 -0.9312
vn -0.1098 -0.8497 -0.5156
vn -0.0583 -0.3456 -0.9366
vn 0.1098 -0.8498 -0.5155
vn 0.0584 -0.3457 -0.9365
vn -0.0328 -0.9033 -0.4278
vn -0.0175 -0.3683 -0.9296
vn 0.0385 0.8862 -0.4617
vn 0.0296 0.3613 -0.9320
vn 0.1033 0.8018 -0.5885
vn 0.0503 0.3285 -0.9432
vn -0.1119 0.8069 -0.5800
vn -0.0550 0.3306 -0.9422
vn -0.0514 0.8923 -0.4485
vn -0.0277 0.3643 -0.9309
vn -0.0001 0.9214 -0.3885
vn -0.0001 0.3769 -0.9262
vn 0.0694 0.8810 -0.4680
vn 0.0372 0.3605 -0.9320
vn -0.0132 0.8497 -0.5271
vn -0.0072 0.3490 -0.9371
vn -0.0563 0.8903 -0.4519
vn -0.0304 0.3652 -0.9304
vn -0.1891 -0.9807 -0.0497
vn -0.7803 -0.6253 -0.0065
vn -0.7831 -0.6219 -0.0032
vn -0.2130 -0.9771 -0.0000
vn -0.7858 -0.6185 -0.0000
vn -0.2130 0.9771 -0.0000
vn -0.7858 0.6184 -0.0000
vn 0.2130 -0.9771 -0.0000
vn 0.7858 -0.6184 -0.0000
vn 0.2130 0.9771 -0.0000
vn 0.7858 0.6184 -0.0000
vn -0.2130 -0.0000 -0.9771
vn -0.0000 -0.0000 1.0000
vt 0.387500 0.222222
vt 0.402778 0.222222
vt 0.402778 0.237500
vt 0.387500 0.237500
vt 0.402778 0.210442
vt 0.387500 0.210442
vt 0.597222 0.222222
vt 0.612500 0.222222
vt 0.612500 0.237500
vt 0.597222 0.237500
vt 0.791667 0.512353
vt 0.819444 0.511653
vt 0.819444 0.527778
vt 0.791667 0.527778
vt 0.763889 0.512498
vt 0.763889 0.527778
vt 0.736111 0.512497
vt 0.736111 0.527778
vt 0.708333 0.512232
vt 0.708333 0.527778
vt 0.680556 0.512328
vt 0.680556 0.527778
vt 0.652778 0.512502
vt 0.652778 0.527778
vt 0.319444 0.539558
vt 0.319444 0.527778
vt 0.347222 0.527778
vt 0.347222 0.539558
vt 0.291667 0.539558
vt 0.291667 0.527778
vt 0.263889 0.539558
vt 0.263889 0.527778
vt 0.236111 0.539558
vt 0.236111 0.527778
vt 0.208333 0.539558
vt 0.208333 0.527778
vt 0.180556 0.539558
vt 0.180556 0.527778
vt 0.847222 0.512314
vt 0.847222 0.527778
vt 0.152778 0.539558
vt 0.152778 0.527778
vt 0.862611 0.512418
vt 0.862500 0.527778
vt 0.819444 0.539558
vt 0.847222 0.539558
vt 0.831198 0.539531
vt 0.791667 0.539558
vt 0.803420 0.539585
vt 0.763889 0.539558
vt 0.736111 0.539558
vt 0.708333 0.539558
vt 0.680556 0.539558
vt 0.652778 0.539558
vt 0.597222 0.512500
vt 0.612500 0.512500
vt 0.612500 0.527778
vt 0.597222 0.527778
vt 0.612500 0.210442
vt 0.597222 0.210442
vt 0.637500 0.512502
vt 0.637500 0.527778
vt 0.597222 0.539558
vt 0.612500 0.539558
vt 0.387500 0.539558
vt 0.387500 0.527778
vt 0.402778 0.527778
vt 0.402778 0.539558
vt 0.637500 0.539558
vt 0.862500 0.539558
vt 0.137500 0.539558
vt 0.137500 0.527778
vt 0.430556 0.210442
vt 0.430556 0.222222
vt 0.458333 0.210442
vt 0.458333 0.222222
vt 0.486111 0.210442
vt 0.486111 0.222222
vt 0.513889 0.210442
vt 0.513889 0.222222
vt 0.541667 0.210442
vt 0.541667 0.222222
vt 0.569444 0.210442
vt 0.569444 0.222222
vt 0.569444 0.237500
vt 0.362500 0.527778
vt 0.362500 0.539558
vt 0.430556 0.527778
vt 0.430556 0.539558
vt 0.458333 0.527778
vt 0.458333 0.539558
vt 0.486111 0.527778
vt 0.486111 0.539558
vt 0.513889 0.527778
vt 0.513889 0.539558
vt 0.541667 0.527778
vt 0.541667 0.539558
vt 0.569444 0.527778
vt 0.569444 0.539558
vt 0.347222 0.512500
vt 0.362500 0.512500
vt 0.388338 0.262500
vt 0.402778 0.262500
vt 0.430556 0.262500
vt 0.458333 0.262500
vt 0.486111 0.262500
vt 0.513889 0.262500
vt 0.541667 0.262500
vt 0.569444 0.262500
vt 0.597222 0.262500
vt 0.611114 0.262500
vt 0.609339 0.277778
vt 0.599575 0.305556
vt 0.609870 0.333333
vt 0.612266 0.361111
vt 0.612292 0.388889
vt 0.608860 0.416667
vt 0.609710 0.444444
vt 0.612342 0.472222
vt 0.612348 0.487500
vt 0.597222 0.487500
vt 0.569444 0.487500
vt 0.541667 0.487500
vt 0.513889 0.487500
vt 0.486111 0.487500
vt 0.458333 0.487500
vt 0.430556 0.487500
vt 0.402778 0.487500
vt 0.387736 0.487500
vt 0.387746 0.472222
vt 0.391705 0.444444
vt 0.387772 0.416667
vt 0.390140 0.388889
vt 0.387806 0.361111
vt 0.394767 0.333333
vt 0.387799 0.305556
vt 0.389163 0.277778
vt 0.319444 0.512183
vt 0.291667 0.512500
vt 0.263889 0.512355
vt 0.236111 0.512500
vt 0.208333 0.511865
vt 0.180556 0.512500
vt 0.152778 0.512441
vt 0.137467 0.512473
vt 0.430556 0.237500
vt 0.458333 0.237500
vt 0.486111 0.237500
vt 0.513889 0.237500
vt 0.541667 0.237500
vt 0.387500 0.512500
vt 0.402778 0.512500
vt 0.430556 0.512500
vt 0.458333 0.512500
vt 0.486111 0.512500
vt 0.513889 0.512500
vt 0.541667 0.512500
vt 0.569444 0.512500
vt 0.388246 0.250000
vt 0.380914 0.250000
vt 0.375000 0.237500
vt 0.375000 0.263086
vt 0.375000 0.255847
vt 0.125000 0.512500
vt 0.125000 0.505283
vt 0.138086 0.500000
vt 0.625000 0.237495
vt 0.625000 0.244715
vt 0.611209 0.250000
vt 0.861476 0.500000
vt 0.868703 0.500000
vt 0.875000 0.512505
vt 0.618583 0.250000
vt 0.625000 0.263524
vt 0.387618 0.500000
vt 0.375017 0.501761
vt 0.375000 0.487500
vt 0.375000 0.512500
vt 0.362500 0.500000
vt 0.625000 0.487500
vt 0.623228 0.500000
vt 0.612424 0.500000
vt 0.625000 0.512501
vt 0.637500 0.500000
vt 0.875000 0.527778
vt 0.625000 0.222222
vt 0.402778 0.250000
vt 0.152778 0.500000
vt 0.375000 0.277778
vt 0.652778 0.500000
vt 0.625000 0.472222
vt 0.402778 0.500000
vt 0.375000 0.527778
vt 0.347222 0.500000
vt 0.375000 0.472222
vt 0.319444 0.500000
vt 0.346388 0.500000
vt 0.375000 0.471388
vt 0.375000 0.444444
vt 0.292503 0.500000
vt 0.375000 0.417503
vt 0.263889 0.500000
vt 0.291098 0.500000
vt 0.375000 0.416098
vt 0.375000 0.388889
vt 0.236681 0.500000
vt 0.375000 0.361681
vt 0.208333 0.500000
vt 0.234938 0.500000
vt 0.375000 0.359938
vt 0.375000 0.333333
vt 0.181728 0.500000
vt 0.375000 0.306728
vt 0.180191 0.500000
vt 0.375000 0.305191
vt 0.847222 0.500000
vt 0.625000 0.277778
vt 0.819444 0.500000
vt 0.846337 0.500000
vt 0.625000 0.278663
vt 0.625000 0.305556
vt 0.792637 0.500000
vt 0.625000 0.332363
vt 0.764456 0.500000
vt 0.791667 0.500000
vt 0.625000 0.333333
vt 0.625000 0.360544
vt 0.736111 0.500000
vt 0.763889 0.500000
vt 0.625000 0.361111
vt 0.625000 0.388889
vt 0.708333 0.500000
vt 0.735350 0.500000
vt 0.625000 0.389650
vt 0.625000 0.416667
vt 0.680687 0.500000
vt 0.625000 0.444313
vt 0.653395 0.500000
vt 0.680556 0.500000
vt 0.625000 0.444444
vt 0.625000 0.471605
vt 0.125000 0.527778
vt 0.375000 0.222222
vt 0.125000 0.539558
vt 0.375000 0.210442
vt 0.875000 0.539558
vt 0.625000 0.210442
vt 0.375000 0.539558
vt 0.625000 0.527778
vt 0.625000 0.539558
vt 0.597222 0.250000
vt 0.569444 0.250000
vt 0.541667 0.250000
vt 0.513889 0.250000
vt 0.486111 0.250000
vt 0.458333 0.250000
vt 0.430556 0.250000
vt 0.597222 0.500000
vt 0.569444 0.500000
vt 0.541667 0.500000
vt 0.513889 0.500000
vt 0.486111 0.500000
vt 0.458333 0.500000
vt 0.430556 0.500000
vt 0.528720 0.438039
vt 0.526880 0.437186
vt 0.523699 0.437186
vt 0.517916 0.437186
vt 0.512134 0.437186
vt 0.506351 0.437186
vt 0.500568 0.437186
vt 0.494785 0.437186
vt 0.492333 0.437186
vt 0.489003 0.437520
vt 0.486550 0.437520
vt 0.483220 0.437186
vt 0.480039 0.437186
vt 0.478199 0.438039
vt 0.477437 0.440096
vt 0.477437 0.443653
vt 0.477437 0.450120
vt 0.477437 0.456586
vt 0.477437 0.463053
vt 0.477437 0.469520
vt 0.477437 0.475986
vt 0.477437 0.482453
vt 0.477437 0.488920
vt 0.477437 0.492476
vt 0.478199 0.494534
vt 0.480039 0.495386
vt 0.483220 0.495386
vt 0.489003 0.495386
vt 0.494785 0.495386
vt 0.500568 0.495386
vt 0.506351 0.495386
vt 0.512134 0.495386
vt 0.517916 0.495386
vt 0.523699 0.495386
vt 0.526879 0.495386
vt 0.528720 0.494534
vt 0.529482 0.492476
vt 0.529482 0.488920
vt 0.529482 0.482453
vt 0.529482 0.475986
vt 0.529482 0.469520
vt 0.529482 0.463053
vt 0.529482 0.456586
vt 0.529482 0.450120
vt 0.529482 0.443653
vt 0.529482 0.440096
s 1
usemtl Material.002
f 1088/1497/496 1010/1498/496 1120/1499/496 1011/1500/496
f 1147/1501/496 1010/1498/496 1088/1497/496 1148/1502/496
f 1003/1503/496 1090/1504/496 1018/1505/496 1100/1506/496
f 1069/1507/497 1066/1508/497 985/1509/497 984/1510/497
f 1072/1511/498 1069/1507/498 984/1510/498 983/1512/498
f 1075/1513/499 1072/1511/499 983/1512/499 982/1514/499
f 1078/1515/500 1075/1513/500 982/1514/500 981/1516/500
f 1081/1517/501 1078/1515/501 981/1516/501 980/1518/501
f 1085/1519/502 1081/1517/502 980/1518/502 979/1520/502
f 1150/1521/503 993/1522/503 994/1523/503 1149/1524/503
f 1151/1525/503 992/1526/503 993/1522/503 1150/1521/503
f 1152/1527/503 991/1528/503 992/1526/503 1151/1525/503
f 1153/1529/503 990/1530/503 991/1528/503 1152/1527/503
f 1154/1531/503 989/1532/503 990/1530/503 1153/1529/503
f 1155/1533/503 988/1534/503 989/1532/503 1154/1531/503
f 1066/1508/504 1063/1535/504 986/1536/504 985/1509/504
f 1156/1537/503 987/1538/503 988/1534/503 1155/1533/503
f 1063/1535/505 1019/1539/505 1091/1540/505 986/1536/505
f 1159/1541/506 985/1509/506 986/1536/506 1158/1542/506 1157/1543/506
f 1161/1544/507 984/1510/507 985/1509/507 1159/1541/507 1160/1545/507
f 1162/1546/499 983/1512/499 984/1510/499 1161/1544/499
f 1163/1547/499 982/1514/499 983/1512/499 1162/1546/499
f 1164/1548/499 981/1516/499 982/1514/499 1163/1547/499
f 1165/1549/499 980/1518/499 981/1516/499 1164/1548/499
f 1166/1550/499 979/1520/499 980/1518/499 1165/1549/499
f 1123/1551/508 1034/1552/508 1097/1553/508 995/1554/508
f 1167/1555/496 1090/1504/496 1003/1503/496 1168/1556/496
f 1033/1557/499 1085/1519/499 979/1520/499 1096/1558/499
f 1170/1559/508 995/1554/508 1097/1553/508 1169/1560/508
f 1172/1561/508 1093/1562/508 1002/1563/508 1171/1564/508
f 1173/1565/499 1096/1558/499 979/1520/499 1166/1550/499
f 1158/1542/499 986/1536/499 1091/1540/499 1174/1566/499
f 1175/1567/503 1087/1568/503 987/1538/503 1156/1537/503
f 1176/1569/496 1009/1570/496 1010/1498/496 1147/1501/496
f 1177/1571/496 1008/1572/496 1009/1570/496 1176/1569/496
f 1178/1573/496 1007/1574/496 1008/1572/496 1177/1571/496
f 1179/1575/496 1006/1576/496 1007/1574/496 1178/1573/496
f 1180/1577/496 1005/1578/496 1006/1576/496 1179/1575/496
f 1181/1579/496 1004/1580/496 1005/1578/496 1180/1577/496
f 1168/1556/496 1003/1503/496 1004/1580/496 1181/1579/496
f 1004/1580/496 1003/1503/496 1100/1506/496 1103/1581/496
f 1149/1524/503 994/1523/503 1094/1582/503 1182/1583/503
f 1171/1564/508 1002/1563/508 1001/1584/508 1183/1585/508
f 1183/1585/508 1001/1584/508 1000/1586/508 1184/1587/508
f 1184/1587/508 1000/1586/508 999/1588/508 1185/1589/508
f 1185/1589/508 999/1588/508 998/1590/508 1186/1591/508
f 1186/1591/508 998/1590/508 997/1592/508 1187/1593/508
f 1187/1593/508 997/1592/508 996/1594/508 1188/1595/508
f 1188/1595/508 996/1594/508 995/1554/508 1170/1559/508
f 1039/1596/503 1027/1597/503 1094/1582/503 994/1523/503
f 1012/1598/509 1121/1599/509 1117/1600/509 1114/1601/509 1111/1602/509 1108/1603/509 1105/1604/509 1102/1605/509 1099/1606/509 1020/1607/509 1064/1608/509 1067/1609/509 1070/1610/509 1073/1611/509 1076/1612/509 1079/1613/509 1082/1614/509 1084/1615/509 1032/1616/509 1124/1617/509 1127/1618/509 1130/1619/509 1133/1620/509 1136/1621/509 1139/1622/509 1142/1623/509 1144/1624/509 1025/1625/509 1040/1626/509 1043/1627/509 1046/1628/509 1049/1629/509 1052/1630/509 1055/1631/509 1058/1632/509 1060/1633/509
f 1042/1634/510 1039/1596/510 994/1523/510 993/1522/510
f 1045/1635/511 1042/1634/511 993/1522/511 992/1526/511
f 1048/1636/512 1045/1635/512 992/1526/512 991/1528/512
f 1051/1637/513 1048/1636/513 991/1528/513 990/1530/513
f 1054/1638/514 1051/1637/514 990/1530/514 989/1532/514
f 1057/1639/515 1054/1638/515 989/1532/515 988/1534/515
f 1061/1640/516 1057/1639/516 988/1534/516 987/1538/516
f 1013/1641/517 1061/1640/517 987/1538/517 1087/1568/517
f 1010/1498/496 1009/1570/496 1118/1642/496 1120/1499/496
f 1009/1570/496 1008/1572/496 1115/1643/496 1118/1642/496
f 1008/1572/496 1007/1574/496 1112/1644/496 1115/1643/496
f 1007/1574/496 1006/1576/496 1109/1645/496 1112/1644/496
f 1006/1576/496 1005/1578/496 1106/1646/496 1109/1645/496
f 1005/1578/496 1004/1580/496 1103/1581/496 1106/1646/496
f 1026/1647/508 1145/1648/508 1002/1563/508 1093/1562/508
f 1145/1648/508 1141/1649/508 1001/1584/508 1002/1563/508
f 1141/1649/508 1138/1650/508 1000/1586/508 1001/1584/508
f 1138/1650/508 1135/1651/508 999/1588/508 1000/1586/508
f 1135/1651/508 1132/1652/508 998/1590/508 999/1588/508
f 1132/1652/508 1129/1653/508 997/1592/508 998/1590/508
f 1129/1653/508 1126/1654/508 996/1594/508 997/1592/508
f 1126/1654/508 1123/1551/508 995/1554/508 996/1594/508
f 1011/1500/518 1014/1655/518 1015/1656/518 1017/1657/518
f 1012/1598/519 1016/1658/519 1015/1659/519 1014/1655/519
f 1013/1641/520 1017/1660/520 1015/1661/520 1016/1662/520
f 1018/1505/521 1021/1663/521 1022/1664/521 1024/1665/521
f 1019/1539/522 1023/1666/522 1022/1667/522 1021/1668/522
f 1020/1607/523 1024/1665/523 1022/1669/523 1023/1670/523
f 1025/1625/524 1028/1671/524 1029/1672/524 1031/1673/524
f 1026/1647/525 1030/1674/525 1029/1672/525 1028/1671/525
f 1027/1597/526 1031/1675/526 1029/1672/526 1030/1674/526
f 1032/1616/527 1035/1676/527 1036/1677/527 1038/1678/527
f 1033/1557/528 1037/1679/528 1036/1677/528 1035/1680/528
f 1034/1552/529 1038/1678/529 1036/1677/529 1037/1679/529
f 1091/1540/530 1019/1539/530 1021/1668/530 1092/1681/530
f 1092/1682/531 1021/1663/531 1018/1505/531 1090/1504/531
f 1121/1599/532 1012/1598/532 1014/1655/532 1122/1683/532
f 1122/1683/533 1014/1655/533 1011/1500/533 1120/1499/533
f 1061/1640/534 1013/1641/534 1016/1662/534 1062/1684/534
f 1062/1685/535 1016/1658/535 1012/1598/535 1060/1633/535
f 1085/1519/536 1033/1557/536 1035/1680/536 1086/1686/536
f 1086/1687/537 1035/1676/537 1032/1616/537 1084/1615/537
f 1145/1648/538 1026/1647/538 1028/1671/538 1146/1688/538
f 1146/1688/539 1028/1671/539 1025/1625/539 1144/1624/539
f 1094/1582/540 1027/1597/541 1030/1674/541 1095/1689/540
f 1095/1689/542 1030/1674/543 1026/1647/543 1093/1562/542
f 1027/1597/544 1039/1596/544 1041/1690/544 1031/1675/544
f 1031/1673/545 1041/1691/545 1040/1626/545 1025/1625/545
f 1039/1596/546 1042/1634/546 1044/1692/546 1041/1693/546
f 1041/1694/547 1044/1695/547 1043/1627/547 1040/1626/547
f 1042/1634/548 1045/1635/548 1047/1696/548 1044/1692/548
f 1044/1695/549 1047/1697/549 1046/1628/549 1043/1627/549
f 1045/1635/550 1048/1636/550 1050/1698/550 1047/1699/550
f 1047/1700/551 1050/1701/551 1049/1629/551 1046/1628/551
f 1048/1636/552 1051/1637/552 1053/1702/552 1050/1698/552
f 1050/1701/553 1053/1703/553 1052/1630/553 1049/1629/553
f 1051/1637/554 1054/1638/554 1056/1704/554 1053/1705/554
f 1053/1706/555 1056/1707/555 1055/1631/555 1052/1630/555
f 1054/1638/556 1057/1639/556 1059/1708/556 1056/1704/556
f 1056/1707/557 1059/1709/557 1058/1632/557 1055/1631/557
f 1057/1639/558 1061/1640/558 1062/1684/558 1059/1710/558
f 1059/1711/559 1062/1685/559 1060/1633/559 1058/1632/559
f 1019/1539/560 1063/1535/560 1065/1712/560 1023/1666/560
f 1023/1670/561 1065/1713/561 1064/1608/561 1020/1607/561
f 1063/1535/562 1066/1508/562 1068/1714/562 1065/1715/562
f 1065/1716/563 1068/1717/563 1067/1609/563 1064/1608/563
f 1066/1508/564 1069/1507/564 1071/1718/564 1068/1714/564
f 1068/1717/565 1071/1719/565 1070/1610/565 1067/1609/565
f 1069/1507/566 1072/1511/566 1074/1720/566 1071/1721/566
f 1071/1722/567 1074/1723/567 1073/1611/567 1070/1610/567
f 1072/1511/568 1075/1513/568 1077/1724/568 1074/1725/568
f 1074/1726/569 1077/1727/569 1076/1612/569 1073/1611/569
f 1075/1513/570 1078/1515/570 1080/1728/570 1077/1729/570
f 1077/1730/571 1080/1731/571 1079/1613/571 1076/1612/571
f 1078/1515/572 1081/1517/572 1083/1732/572 1080/1728/572
f 1080/1731/573 1083/1733/573 1082/1614/573 1079/1613/573
f 1081/1517/574 1085/1519/574 1086/1734/574 1083/1735/574
f 1083/1736/575 1086/1737/575 1084/1615/575 1082/1614/575
f 1013/1641/576 1087/1568/576 1089/1738/576 1017/1660/576
f 1017/1657/577 1089/1739/578 1088/1497/578 1011/1500/577
f 1189/1740/579 1089/1738/579 1087/1568/579 1175/1567/579
f 1088/1497/578 1089/1739/578 1189/1741/580 1148/1502/580
f 1174/1566/581 1091/1540/581 1092/1681/581 1190/1742/581
f 1092/1682/582 1090/1504/582 1167/1555/582 1190/1743/582
f 1182/1583/583 1094/1582/540 1095/1689/540 1191/1744/583
f 1095/1689/542 1093/1562/542 1172/1561/584 1191/1744/584
f 1033/1557/585 1096/1558/585 1098/1745/585 1037/1679/585
f 1037/1679/586 1098/1745/586 1097/1553/586 1034/1552/586
f 1192/1746/585 1098/1745/585 1096/1558/585 1173/1565/585
f 1097/1553/586 1098/1745/586 1192/1746/586 1169/1560/586
f 1020/1607/587 1099/1606/587 1101/1747/587 1024/1665/587
f 1024/1665/533 1101/1747/533 1100/1506/533 1018/1505/533
f 1099/1606/587 1102/1605/532 1104/1748/532 1101/1747/587
f 1101/1747/533 1104/1748/533 1103/1581/533 1100/1506/533
f 1102/1605/532 1105/1604/587 1107/1749/587 1104/1748/532
f 1104/1748/533 1107/1749/533 1106/1646/533 1103/1581/533
f 1105/1604/587 1108/1603/587 1110/1750/587 1107/1749/587
f 1107/1749/533 1110/1750/533 1109/1645/533 1106/1646/533
f 1108/1603/587 1111/1602/532 1113/1751/532 1110/1750/587
f 1110/1750/533 1113/1751/533 1112/1644/533 1109/1645/533
f 1111/1602/532 1114/1601/532 1116/1752/532 1113/1751/532
f 1113/1751/533 1116/1752/533 1115/1643/533 1112/1644/533
f 1114/1601/532 1117/1600/587 1119/1753/587 1116/1752/532
f 1116/1752/533 1119/1753/533 1118/1642/533 1115/1643/533
f 1117/1600/587 1121/1599/532 1122/1683/532 1119/1753/587
f 1119/1753/533 1122/1683/533 1120/1499/533 1118/1642/533
f 1034/1552/538 1123/1551/538 1125/1754/538 1038/1678/538
f 1038/1678/539 1125/1754/539 1124/1617/539 1032/1616/539
f 1123/1551/538 1126/1654/538 1128/1755/538 1125/1754/538
f 1125/1754/539 1128/1755/539 1127/1618/539 1124/1617/539
f 1126/1654/538 1129/1653/538 1131/1756/538 1128/1755/538
f 1128/1755/539 1131/1756/539 1130/1619/539 1127/1618/539
f 1129/1653/538 1132/1652/538 1134/1757/538 1131/1756/538
f 1131/1756/539 1134/1757/539 1133/1620/539 1130/1619/539
f 1132/1652/538 1135/1651/538 1137/1758/538 1134/1757/538
f 1134/1757/539 1137/1758/539 1136/1621/539 1133/1620/539
f 1135/1651/538 1138/1650/538 1140/1759/538 1137/1758/538
f 1137/1758/539 1140/1759/539 1139/1622/539 1136/1621/539
f 1138/1650/538 1141/1649/538 1143/1760/538 1140/1759/538
f 1140/1759/539 1143/1760/539 1142/1623/539 1139/1622/539
f 1141/1649/538 1145/1648/538 1146/1688/538 1143/1760/538
f 1143/1760/539 1146/1688/539 1144/1624/539 1142/1623/539
f 1192/1761/588 1173/1762/588 1166/1763/588 1165/1764/588 1164/1765/588 1163/1766/588 1162/1767/588 1161/1768/588 1160/1769/588 1159/1770/588 1157/1771/588 1158/1772/588 1174/1773/588 1190/1774/588 1167/1775/588 1168/1776/588 1181/1777/588 1180/1778/588 1179/1779/588 1178/1780/588 1177/1781/588 1176/1782/588 1147/1783/588 1148/1784/588 1189/1785/588 1175/1786/588 1156/1787/588 1155/1788/588 1154/1789/588 1153/1790/588 1152/1791/588 1151/1792/588 1150/1793/588 1149/1794/588 1182/1795/588 1191/1796/588 1172/1797/588 1171/1798/588 1183/1799/588 1184/1800/588 1185/1801/588 1186/1802/588 1187/1803/588 1188/1804/588 1170/1805/588 1169/1806/588
o Cube.006
v 2.903062 -1.118497 -0.450000
v 2.808062 -1.124499 -0.500000
v 2.808516 -1.073378 -0.450009
v 2.875237 -1.121498 -0.485355
v 2.862609 -1.092160 -0.478870
v 2.806371 -1.088445 -0.485343
v 2.875370 -1.084571 -0.450005
v 2.903062 -2.018497 -0.450000
v 2.809600 -2.059536 -0.450005
v 2.808062 -2.008762 -0.500000
v 2.875688 -2.051228 -0.450002
v 2.862504 -2.042952 -0.478869
v 2.805304 -2.044293 -0.485359
v 2.875237 -2.013629 -0.485355
v 1.098062 -1.119466 -0.500000
v 1.003062 -1.118496 -0.450000
v 1.098062 -1.068496 -0.449975
v 1.030887 -1.118981 -0.485355
v 1.043213 -1.089833 -0.478863
v 1.030887 -1.083140 -0.449988
v 1.098062 -1.083413 -0.485331
v 1.098062 -2.018079 -0.500000
v 1.098062 -2.068496 -0.449991
v 1.003062 -2.018496 -0.450000
v 1.098062 -2.053734 -0.485346
v 1.043212 -2.047276 -0.478866
v 1.030887 -2.053852 -0.449996
v 1.030887 -2.018287 -0.485355
v 1.214173 -1.068496 -0.449974
v 1.214173 -1.119505 -0.500000
v 1.214173 -1.083436 -0.485348
v 1.425285 -1.083213 -0.451241
v 1.425284 -1.145800 -0.500000
v 1.425285 -1.106311 -0.485719
v 1.636396 -1.095165 -0.453609
v 1.636396 -1.165426 -0.500000
v 1.636396 -1.123662 -0.486412
v 1.847506 -1.078100 -0.450601
v 1.847506 -1.137000 -0.500000
v 1.847506 -1.098536 -0.485531
v 2.058618 -1.068496 -0.450016
v 2.058618 -1.119783 -0.500000
v 2.058618 -1.083518 -0.485360
v 2.269729 -1.090872 -0.452553
v 2.269729 -1.158875 -0.500000
v 2.269729 -1.117697 -0.486103
v 2.480840 -1.068496 -0.450011
v 2.480840 -1.119733 -0.500000
v 2.480840 -1.083503 -0.485358
v 2.691951 -1.130528 -0.500000
v 2.691951 -1.074516 -0.450246
v 2.691951 -1.092944 -0.485427
v 2.691951 -2.057221 -0.450789
v 2.691951 -1.997638 -0.500000
v 2.691951 -2.036057 -0.485586
v 2.480839 -2.068496 -0.450006
v 2.480839 -2.017901 -0.500000
v 2.480839 -2.053678 -0.485357
v 2.269729 -2.058890 -0.450588
v 2.269729 -2.000634 -0.500000
v 2.269729 -2.038640 -0.485527
v 2.058617 -2.068496 -0.450009
v 2.058617 -2.017972 -0.500000
v 2.058617 -2.053698 -0.485358
v 1.847506 -2.068496 -0.450011
v 1.847506 -2.017988 -0.500000
v 1.847506 -2.053703 -0.485358
v 1.636395 -2.055191 -0.451074
v 1.636395 -1.994236 -0.500000
v 1.636395 -2.033001 -0.485670
v 1.425284 -2.057904 -0.450689
v 1.425284 -1.998996 -0.500000
v 1.425284 -2.037149 -0.485557
v 1.214173 -2.018063 -0.500000
v 1.214173 -2.068496 -0.449991
v 1.214173 -2.053725 -0.485353
v 2.808062 -1.957386 -0.500000
v 2.903062 -1.957386 -0.450000
v 2.875237 -1.957386 -0.485355
v 2.808062 -1.846274 -0.500000
v 2.903062 -1.846274 -0.450000
v 2.875237 -1.846274 -0.485355
v 2.808062 -1.735163 -0.500000
v 2.903062 -1.735163 -0.450000
v 2.875237 -1.735163 -0.485355
v 2.808062 -1.624052 -0.500000
v 2.903062 -1.624052 -0.450000
v 2.875237 -1.624052 -0.485355
v 2.808062 -1.512941 -0.500000
v 2.903062 -1.512941 -0.450000
v 2.875237 -1.512941 -0.485355
v 2.808062 -1.401830 -0.500000
v 2.903062 -1.401830 -0.450000
v 2.875237 -1.401830 -0.485355
v 2.808062 -1.290719 -0.500000
v 2.903062 -1.290719 -0.450000
v 2.875237 -1.290719 -0.485355
v 2.903062 -1.179608 -0.450000
v 2.808062 -1.179608 -0.500000
v 2.875237 -1.179608 -0.485355
v 1.003062 -1.957385 -0.450000
v 1.098062 -1.957385 -0.500000
v 1.030887 -1.957385 -0.485355
v 1.003062 -1.846274 -0.450000
v 1.098062 -1.846274 -0.500000
v 1.030887 -1.846274 -0.485355
v 1.003062 -1.735162 -0.450000
v 1.098062 -1.735162 -0.500000
v 1.030887 -1.735162 -0.485355
v 1.003062 -1.624051 -0.450000
v 1.098062 -1.624051 -0.500000
v 1.030887 -1.624051 -0.485355
v 1.003062 -1.512941 -0.450000
v 1.098062 -1.512941 -0.500000
v 1.030887 -1.512941 -0.485355
v 1.003062 -1.401829 -0.450000
v 1.098062 -1.401829 -0.500000
v 1.030887 -1.401829 -0.485355
v 1.003062 -1.290718 -0.450000
v 1.098062 -1.290719 -0.500000
v 1.030887 -1.290718 -0.485355
v 1.098062 -1.179607 -0.500000
v 1.003062 -1.179607 -0.450000
v 1.030887 -1.179607 -0.485355
v 2.903062 -1.179608 -0.391766
v 2.903062 -1.118497 -0.391766
v 2.903062 -2.018497 -0.391766
v 2.903062 -1.957386 -0.391766
v 2.470995 -2.068048 -0.391766
v 2.480839 -2.068496 -0.391766
v 2.269729 -2.068048 -0.391766
v 2.259790 -2.068496 -0.391766
v 2.058617 -2.068496 -0.391766
v 1.847506 -2.068496 -0.391766
v 1.837738 -2.067880 -0.391766
v 1.636395 -2.067880 -0.391766
v 1.626567 -2.068003 -0.391766
v 1.425284 -2.068003 -0.391766
v 1.415343 -2.068496 -0.391766
v 1.214173 -2.068496 -0.391766
v 2.682012 -2.068496 -0.391766
v 2.691951 -2.067972 -0.391766
v 2.802664 -2.067972 -0.391766
v 2.808134 -2.068074 -0.391766
v 1.003062 -2.018496 -0.391766
v 1.003062 -1.957385 -0.391766
v 1.098062 -2.068496 -0.391766
v 2.903062 -1.846274 -0.391766
v 1.098062 -1.068496 -0.391766
v 1.214173 -1.068496 -0.391766
v 1.223915 -1.069175 -0.391766
v 1.425285 -1.069175 -0.391766
v 1.434670 -1.069682 -0.391766
v 1.636396 -1.069682 -0.391766
v 1.646239 -1.068944 -0.391766
v 1.847506 -1.068944 -0.391766
v 1.857444 -1.068496 -0.391766
v 2.058618 -1.068496 -0.391766
v 2.068159 -1.069507 -0.391766
v 2.269729 -1.069507 -0.391766
v 2.279667 -1.068496 -0.391766
v 2.480840 -1.068496 -0.391766
v 2.490740 -1.068779 -0.391766
v 2.691951 -1.068779 -0.391766
v 2.697438 -1.068727 -0.391766
v 2.808083 -1.068727 -0.391766
v 2.903062 -1.290719 -0.391766
v 2.903062 -1.401830 -0.391766
v 2.903062 -1.512941 -0.391766
v 2.903062 -1.624052 -0.391766
v 2.903062 -1.735163 -0.391766
v 1.003062 -1.179607 -0.391766
v 1.003062 -1.118496 -0.391766
v 1.003062 -1.290718 -0.391766
v 1.003062 -1.401829 -0.391766
v 1.003062 -1.512941 -0.391766
v 1.003062 -1.624051 -0.391766
v 1.003062 -1.735162 -0.391766
v 1.003062 -1.846274 -0.391766
v 2.811246 -2.067683 -0.391766
v 2.875258 -2.053729 -0.391766
v 2.876547 -2.052187 -0.391766
v 1.030887 -1.083140 -0.391766
v 2.872096 -1.082682 -0.391766
v 2.875243 -1.083208 -0.391766
v 1.030887 -2.053852 -0.391766
vn 1.0000 -0.0000 -0.0000
vn -0.0236 -0.9970 -0.0744
vn 0.0236 -0.9964 -0.0816
vn -0.0000 -1.0000 -0.0000
vn -0.0325 -0.9942 -0.1023
vn 0.0064 -0.9817 -0.1902
vn 0.0260 -0.9956 -0.0898
vn 0.0276 -0.9950 -0.0955
vn -0.0097 -0.9868 -0.1616
vn -1.0000 -0.0000 -0.0000
vn -0.0000 1.0000 -0.0000
vn -0.0000 -0.0000 -1.0000
vn 0.0359 0.9930 -0.1130
vn 0.0263 0.9516 -0.3062
vn -0.0385 0.9590 -0.2809
vn -0.0236 0.9964 -0.0816
vn 0.0535 0.9842 -0.1687
vn -0.0533 0.9815 -0.1841
vn 0.0149 0.9988 -0.0468
vn -0.0050 0.9960 -0.0891
vn 0.6947 0.4961 -0.5208
vn 0.1608 0.3353 -0.9283
vn 0.1308 0.9250 -0.3568
vn 0.6818 -0.4968 -0.5370
vn 0.0917 -0.9267 -0.3644
vn 0.1483 -0.3382 -0.9293
vn -0.1765 0.3339 -0.9260
vn -0.7117 0.4934 -0.5000
vn -0.1774 0.9220 -0.3442
vn -0.1773 -0.3363 -0.9249
vn -0.1777 -0.9232 -0.3408
vn -0.7124 -0.4948 -0.4976
vn 0.1669 -0.9816 -0.0926
vn 0.7763 -0.6303 -0.0112
vn 0.2130 -0.0000 -0.9771
vn 0.7858 -0.0000 -0.6185
vn -0.0214 0.9033 -0.4284
vn -0.0165 0.3686 -0.9295
vn -0.0000 -0.9228 -0.3854
vn -0.0000 -0.3800 -0.9250
vn -0.7858 -0.0000 -0.6185
vn -0.2130 -0.0000 -0.9771
vn -0.2130 0.9771 -0.0000
vn -0.7858 0.6184 -0.0000
vn 0.0001 0.9213 -0.3889
vn -0.0000 0.3766 -0.9264
vn 0.0761 0.8757 -0.4769
vn 0.0408 0.3573 -0.9331
vn 0.0506 0.7925 -0.6077
vn 0.0269 0.3243 -0.9456
vn -0.0754 0.8083 -0.5839
vn -0.0399 0.3298 -0.9432
vn -0.0512 0.8916 -0.4499
vn -0.0273 0.3628 -0.9315
vn 0.1098 0.8495 -0.5160
vn 0.0583 0.3452 -0.9367
vn -0.1098 0.8496 -0.5159
vn -0.0583 0.3453 -0.9367
vn 0.0328 0.9031 -0.4281
vn 0.0175 0.3680 -0.9297
vn -0.0385 -0.8879 -0.4584
vn -0.0298 -0.3646 -0.9307
vn 0.0597 -0.8882 -0.4556
vn 0.0322 -0.3645 -0.9307
vn -0.0514 -0.8936 -0.4458
vn -0.0277 -0.3669 -0.9298
vn 0.0514 -0.8937 -0.4456
vn 0.0278 -0.3671 -0.9298
vn -0.0000 -0.9225 -0.3861
vn -0.0000 -0.3793 -0.9253
vn -0.0695 -0.8819 -0.4663
vn -0.0375 -0.3623 -0.9313
vn 0.0132 -0.8505 -0.5258
vn 0.0071 -0.3504 -0.9366
vn 0.0564 -0.8909 -0.4507
vn 0.0305 -0.3665 -0.9299
vn 0.1879 0.9810 -0.0485
vn 0.7801 0.6256 -0.0065
vn -0.2130 -0.9771 -0.0000
vn -0.7858 -0.6184 -0.0000
vn -0.0000 -0.0000 1.0000
vt 0.402778 0.222942
vt 0.402778 0.237500
vt 0.387500 0.237500
vt 0.387500 0.222942
vt 0.612500 0.222942
vt 0.612500 0.237500
vt 0.597222 0.237500
vt 0.597222 0.222942
vt 0.791667 0.527058
vt 0.791667 0.512353
vt 0.819444 0.512498
vt 0.819444 0.527058
vt 0.818145 0.527051
vt 0.763889 0.527058
vt 0.763889 0.512498
vt 0.790355 0.527066
vt 0.736111 0.527058
vt 0.736111 0.512497
vt 0.708333 0.527058
vt 0.708333 0.512232
vt 0.734818 0.527045
vt 0.680556 0.527058
vt 0.680556 0.512328
vt 0.707040 0.527063
vt 0.652778 0.527058
vt 0.652778 0.512502
vt 0.679243 0.527067
vt 0.847222 0.512303
vt 0.847222 0.527058
vt 0.845909 0.527068
vt 0.862611 0.512408
vt 0.862505 0.527054
vt 0.861786 0.527052
vt 0.597222 0.527058
vt 0.597222 0.512500
vt 0.612500 0.512500
vt 0.612500 0.527058
vt 0.637500 0.527058
vt 0.637500 0.512502
vt 0.569444 0.237500
vt 0.569444 0.222942
vt 0.347222 0.527058
vt 0.347222 0.512506
vt 0.362500 0.512506
vt 0.362500 0.527058
vt 0.388347 0.262500
vt 0.402778 0.262500
vt 0.430556 0.262500
vt 0.458333 0.262500
vt 0.486111 0.262500
vt 0.513889 0.262500
vt 0.541667 0.262500
vt 0.569444 0.262500
vt 0.597222 0.262500
vt 0.611275 0.262500
vt 0.609527 0.277778
vt 0.612351 0.305556
vt 0.610029 0.333333
vt 0.612369 0.361111
vt 0.612373 0.388889
vt 0.608943 0.416667
vt 0.609777 0.444444
vt 0.612392 0.472222
vt 0.612396 0.487500
vt 0.597222 0.487500
vt 0.569444 0.487500
vt 0.541667 0.487500
vt 0.513889 0.487500
vt 0.486111 0.487500
vt 0.458333 0.487500
vt 0.430556 0.487500
vt 0.402778 0.487500
vt 0.387742 0.487500
vt 0.387752 0.472222
vt 0.391715 0.444444
vt 0.396748 0.416667
vt 0.390163 0.388889
vt 0.387822 0.361111
vt 0.394786 0.333333
vt 0.387809 0.305556
vt 0.389173 0.277778
vt 0.345931 0.527042
vt 0.319444 0.527058
vt 0.319444 0.512190
vt 0.291667 0.511598
vt 0.318205 0.527027
vt 0.291667 0.527058
vt 0.290362 0.527098
vt 0.263889 0.527058
vt 0.263889 0.512350
vt 0.262577 0.527066
vt 0.236111 0.527058
vt 0.236111 0.512496
vt 0.208333 0.511862
vt 0.234835 0.527021
vt 0.208333 0.527058
vt 0.207006 0.527094
vt 0.180556 0.527058
vt 0.180556 0.512497
vt 0.179251 0.527056
vt 0.152778 0.527058
vt 0.152778 0.512438
vt 0.137467 0.512471
vt 0.152056 0.527059
vt 0.137498 0.527057
vt 0.430556 0.222942
vt 0.430556 0.237500
vt 0.458333 0.222942
vt 0.458333 0.237500
vt 0.486111 0.222942
vt 0.486111 0.237500
vt 0.513889 0.222942
vt 0.513889 0.237500
vt 0.541667 0.222942
vt 0.541667 0.237500
vt 0.387500 0.527058
vt 0.387500 0.512500
vt 0.402778 0.512500
vt 0.402778 0.527058
vt 0.430556 0.512500
vt 0.430556 0.527058
vt 0.458333 0.512500
vt 0.458333 0.527058
vt 0.486111 0.512500
vt 0.486111 0.527058
vt 0.513889 0.512500
vt 0.513889 0.527058
vt 0.541667 0.512500
vt 0.541667 0.527058
vt 0.569444 0.512500
vt 0.569444 0.527058
vt 0.388250 0.250000
vt 0.380916 0.250000
vt 0.375000 0.237501
vt 0.375000 0.263086
vt 0.375000 0.255847
vt 0.125000 0.512499
vt 0.125000 0.505282
vt 0.138086 0.500000
vt 0.625000 0.237501
vt 0.625000 0.244717
vt 0.611283 0.250000
vt 0.861483 0.500000
vt 0.868709 0.500000
vt 0.875000 0.512499
vt 0.618614 0.250000
vt 0.625000 0.263517
vt 0.387621 0.500000
vt 0.375017 0.501761
vt 0.375000 0.487500
vt 0.375000 0.512503
vt 0.362500 0.500000
vt 0.625000 0.487500
vt 0.623232 0.500000
vt 0.612448 0.500000
vt 0.625000 0.512501
vt 0.637500 0.500000
vt 0.875000 0.527058
vt 0.863061 0.527060
vt 0.624444 0.222942
vt 0.625000 0.222942
vt 0.402778 0.250000
vt 0.152778 0.500000
vt 0.375000 0.277778
vt 0.652778 0.500000
vt 0.625000 0.472222
vt 0.402778 0.500000
vt 0.375000 0.527058
vt 0.347222 0.500000
vt 0.375000 0.472222
vt 0.319444 0.500000
vt 0.346387 0.500000
vt 0.375000 0.471387
vt 0.375000 0.444444
vt 0.291667 0.500000
vt 0.318950 0.500000
vt 0.375000 0.443950
vt 0.375000 0.416667
vt 0.264656 0.500000
vt 0.375000 0.389656
vt 0.236682 0.500000
vt 0.263889 0.500000
vt 0.375000 0.388889
vt 0.375000 0.361682
vt 0.208333 0.500000
vt 0.234936 0.500000
vt 0.375000 0.359936
vt 0.375000 0.333333
vt 0.181729 0.500000
vt 0.375000 0.306729
vt 0.180191 0.500000
vt 0.375000 0.305191
vt 0.847222 0.500000
vt 0.625000 0.277778
vt 0.820098 0.500000
vt 0.625000 0.304902
vt 0.791667 0.500000
vt 0.818881 0.500000
vt 0.625000 0.306119
vt 0.625000 0.333333
vt 0.764451 0.500000
vt 0.625000 0.360549
vt 0.736111 0.500000
vt 0.763889 0.500000
vt 0.625000 0.361111
vt 0.625000 0.388889
vt 0.708333 0.500000
vt 0.735354 0.500000
vt 0.625000 0.389646
vt 0.625000 0.416667
vt 0.680686 0.500000
vt 0.625000 0.444314
vt 0.653393 0.500000
vt 0.680556 0.500000
vt 0.625000 0.444444
vt 0.625000 0.471607
vt 0.125571 0.527057
vt 0.125000 0.527058
vt 0.375000 0.222942
vt 0.625000 0.527058
vt 0.597222 0.250000
vt 0.569444 0.250000
vt 0.541667 0.250000
vt 0.513889 0.250000
vt 0.486111 0.250000
vt 0.458333 0.250000
vt 0.430556 0.250000
vt 0.597222 0.500000
vt 0.569444 0.500000
vt 0.541667 0.500000
vt 0.513889 0.500000
vt 0.486111 0.500000
vt 0.458333 0.500000
vt 0.430556 0.500000
vt 0.582562 0.438043
vt 0.582476 0.438012
vt 0.580722 0.437200
vt 0.577691 0.437200
vt 0.577541 0.437203
vt 0.572030 0.437203
vt 0.571758 0.437186
vt 0.566248 0.437186
vt 0.565976 0.437245
vt 0.560454 0.437245
vt 0.560193 0.437186
vt 0.554682 0.437186
vt 0.554410 0.437213
vt 0.548897 0.437213
vt 0.548627 0.437255
vt 0.543102 0.437255
vt 0.542845 0.437226
vt 0.537329 0.437226
vt 0.537062 0.437186
vt 0.533882 0.437186
vt 0.532041 0.438039
vt 0.531279 0.440096
vt 0.531279 0.443653
vt 0.531279 0.450120
vt 0.531279 0.456586
vt 0.531279 0.463053
vt 0.531279 0.469520
vt 0.531279 0.475986
vt 0.531279 0.482453
vt 0.531279 0.488920
vt 0.531279 0.492476
vt 0.532041 0.494534
vt 0.533882 0.495386
vt 0.537062 0.495386
vt 0.542572 0.495386
vt 0.542845 0.495358
vt 0.548358 0.495358
vt 0.548627 0.495351
vt 0.554143 0.495351
vt 0.554410 0.495386
vt 0.560193 0.495386
vt 0.565703 0.495386
vt 0.565976 0.495360
vt 0.571489 0.495360
vt 0.571758 0.495386
vt 0.577269 0.495386
vt 0.577541 0.495356
vt 0.580574 0.495356
vt 0.580724 0.495362
vt 0.580809 0.495339
vt 0.582562 0.494527
vt 0.582597 0.494437
vt 0.583324 0.492476
vt 0.583324 0.488920
vt 0.583324 0.482453
vt 0.583324 0.475986
vt 0.583324 0.469520
vt 0.583324 0.463053
vt 0.583324 0.456586
vt 0.583324 0.450120
vt 0.583324 0.443653
vt 0.583324 0.440096
s 1
usemtl Material.002
f 1317/1807/589 1290/1808/589 1193/1809/589 1318/1810/589
f 1319/1811/589 1200/1812/589 1270/1813/589 1320/1814/589
f 1323/1815/590 1251/1816/590 1248/1817/590 1322/1818/590 1321/1819/590
f 1325/1820/591 1254/1821/591 1251/1816/591 1323/1815/591 1324/1822/591
f 1326/1823/592 1257/1824/592 1254/1821/592 1325/1820/592
f 1328/1825/593 1260/1826/593 1257/1824/593 1326/1823/593 1327/1827/593
f 1330/1828/594 1263/1829/594 1260/1826/594 1328/1825/594 1329/1830/594
f 1332/1831/595 1267/1832/595 1263/1829/595 1330/1828/595 1331/1833/595
f 1322/1818/596 1248/1817/596 1245/1834/596 1334/1835/596 1333/1836/596
f 1334/1835/597 1245/1834/597 1201/1837/597 1336/1838/597 1335/1839/597
f 1338/1840/598 1293/1841/598 1216/1842/598 1337/1843/598
f 1339/1844/592 1215/1845/592 1267/1832/592 1332/1831/592
f 1320/1814/589 1270/1813/589 1273/1846/589 1340/1847/589
f 1342/1848/599 1221/1849/599 1209/1850/599 1341/1851/599
f 1194/1852/600 1291/1853/600 1287/1854/600 1284/1855/600 1281/1856/600 1278/1857/600 1275/1858/600 1272/1859/600 1269/1860/600 1202/1861/600 1246/1862/600 1249/1863/600 1252/1864/600 1255/1865/600 1258/1866/600 1261/1867/600 1264/1868/600 1266/1869/600 1214/1870/600 1294/1871/600 1297/1872/600 1300/1873/600 1303/1874/600 1306/1875/600 1309/1876/600 1312/1877/600 1314/1878/600 1207/1879/600 1222/1880/600 1225/1881/600 1228/1882/600 1231/1883/600 1234/1884/600 1237/1885/600 1240/1886/600 1242/1887/600
f 1343/1888/601 1344/1889/601 1224/1890/601 1221/1849/601 1342/1848/601
f 1227/1891/602 1224/1890/602 1344/1889/602 1345/1892/602 1346/1893/602
f 1347/1894/603 1348/1895/603 1230/1896/603 1227/1891/603 1346/1893/603
f 1349/1897/604 1350/1898/604 1233/1899/604 1230/1896/604 1348/1895/604
f 1236/1900/605 1233/1899/605 1350/1898/605 1351/1901/605 1352/1902/605
f 1353/1903/606 1354/1904/606 1239/1905/606 1236/1900/606 1352/1902/606
f 1355/1906/607 1356/1907/607 1243/1908/607 1239/1905/607 1354/1904/607
f 1195/1909/608 1243/1908/608 1356/1907/608 1357/1910/608 1358/1911/608
f 1359/1912/589 1288/1913/589 1290/1808/589 1317/1807/589
f 1360/1914/589 1285/1915/589 1288/1913/589 1359/1912/589
f 1361/1916/589 1282/1917/589 1285/1915/589 1360/1914/589
f 1362/1918/589 1279/1919/589 1282/1917/589 1361/1916/589
f 1363/1920/589 1276/1921/589 1279/1919/589 1362/1918/589
f 1340/1847/589 1273/1846/589 1276/1921/589 1363/1920/589
f 1365/1922/598 1208/1923/598 1315/1924/598 1364/1925/598
f 1364/1925/598 1315/1924/598 1311/1926/598 1366/1927/598
f 1366/1927/598 1311/1926/598 1308/1928/598 1367/1929/598
f 1367/1929/598 1308/1928/598 1305/1930/598 1368/1931/598
f 1368/1931/598 1305/1930/598 1302/1932/598 1369/1933/598
f 1369/1933/598 1302/1932/598 1299/1934/598 1370/1935/598
f 1370/1935/598 1299/1934/598 1296/1936/598 1371/1937/598
f 1371/1937/598 1296/1936/598 1293/1841/598 1338/1840/598
f 1193/1809/609 1196/1938/609 1197/1939/609 1199/1940/609
f 1194/1852/610 1198/1941/610 1197/1942/610 1196/1938/610
f 1195/1909/611 1199/1943/611 1197/1944/611 1198/1945/611
f 1200/1812/612 1203/1946/612 1204/1947/612 1206/1948/612
f 1201/1837/613 1205/1949/613 1204/1950/613 1203/1951/613
f 1202/1861/614 1206/1948/614 1204/1952/614 1205/1953/614
f 1207/1879/615 1210/1954/615 1211/1955/615 1213/1956/615
f 1208/1923/616 1212/1957/616 1211/1955/616 1210/1954/616
f 1209/1850/617 1213/1958/617 1211/1955/617 1212/1957/617
f 1214/1870/618 1217/1959/618 1218/1960/618 1220/1961/618
f 1215/1845/619 1219/1962/619 1218/1960/619 1217/1963/619
f 1216/1842/620 1220/1961/620 1218/1960/620 1219/1962/620
f 1336/1838/621 1201/1837/621 1203/1951/621 1373/1964/621 1372/1965/621
f 1203/1946/622 1200/1812/622 1319/1811/622 1374/1966/622 1373/1967/622
f 1291/1853/623 1194/1852/623 1196/1938/623 1292/1968/623
f 1292/1968/624 1196/1938/624 1193/1809/624 1290/1808/624
f 1243/1908/625 1195/1909/625 1198/1945/625 1244/1969/625
f 1244/1970/626 1198/1941/626 1194/1852/626 1242/1887/626
f 1267/1832/627 1215/1845/627 1217/1963/627 1268/1971/627
f 1268/1972/628 1217/1959/628 1214/1870/628 1266/1869/628
f 1315/1924/629 1208/1923/629 1210/1954/629 1316/1973/629
f 1316/1973/630 1210/1954/630 1207/1879/630 1314/1878/630
f 1341/1851/631 1209/1850/631 1212/1957/631 1375/1974/631
f 1212/1957/632 1208/1923/632 1365/1922/632 1375/1974/632
f 1209/1850/633 1221/1849/633 1223/1975/633 1213/1958/633
f 1213/1956/634 1223/1976/634 1222/1880/634 1207/1879/634
f 1221/1849/635 1224/1890/635 1226/1977/635 1223/1978/635
f 1223/1979/636 1226/1980/636 1225/1881/636 1222/1880/636
f 1224/1890/637 1227/1891/637 1229/1981/637 1226/1982/637
f 1226/1983/638 1229/1984/638 1228/1882/638 1225/1881/638
f 1227/1891/639 1230/1896/639 1232/1985/639 1229/1981/639
f 1229/1984/640 1232/1986/640 1231/1883/640 1228/1882/640
f 1230/1896/641 1233/1899/641 1235/1987/641 1232/1988/641
f 1232/1989/642 1235/1990/642 1234/1884/642 1231/1883/642
f 1233/1899/643 1236/1900/643 1238/1991/643 1235/1992/643
f 1235/1993/644 1238/1994/644 1237/1885/644 1234/1884/644
f 1236/1900/645 1239/1905/645 1241/1995/645 1238/1991/645
f 1238/1994/646 1241/1996/646 1240/1886/646 1237/1885/646
f 1239/1905/647 1243/1908/647 1244/1969/647 1241/1997/647
f 1241/1998/648 1244/1970/648 1242/1887/648 1240/1886/648
f 1201/1837/649 1245/1834/649 1247/1999/649 1205/1949/649
f 1205/1953/650 1247/2000/650 1246/1862/650 1202/1861/650
f 1245/1834/651 1248/1817/651 1250/2001/651 1247/1999/651
f 1247/2000/652 1250/2002/652 1249/1863/652 1246/1862/652
f 1248/1817/653 1251/1816/653 1253/2003/653 1250/2004/653
f 1250/2005/654 1253/2006/654 1252/1864/654 1249/1863/654
f 1251/1816/655 1254/1821/655 1256/2007/655 1253/2003/655
f 1253/2006/656 1256/2008/656 1255/1865/656 1252/1864/656
f 1254/1821/657 1257/1824/657 1259/2009/657 1256/2010/657
f 1256/2011/658 1259/2012/658 1258/1866/658 1255/1865/658
f 1257/1824/659 1260/1826/659 1262/2013/659 1259/2014/659
f 1259/2015/660 1262/2016/660 1261/1867/660 1258/1866/660
f 1260/1826/661 1263/1829/661 1265/2017/661 1262/2013/661
f 1262/2016/662 1265/2018/662 1264/1868/662 1261/1867/662
f 1263/1829/663 1267/1832/663 1268/2019/663 1265/2020/663
f 1265/2021/664 1268/2022/664 1266/1869/664 1264/1868/664
f 1199/1943/665 1195/1909/665 1358/1911/665 1376/2023/665 1377/2024/665
f 1193/1809/666 1199/1940/666 1377/2025/666 1318/1810/666
f 1378/2026/667 1219/1962/667 1215/1845/667 1339/1844/667
f 1216/1842/668 1219/1962/668 1378/2026/668 1337/1843/668
f 1202/1861/623 1269/1860/623 1271/2027/623 1206/1948/623
f 1206/1948/624 1271/2027/624 1270/1813/624 1200/1812/624
f 1269/1860/623 1272/1859/623 1274/2028/623 1271/2027/623
f 1271/2027/624 1274/2028/624 1273/1846/624 1270/1813/624
f 1272/1859/623 1275/1858/623 1277/2029/623 1274/2028/623
f 1274/2028/624 1277/2029/624 1276/1921/624 1273/1846/624
f 1275/1858/623 1278/1857/623 1280/2030/623 1277/2029/623
f 1277/2029/624 1280/2030/624 1279/1919/624 1276/1921/624
f 1278/1857/623 1281/1856/623 1283/2031/623 1280/2030/623
f 1280/2030/624 1283/2031/624 1282/1917/624 1279/1919/624
f 1281/1856/623 1284/1855/623 1286/2032/623 1283/2031/623
f 1283/2031/624 1286/2032/624 1285/1915/624 1282/1917/624
f 1284/1855/623 1287/1854/623 1289/2033/623 1286/2032/623
f 1286/2032/624 1289/2033/624 1288/1913/624 1285/1915/624
f 1287/1854/623 1291/1853/623 1292/1968/623 1289/2033/623
f 1289/2033/624 1292/1968/624 1290/1808/624 1288/1913/624
f 1216/1842/629 1293/1841/629 1295/2034/629 1220/1961/629
f 1220/1961/630 1295/2034/630 1294/1871/630 1214/1870/630
f 1293/1841/629 1296/1936/629 1298/2035/629 1295/2034/629
f 1295/2034/630 1298/2035/630 1297/1872/630 1294/1871/630
f 1296/1936/629 1299/1934/629 1301/2036/629 1298/2035/629
f 1298/2035/630 1301/2036/630 1300/1873/630 1297/1872/630
f 1299/1934/629 1302/1932/629 1304/2037/629 1301/2036/629
f 1301/2036/630 1304/2037/630 1303/1874/630 1300/1873/630
f 1302/1932/629 1305/1930/629 1307/2038/629 1304/2037/629
f 1304/2037/630 1307/2038/630 1306/1875/630 1303/1874/630
f 1305/1930/629 1308/1928/629 1310/2039/629 1307/2038/629
f 1307/2038/630 1310/2039/630 1309/1876/630 1306/1875/630
f 1308/1928/629 1311/1926/629 1313/2040/629 1310/2039/629
f 1310/2039/630 1313/2040/630 1312/1877/630 1309/1876/630
f 1311/1926/629 1315/1924/629 1316/1973/629 1313/2040/629
f 1313/2040/630 1316/1973/630 1314/1878/630 1312/1877/630
f 1377/2041/669 1376/2042/669 1358/2043/669 1357/2044/669 1356/2045/669 1355/2046/669 1354/2047/669 1353/2048/669 1352/2049/669 1351/2050/669 1350/2051/669 1349/2052/669 1348/2053/669 1347/2054/669 1346/2055/669 1345/2056/669 1344/2057/669 1343/2058/669 1342/2059/669 1341/2060/669 1375/2061/669 1365/2062/669 1364/2063/669 1366/2064/669 1367/2065/669 1368/2066/669 1369/2067/669 1370/2068/669 1371/2069/669 1338/2070/669 1337/2071/669 1378/2072/669 1339/2073/669 1332/2074/669 1331/2075/669 1330/2076/669 1329/2077/669 1328/2078/669 1327/2079/669 1326/2080/669 1325/2081/669 1324/2082/669 1323/2083/669 1321/2084/669 1322/2085/669 1333/2086/669 1334/2087/669 1335/2088/669 1336/2089/669 1372/2090/669 1373/2091/669 1374/2092/669 1319/2093/669 1320/2094/669 1340/2095/669 1363/2096/669 1362/2097/669 1361/2098/669 1360/2099/669 1359/2100/669 1317/2101/669 1318/2102/669
o Cube.007
v 1.466647 -0.011397 -0.418889
v 1.255535 -0.011397 -0.418889
v 1.044425 -0.011397 -0.418889
v 0.833313 -0.011397 -0.418889
v 0.622202 -0.011397 -0.418889
v 0.411091 -0.011397 -0.418889
v 0.199980 -0.011397 -0.418889
v 0.199980 -1.011397 -0.418889
v 0.411091 -1.011397 -0.418889
v 0.622202 -1.011397 -0.418889
v 0.833313 -1.011397 -0.418889
v 1.044425 -1.011397 -0.418889
v 1.255535 -1.011397 -0.418889
v 1.466647 -1.011397 -0.418889
v 1.677758 -1.011397 -0.418889
v 1.888868 -0.122508 -0.418889
v 1.888868 -0.233619 -0.418889
v 1.888868 -0.344731 -0.418889
v 1.888868 -0.455842 -0.418889
v 1.888868 -0.566953 -0.418889
v 1.888868 -0.678064 -0.418889
v 1.858667 -0.789175 -0.418889
v 1.888868 -0.900286 -0.418889
v -0.011131 -0.122508 -0.418889
v -0.011131 -0.233619 -0.418889
v -0.011131 -0.344731 -0.418889
v -0.011131 -0.455842 -0.418889
v -0.011131 -0.566953 -0.418889
v -0.011131 -0.678064 -0.418889
v -0.011131 -0.789175 -0.418889
v -0.011131 -0.900286 -0.418889
v -0.011131 -0.986699 -0.505301
v 0.036139 -0.983734 -0.530000
v 0.035572 -1.008986 -0.505301
v 0.002710 -0.985221 -0.522763
v 0.008924 -0.999708 -0.519561
v 0.036801 -1.001539 -0.522759
v 0.002548 -1.003457 -0.505301
v -0.011131 -0.036096 -0.505301
v 0.035036 -0.015823 -0.505304
v 0.035904 -0.041210 -0.530000
v 0.002391 -0.019928 -0.505303
v 0.008925 -0.024080 -0.519562
v 0.037209 -0.023440 -0.522763
v 0.002644 -0.038650 -0.522765
v 1.841172 -0.986232 -0.530000
v 1.888868 -0.986699 -0.505301
v 1.841942 -1.011397 -0.505301
v 1.874908 -0.986467 -0.522759
v 1.868874 -1.000860 -0.519561
v 1.875124 -1.004163 -0.505301
v 1.841560 -1.004032 -0.522758
v 1.794807 -0.106381 -0.530000
v 1.804552 -0.068084 -0.508171
v 1.872192 -0.100751 -0.508767
v 1.802939 -0.087218 -0.523625
v 1.825765 -0.093763 -0.520805
v 1.838100 -0.085399 -0.508014
v 1.831291 -0.102014 -0.523800
v 1.677758 -1.011397 -0.505301
v 1.677758 -0.986214 -0.530000
v 1.677758 -1.004021 -0.522766
v 1.466647 -0.990853 -0.505928
v 1.466647 -0.959955 -0.530000
v 1.466647 -0.979450 -0.522949
v 1.255535 -1.011397 -0.505301
v 1.255535 -0.986162 -0.530000
v 1.255535 -1.004006 -0.522766
v 1.044425 -0.997905 -0.505588
v 1.044425 -0.968847 -0.530000
v 1.044425 -0.987821 -0.522850
v 0.833313 -1.011397 -0.505301
v 0.833313 -0.986094 -0.530000
v 0.833313 -1.003986 -0.522766
v 0.622202 -0.980586 -0.506557
v 0.622202 -0.947017 -0.530000
v 0.622202 -0.967341 -0.523133
v 0.411091 -1.011397 -0.505301
v 0.411091 -0.986108 -0.530000
v 0.411091 -1.003990 -0.522766
v 0.199980 -0.975258 -0.530000
v 0.199980 -1.002908 -0.505418
v 0.199980 -0.993811 -0.522800
v 0.199980 -0.027209 -0.505692
v 0.199980 -0.056948 -0.530000
v 0.199980 -0.037753 -0.522880
v 0.411091 -0.011397 -0.505305
v 0.411091 -0.036733 -0.530000
v 0.411091 -0.018818 -0.522767
v 0.622202 -0.024897 -0.505592
v 0.622202 -0.054080 -0.530000
v 0.622202 -0.035019 -0.522851
v 0.833313 -0.011397 -0.505306
v 0.833313 -0.036858 -0.530000
v 0.833313 -0.018854 -0.522767
v 1.044425 -0.011397 -0.505306
v 1.044425 -0.036982 -0.530000
v 1.044425 -0.018891 -0.522767
v 1.255535 -0.030001 -0.505831
v 1.255535 -0.060937 -0.530000
v 1.255535 -0.041204 -0.522921
v 1.466647 -0.026266 -0.505641
v 1.466647 -0.056441 -0.530000
v 1.466647 -0.036833 -0.522865
v 1.677758 -0.037728 -0.530000
v 1.631505 -0.015570 -0.505296
v 1.709201 -0.029731 -0.505301
v 1.652493 -0.021376 -0.522747
v 1.675169 -0.021195 -0.519561
v 1.673420 -0.017989 -0.505299
v 1.698017 -0.031076 -0.522862
v 0.035795 -1.011397 -0.418889
v -0.011131 -0.986699 -0.418889
v 0.002613 -1.004163 -0.418889
v -0.011131 -0.036096 -0.418889
v 0.035795 -0.011397 -0.418889
v 0.002613 -0.018631 -0.418889
v 1.888868 -0.986699 -0.418889
v 1.841942 -1.011397 -0.418889
v 1.875124 -1.004163 -0.418889
v 1.817494 -0.026786 -0.418889
v 1.870416 -0.056940 -0.418889
v 1.851989 -0.037710 -0.418889
v 1.723690 -0.016456 -0.418889
v 1.630831 -0.011397 -0.418889
v 1.677758 -0.011397 -0.394190
v 1.677467 -0.012879 -0.418889
v 0.035908 -0.122508 -0.530000
v -0.011131 -0.122508 -0.505301
v 0.002646 -0.122508 -0.522766
v 0.035921 -0.233619 -0.530000
v -0.011131 -0.233619 -0.505301
v 0.002650 -0.233619 -0.522766
v 0.035944 -0.344731 -0.530000
v -0.011131 -0.344731 -0.505301
v 0.002657 -0.344731 -0.522766
v 0.035980 -0.455842 -0.530000
v -0.011131 -0.455842 -0.505301
v 0.002667 -0.455842 -0.522766
v 0.036030 -0.566953 -0.530000
v -0.011131 -0.566953 -0.505301
v 0.002682 -0.566953 -0.522766
v 0.036099 -0.678064 -0.530000
v -0.011131 -0.678064 -0.505301
v 0.002702 -0.678064 -0.522766
v 0.081191 -0.789175 -0.530000
v 0.024106 -0.789175 -0.505822
v 0.044885 -0.789175 -0.522918
v -0.011131 -0.900286 -0.505301
v 0.036152 -0.900286 -0.530000
v 0.002718 -0.900286 -0.522766
v 1.888868 -0.122508 -0.505301
v 1.838948 -0.122508 -0.530000
v 1.874248 -0.122508 -0.522766
v 1.888868 -0.233619 -0.505301
v 1.839646 -0.233619 -0.530000
v 1.874452 -0.233619 -0.522766
v 1.888868 -0.344731 -0.505301
v 1.840160 -0.344731 -0.530000
v 1.874602 -0.344731 -0.522766
v 1.888868 -0.455842 -0.505301
v 1.840531 -0.455842 -0.530000
v 1.874711 -0.455842 -0.522766
v 1.888868 -0.566953 -0.505301
v 1.840789 -0.566953 -0.530000
v 1.874787 -0.566953 -0.522766
v 1.888868 -0.678064 -0.505301
v 1.840956 -0.678064 -0.530000
v 1.874835 -0.678064 -0.522766
v 1.858667 -0.789175 -0.505301
v 1.810863 -0.789175 -0.530000
v 1.844665 -0.789175 -0.522766
v 1.841141 -0.900286 -0.530000
v 1.888868 -0.900286 -0.505301
v 1.874890 -0.900286 -0.522766
v -0.011131 -0.900286 -0.391766
v -0.011131 -0.986699 -0.391766
v 1.677758 -1.011397 -0.391766
v 1.466647 -1.011397 -0.391766
v 1.255535 -1.011397 -0.391766
v 1.044425 -1.011397 -0.391766
v 0.833313 -1.011397 -0.391766
v 0.622202 -1.011397 -0.391766
v 0.411091 -1.011397 -0.391766
v 0.199980 -1.011397 -0.391766
v 0.199980 -0.011397 -0.391766
v 0.411091 -0.011397 -0.391766
v 0.622202 -0.011397 -0.391766
v 0.833313 -0.011397 -0.391766
v 1.044425 -0.011397 -0.391766
v 1.255535 -0.011397 -0.391766
v 1.466647 -0.011397 -0.391766
v 1.677758 -0.011397 -0.391766
v -0.011131 -0.036096 -0.391766
v -0.011131 -0.122508 -0.391766
v 1.888868 -0.101559 -0.391766
v 1.874920 -0.051996 -0.391766
v 1.888868 -0.122508 -0.391766
v 1.888868 -0.900286 -0.391766
v 1.888868 -0.986699 -0.391766
v 1.823440 -0.023029 -0.391766
v 1.752534 -0.015221 -0.391766
v 1.712477 -0.015221 -0.391766
v 0.035795 -0.011397 -0.391766
v 0.035795 -1.011397 -0.391766
v -0.011131 -0.789175 -0.391766
v -0.011131 -0.678064 -0.391766
v -0.011131 -0.566953 -0.391766
v -0.011131 -0.455842 -0.391766
v -0.011131 -0.344731 -0.391766
v -0.011131 -0.233619 -0.391766
v 1.841942 -1.011397 -0.391766
v 1.888868 -0.873163 -0.391766
v 1.866039 -0.789175 -0.391766
v 1.866039 -0.762052 -0.391766
v 1.888868 -0.678064 -0.391766
v 1.888868 -0.566953 -0.391766
v 1.888868 -0.455842 -0.391766
v 1.888868 -0.344731 -0.391766
v 1.888868 -0.233619 -0.391766
v 0.002613 -1.004163 -0.391766
v 0.002613 -0.018631 -0.391766
v 1.875124 -1.004163 -0.391766
v 1.831556 -0.024838 -0.391766
v 1.857630 -0.033095 -0.391766
v 1.860992 -0.037460 -0.391766
vn -1.0000 -0.0000 -0.0000
vn 0.0318 0.9965 -0.0777
vn -0.0318 0.9965 -0.0777
vn -0.0000 1.0000 -0.0000
vn 0.0436 0.9933 -0.1066
vn -0.0086 0.9819 -0.1892
vn -0.0322 0.9935 -0.1094
vn -0.0000 -1.0000 -0.0000
vn -0.0372 0.9952 -0.0908
vn 0.0342 0.9926 -0.1161
vn 0.9257 0.3691 -0.0824
vn 0.2315 0.9182 -0.3214
vn 0.9576 0.2280 -0.1761
vn 1.0000 -0.0000 -0.0000
vn 0.0910 0.9890 -0.1162
vn 0.9475 0.2261 -0.2261
vn 0.9722 -0.2320 -0.0322
vn -0.0000 -0.0000 -1.0000
vn -0.0481 -0.9919 -0.1175
vn 0.0481 -0.9919 -0.1175
vn -0.0318 -0.9965 -0.0777
vn 0.0318 -0.9965 -0.0777
vn -0.0712 -0.9822 -0.1738
vn 0.0712 -0.9822 -0.1738
vn -0.0201 -0.9986 -0.0490
vn 0.0184 -0.9978 -0.0629
vn -0.9684 0.1531 -0.1969
vn -0.9684 -0.1531 -0.1969
vn 0.9650 0.2623 -0.0000
vn 0.9650 -0.2623 -0.0000
vn -0.6934 -0.4951 -0.5235
vn -0.1600 -0.3344 -0.9288
vn -0.1305 -0.9247 -0.3577
vn -0.6806 0.4948 -0.5403
vn -0.0914 0.9252 -0.3684
vn -0.1474 0.3350 -0.9306
vn 0.1745 -0.3313 -0.9273
vn 0.7089 -0.4909 -0.5064
vn 0.1768 -0.9211 -0.3468
vn 0.1553 0.3064 -0.9391
vn 0.1681 0.3057 -0.9372
vn 0.1541 0.3064 -0.9393
vn 0.2960 0.6072 -0.7373
vn 0.2844 0.5965 -0.7505
vn 0.1136 0.5431 -0.8320
vn 0.0455 0.9690 -0.2427
vn 0.3256 0.9177 -0.2278
vn 0.0770 0.9952 -0.0606
vn 0.0434 0.9976 -0.0538
vn 0.0342 0.9977 -0.0590
vn 0.0317 0.9977 -0.0602
vn -0.1697 0.9850 -0.0317
vn -0.7768 0.6297 -0.0037
vn -0.2115 -0.0000 -0.9774
vn -0.7836 -0.0000 -0.6212
vn 0.0379 -0.9032 -0.4275
vn 0.0182 -0.3688 -0.9293
vn 0.3367 0.7362 -0.5871
vn 0.1684 0.3053 -0.9372
vn 0.7809 0.0001 -0.6247
vn 0.2097 -0.0000 -0.9778
vn 0.2130 -0.9771 -0.0000
vn 0.7858 -0.6184 -0.0000
vn -0.0000 -0.9213 -0.3889
vn -0.0000 -0.3766 -0.9264
vn -0.0925 -0.8745 -0.4762
vn -0.0426 -0.3573 -0.9330
vn 0.0925 -0.8743 -0.4765
vn 0.0425 -0.3570 -0.9331
vn -0.0623 -0.8915 -0.4486
vn -0.0287 -0.3637 -0.9311
vn 0.0622 -0.8913 -0.4490
vn 0.0286 -0.3633 -0.9312
vn -0.1334 -0.8473 -0.5141
vn -0.0612 -0.3455 -0.9364
vn 0.1334 -0.8473 -0.5140
vn 0.0612 -0.3456 -0.9364
vn -0.0398 -0.9030 -0.4277
vn -0.0183 -0.3682 -0.9295
vn 0.0687 0.8854 -0.4598
vn 0.0328 0.3608 -0.9320
vn -0.0723 0.8854 -0.4591
vn -0.0332 0.3605 -0.9322
vn 0.0623 0.8908 -0.4501
vn 0.0286 0.3624 -0.9316
vn -0.0622 0.8904 -0.4508
vn -0.0284 0.3616 -0.9319
vn 0.0001 0.9193 -0.3936
vn 0.0001 0.3720 -0.9282
vn 0.0842 0.8764 -0.4742
vn 0.0384 0.3536 -0.9346
vn -0.0159 0.8443 -0.5356
vn -0.0070 0.3398 -0.9405
vn -0.0655 0.8864 -0.4582
vn -0.0301 0.3530 -0.9351
vn -0.1893 -0.9818 -0.0174
vn -0.7804 -0.6253 -0.0023
vn -0.7831 -0.6219 -0.0011
vn -0.2130 -0.9771 -0.0000
vn -0.7858 -0.6184 -0.0000
vn -0.2130 0.9771 -0.0000
vn -0.7858 0.6184 -0.0000
vn 0.3412 0.8196 -0.4601
vn 0.4944 0.7600 -0.4219
vn 0.2854 0.9340 -0.2151
vn 0.7083 0.6634 -0.2412
vn 0.0439 0.9975 -0.0544
vn 0.1822 0.9755 -0.1233
vn -0.2125 -0.0000 -0.9772
vn -0.7851 -0.0000 -0.6193
vn -0.7851 -0.0000 -0.6194
vn -0.7850 -0.0000 -0.6195
vn -0.2123 -0.0000 -0.9772
vn -0.7849 -0.0000 -0.6197
vn -0.2122 -0.0001 -0.9772
vn -0.7846 -0.0000 -0.6200
vn -0.2120 -0.0001 -0.9773
vn -0.7843 -0.0001 -0.6204
vn -0.2118 -0.0001 -0.9773
vn -0.7841 -0.0001 -0.6206
vn -0.2006 -0.0781 -0.9766
vn -0.6864 -0.2371 -0.6875
vn -0.2005 0.0780 -0.9766
vn -0.6863 0.2370 -0.6876
vn 0.4232 0.5182 -0.7432
vn 0.1532 0.3381 -0.9285
vn 0.7690 0.0007 -0.6392
vn 0.7709 0.0006 -0.6369
vn 0.2021 0.0008 -0.9794
vn 0.2033 0.0007 -0.9791
vn 0.7742 0.0005 -0.6329
vn 0.2054 0.0005 -0.9787
vn 0.7767 0.0003 -0.6299
vn 0.2069 0.0004 -0.9784
vn 0.7783 0.0002 -0.6278
vn 0.2080 0.0003 -0.9781
vn 0.7790 0.0002 -0.6270
vn 0.2085 0.0002 -0.9780
vn 0.7629 -0.2073 -0.6123
vn 0.2087 -0.0566 -0.9763
vn 0.7635 0.2076 -0.6116
vn 0.2091 0.0569 -0.9762
vn -0.0000 -0.0000 1.0000
vt 0.381175 0.222222
vt 0.402778 0.222222
vt 0.402778 0.243825
vt 0.381175 0.243825
vt 0.402778 0.215442
vt 0.381175 0.215442
vt 0.597222 0.222222
vt 0.618825 0.222222
vt 0.618825 0.243825
vt 0.597222 0.243825
vt 0.791667 0.506102
vt 0.819444 0.506174
vt 0.819444 0.527778
vt 0.791667 0.527778
vt 0.763889 0.506174
vt 0.763889 0.527778
vt 0.736111 0.506173
vt 0.736111 0.527778
vt 0.708333 0.506042
vt 0.708333 0.527778
vt 0.680556 0.506090
vt 0.680556 0.527778
vt 0.658888 0.506151
vt 0.658952 0.527778
vt 0.319444 0.534558
vt 0.319444 0.527778
vt 0.347222 0.527778
vt 0.347222 0.534558
vt 0.291667 0.534558
vt 0.291667 0.527778
vt 0.263889 0.534558
vt 0.263889 0.527778
vt 0.236111 0.534558
vt 0.236111 0.527778
vt 0.208333 0.534558
vt 0.208333 0.527778
vt 0.180556 0.534558
vt 0.180556 0.527778
vt 0.847222 0.506077
vt 0.847222 0.527778
vt 0.152778 0.534558
vt 0.152778 0.527778
vt 0.868898 0.506146
vt 0.868825 0.527778
vt 0.819444 0.534558
vt 0.847222 0.534558
vt 0.791667 0.534558
vt 0.763889 0.534558
vt 0.736111 0.534558
vt 0.708333 0.534558
vt 0.680556 0.534558
vt 0.597222 0.506175
vt 0.612968 0.505642
vt 0.617309 0.527778
vt 0.597222 0.527778
vt 0.652778 0.534558
vt 0.652778 0.533952
vt 0.618825 0.215442
vt 0.597222 0.215442
vt 0.631181 0.505652
vt 0.646751 0.505877
vt 0.645903 0.527778
vt 0.631863 0.527778
vt 0.603236 0.534585
vt 0.597222 0.534558
vt 0.617643 0.534558
vt 0.381175 0.534558
vt 0.381175 0.527778
vt 0.402778 0.527778
vt 0.402778 0.534558
vt 0.631698 0.534558
vt 0.647720 0.534539
vt 0.641989 0.534603
vt 0.868825 0.534558
vt 0.131175 0.534558
vt 0.131175 0.527778
vt 0.430556 0.215442
vt 0.430556 0.222222
vt 0.458333 0.215442
vt 0.458333 0.222222
vt 0.486111 0.215442
vt 0.486111 0.222222
vt 0.513889 0.215442
vt 0.513889 0.222222
vt 0.541667 0.215442
vt 0.541667 0.222222
vt 0.569444 0.215442
vt 0.569444 0.222222
vt 0.569444 0.243825
vt 0.368825 0.527778
vt 0.368825 0.534558
vt 0.409510 0.534607
vt 0.430556 0.527778
vt 0.430556 0.534558
vt 0.437288 0.534510
vt 0.458333 0.527778
vt 0.458333 0.534558
vt 0.486111 0.527778
vt 0.486111 0.534558
vt 0.513889 0.527778
vt 0.513889 0.534558
vt 0.541667 0.527778
vt 0.541667 0.534558
vt 0.569444 0.527778
vt 0.569444 0.534558
vt 0.347222 0.506175
vt 0.368825 0.506175
vt 0.381468 0.256220
vt 0.402778 0.256222
vt 0.430556 0.257909
vt 0.458333 0.256214
vt 0.486111 0.256205
vt 0.513889 0.256199
vt 0.541667 0.256194
vt 0.569444 0.256191
vt 0.597222 0.256189
vt 0.618387 0.256189
vt 0.617263 0.277778
vt 0.618666 0.305556
vt 0.617484 0.333333
vt 0.618635 0.361111
vt 0.618604 0.388889
vt 0.616805 0.416667
vt 0.617156 0.444444
vt 0.618417 0.472222
vt 0.609073 0.490279
vt 0.597222 0.493432
vt 0.569444 0.493523
vt 0.541667 0.493591
vt 0.513889 0.493640
vt 0.486111 0.493674
vt 0.458333 0.493696
vt 0.430556 0.492660
vt 0.402778 0.493720
vt 0.381291 0.493724
vt 0.381296 0.472222
vt 0.383252 0.444444
vt 0.381309 0.416667
vt 0.382479 0.388889
vt 0.381326 0.361111
vt 0.384764 0.333333
vt 0.381322 0.305556
vt 0.381996 0.277778
vt 0.319444 0.506018
vt 0.291667 0.506175
vt 0.263889 0.506103
vt 0.236111 0.506175
vt 0.208333 0.505861
vt 0.180556 0.506175
vt 0.152778 0.506145
vt 0.131153 0.506166
vt 0.430556 0.243956
vt 0.458333 0.243825
vt 0.486111 0.243825
vt 0.513889 0.243825
vt 0.541667 0.243825
vt 0.381175 0.506175
vt 0.402778 0.506175
vt 0.430556 0.506175
vt 0.458333 0.506175
vt 0.486111 0.506175
vt 0.513889 0.506175
vt 0.541667 0.506175
vt 0.569444 0.506175
vt 0.381544 0.250000
vt 0.377922 0.250000
vt 0.375000 0.243825
vt 0.375000 0.256486
vt 0.375000 0.252898
vt 0.125000 0.506175
vt 0.125000 0.502610
vt 0.131486 0.500000
vt 0.625000 0.243826
vt 0.625000 0.247391
vt 0.618187 0.250000
vt 0.868313 0.500000
vt 0.871887 0.500000
vt 0.875000 0.506174
vt 0.621829 0.250000
vt 0.625000 0.256687
vt 0.381233 0.500000
vt 0.375001 0.500870
vt 0.375000 0.493775
vt 0.375000 0.506175
vt 0.368775 0.500000
vt 0.625000 0.495375
vt 0.625000 0.500228
vt 0.624450 0.500000
vt 0.625000 0.505702
vt 0.629625 0.500000
vt 0.625000 0.468577
vt 0.625000 0.471483
vt 0.620605 0.475866
vt 0.652778 0.506175
vt 0.652778 0.502610
vt 0.656423 0.500000
vt 0.647763 0.500000
vt 0.651312 0.500000
vt 0.652592 0.527663
vt 0.658321 0.526763
vt 0.875000 0.527778
vt 0.625000 0.222222
vt 0.402964 0.250000
vt 0.152778 0.500000
vt 0.375000 0.277778
vt 0.625000 0.477237
vt 0.402907 0.500000
vt 0.375000 0.527778
vt 0.347222 0.500000
vt 0.375000 0.472222
vt 0.319444 0.500000
vt 0.346810 0.500000
vt 0.375000 0.471810
vt 0.375000 0.444444
vt 0.292080 0.500000
vt 0.375000 0.417080
vt 0.263889 0.500000
vt 0.291386 0.500000
vt 0.375000 0.416386
vt 0.375000 0.388889
vt 0.236393 0.500000
vt 0.375000 0.361393
vt 0.208333 0.500000
vt 0.235532 0.500000
vt 0.375000 0.360532
vt 0.375000 0.333333
vt 0.181135 0.500000
vt 0.375000 0.306135
vt 0.180376 0.500000
vt 0.375000 0.305376
vt 0.847222 0.500000
vt 0.625000 0.277778
vt 0.819771 0.500000
vt 0.625000 0.305229
vt 0.791667 0.500000
vt 0.819162 0.500000
vt 0.625000 0.305838
vt 0.625000 0.333333
vt 0.764172 0.500000
vt 0.625000 0.360828
vt 0.736111 0.500000
vt 0.763889 0.500000
vt 0.625000 0.361111
vt 0.625000 0.388889
vt 0.708333 0.500000
vt 0.735728 0.500000
vt 0.625000 0.389272
vt 0.625000 0.416667
vt 0.680556 0.500000
vt 0.625000 0.444444
vt 0.125000 0.527778
vt 0.375000 0.222222
vt 0.125000 0.534558
vt 0.375000 0.215442
vt 0.875000 0.534558
vt 0.625000 0.215442
vt 0.375000 0.534558
vt 0.625000 0.527373
vt 0.625000 0.534188
vt 0.630195 0.534498
vt 0.623354 0.534259
vt 0.652778 0.527778
vt 0.597222 0.250000
vt 0.569444 0.250000
vt 0.541667 0.250000
vt 0.513889 0.250000
vt 0.486111 0.250000
vt 0.458148 0.250000
vt 0.430556 0.250000
vt 0.599554 0.500000
vt 0.569444 0.500000
vt 0.541667 0.500000
vt 0.513889 0.500000
vt 0.486111 0.500000
vt 0.458204 0.500000
vt 0.430556 0.500000
vt 0.503875 0.433442
vt 0.504784 0.433863
vt 0.509281 0.433863
vt 0.515064 0.433863
vt 0.520847 0.433863
vt 0.526630 0.433863
vt 0.532412 0.433863
vt 0.538195 0.433863
vt 0.543978 0.433863
vt 0.549760 0.433863
vt 0.554258 0.433863
vt 0.555167 0.433442
vt 0.555543 0.432426
vt 0.555543 0.427397
vt 0.555543 0.425818
vt 0.554918 0.420930
vt 0.554918 0.419351
vt 0.555543 0.414463
vt 0.555543 0.407997
vt 0.555543 0.401530
vt 0.555543 0.395063
vt 0.555543 0.388597
vt 0.555543 0.382130
vt 0.555543 0.380911
vt 0.555161 0.378026
vt 0.554780 0.377180
vt 0.554688 0.376926
vt 0.553973 0.376446
vt 0.553751 0.376340
vt 0.551809 0.375886
vt 0.550712 0.375886
vt 0.549760 0.375663
vt 0.543978 0.375663
vt 0.538195 0.375663
vt 0.532412 0.375663
vt 0.526630 0.375663
vt 0.520847 0.375663
vt 0.515064 0.375663
vt 0.509281 0.375663
vt 0.504784 0.375663
vt 0.503875 0.376084
vt 0.503499 0.377101
vt 0.503499 0.382130
vt 0.503499 0.388597
vt 0.503499 0.395063
vt 0.503499 0.401530
vt 0.503499 0.407997
vt 0.503499 0.414463
vt 0.503499 0.420930
vt 0.503499 0.427397
vt 0.503499 0.432426
s 1
usemtl Material.002
f 1491/2103/670 1409/2104/670 1527/2105/670 1410/2106/670
f 1554/2107/670 1409/2104/670 1491/2103/670 1555/2108/670
f 1402/2109/670 1493/2110/670 1417/2111/670 1507/2112/670
f 1468/2113/671 1465/2114/671 1384/2115/671 1383/2116/671
f 1471/2117/672 1468/2113/672 1383/2116/672 1382/2118/672
f 1474/2119/673 1471/2117/673 1382/2118/673 1381/2120/673
f 1477/2121/674 1474/2119/674 1381/2120/674 1380/2122/674
f 1480/2123/675 1477/2121/675 1380/2122/675 1379/2124/675
f 1484/2125/676 1480/2123/676 1379/2124/676 1503/2126/676
f 1557/2127/677 1392/2128/677 1393/2129/677 1556/2130/677
f 1558/2131/677 1391/2132/677 1392/2128/677 1557/2127/677
f 1559/2133/677 1390/2134/677 1391/2132/677 1558/2131/677
f 1560/2135/677 1389/2136/677 1390/2134/677 1559/2133/677
f 1561/2137/677 1388/2138/677 1389/2136/677 1560/2135/677
f 1562/2139/677 1387/2140/677 1388/2138/677 1561/2137/677
f 1465/2114/678 1462/2141/678 1385/2142/678 1384/2115/678
f 1563/2143/677 1386/2144/677 1387/2140/677 1562/2139/677
f 1462/2141/679 1418/2145/679 1494/2146/679 1385/2142/679
f 1565/2147/673 1384/2115/673 1385/2142/673 1564/2148/673
f 1566/2149/673 1383/2116/673 1384/2115/673 1565/2147/673
f 1567/2150/673 1382/2118/673 1383/2116/673 1566/2149/673
f 1568/2151/673 1381/2120/673 1382/2118/673 1567/2150/673
f 1569/2152/673 1380/2122/673 1381/2120/673 1568/2151/673
f 1570/2153/673 1379/2124/673 1380/2122/673 1569/2152/673
f 1530/2154/680 1433/2155/680 1500/2156/680 1394/2157/680
f 1571/2158/673 1504/2159/673 1503/2126/673 1379/2124/673 1570/2153/673
f 1572/2160/670 1493/2110/670 1402/2109/670 1573/2161/670
f 1432/2162/681 1485/2163/681 1502/2164/681 1499/2165/681
f 1574/2166/682 1576/2167/682 1394/2157/682 1500/2156/682 1575/2168/682
f 1578/2169/683 1496/2170/683 1401/2171/683 1577/2172/683
f 1579/2173/684 1499/2165/684 1502/2164/684 1504/2159/684 1571/2158/684 1581/2174/684 1580/2175/684
f 1564/2148/673 1385/2142/673 1494/2146/673 1582/2176/673
f 1583/2177/677 1490/2178/677 1386/2144/677 1563/2143/677
f 1584/2179/670 1408/2180/670 1409/2104/670 1554/2107/670
f 1585/2181/670 1407/2182/670 1408/2180/670 1584/2179/670
f 1586/2183/670 1406/2184/670 1407/2182/670 1585/2181/670
f 1587/2185/670 1405/2186/670 1406/2184/670 1586/2183/670
f 1588/2187/670 1404/2188/670 1405/2186/670 1587/2185/670
f 1589/2189/670 1403/2190/670 1404/2188/670 1588/2187/670
f 1573/2161/670 1402/2109/670 1403/2190/670 1589/2189/670
f 1403/2190/670 1402/2109/670 1507/2112/670 1510/2191/670
f 1556/2130/677 1393/2129/677 1497/2192/677 1590/2193/677
f 1591/2194/685 1577/2172/685 1401/2171/685 1400/2195/685 1592/2196/685
f 1593/2197/686 1592/2196/686 1400/2195/686 1399/2198/686 1594/2199/686
f 1594/2199/683 1399/2198/683 1398/2200/683 1595/2201/683
f 1595/2201/683 1398/2200/683 1397/2202/683 1596/2203/683
f 1596/2203/683 1397/2202/683 1396/2204/683 1597/2205/683
f 1597/2205/683 1396/2204/683 1395/2206/683 1598/2207/683
f 1598/2207/683 1395/2206/683 1394/2157/683 1576/2167/683
f 1438/2208/677 1426/2209/677 1497/2192/677 1393/2129/677
f 1411/2210/687 1528/2211/687 1524/2212/687 1521/2213/687 1518/2214/687 1515/2215/687 1512/2216/687 1509/2217/687 1506/2218/687 1419/2219/687 1463/2220/687 1466/2221/687 1469/2222/687 1472/2223/687 1475/2224/687 1478/2225/687 1481/2226/687 1483/2227/687 1431/2228/687 1531/2229/687 1534/2230/687 1537/2231/687 1540/2232/687 1543/2233/687 1546/2234/687 1549/2235/687 1551/2236/687 1424/2237/687 1439/2238/687 1442/2239/687 1445/2240/687 1448/2241/687 1451/2242/687 1454/2243/687 1457/2244/687 1459/2245/687
f 1441/2246/688 1438/2208/688 1393/2129/688 1392/2128/688
f 1444/2247/689 1441/2246/689 1392/2128/689 1391/2132/689
f 1447/2248/690 1444/2247/690 1391/2132/690 1390/2134/690
f 1450/2249/691 1447/2248/691 1390/2134/691 1389/2136/691
f 1453/2250/692 1450/2249/692 1389/2136/692 1388/2138/692
f 1456/2251/693 1453/2250/693 1388/2138/693 1387/2140/693
f 1460/2252/694 1456/2251/694 1387/2140/694 1386/2144/694
f 1412/2253/695 1460/2252/695 1386/2144/695 1490/2178/695
f 1409/2104/696 1408/2180/696 1525/2254/696 1527/2105/696
f 1408/2180/697 1407/2182/697 1522/2255/697 1525/2254/697
f 1407/2182/670 1406/2184/670 1519/2256/670 1522/2255/670
f 1406/2184/670 1405/2186/670 1516/2257/670 1519/2256/670
f 1405/2186/670 1404/2188/670 1513/2258/670 1516/2257/670
f 1404/2188/670 1403/2190/670 1510/2191/670 1513/2258/670
f 1425/2259/683 1552/2260/683 1401/2171/683 1496/2170/683
f 1552/2260/698 1548/2261/698 1400/2195/698 1401/2171/698
f 1548/2261/699 1545/2262/699 1399/2198/699 1400/2195/699
f 1545/2262/683 1542/2263/683 1398/2200/683 1399/2198/683
f 1542/2263/683 1539/2264/683 1397/2202/683 1398/2200/683
f 1539/2264/683 1536/2265/683 1396/2204/683 1397/2202/683
f 1536/2265/683 1533/2266/683 1395/2206/683 1396/2204/683
f 1533/2266/683 1530/2154/683 1394/2157/683 1395/2206/683
f 1410/2106/700 1413/2267/700 1414/2268/700 1416/2269/700
f 1411/2210/701 1415/2270/701 1414/2271/701 1413/2267/701
f 1412/2253/702 1416/2272/702 1414/2273/702 1415/2274/702
f 1417/2111/703 1420/2275/703 1421/2276/703 1423/2277/703
f 1418/2145/704 1422/2278/704 1421/2279/704 1420/2280/704
f 1419/2219/705 1423/2277/705 1421/2281/705 1422/2282/705
f 1424/2237/706 1427/2283/706 1428/2284/706 1430/2285/706
f 1425/2259/707 1429/2286/707 1428/2284/707 1427/2283/707
f 1426/2209/708 1430/2287/708 1428/2284/708 1429/2286/708
f 1431/2228/709 1434/2288/710 1435/2289/711 1437/2290/711
f 1432/2162/712 1436/2291/712 1435/2289/712 1434/2292/712
f 1433/2155/713 1437/2290/713 1435/2289/713 1436/2291/713
f 1483/2227/714 1486/2293/714 1487/2294/714 1489/2295/714
f 1484/2125/715 1488/2296/715 1487/2297/715 1486/2298/715
f 1485/2163/716 1489/2299/716 1487/2300/716 1488/2296/716
f 1502/2164/717 1505/2301/717 1504/2159/717
f 1505/2301/718 1503/2302/719 1504/2159/720
f 1494/2146/721 1418/2145/721 1420/2280/721 1495/2303/721
f 1495/2304/722 1420/2275/722 1417/2111/722 1493/2110/722
f 1528/2211/723 1411/2210/723 1413/2267/723 1529/2305/723
f 1529/2305/724 1413/2267/724 1410/2106/724 1527/2105/724
f 1460/2252/725 1412/2253/725 1415/2274/725 1461/2306/725
f 1461/2307/726 1415/2270/726 1411/2210/726 1459/2245/726
f 1485/2163/727 1432/2162/727 1434/2292/727 1489/2299/727
f 1489/2308/728 1434/2288/710 1431/2228/709 1483/2227/728
f 1552/2260/729 1425/2259/729 1427/2283/729 1553/2309/729
f 1553/2309/730 1427/2283/730 1424/2237/730 1551/2236/730
f 1497/2192/731 1426/2209/731 1429/2286/731 1498/2310/731
f 1498/2310/732 1429/2286/732 1425/2259/732 1496/2170/732
f 1426/2209/733 1438/2208/733 1440/2311/733 1430/2287/733
f 1430/2285/734 1440/2312/734 1439/2238/734 1424/2237/734
f 1438/2208/735 1441/2246/735 1443/2313/735 1440/2314/735
f 1440/2315/736 1443/2316/736 1442/2239/736 1439/2238/736
f 1441/2246/737 1444/2247/737 1446/2317/737 1443/2313/737
f 1443/2316/738 1446/2318/738 1445/2240/738 1442/2239/738
f 1444/2247/739 1447/2248/739 1449/2319/739 1446/2320/739
f 1446/2321/740 1449/2322/740 1448/2241/740 1445/2240/740
f 1447/2248/741 1450/2249/741 1452/2323/741 1449/2319/741
f 1449/2322/742 1452/2324/742 1451/2242/742 1448/2241/742
f 1450/2249/743 1453/2250/743 1455/2325/743 1452/2326/743
f 1452/2327/744 1455/2328/744 1454/2243/744 1451/2242/744
f 1453/2250/745 1456/2251/745 1458/2329/745 1455/2325/745
f 1455/2328/746 1458/2330/746 1457/2244/746 1454/2243/746
f 1456/2251/747 1460/2252/747 1461/2306/747 1458/2331/747
f 1458/2332/748 1461/2307/748 1459/2245/748 1457/2244/748
f 1418/2145/749 1462/2141/749 1464/2333/749 1422/2278/749
f 1422/2282/750 1464/2334/750 1463/2220/750 1419/2219/750
f 1462/2141/751 1465/2114/751 1467/2335/751 1464/2333/751
f 1464/2334/752 1467/2336/752 1466/2221/752 1463/2220/752
f 1465/2114/753 1468/2113/753 1470/2337/753 1467/2338/753
f 1467/2339/754 1470/2340/754 1469/2222/754 1466/2221/754
f 1468/2113/755 1471/2117/755 1473/2341/755 1470/2337/755
f 1470/2340/756 1473/2342/756 1472/2223/756 1469/2222/756
f 1471/2117/757 1474/2119/757 1476/2343/757 1473/2344/757
f 1473/2345/758 1476/2346/758 1475/2224/758 1472/2223/758
f 1474/2119/759 1477/2121/759 1479/2347/759 1476/2348/759
f 1476/2349/760 1479/2350/760 1478/2225/760 1475/2224/760
f 1477/2121/761 1480/2123/761 1482/2351/761 1479/2347/761
f 1479/2350/762 1482/2352/762 1481/2226/762 1478/2225/762
f 1480/2123/763 1484/2125/763 1486/2298/763 1482/2351/763
f 1482/2352/764 1486/2293/764 1483/2227/764 1481/2226/764
f 1412/2253/765 1490/2178/765 1492/2353/765 1416/2272/765
f 1416/2269/766 1492/2354/767 1491/2103/767 1410/2106/766
f 1599/2355/768 1492/2353/768 1490/2178/768 1583/2177/768
f 1491/2103/767 1492/2354/767 1599/2356/769 1555/2108/769
f 1582/2176/770 1494/2146/770 1495/2303/770 1600/2357/770
f 1495/2304/771 1493/2110/771 1572/2160/771 1600/2358/771
f 1590/2193/731 1497/2192/731 1498/2310/731 1601/2359/731
f 1498/2310/732 1496/2170/732 1578/2169/732 1601/2359/732
f 1432/2162/772 1499/2165/772 1501/2360/772 1436/2291/772
f 1436/2291/773 1501/2360/773 1500/2156/773 1433/2155/773
f 1603/2361/774 1501/2360/774 1499/2165/774 1579/2173/774 1602/2362/774
f 1500/2156/775 1501/2360/775 1603/2361/775 1604/2363/775 1575/2168/775
f 1484/2125/776 1503/2126/719 1505/2364/718 1488/2296/776
f 1488/2296/777 1505/2364/777 1502/2164/777 1485/2163/777
f 1419/2219/778 1506/2218/778 1508/2365/778 1423/2277/778
f 1423/2277/779 1508/2365/780 1507/2112/780 1417/2111/779
f 1506/2218/778 1509/2217/778 1511/2366/778 1508/2365/778
f 1508/2365/780 1511/2366/781 1510/2191/781 1507/2112/780
f 1509/2217/778 1512/2216/782 1514/2367/782 1511/2366/778
f 1511/2366/781 1514/2367/783 1513/2258/783 1510/2191/781
f 1512/2216/782 1515/2215/784 1517/2368/784 1514/2367/782
f 1514/2367/783 1517/2368/785 1516/2257/785 1513/2258/783
f 1515/2215/784 1518/2214/786 1520/2369/786 1517/2368/784
f 1517/2368/785 1520/2369/787 1519/2256/787 1516/2257/785
f 1518/2214/786 1521/2213/788 1523/2370/788 1520/2369/786
f 1520/2369/787 1523/2370/789 1522/2255/789 1519/2256/787
f 1521/2213/790 1524/2212/790 1526/2371/790 1523/2370/790
f 1523/2370/791 1526/2371/791 1525/2254/791 1522/2255/791
f 1524/2212/792 1528/2211/792 1529/2305/792 1526/2371/792
f 1526/2371/793 1529/2305/793 1527/2105/793 1525/2254/793
f 1433/2155/794 1530/2154/794 1532/2372/794 1437/2290/794
f 1437/2290/795 1532/2372/795 1531/2229/795 1431/2228/795
f 1530/2154/796 1533/2266/797 1535/2373/797 1532/2372/796
f 1532/2372/798 1535/2373/799 1534/2230/799 1531/2229/798
f 1533/2266/797 1536/2265/800 1538/2374/800 1535/2373/797
f 1535/2373/799 1538/2374/801 1537/2231/801 1534/2230/799
f 1536/2265/800 1539/2264/802 1541/2375/802 1538/2374/800
f 1538/2374/801 1541/2375/803 1540/2232/803 1537/2231/801
f 1539/2264/802 1542/2263/804 1544/2376/804 1541/2375/802
f 1541/2375/803 1544/2376/805 1543/2233/805 1540/2232/803
f 1542/2263/804 1545/2262/806 1547/2377/806 1544/2376/804
f 1544/2376/805 1547/2377/807 1546/2234/807 1543/2233/805
f 1545/2262/808 1548/2261/808 1550/2378/808 1547/2377/808
f 1547/2377/809 1550/2378/809 1549/2235/809 1546/2234/809
f 1548/2261/810 1552/2260/810 1553/2309/810 1550/2378/810
f 1550/2378/811 1553/2309/811 1551/2236/811 1549/2235/811
f 1599/2379/812 1583/2380/812 1563/2381/812 1562/2382/812 1561/2383/812 1560/2384/812 1559/2385/812 1558/2386/812 1557/2387/812 1556/2388/812 1590/2389/812 1601/2390/812 1578/2391/812 1577/2392/812 1591/2393/812 1592/2394/812 1593/2395/812 1594/2396/812 1595/2397/812 1596/2398/812 1597/2399/812 1598/2400/812 1576/2401/812 1574/2402/812 1575/2403/812 1604/2404/812 1603/2405/812 1602/2406/812 1579/2407/812 1580/2408/812 1581/2409/812 1571/2410/812 1570/2411/812 1569/2412/812 1568/2413/812 1567/2414/812 1566/2415/812 1565/2416/812 1564/2417/812 1582/2418/812 1600/2419/812 1572/2420/812 1573/2421/812 1589/2422/812 1588/2423/812 1587/2424/812 1586/2425/812 1585/2426/812 1584/2427/812 1554/2428/812 1555/2429/812
o Cube.008
v 2.165604 -1.011397 -0.418889
v 2.376715 -1.011397 -0.418889
v 2.587826 -1.011397 -0.418889
v 2.798938 -1.011397 -0.418889
v 3.010049 -1.011397 -0.418889
v 3.221160 -1.011397 -0.418889
v 3.432271 -1.011397 -0.418889
v 3.643382 -1.011397 -0.418889
v 3.643382 -0.011398 -0.418889
v 3.432271 -0.011397 -0.418889
v 3.221160 -0.011397 -0.418889
v 3.010049 -0.011397 -0.418889
v 2.798938 -0.011397 -0.418889
v 2.587826 -0.011397 -0.418889
v 2.376716 -0.011397 -0.418889
v 2.165604 -0.011397 -0.418889
v 1.954493 -0.900286 -0.418889
v 1.954493 -0.789175 -0.418889
v 1.954493 -0.678064 -0.418889
v 1.954493 -0.566952 -0.418889
v 1.954493 -0.455841 -0.418889
v 1.954493 -0.344730 -0.418889
v 1.954493 -0.233619 -0.418889
v 1.954493 -0.122508 -0.418889
v 3.854493 -0.900286 -0.418889
v 3.854493 -0.789175 -0.418889
v 3.854493 -0.678064 -0.418889
v 3.854493 -0.566953 -0.418889
v 3.854493 -0.455842 -0.418889
v 3.854493 -0.344731 -0.418889
v 3.854493 -0.233620 -0.418889
v 3.854493 -0.122509 -0.418889
v 3.854493 -0.056436 -0.484962
v 3.768920 -0.061811 -0.530000
v 3.769329 -0.015795 -0.484962
v 3.829429 -0.059123 -0.516809
v 3.818054 -0.032706 -0.510965
v 3.767396 -0.029357 -0.516796
v 3.829549 -0.025877 -0.484962
v 3.854493 -0.966359 -0.484961
v 3.770305 -1.003326 -0.485125
v 3.768920 -0.957058 -0.530000
v 3.829835 -0.995842 -0.485043
v 3.817962 -0.988276 -0.510999
v 3.766452 -0.989450 -0.516847
v 3.829429 -0.961708 -0.516808
v 2.040067 -0.057286 -0.530000
v 1.954493 -0.056435 -0.484962
v 2.040067 -0.011397 -0.484962
v 1.979558 -0.056861 -0.516809
v 1.990661 -0.030612 -0.510965
v 1.979558 -0.024412 -0.484962
v 2.040067 -0.025014 -0.516809
v 2.040066 -0.965405 -0.530000
v 2.040066 -1.011397 -0.484725
v 1.954493 -0.966358 -0.484961
v 2.040066 -0.997935 -0.516726
v 1.990660 -0.992160 -0.510915
v 1.979557 -0.998205 -0.484843
v 1.979557 -0.965882 -0.516808
v 2.165604 -0.011397 -0.484962
v 2.165604 -0.057321 -0.530000
v 2.165604 -0.024848 -0.516809
v 2.376716 -0.027262 -0.486105
v 2.376715 -0.083606 -0.530000
v 2.376716 -0.048056 -0.517143
v 2.587826 -0.011397 -0.484962
v 2.587826 -0.057416 -0.530000
v 2.587826 -0.024876 -0.516809
v 2.798938 -0.021761 -0.485485
v 2.798938 -0.074749 -0.530000
v 2.798938 -0.040150 -0.516962
v 3.010049 -0.011397 -0.484962
v 3.010049 -0.057539 -0.530000
v 3.010049 -0.024912 -0.516809
v 3.221160 -0.035423 -0.487250
v 3.221160 -0.096638 -0.530000
v 3.221160 -0.059576 -0.517479
v 3.432271 -0.011397 -0.484962
v 3.432271 -0.057513 -0.530000
v 3.432271 -0.024904 -0.516809
v 3.643382 -0.068322 -0.530000
v 3.643382 -0.017900 -0.485175
v 3.643382 -0.034490 -0.516871
v 3.643382 -0.999203 -0.485835
v 3.643382 -0.945008 -0.530000
v 3.643382 -0.979997 -0.517064
v 3.432271 -1.011397 -0.485152
v 3.432271 -0.965204 -0.530000
v 3.432271 -0.997868 -0.516864
v 3.221160 -1.000993 -0.485709
v 3.221160 -0.947819 -0.530000
v 3.221160 -0.982562 -0.517027
v 3.010049 -1.011397 -0.485241
v 3.010049 -0.964979 -0.530000
v 3.010049 -0.997802 -0.516890
v 2.798938 -0.973234 -0.489635
v 2.798938 -0.905013 -0.530000
v 2.798938 -0.944233 -0.518177
v 2.587826 -0.997119 -0.485620
v 2.587826 -0.941349 -0.530000
v 2.587826 -0.976851 -0.517001
v 2.376715 -1.000011 -0.485319
v 2.376715 -0.946230 -0.530000
v 2.376715 -0.981087 -0.516913
v 2.165604 -0.965367 -0.530000
v 2.165604 -1.011397 -0.484715
v 2.165604 -0.997915 -0.516736
v 3.768920 -0.011398 -0.418889
v 3.854493 -0.056436 -0.418889
v 3.829430 -0.024589 -0.418889
v 3.854493 -0.966359 -0.418889
v 3.768920 -1.011397 -0.418889
v 3.829429 -0.998206 -0.418889
v 1.954493 -0.056435 -0.418889
v 2.040067 -0.011397 -0.418889
v 1.979558 -0.024588 -0.418889
v 2.040066 -1.011397 -0.418889
v 1.954493 -0.966358 -0.418889
v 1.979557 -0.998205 -0.418889
v 3.768920 -0.900286 -0.530000
v 3.854493 -0.900286 -0.484961
v 3.829429 -0.900286 -0.516808
v 3.768920 -0.789175 -0.530000
v 3.854493 -0.789175 -0.484961
v 3.829429 -0.789175 -0.516808
v 3.768920 -0.678064 -0.530000
v 3.854493 -0.678064 -0.484961
v 3.829429 -0.678064 -0.516808
v 3.768920 -0.566953 -0.530000
v 3.854493 -0.566953 -0.484961
v 3.829429 -0.566953 -0.516808
v 3.768920 -0.455842 -0.530000
v 3.854493 -0.455842 -0.484961
v 3.829429 -0.455842 -0.516808
v 3.768920 -0.344731 -0.530000
v 3.854493 -0.344731 -0.484961
v 3.829429 -0.344731 -0.516809
v 3.768920 -0.233620 -0.530000
v 3.854493 -0.233620 -0.484961
v 3.829429 -0.233620 -0.516809
v 3.854493 -0.122509 -0.484962
v 3.768920 -0.122509 -0.530000
v 3.829429 -0.122509 -0.516809
v 1.954493 -0.900286 -0.484961
v 2.040066 -0.900286 -0.530000
v 1.979557 -0.900286 -0.516808
v 1.954493 -0.789175 -0.484961
v 2.040066 -0.789175 -0.530000
v 1.979557 -0.789175 -0.516808
v 1.954493 -0.678064 -0.484961
v 2.040067 -0.678064 -0.530000
v 1.979557 -0.678064 -0.516808
v 1.954493 -0.566952 -0.484961
v 2.040067 -0.566952 -0.530000
v 1.979558 -0.566952 -0.516808
v 1.954493 -0.455841 -0.484961
v 2.040067 -0.455841 -0.530000
v 1.979558 -0.455841 -0.516808
v 1.954493 -0.344730 -0.484961
v 2.040067 -0.344730 -0.530000
v 1.979558 -0.344730 -0.516809
v 1.954493 -0.233619 -0.484961
v 2.040067 -0.233619 -0.530000
v 1.979558 -0.233619 -0.516809
v 2.040067 -0.122508 -0.530000
v 1.954493 -0.122508 -0.484962
v 1.979558 -0.122508 -0.516809
v 3.854493 -0.122509 -0.391766
v 3.854493 -0.056436 -0.391766
v 2.165604 -0.011397 -0.391766
v 2.376716 -0.011397 -0.391766
v 2.587826 -0.011397 -0.391766
v 2.798938 -0.011397 -0.391766
v 3.010049 -0.011397 -0.391766
v 3.221160 -0.011397 -0.391766
v 3.432271 -0.011397 -0.391766
v 3.643382 -0.011398 -0.391766
v 3.643382 -1.011397 -0.391766
v 3.432271 -1.011397 -0.391766
v 3.221160 -1.011397 -0.391766
v 3.010049 -1.011397 -0.391766
v 2.798938 -1.011397 -0.391766
v 2.587826 -1.011397 -0.391766
v 2.376715 -1.011397 -0.391766
v 2.165604 -1.011397 -0.391766
v 3.854493 -0.966359 -0.391766
v 3.854493 -0.900286 -0.391766
v 1.954493 -0.966358 -0.391766
v 1.954493 -0.900285 -0.391766
v 1.954493 -0.122508 -0.391766
v 1.954493 -0.056435 -0.391766
v 2.040066 -1.011397 -0.391766
v 3.768920 -1.011397 -0.391766
v 3.768920 -0.011398 -0.391766
v 3.854493 -0.233620 -0.391766
v 3.854493 -0.344731 -0.391766
v 3.854493 -0.455842 -0.391766
v 3.854493 -0.566953 -0.391766
v 3.854493 -0.678064 -0.391766
v 3.854493 -0.789175 -0.391766
v 2.040067 -0.011397 -0.391766
v 1.954493 -0.233619 -0.391766
v 1.954493 -0.344730 -0.391766
v 1.954493 -0.455841 -0.391766
v 1.954493 -0.566952 -0.391766
v 1.954493 -0.678064 -0.391766
v 1.954493 -0.789174 -0.391766
v 3.829430 -0.024589 -0.391766
v 3.829429 -0.998206 -0.391766
v 1.979558 -0.024588 -0.391766
v 1.979557 -0.998205 -0.391766
vn 1.0000 -0.0000 -0.0000
vn -0.0245 -0.9967 -0.0779
vn 0.0245 -0.9967 -0.0779
vn -0.0840 -0.9600 -0.2672
vn 0.0494 -0.9332 -0.3560
vn 0.0066 -0.9819 -0.1892
vn 0.0267 -0.9960 -0.0857
vn -0.0000 1.0000 -0.0000
vn 0.0286 -0.9954 -0.0911
vn -0.0157 -0.9885 -0.1506
vn -0.0000 -1.0000 -0.0000
vn -1.0000 -0.0000 -0.0000
vn -0.0000 -0.0000 -1.0000
vn 0.0370 0.9923 -0.1181
vn -0.0370 0.9923 -0.1181
vn 0.0244 0.9967 -0.0779
vn -0.0244 0.9967 -0.0779
vn 0.0550 0.9829 -0.1757
vn -0.0550 0.9829 -0.1757
vn 0.0154 0.9987 -0.0491
vn -0.0083 0.9966 -0.0821
vn 0.6947 0.4962 -0.5207
vn 0.1608 0.3356 -0.9282
vn 0.1308 0.9251 -0.3565
vn 0.6813 -0.4943 -0.5399
vn 0.0918 -0.9249 -0.3689
vn 0.1478 -0.3343 -0.9308
vn -0.1761 0.3345 -0.9258
vn -0.7117 0.4920 -0.5013
vn -0.1745 0.9208 -0.3489
vn -0.1762 -0.3349 -0.9256
vn -0.1769 -0.9223 -0.3436
vn -0.7113 -0.4943 -0.4998
vn 0.1693 -0.9827 -0.0752
vn 0.7768 -0.6297 -0.0089
vn 0.2130 -0.0000 -0.9771
vn 0.7858 -0.0000 -0.6184
vn 0.7858 -0.0000 -0.6185
vn -0.0257 0.9034 -0.4280
vn -0.0169 0.3688 -0.9294
vn 0.0001 -0.9217 -0.3879
vn 0.0001 -0.3776 -0.9260
vn -0.7858 -0.0000 -0.6185
vn -0.2130 -0.0000 -0.9771
vn -0.2123 0.9772 0.0007
vn -0.2116 0.9773 0.0013
vn -0.7862 0.6179 0.0004
vn -0.7866 0.6174 0.0008
vn -0.0006 0.9203 -0.3911
vn -0.0002 0.3774 -0.9261
vn 0.0793 0.8755 -0.4767
vn 0.0411 0.3573 -0.9331
vn -0.0793 0.8753 -0.4770
vn -0.0410 0.3570 -0.9332
vn 0.0534 0.8920 -0.4489
vn 0.0278 0.3637 -0.9311
vn -0.0534 0.8918 -0.4493
vn -0.0276 0.3633 -0.9312
vn 0.1144 0.8493 -0.5154
vn 0.0589 0.3455 -0.9366
vn -0.1145 0.8493 -0.5153
vn -0.0589 0.3456 -0.9365
vn 0.0341 0.9032 -0.4278
vn 0.0177 0.3682 -0.9296
vn -0.0464 -0.8854 -0.4625
vn -0.0303 -0.3599 -0.9325
vn 0.0621 -0.8855 -0.4605
vn 0.0320 -0.3594 -0.9326
vn -0.0535 -0.8906 -0.4516
vn -0.0276 -0.3610 -0.9321
vn 0.0534 -0.8901 -0.4527
vn 0.0273 -0.3600 -0.9326
vn -0.1672 -0.8048 -0.5695
vn -0.0848 -0.3259 -0.9416
vn 0.0951 -0.7689 -0.6322
vn 0.0488 -0.3149 -0.9479
vn 0.0138 -0.8489 -0.5283
vn 0.0073 -0.3476 -0.9376
vn 0.0586 -0.8895 -0.4531
vn 0.0306 -0.3639 -0.9309
vn 0.1891 0.9811 -0.0415
vn 0.7804 0.6253 -0.0054
vn 0.7831 0.6219 -0.0027
vn 0.2130 0.9771 -0.0000
vn 0.7858 0.6184 -0.0000
vn 0.2130 -0.9771 -0.0000
vn 0.7858 -0.6184 -0.0000
vn -0.2130 0.9771 -0.0000
vn -0.7858 0.6185 -0.0000
vn -0.2130 -0.9770 -0.0000
vn -0.7858 -0.6185 -0.0000
vn 0.2130 -0.0000 -0.9770
vn -0.2130 -0.0000 -0.9770
vn -0.0000 -0.0000 1.0000
vt 0.386260 0.222222
vt 0.402778 0.222222
vt 0.402778 0.238740
vt 0.386260 0.238740
vt 0.402778 0.215442
vt 0.386260 0.215442
vt 0.597222 0.222222
vt 0.613740 0.222222
vt 0.613740 0.238740
vt 0.597222 0.238740
vt 0.791667 0.511073
vt 0.819444 0.511212
vt 0.819444 0.527778
vt 0.791667 0.527778
vt 0.763889 0.511190
vt 0.763889 0.527778
vt 0.736111 0.510091
vt 0.736111 0.527778
vt 0.708333 0.511095
vt 0.708333 0.527778
vt 0.680556 0.511170
vt 0.680556 0.527778
vt 0.652778 0.511321
vt 0.652778 0.527778
vt 0.319444 0.534558
vt 0.319444 0.527778
vt 0.347222 0.527778
vt 0.347222 0.534558
vt 0.291667 0.534558
vt 0.291667 0.527778
vt 0.263889 0.534558
vt 0.263889 0.527778
vt 0.236111 0.534558
vt 0.236111 0.527778
vt 0.208333 0.534558
vt 0.208333 0.527778
vt 0.180556 0.534558
vt 0.180556 0.527778
vt 0.847222 0.511041
vt 0.847222 0.527778
vt 0.152778 0.534558
vt 0.152778 0.527778
vt 0.863848 0.511144
vt 0.863740 0.527778
vt 0.819444 0.534558
vt 0.847222 0.534558
vt 0.791667 0.534558
vt 0.763889 0.534558
vt 0.736111 0.534558
vt 0.708333 0.534558
vt 0.680556 0.534558
vt 0.652778 0.534558
vt 0.597222 0.511260
vt 0.613740 0.511260
vt 0.613740 0.527778
vt 0.597222 0.527778
vt 0.613740 0.215442
vt 0.597222 0.215442
vt 0.636260 0.511319
vt 0.636260 0.527778
vt 0.597222 0.534558
vt 0.613740 0.534558
vt 0.386260 0.534558
vt 0.386260 0.527778
vt 0.402778 0.527778
vt 0.402778 0.534558
vt 0.636260 0.534558
vt 0.863740 0.534558
vt 0.136260 0.534558
vt 0.136260 0.527778
vt 0.430556 0.215442
vt 0.430556 0.222222
vt 0.458333 0.215442
vt 0.458333 0.222222
vt 0.486111 0.215442
vt 0.486111 0.222222
vt 0.513889 0.215442
vt 0.513889 0.222222
vt 0.541667 0.215442
vt 0.541667 0.222222
vt 0.569444 0.215442
vt 0.569444 0.222222
vt 0.569444 0.238740
vt 0.363740 0.527778
vt 0.363740 0.534558
vt 0.430556 0.527778
vt 0.430556 0.534558
vt 0.458333 0.527778
vt 0.458333 0.534558
vt 0.486111 0.527778
vt 0.486111 0.534558
vt 0.513889 0.527778
vt 0.513889 0.534558
vt 0.541667 0.527778
vt 0.541667 0.534558
vt 0.569444 0.527778
vt 0.569444 0.534558
vt 0.347222 0.511260
vt 0.363740 0.511260
vt 0.386962 0.261260
vt 0.402778 0.261260
vt 0.430556 0.261260
vt 0.458333 0.261260
vt 0.486111 0.261260
vt 0.513889 0.261260
vt 0.541667 0.261260
vt 0.569444 0.261260
vt 0.597222 0.261260
vt 0.612602 0.261260
vt 0.610893 0.277778
vt 0.613452 0.305556
vt 0.611297 0.333333
vt 0.613395 0.361111
vt 0.599788 0.388889
vt 0.610283 0.416667
vt 0.611084 0.444444
vt 0.613492 0.472222
vt 0.613502 0.488740
vt 0.597222 0.488740
vt 0.569444 0.488740
vt 0.541667 0.488740
vt 0.513889 0.488740
vt 0.486111 0.488740
vt 0.458333 0.488740
vt 0.430556 0.488740
vt 0.402778 0.488740
vt 0.386472 0.488740
vt 0.386481 0.472222
vt 0.390047 0.444444
vt 0.386505 0.416667
vt 0.388637 0.388889
vt 0.386535 0.361111
vt 0.392805 0.333333
vt 0.386529 0.305556
vt 0.387758 0.277778
vt 0.319444 0.510974
vt 0.291667 0.511260
vt 0.263889 0.511129
vt 0.236111 0.511260
vt 0.208333 0.510687
vt 0.180556 0.511260
vt 0.152778 0.511206
vt 0.136228 0.511238
vt 0.430556 0.238740
vt 0.458333 0.238740
vt 0.486111 0.238740
vt 0.513889 0.238740
vt 0.541667 0.238740
vt 0.386260 0.511260
vt 0.402778 0.511260
vt 0.430556 0.511260
vt 0.458333 0.511260
vt 0.486111 0.511260
vt 0.513889 0.511260
vt 0.541667 0.511260
vt 0.569444 0.511260
vt 0.386931 0.250000
vt 0.380327 0.250000
vt 0.375000 0.238740
vt 0.375000 0.261787
vt 0.375000 0.255267
vt 0.125000 0.511260
vt 0.125000 0.504759
vt 0.136787 0.500000
vt 0.625000 0.238761
vt 0.625000 0.245250
vt 0.612578 0.250000
vt 0.862820 0.500000
vt 0.869329 0.500000
vt 0.875000 0.511239
vt 0.619219 0.250000
vt 0.625000 0.262180
vt 0.386366 0.500000
vt 0.375015 0.501586
vt 0.375000 0.488740
vt 0.375000 0.511260
vt 0.363740 0.500000
vt 0.625000 0.488740
vt 0.623397 0.500004
vt 0.613621 0.500000
vt 0.625000 0.511289
vt 0.636260 0.500000
vt 0.875000 0.527778
vt 0.625000 0.222222
vt 0.402778 0.250000
vt 0.152778 0.500000
vt 0.375000 0.277778
vt 0.652778 0.500000
vt 0.625000 0.472222
vt 0.402778 0.500000
vt 0.375000 0.527778
vt 0.347222 0.500000
vt 0.375000 0.472222
vt 0.319444 0.500000
vt 0.346470 0.500000
vt 0.375000 0.471470
vt 0.375000 0.444444
vt 0.292420 0.500000
vt 0.375000 0.417420
vt 0.263889 0.500000
vt 0.291155 0.500000
vt 0.375000 0.416155
vt 0.375000 0.388889
vt 0.236624 0.500000
vt 0.375000 0.361624
vt 0.208333 0.500000
vt 0.235054 0.500000
vt 0.375000 0.360054
vt 0.375000 0.333333
vt 0.181612 0.500000
vt 0.375000 0.306612
vt 0.180227 0.500000
vt 0.375000 0.305227
vt 0.847222 0.500000
vt 0.625000 0.277778
vt 0.820041 0.500000
vt 0.625000 0.304959
vt 0.791667 0.500000
vt 0.818930 0.500000
vt 0.625000 0.306070
vt 0.625000 0.333333
vt 0.764406 0.500000
vt 0.625000 0.360594
vt 0.736111 0.500000
vt 0.762469 0.500000
vt 0.625000 0.362531
vt 0.625000 0.388889
vt 0.709126 0.500000
vt 0.625000 0.415874
vt 0.680675 0.500000
vt 0.708333 0.500000
vt 0.625000 0.416667
vt 0.625000 0.444325
vt 0.653339 0.500000
vt 0.680556 0.500000
vt 0.625000 0.444444
vt 0.625000 0.471661
vt 0.125000 0.527778
vt 0.375000 0.222222
vt 0.125000 0.534558
vt 0.375000 0.215442
vt 0.875000 0.534558
vt 0.625000 0.215442
vt 0.375000 0.534558
vt 0.625000 0.527778
vt 0.625000 0.534558
vt 0.597222 0.250000
vt 0.569444 0.250000
vt 0.541667 0.250000
vt 0.513889 0.250000
vt 0.486111 0.250000
vt 0.458333 0.250000
vt 0.430556 0.250000
vt 0.597222 0.500000
vt 0.569444 0.500000
vt 0.541667 0.500000
vt 0.513889 0.500000
vt 0.486111 0.500000
vt 0.458333 0.500000
vt 0.430556 0.500000
vt 0.558027 0.433096
vt 0.559685 0.433863
vt 0.563124 0.433863
vt 0.568906 0.433863
vt 0.574689 0.433863
vt 0.580472 0.433863
vt 0.586254 0.433863
vt 0.592037 0.433863
vt 0.597820 0.433863
vt 0.603603 0.433863
vt 0.607041 0.433863
vt 0.608699 0.433095
vt 0.609385 0.431242
vt 0.609385 0.427397
vt 0.609385 0.420930
vt 0.609385 0.414463
vt 0.609385 0.407997
vt 0.609385 0.401530
vt 0.609385 0.395063
vt 0.609385 0.388597
vt 0.609385 0.382130
vt 0.609385 0.378285
vt 0.608699 0.376431
vt 0.607041 0.375663
vt 0.603603 0.375663
vt 0.597820 0.375663
vt 0.592037 0.375663
vt 0.586254 0.375663
vt 0.580472 0.375663
vt 0.574689 0.375663
vt 0.568906 0.375663
vt 0.563123 0.375663
vt 0.559685 0.375663
vt 0.558027 0.376431
vt 0.557341 0.378285
vt 0.557341 0.382130
vt 0.557341 0.388597
vt 0.557341 0.395063
vt 0.557341 0.401530
vt 0.557341 0.407997
vt 0.557341 0.414463
vt 0.557341 0.420930
vt 0.557341 0.427397
vt 0.557341 0.431242
s 1
usemtl Material.002
f 1714/2430/813 1636/2431/813 1746/2432/813 1637/2433/813
f 1773/2434/813 1636/2431/813 1714/2430/813 1774/2435/813
f 1629/2436/813 1716/2437/813 1644/2438/813 1726/2439/813
f 1695/2440/814 1692/2441/814 1611/2442/814 1610/2443/814
f 1698/2444/815 1695/2440/815 1610/2443/815 1609/2445/815
f 1701/2446/816 1698/2444/816 1609/2445/816 1608/2447/816
f 1704/2448/817 1701/2446/817 1608/2447/817 1607/2449/817
f 1707/2450/818 1704/2448/818 1607/2449/818 1606/2451/818
f 1711/2452/819 1707/2450/819 1606/2451/819 1605/2453/819
f 1776/2454/820 1619/2455/820 1620/2456/820 1775/2457/820
f 1777/2458/820 1618/2459/820 1619/2455/820 1776/2454/820
f 1778/2460/820 1617/2461/820 1618/2459/820 1777/2458/820
f 1779/2462/820 1616/2463/820 1617/2461/820 1778/2460/820
f 1780/2464/820 1615/2465/820 1616/2463/820 1779/2462/820
f 1781/2466/820 1614/2467/820 1615/2465/820 1780/2464/820
f 1692/2441/821 1689/2468/821 1612/2469/821 1611/2442/821
f 1782/2470/820 1613/2471/820 1614/2467/820 1781/2466/820
f 1689/2468/822 1645/2472/822 1717/2473/822 1612/2469/822
f 1784/2474/823 1611/2442/823 1612/2469/823 1783/2475/823
f 1785/2476/823 1610/2443/823 1611/2442/823 1784/2474/823
f 1786/2477/823 1609/2445/823 1610/2443/823 1785/2476/823
f 1787/2478/823 1608/2447/823 1609/2445/823 1786/2477/823
f 1788/2479/823 1607/2449/823 1608/2447/823 1787/2478/823
f 1789/2480/823 1606/2451/823 1607/2449/823 1788/2479/823
f 1790/2481/823 1605/2453/823 1606/2451/823 1789/2480/823
f 1749/2482/824 1660/2483/824 1723/2484/824 1621/2485/824
f 1791/2486/813 1716/2437/813 1629/2436/813 1792/2487/813
f 1659/2488/823 1711/2452/823 1605/2453/823 1722/2489/823
f 1794/2490/824 1621/2485/824 1723/2484/824 1793/2491/824
f 1796/2492/824 1719/2493/824 1628/2494/824 1795/2495/824
f 1797/2496/823 1722/2489/823 1605/2453/823 1790/2481/823
f 1783/2475/823 1612/2469/823 1717/2473/823 1798/2497/823
f 1799/2498/820 1713/2499/820 1613/2471/820 1782/2470/820
f 1800/2500/813 1635/2501/813 1636/2431/813 1773/2434/813
f 1801/2502/813 1634/2503/813 1635/2501/813 1800/2500/813
f 1802/2504/813 1633/2505/813 1634/2503/813 1801/2502/813
f 1803/2506/813 1632/2507/813 1633/2505/813 1802/2504/813
f 1804/2508/813 1631/2509/813 1632/2507/813 1803/2506/813
f 1805/2510/813 1630/2511/813 1631/2509/813 1804/2508/813
f 1792/2487/813 1629/2436/813 1630/2511/813 1805/2510/813
f 1630/2511/813 1629/2436/813 1726/2439/813 1729/2512/813
f 1775/2457/820 1620/2456/820 1720/2513/820 1806/2514/820
f 1795/2495/824 1628/2494/824 1627/2515/824 1807/2516/824
f 1807/2516/824 1627/2515/824 1626/2517/824 1808/2518/824
f 1808/2518/824 1626/2517/824 1625/2519/824 1809/2520/824
f 1809/2520/824 1625/2519/824 1624/2521/824 1810/2522/824
f 1810/2522/824 1624/2521/824 1623/2523/824 1811/2524/824
f 1811/2524/824 1623/2523/824 1622/2525/824 1812/2526/824
f 1812/2526/824 1622/2525/824 1621/2485/824 1794/2490/824
f 1665/2527/820 1653/2528/820 1720/2513/820 1620/2456/820
f 1638/2529/825 1747/2530/825 1743/2531/825 1740/2532/825 1737/2533/825 1734/2534/825 1731/2535/825 1728/2536/825 1725/2537/825 1646/2538/825 1690/2539/825 1693/2540/825 1696/2541/825 1699/2542/825 1702/2543/825 1705/2544/825 1708/2545/825 1710/2546/825 1658/2547/825 1750/2548/825 1753/2549/825 1756/2550/825 1759/2551/825 1762/2552/825 1765/2553/825 1768/2554/825 1770/2555/825 1651/2556/825 1666/2557/825 1669/2558/825 1672/2559/825 1675/2560/825 1678/2561/825 1681/2562/825 1684/2563/825 1686/2564/825
f 1668/2565/826 1665/2527/826 1620/2456/826 1619/2455/826
f 1671/2566/827 1668/2565/827 1619/2455/827 1618/2459/827
f 1674/2567/828 1671/2566/828 1618/2459/828 1617/2461/828
f 1677/2568/829 1674/2567/829 1617/2461/829 1616/2463/829
f 1680/2569/830 1677/2568/830 1616/2463/830 1615/2465/830
f 1683/2570/831 1680/2569/831 1615/2465/831 1614/2467/831
f 1687/2571/832 1683/2570/832 1614/2467/832 1613/2471/832
f 1639/2572/833 1687/2571/833 1613/2471/833 1713/2499/833
f 1636/2431/813 1635/2501/813 1744/2573/813 1746/2432/813
f 1635/2501/813 1634/2503/813 1741/2574/813 1744/2573/813
f 1634/2503/813 1633/2505/813 1738/2575/813 1741/2574/813
f 1633/2505/813 1632/2507/813 1735/2576/813 1738/2575/813
f 1632/2507/813 1631/2509/813 1732/2577/813 1735/2576/813
f 1631/2509/813 1630/2511/813 1729/2512/813 1732/2577/813
f 1652/2578/824 1771/2579/824 1628/2494/824 1719/2493/824
f 1771/2579/824 1767/2580/824 1627/2515/824 1628/2494/824
f 1767/2580/824 1764/2581/824 1626/2517/824 1627/2515/824
f 1764/2581/824 1761/2582/824 1625/2519/824 1626/2517/824
f 1761/2582/824 1758/2583/824 1624/2521/824 1625/2519/824
f 1758/2583/824 1755/2584/824 1623/2523/824 1624/2521/824
f 1755/2584/824 1752/2585/824 1622/2525/824 1623/2523/824
f 1752/2585/824 1749/2482/824 1621/2485/824 1622/2525/824
f 1637/2433/834 1640/2586/834 1641/2587/834 1643/2588/834
f 1638/2529/835 1642/2589/835 1641/2590/835 1640/2586/835
f 1639/2572/836 1643/2591/836 1641/2592/836 1642/2593/836
f 1644/2438/837 1647/2594/837 1648/2595/837 1650/2596/837
f 1645/2472/838 1649/2597/838 1648/2598/838 1647/2599/838
f 1646/2538/839 1650/2596/839 1648/2600/839 1649/2601/839
f 1651/2556/840 1654/2602/840 1655/2603/840 1657/2604/840
f 1652/2578/841 1656/2605/841 1655/2603/841 1654/2602/841
f 1653/2528/842 1657/2606/842 1655/2603/842 1656/2605/842
f 1658/2547/843 1661/2607/843 1662/2608/843 1664/2609/843
f 1659/2488/844 1663/2610/844 1662/2608/844 1661/2611/844
f 1660/2483/845 1664/2609/845 1662/2608/845 1663/2610/845
f 1717/2473/846 1645/2472/846 1647/2599/846 1718/2612/846
f 1718/2613/847 1647/2594/847 1644/2438/847 1716/2437/847
f 1747/2530/848 1638/2529/848 1640/2586/848 1748/2614/848
f 1748/2614/849 1640/2586/850 1637/2433/850 1746/2432/849
f 1687/2571/851 1639/2572/851 1642/2593/851 1688/2615/851
f 1688/2616/852 1642/2589/852 1638/2529/852 1686/2564/852
f 1711/2452/853 1659/2488/853 1661/2611/853 1712/2617/853
f 1712/2618/854 1661/2607/854 1658/2547/854 1710/2546/854
f 1771/2579/855 1652/2578/855 1654/2602/855 1772/2619/855
f 1772/2619/856 1654/2602/856 1651/2556/856 1770/2555/856
f 1720/2513/857 1653/2528/858 1656/2605/858 1721/2620/857
f 1721/2620/859 1656/2605/860 1652/2578/860 1719/2493/859
f 1653/2528/861 1665/2527/861 1667/2621/861 1657/2606/861
f 1657/2604/862 1667/2622/862 1666/2557/862 1651/2556/862
f 1665/2527/863 1668/2565/863 1670/2623/863 1667/2624/863
f 1667/2625/864 1670/2626/864 1669/2558/864 1666/2557/864
f 1668/2565/865 1671/2566/865 1673/2627/865 1670/2623/865
f 1670/2626/866 1673/2628/866 1672/2559/866 1669/2558/866
f 1671/2566/867 1674/2567/867 1676/2629/867 1673/2630/867
f 1673/2631/868 1676/2632/868 1675/2560/868 1672/2559/868
f 1674/2567/869 1677/2568/869 1679/2633/869 1676/2629/869
f 1676/2632/870 1679/2634/870 1678/2561/870 1675/2560/870
f 1677/2568/871 1680/2569/871 1682/2635/871 1679/2636/871
f 1679/2637/872 1682/2638/872 1681/2562/872 1678/2561/872
f 1680/2569/873 1683/2570/873 1685/2639/873 1682/2635/873
f 1682/2638/874 1685/2640/874 1684/2563/874 1681/2562/874
f 1683/2570/875 1687/2571/875 1688/2615/875 1685/2641/875
f 1685/2642/876 1688/2616/876 1686/2564/876 1684/2563/876
f 1645/2472/877 1689/2468/877 1691/2643/877 1649/2597/877
f 1649/2601/878 1691/2644/878 1690/2539/878 1646/2538/878
f 1689/2468/879 1692/2441/879 1694/2645/879 1691/2643/879
f 1691/2644/880 1694/2646/880 1693/2540/880 1690/2539/880
f 1692/2441/881 1695/2440/881 1697/2647/881 1694/2648/881
f 1694/2649/882 1697/2650/882 1696/2541/882 1693/2540/882
f 1695/2440/883 1698/2444/883 1700/2651/883 1697/2647/883
f 1697/2650/884 1700/2652/884 1699/2542/884 1696/2541/884
f 1698/2444/885 1701/2446/885 1703/2653/885 1700/2654/885
f 1700/2655/886 1703/2656/886 1702/2543/886 1699/2542/886
f 1701/2446/887 1704/2448/887 1706/2657/887 1703/2653/887
f 1703/2656/888 1706/2658/888 1705/2544/888 1702/2543/888
f 1704/2448/889 1707/2450/889 1709/2659/889 1706/2660/889
f 1706/2661/890 1709/2662/890 1708/2545/890 1705/2544/890
f 1707/2450/891 1711/2452/891 1712/2663/891 1709/2664/891
f 1709/2665/892 1712/2666/892 1710/2546/892 1708/2545/892
f 1639/2572/893 1713/2499/893 1715/2667/893 1643/2591/893
f 1643/2588/894 1715/2668/895 1714/2430/895 1637/2433/894
f 1813/2669/896 1715/2667/896 1713/2499/896 1799/2498/896
f 1714/2430/895 1715/2668/895 1813/2670/897 1774/2435/897
f 1798/2497/898 1717/2473/898 1718/2612/898 1814/2671/898
f 1718/2613/899 1716/2437/899 1791/2486/899 1814/2672/899
f 1806/2514/900 1720/2513/857 1721/2620/857 1815/2673/900
f 1721/2620/859 1719/2493/859 1796/2492/901 1815/2673/901
f 1659/2488/902 1722/2489/902 1724/2674/902 1663/2610/902
f 1663/2610/903 1724/2674/903 1723/2484/903 1660/2483/903
f 1816/2675/902 1724/2674/902 1722/2489/902 1797/2496/902
f 1723/2484/903 1724/2674/903 1816/2675/903 1793/2491/903
f 1646/2538/904 1725/2537/904 1727/2676/904 1650/2596/904
f 1650/2596/850 1727/2676/850 1726/2439/850 1644/2438/850
f 1725/2537/904 1728/2536/904 1730/2677/904 1727/2676/904
f 1727/2676/850 1730/2677/850 1729/2512/850 1726/2439/850
f 1728/2536/904 1731/2535/904 1733/2678/904 1730/2677/904
f 1730/2677/850 1733/2678/850 1732/2577/850 1729/2512/850
f 1731/2535/904 1734/2534/904 1736/2679/904 1733/2678/904
f 1733/2678/850 1736/2679/850 1735/2576/850 1732/2577/850
f 1734/2534/904 1737/2533/848 1739/2680/848 1736/2679/904
f 1736/2679/850 1739/2680/849 1738/2575/849 1735/2576/850
f 1737/2533/848 1740/2532/848 1742/2681/848 1739/2680/848
f 1739/2680/849 1742/2681/849 1741/2574/849 1738/2575/849
f 1740/2532/848 1743/2531/848 1745/2682/848 1742/2681/848
f 1742/2681/849 1745/2682/849 1744/2573/849 1741/2574/849
f 1743/2531/848 1747/2530/848 1748/2614/848 1745/2682/848
f 1745/2682/849 1748/2614/849 1746/2432/849 1744/2573/849
f 1660/2483/855 1749/2482/855 1751/2683/855 1664/2609/855
f 1664/2609/905 1751/2683/905 1750/2548/905 1658/2547/905
f 1749/2482/855 1752/2585/855 1754/2684/855 1751/2683/855
f 1751/2683/905 1754/2684/905 1753/2549/905 1750/2548/905
f 1752/2585/855 1755/2584/855 1757/2685/855 1754/2684/855
f 1754/2684/905 1757/2685/905 1756/2550/905 1753/2549/905
f 1755/2584/855 1758/2583/855 1760/2686/855 1757/2685/855
f 1757/2685/905 1760/2686/905 1759/2551/905 1756/2550/905
f 1758/2583/855 1761/2582/855 1763/2687/855 1760/2686/855
f 1760/2686/905 1763/2687/856 1762/2552/856 1759/2551/905
f 1761/2582/855 1764/2581/855 1766/2688/855 1763/2687/855
f 1763/2687/856 1766/2688/856 1765/2553/856 1762/2552/856
f 1764/2581/855 1767/2580/855 1769/2689/855 1766/2688/855
f 1766/2688/856 1769/2689/856 1768/2554/856 1765/2553/856
f 1767/2580/855 1771/2579/855 1772/2619/855 1769/2689/855
f 1769/2689/856 1772/2619/856 1770/2555/856 1768/2554/856
f 1816/2690/906 1797/2691/906 1790/2692/906 1789/2693/906 1788/2694/906 1787/2695/906 1786/2696/906 1785/2697/906 1784/2698/906 1783/2699/906 1798/2700/906 1814/2701/906 1791/2702/906 1792/2703/906 1805/2704/906 1804/2705/906 1803/2706/906 1802/2707/906 1801/2708/906 1800/2709/906 1773/2710/906 1774/2711/906 1813/2712/906 1799/2713/906 1782/2714/906 1781/2715/906 1780/2716/906 1779/2717/906 1778/2718/906 1777/2719/906 1776/2720/906 1775/2721/906 1806/2722/906 1815/2723/906 1796/2724/906 1795/2725/906 1807/2726/906 1808/2727/906 1809/2728/906 1810/2729/906 1811/2730/906 1812/2731/906 1794/2732/906 1793/2733/906
o Cube.009
v 3.171849 -2.068496 -0.418889
v 3.382960 -2.068496 -0.418889
v 3.594071 -2.068496 -0.418889
v 3.805182 -2.068496 -0.418889
v 4.016294 -2.068496 -0.418889
v 4.227405 -2.068496 -0.418889
v 4.438516 -2.068496 -0.418889
v 4.649627 -2.068496 -0.418889
v 4.649628 -1.068496 -0.418889
v 4.438517 -1.068496 -0.418889
v 4.227405 -1.068496 -0.418889
v 4.016294 -1.068496 -0.418889
v 3.805182 -1.068496 -0.418889
v 3.594071 -1.068496 -0.418889
v 3.382961 -1.068496 -0.418889
v 3.171850 -1.068496 -0.418889
v 2.960738 -1.957385 -0.418889
v 2.960738 -1.846274 -0.418889
v 2.960738 -1.735162 -0.418889
v 2.960738 -1.624051 -0.418889
v 2.960738 -1.512941 -0.418889
v 2.960738 -1.401829 -0.418889
v 2.960738 -1.290718 -0.418889
v 2.960738 -1.179607 -0.418889
v 4.860738 -1.957386 -0.418889
v 4.860738 -1.846274 -0.418889
v 4.860738 -1.735163 -0.418889
v 4.860738 -1.624052 -0.418889
v 4.860738 -1.512941 -0.418889
v 4.860738 -1.401830 -0.418889
v 4.860738 -1.290719 -0.418889
v 4.860738 -1.179608 -0.418889
v 4.860738 -1.118497 -0.480000
v 4.765738 -1.124464 -0.530000
v 4.766192 -1.073378 -0.480000
v 4.832913 -1.121480 -0.515355
v 4.820285 -1.092152 -0.508868
v 4.764047 -1.088435 -0.515341
v 4.833047 -1.084571 -0.480000
v 4.860738 -2.018497 -0.480000
v 4.767276 -2.059536 -0.480005
v 4.765738 -2.008762 -0.530000
v 4.833364 -2.051228 -0.480002
v 4.820180 -2.042952 -0.508869
v 4.762980 -2.044293 -0.515359
v 4.832913 -2.013629 -0.515355
v 3.055738 -1.119441 -0.530000
v 2.960738 -1.118496 -0.480000
v 3.055738 -1.068496 -0.480000
v 2.988563 -1.118968 -0.515355
v 3.000890 -1.089828 -0.508867
v 2.988563 -1.082945 -0.480000
v 3.055738 -1.083613 -0.515355
v 3.055738 -2.018079 -0.530000
v 3.055738 -2.068496 -0.479991
v 2.960738 -2.018496 -0.480000
v 3.055738 -2.053734 -0.515346
v 3.000889 -2.047276 -0.508866
v 2.988563 -2.053852 -0.479996
v 2.988563 -2.018287 -0.515355
v 3.171850 -1.068496 -0.480000
v 3.171850 -1.119478 -0.530000
v 3.171850 -1.083429 -0.515355
v 3.382961 -1.083220 -0.481269
v 3.382961 -1.145771 -0.530000
v 3.382961 -1.106305 -0.515727
v 3.594071 -1.068496 -0.480000
v 3.594071 -1.119584 -0.530000
v 3.594071 -1.083459 -0.515355
v 3.805182 -1.078097 -0.480581
v 3.805182 -1.136922 -0.530000
v 3.805182 -1.098512 -0.515525
v 4.016294 -1.068496 -0.480000
v 4.016294 -1.119720 -0.530000
v 4.016294 -1.083500 -0.515355
v 4.227405 -1.090868 -0.482541
v 4.227405 -1.158826 -0.530000
v 4.227405 -1.117681 -0.516099
v 4.438517 -1.068496 -0.480000
v 4.438517 -1.119692 -0.530000
v 4.438517 -1.083491 -0.515355
v 4.649627 -1.130491 -0.530000
v 4.649628 -1.074515 -0.480236
v 4.649628 -1.092932 -0.515424
v 4.649627 -2.057221 -0.480789
v 4.649627 -1.997638 -0.530000
v 4.649627 -2.036057 -0.515586
v 4.438516 -2.068496 -0.480006
v 4.438516 -2.017901 -0.530000
v 4.438516 -2.053678 -0.515357
v 4.227405 -2.058890 -0.480588
v 4.227405 -2.000634 -0.530000
v 4.227405 -2.038640 -0.515527
v 4.016294 -2.068496 -0.480009
v 4.016294 -2.017972 -0.530000
v 4.016294 -2.053698 -0.515358
v 3.805182 -2.068496 -0.480011
v 3.805182 -2.017988 -0.530000
v 3.805182 -2.053703 -0.515358
v 3.594071 -2.055191 -0.481074
v 3.594071 -1.994236 -0.530000
v 3.594071 -2.033001 -0.515670
v 3.382960 -2.057904 -0.480689
v 3.382960 -1.998996 -0.530000
v 3.382960 -2.037149 -0.515557
v 3.171849 -2.018063 -0.530000
v 3.171849 -2.068496 -0.479991
v 3.171849 -2.053725 -0.515353
v 4.765738 -1.068496 -0.418889
v 4.860738 -1.118497 -0.418889
v 4.832913 -1.083141 -0.418889
v 4.860738 -2.018497 -0.418889
v 4.765738 -2.068496 -0.418889
v 4.832913 -2.053852 -0.418889
v 2.960738 -1.118496 -0.418889
v 3.055738 -1.068496 -0.418889
v 2.988563 -1.083140 -0.418889
v 3.055738 -2.068496 -0.418889
v 2.960738 -2.018496 -0.418889
v 2.988563 -2.053852 -0.418889
v 4.765738 -1.957386 -0.530000
v 4.860738 -1.957386 -0.480000
v 4.832913 -1.957386 -0.515355
v 4.765738 -1.846274 -0.530000
v 4.860738 -1.846274 -0.480000
v 4.832913 -1.846274 -0.515355
v 4.765738 -1.735163 -0.530000
v 4.860738 -1.735163 -0.480000
v 4.832913 -1.735163 -0.515355
v 4.765738 -1.624052 -0.530000
v 4.860738 -1.624052 -0.480000
v 4.832913 -1.624052 -0.515355
v 4.765738 -1.512941 -0.530000
v 4.860738 -1.512941 -0.480000
v 4.832913 -1.512941 -0.515355
v 4.765738 -1.401830 -0.530000
v 4.860738 -1.401830 -0.480000
v 4.832913 -1.401830 -0.515355
v 4.765738 -1.290719 -0.530000
v 4.860738 -1.290719 -0.480000
v 4.832913 -1.290719 -0.515355
v 4.860738 -1.179608 -0.480000
v 4.765738 -1.179608 -0.530000
v 4.832913 -1.179608 -0.515355
v 2.960738 -1.957385 -0.480000
v 3.055738 -1.957385 -0.530000
v 2.988563 -1.957385 -0.515355
v 2.960738 -1.846274 -0.480000
v 3.055738 -1.846274 -0.530000
v 2.988563 -1.846274 -0.515355
v 2.960738 -1.735162 -0.480000
v 3.055738 -1.735162 -0.530000
v 2.988563 -1.735162 -0.515355
v 2.960738 -1.624051 -0.480000
v 3.055738 -1.624051 -0.530000
v 2.988563 -1.624051 -0.515355
v 2.960738 -1.512941 -0.480000
v 3.055738 -1.512941 -0.530000
v 2.988563 -1.512941 -0.515355
v 2.960738 -1.401829 -0.480000
v 3.055738 -1.401829 -0.530000
v 2.988563 -1.401829 -0.515355
v 2.960738 -1.290718 -0.480000
v 3.055738 -1.290719 -0.530000
v 2.988563 -1.290718 -0.515355
v 3.055738 -1.179607 -0.530000
v 2.960738 -1.179607 -0.480000
v 2.988563 -1.179607 -0.515355
v 4.860738 -1.179608 -0.400000
v 4.860738 -1.118497 -0.400000
v 3.382961 -1.068496 -0.400000
v 3.171850 -1.068496 -0.400000
v 3.594071 -1.068496 -0.400000
v 3.805182 -1.068496 -0.400000
v 4.016294 -1.068496 -0.400000
v 4.227405 -1.068496 -0.400000
v 4.438517 -1.068496 -0.400000
v 4.649628 -1.068496 -0.400000
v 4.649627 -2.068496 -0.400000
v 4.438516 -2.068496 -0.400000
v 4.227405 -2.068496 -0.400000
v 4.016294 -2.068496 -0.400000
v 3.805182 -2.068496 -0.400000
v 3.594071 -2.068496 -0.400000
v 3.382960 -2.068496 -0.400000
v 3.171849 -2.068496 -0.400000
v 4.860738 -2.018497 -0.400000
v 4.860738 -1.957386 -0.400000
v 2.960738 -1.957385 -0.400000
v 2.960738 -2.018496 -0.400000
v 2.960738 -1.118496 -0.400000
v 2.960738 -1.179607 -0.400000
v 3.055738 -2.068496 -0.400000
v 4.765738 -2.068496 -0.400000
v 4.765738 -1.068496 -0.400000
v 4.860738 -1.290719 -0.400000
v 4.860738 -1.401830 -0.400000
v 4.860738 -1.512941 -0.400000
v 4.860738 -1.624052 -0.400000
v 4.860738 -1.735163 -0.400000
v 4.860738 -1.846274 -0.400000
v 3.055738 -1.068496 -0.400000
v 2.960738 -1.290718 -0.400000
v 2.960738 -1.401829 -0.400000
v 2.960738 -1.512941 -0.400000
v 2.960738 -1.624051 -0.400000
v 2.960738 -1.735162 -0.400000
v 2.960738 -1.846274 -0.400000
v 4.832913 -1.083141 -0.400000
v 4.832913 -2.053852 -0.400000
v 2.988563 -1.083140 -0.400000
v 2.988563 -2.053852 -0.400000
vn 1.0000 -0.0000 -0.0000
vn -0.0226 -0.9967 -0.0780
vn 0.0226 -0.9967 -0.0780
vn -0.0000 -1.0000 -0.0000
vn -0.0310 -0.9937 -0.1072
vn 0.0061 -0.9819 -0.1893
vn 0.0248 -0.9960 -0.0858
vn -0.0000 1.0000 -0.0000
vn 0.0264 -0.9955 -0.0912
vn -0.0092 -0.9867 -0.1624
vn -1.0000 -0.0000 -0.0000
vn -0.0000 -0.0000 -1.0000
vn 0.0343 0.9924 -0.1183
vn -0.0343 0.9924 -0.1183
vn 0.0226 0.9967 -0.0779
vn -0.0226 0.9967 -0.0779
vn 0.0510 0.9830 -0.1763
vn -0.0510 0.9830 -0.1763
vn 0.0142 0.9987 -0.0491
vn -0.0048 0.9960 -0.0887
vn 0.6947 0.4962 -0.5207
vn 0.1608 0.3355 -0.9282
vn 0.1308 0.9251 -0.3565
vn 0.6818 -0.4968 -0.5370
vn 0.0917 -0.9267 -0.3644
vn 0.1483 -0.3382 -0.9293
vn -0.1761 0.3345 -0.9258
vn -0.7117 0.4920 -0.5013
vn -0.1745 0.9208 -0.3489
vn -0.1773 -0.3363 -0.9249
vn -0.1777 -0.9232 -0.3408
vn -0.7124 -0.4948 -0.4976
vn 0.1690 -0.9815 -0.0903
vn 0.7767 -0.6297 -0.0107
vn 0.2130 -0.0000 -0.9771
vn 0.7858 -0.0000 -0.6185
vn -0.0214 0.9035 -0.4281
vn -0.0165 0.3688 -0.9293
vn -0.0000 -0.9228 -0.3854
vn -0.0000 -0.3800 -0.9250
vn -0.7858 -0.0000 -0.6185
vn -0.2130 -0.0000 -0.9771
vn -0.2123 0.9772 0.0008
vn -0.2116 0.9773 0.0016
vn -0.7862 0.6179 0.0005
vn -0.7867 0.6174 0.0010
vn -0.0007 0.9203 -0.3911
vn -0.0002 0.3774 -0.9261
vn 0.0761 0.8757 -0.4769
vn 0.0408 0.3573 -0.9331
vn -0.0761 0.8755 -0.4772
vn -0.0406 0.3570 -0.9332
vn 0.0513 0.8921 -0.4489
vn 0.0275 0.3638 -0.9311
vn -0.0512 0.8919 -0.4494
vn -0.0273 0.3634 -0.9312
vn 0.1098 0.8497 -0.5156
vn 0.0583 0.3456 -0.9366
vn -0.1098 0.8498 -0.5155
vn -0.0584 0.3456 -0.9365
vn 0.0328 0.9033 -0.4278
vn 0.0175 0.3683 -0.9296
vn -0.0385 -0.8879 -0.4584
vn -0.0298 -0.3646 -0.9307
vn 0.0597 -0.8882 -0.4556
vn 0.0322 -0.3645 -0.9307
vn -0.0514 -0.8936 -0.4458
vn -0.0277 -0.3669 -0.9298
vn 0.0514 -0.8937 -0.4456
vn 0.0278 -0.3671 -0.9298
vn -0.0000 -0.9225 -0.3861
vn -0.0000 -0.3793 -0.9253
vn -0.0695 -0.8819 -0.4663
vn -0.0375 -0.3623 -0.9313
vn 0.0132 -0.8505 -0.5258
vn 0.0071 -0.3504 -0.9366
vn 0.0564 -0.8909 -0.4507
vn 0.0305 -0.3665 -0.9299
vn 0.1891 0.9807 -0.0497
vn 0.7804 0.6253 -0.0065
vn 0.7831 0.6219 -0.0032
vn 0.2130 0.9771 -0.0000
vn 0.7858 0.6184 -0.0000
vn 0.2130 -0.9771 -0.0000
vn 0.7858 -0.6184 -0.0000
vn -0.2130 0.9771 -0.0000
vn -0.7858 0.6184 -0.0000
vn -0.2130 -0.9771 -0.0000
vn -0.7858 -0.6184 -0.0000
vn -0.0000 -0.0000 1.0000
vt 0.387500 0.222222
vt 0.402778 0.222222
vt 0.402778 0.237500
vt 0.387500 0.237500
vt 0.402778 0.217500
vt 0.387500 0.217500
vt 0.597222 0.222222
vt 0.612500 0.222222
vt 0.612500 0.237500
vt 0.597222 0.237500
vt 0.791667 0.512353
vt 0.819444 0.512498
vt 0.819444 0.527778
vt 0.791667 0.527778
vt 0.763889 0.512498
vt 0.763889 0.527778
vt 0.736111 0.512497
vt 0.736111 0.527778
vt 0.708333 0.512232
vt 0.708333 0.527778
vt 0.680556 0.512328
vt 0.680556 0.527778
vt 0.652778 0.512502
vt 0.652778 0.527778
vt 0.319444 0.527778
vt 0.347222 0.527778
vt 0.347222 0.532500
vt 0.319444 0.532500
vt 0.291667 0.527778
vt 0.291667 0.532500
vt 0.263889 0.527778
vt 0.263889 0.532500
vt 0.236111 0.527778
vt 0.236111 0.532500
vt 0.208333 0.527778
vt 0.208333 0.532500
vt 0.180556 0.527778
vt 0.180556 0.532500
vt 0.847222 0.512303
vt 0.847222 0.527778
vt 0.152778 0.527778
vt 0.152778 0.532500
vt 0.862611 0.512408
vt 0.862500 0.527778
vt 0.819444 0.532500
vt 0.847222 0.532500
vt 0.791667 0.532500
vt 0.763889 0.532500
vt 0.736111 0.532500
vt 0.708333 0.532500
vt 0.680556 0.532500
vt 0.652778 0.532500
vt 0.597222 0.512500
vt 0.612500 0.512500
vt 0.612500 0.527778
vt 0.597222 0.527778
vt 0.612500 0.217500
vt 0.597222 0.217500
vt 0.637500 0.512502
vt 0.637500 0.527778
vt 0.612500 0.532500
vt 0.597222 0.532500
vt 0.387500 0.527778
vt 0.402778 0.527778
vt 0.402778 0.532500
vt 0.387500 0.532500
vt 0.637500 0.532500
vt 0.862500 0.532500
vt 0.137500 0.527778
vt 0.137500 0.532500
vt 0.430556 0.217500
vt 0.430556 0.222222
vt 0.458333 0.217500
vt 0.458333 0.222222
vt 0.486111 0.217500
vt 0.486111 0.222222
vt 0.513889 0.217500
vt 0.513889 0.222222
vt 0.541667 0.217500
vt 0.541667 0.222222
vt 0.569444 0.217500
vt 0.569444 0.222222
vt 0.569444 0.237500
vt 0.362500 0.527778
vt 0.362500 0.532500
vt 0.430556 0.527778
vt 0.430556 0.532500
vt 0.458333 0.527778
vt 0.458333 0.532500
vt 0.486111 0.527778
vt 0.486111 0.532500
vt 0.513889 0.527778
vt 0.513889 0.532500
vt 0.541667 0.527778
vt 0.541667 0.532500
vt 0.569444 0.527778
vt 0.569444 0.532500
vt 0.347222 0.512500
vt 0.362500 0.512500
vt 0.388338 0.262500
vt 0.402778 0.262500
vt 0.430556 0.262500
vt 0.458333 0.262500
vt 0.486111 0.262500
vt 0.513889 0.262500
vt 0.541667 0.262500
vt 0.569444 0.262500
vt 0.597222 0.262500
vt 0.611275 0.262500
vt 0.609527 0.277778
vt 0.612351 0.305556
vt 0.610029 0.333333
vt 0.612369 0.361111
vt 0.612373 0.388889
vt 0.608943 0.416667
vt 0.609777 0.444444
vt 0.612392 0.472222
vt 0.612396 0.487500
vt 0.597222 0.487500
vt 0.569444 0.487500
vt 0.541667 0.487500
vt 0.513889 0.487500
vt 0.486111 0.487500
vt 0.458333 0.487500
vt 0.430556 0.487500
vt 0.402778 0.487500
vt 0.387736 0.487500
vt 0.387746 0.472222
vt 0.391705 0.444444
vt 0.387772 0.416667
vt 0.390140 0.388889
vt 0.387806 0.361111
vt 0.394767 0.333333
vt 0.387799 0.305556
vt 0.389163 0.277778
vt 0.319444 0.512183
vt 0.291667 0.512500
vt 0.263889 0.512355
vt 0.236111 0.512500
vt 0.208333 0.511865
vt 0.180556 0.512500
vt 0.152778 0.512441
vt 0.137467 0.512473
vt 0.430556 0.237500
vt 0.458333 0.237500
vt 0.486111 0.237500
vt 0.513889 0.237500
vt 0.541667 0.237500
vt 0.387500 0.512500
vt 0.402778 0.512500
vt 0.430556 0.512500
vt 0.458333 0.512500
vt 0.486111 0.512500
vt 0.513889 0.512500
vt 0.541667 0.512500
vt 0.569444 0.512500
vt 0.388246 0.250000
vt 0.380914 0.250000
vt 0.375000 0.237500
vt 0.375000 0.263086
vt 0.375000 0.255847
vt 0.125000 0.512500
vt 0.125000 0.505283
vt 0.138086 0.500000
vt 0.625000 0.237501
vt 0.625000 0.244717
vt 0.611283 0.250000
vt 0.861483 0.500000
vt 0.868709 0.500000
vt 0.875000 0.512499
vt 0.618614 0.250000
vt 0.625000 0.263517
vt 0.387618 0.500000
vt 0.375017 0.501761
vt 0.375000 0.487500
vt 0.375000 0.512500
vt 0.362500 0.500000
vt 0.625000 0.487500
vt 0.623232 0.500000
vt 0.612448 0.500000
vt 0.625000 0.512501
vt 0.637500 0.500000
vt 0.875000 0.527778
vt 0.625000 0.222222
vt 0.402778 0.250000
vt 0.152778 0.500000
vt 0.375000 0.277778
vt 0.652778 0.500000
vt 0.625000 0.472222
vt 0.402778 0.500000
vt 0.375000 0.527778
vt 0.347222 0.500000
vt 0.375000 0.472222
vt 0.319444 0.500000
vt 0.346388 0.500000
vt 0.375000 0.471388
vt 0.375000 0.444444
vt 0.292503 0.500000
vt 0.375000 0.417503
vt 0.263889 0.500000
vt 0.291098 0.500000
vt 0.375000 0.416098
vt 0.375000 0.388889
vt 0.236681 0.500000
vt 0.375000 0.361681
vt 0.208333 0.500000
vt 0.234938 0.500000
vt 0.375000 0.359938
vt 0.375000 0.333333
vt 0.181728 0.500000
vt 0.375000 0.306728
vt 0.180191 0.500000
vt 0.375000 0.305191
vt 0.847222 0.500000
vt 0.625000 0.277778
vt 0.820098 0.500000
vt 0.625000 0.304902
vt 0.791667 0.500000
vt 0.818881 0.500000
vt 0.625000 0.306119
vt 0.625000 0.333333
vt 0.764451 0.500000
vt 0.625000 0.360549
vt 0.736111 0.500000
vt 0.763889 0.500000
vt 0.625000 0.361111
vt 0.625000 0.388889
vt 0.708333 0.500000
vt 0.735354 0.500000
vt 0.625000 0.389646
vt 0.625000 0.416667
vt 0.680686 0.500000
vt 0.625000 0.444314
vt 0.653393 0.500000
vt 0.680556 0.500000
vt 0.625000 0.444444
vt 0.625000 0.471607
vt 0.125000 0.527778
vt 0.375000 0.222222
vt 0.125000 0.532500
vt 0.375000 0.217500
vt 0.875000 0.532500
vt 0.625000 0.217500
vt 0.375000 0.532500
vt 0.625000 0.527778
vt 0.625000 0.532500
vt 0.597222 0.250000
vt 0.569444 0.250000
vt 0.541667 0.250000
vt 0.513889 0.250000
vt 0.486111 0.250000
vt 0.458333 0.250000
vt 0.430556 0.250000
vt 0.597222 0.500000
vt 0.569444 0.500000
vt 0.541667 0.500000
vt 0.513889 0.500000
vt 0.486111 0.500000
vt 0.458333 0.500000
vt 0.430556 0.500000
vt 0.375000 0.434509
vt 0.375000 0.434161
vt 0.375000 0.433322
vt 0.375000 0.431870
vt 0.375000 0.429231
vt 0.375000 0.426593
vt 0.375000 0.423954
vt 0.375000 0.421315
vt 0.375000 0.418676
vt 0.375000 0.416037
vt 0.375000 0.413398
vt 0.375000 0.411947
vt 0.375000 0.411107
vt 0.375000 0.410759
s 1
usemtl Material.002
f 1926/2734/907 1848/2735/907 1958/2736/907 1849/2737/907
f 1985/2738/907 1848/2735/907 1926/2734/907 1986/2739/907
f 1841/2740/907 1928/2741/907 1856/2742/907 1938/2743/907
f 1907/2744/908 1904/2745/908 1823/2746/908 1822/2747/908
f 1910/2748/909 1907/2744/909 1822/2747/909 1821/2749/909
f 1913/2750/910 1910/2748/910 1821/2749/910 1820/2751/910
f 1916/2752/911 1913/2750/911 1820/2751/911 1819/2753/911
f 1919/2754/912 1916/2752/912 1819/2753/912 1818/2755/912
f 1923/2756/913 1919/2754/913 1818/2755/913 1817/2757/913
f 1831/2758/914 1832/2759/914 1988/2760/914 1987/2761/914
f 1830/2762/914 1831/2758/914 1987/2761/914 1989/2763/914
f 1829/2764/914 1830/2762/914 1989/2763/914 1990/2765/914
f 1828/2766/914 1829/2764/914 1990/2765/914 1991/2767/914
f 1827/2768/914 1828/2766/914 1991/2767/914 1992/2769/914
f 1826/2770/914 1827/2768/914 1992/2769/914 1993/2771/914
f 1904/2745/915 1901/2772/915 1824/2773/915 1823/2746/915
f 1825/2774/914 1826/2770/914 1993/2771/914 1994/2775/914
f 1901/2772/916 1857/2776/916 1929/2777/916 1824/2773/916
f 1996/2778/910 1823/2746/910 1824/2773/910 1995/2779/910
f 1997/2780/910 1822/2747/910 1823/2746/910 1996/2778/910
f 1998/2781/910 1821/2749/910 1822/2747/910 1997/2780/910
f 1999/2782/910 1820/2751/910 1821/2749/910 1998/2781/910
f 2000/2783/910 1819/2753/910 1820/2751/910 1999/2782/910
f 2001/2784/910 1818/2755/910 1819/2753/910 2000/2783/910
f 2002/2785/910 1817/2757/910 1818/2755/910 2001/2784/910
f 1961/2786/917 1872/2787/917 1935/2788/917 1833/2789/917
f 2003/2790/907 1928/2741/907 1841/2740/907 2004/2791/907
f 1871/2792/910 1923/2756/910 1817/2757/910 1934/2793/910
f 1833/2789/917 1935/2788/917 2006/2794/917 2005/2795/917
f 1931/2796/917 1840/2797/917 2008/2798/917 2007/2799/917
f 2009/2800/910 1934/2793/910 1817/2757/910 2002/2785/910
f 1995/2779/910 1824/2773/910 1929/2777/910 2010/2801/910
f 1925/2802/914 1825/2774/914 1994/2775/914 2011/2803/914
f 2012/2804/907 1847/2805/907 1848/2735/907 1985/2738/907
f 2013/2806/907 1846/2807/907 1847/2805/907 2012/2804/907
f 2014/2808/907 1845/2809/907 1846/2807/907 2013/2806/907
f 2015/2810/907 1844/2811/907 1845/2809/907 2014/2808/907
f 2016/2812/907 1843/2813/907 1844/2811/907 2015/2810/907
f 2017/2814/907 1842/2815/907 1843/2813/907 2016/2812/907
f 2004/2791/907 1841/2740/907 1842/2815/907 2017/2814/907
f 1842/2815/907 1841/2740/907 1938/2743/907 1941/2816/907
f 1832/2759/914 1932/2817/914 2018/2818/914 1988/2760/914
f 1840/2797/917 1839/2819/917 2019/2820/917 2008/2798/917
f 1839/2819/917 1838/2821/917 2020/2822/917 2019/2820/917
f 1838/2821/917 1837/2823/917 2021/2824/917 2020/2822/917
f 1837/2823/917 1836/2825/917 2022/2826/917 2021/2824/917
f 1836/2825/917 1835/2827/917 2023/2828/917 2022/2826/917
f 1835/2827/917 1834/2829/917 2024/2830/917 2023/2828/917
f 1834/2829/917 1833/2789/917 2005/2795/917 2024/2830/917
f 1877/2831/914 1865/2832/914 1932/2817/914 1832/2759/914
f 1850/2833/918 1959/2834/918 1955/2835/918 1952/2836/918 1949/2837/918 1946/2838/918 1943/2839/918 1940/2840/918 1937/2841/918 1858/2842/918 1902/2843/918 1905/2844/918 1908/2845/918 1911/2846/918 1914/2847/918 1917/2848/918 1920/2849/918 1922/2850/918 1870/2851/918 1962/2852/918 1965/2853/918 1968/2854/918 1971/2855/918 1974/2856/918 1977/2857/918 1980/2858/918 1982/2859/918 1863/2860/918 1878/2861/918 1881/2862/918 1884/2863/918 1887/2864/918 1890/2865/918 1893/2866/918 1896/2867/918 1898/2868/918
f 1880/2869/919 1877/2831/919 1832/2759/919 1831/2758/919
f 1883/2870/920 1880/2869/920 1831/2758/920 1830/2762/920
f 1886/2871/921 1883/2870/921 1830/2762/921 1829/2764/921
f 1889/2872/922 1886/2871/922 1829/2764/922 1828/2766/922
f 1892/2873/923 1889/2872/923 1828/2766/923 1827/2768/923
f 1895/2874/924 1892/2873/924 1827/2768/924 1826/2770/924
f 1899/2875/925 1895/2874/925 1826/2770/925 1825/2774/925
f 1851/2876/926 1899/2875/926 1825/2774/926 1925/2802/926
f 1848/2735/907 1847/2805/907 1956/2877/907 1958/2736/907
f 1847/2805/907 1846/2807/907 1953/2878/907 1956/2877/907
f 1846/2807/907 1845/2809/907 1950/2879/907 1953/2878/907
f 1845/2809/907 1844/2811/907 1947/2880/907 1950/2879/907
f 1844/2811/907 1843/2813/907 1944/2881/907 1947/2880/907
f 1843/2813/907 1842/2815/907 1941/2816/907 1944/2881/907
f 1864/2882/917 1983/2883/917 1840/2797/917 1931/2796/917
f 1983/2883/917 1979/2884/917 1839/2819/917 1840/2797/917
f 1979/2884/917 1976/2885/917 1838/2821/917 1839/2819/917
f 1976/2885/917 1973/2886/917 1837/2823/917 1838/2821/917
f 1973/2886/917 1970/2887/917 1836/2825/917 1837/2823/917
f 1970/2887/917 1967/2888/917 1835/2827/917 1836/2825/917
f 1967/2888/917 1964/2889/917 1834/2829/917 1835/2827/917
f 1964/2889/917 1961/2786/917 1833/2789/917 1834/2829/917
f 1849/2737/927 1852/2890/927 1853/2891/927 1855/2892/927
f 1850/2833/928 1854/2893/928 1853/2894/928 1852/2890/928
f 1851/2876/929 1855/2895/929 1853/2896/929 1854/2897/929
f 1856/2742/930 1859/2898/930 1860/2899/930 1862/2900/930
f 1857/2776/931 1861/2901/931 1860/2902/931 1859/2903/931
f 1858/2842/932 1862/2900/932 1860/2904/932 1861/2905/932
f 1863/2860/933 1866/2906/933 1867/2907/933 1869/2908/933
f 1864/2882/934 1868/2909/934 1867/2907/934 1866/2906/934
f 1865/2832/935 1869/2910/935 1867/2907/935 1868/2909/935
f 1870/2851/936 1873/2911/936 1874/2912/936 1876/2913/936
f 1871/2792/937 1875/2914/937 1874/2912/937 1873/2915/937
f 1872/2787/938 1876/2913/938 1874/2912/938 1875/2914/938
f 1929/2777/939 1857/2776/939 1859/2903/939 1930/2916/939
f 1930/2917/940 1859/2898/940 1856/2742/940 1928/2741/940
f 1959/2834/941 1850/2833/941 1852/2890/941 1960/2918/941
f 1960/2918/942 1852/2890/942 1849/2737/942 1958/2736/942
f 1899/2875/943 1851/2876/943 1854/2897/943 1900/2919/943
f 1900/2920/944 1854/2893/944 1850/2833/944 1898/2868/944
f 1923/2756/945 1871/2792/945 1873/2915/945 1924/2921/945
f 1924/2922/946 1873/2911/946 1870/2851/946 1922/2850/946
f 1983/2883/947 1864/2882/947 1866/2906/947 1984/2923/947
f 1984/2923/948 1866/2906/948 1863/2860/948 1982/2859/948
f 1932/2817/949 1865/2832/950 1868/2909/950 1933/2924/949
f 1933/2924/951 1868/2909/952 1864/2882/952 1931/2796/951
f 1865/2832/953 1877/2831/953 1879/2925/953 1869/2910/953
f 1869/2908/954 1879/2926/954 1878/2861/954 1863/2860/954
f 1877/2831/955 1880/2869/955 1882/2927/955 1879/2928/955
f 1879/2929/956 1882/2930/956 1881/2862/956 1878/2861/956
f 1880/2869/957 1883/2870/957 1885/2931/957 1882/2927/957
f 1882/2930/958 1885/2932/958 1884/2863/958 1881/2862/958
f 1883/2870/959 1886/2871/959 1888/2933/959 1885/2934/959
f 1885/2935/960 1888/2936/960 1887/2864/960 1884/2863/960
f 1886/2871/961 1889/2872/961 1891/2937/961 1888/2933/961
f 1888/2936/962 1891/2938/962 1890/2865/962 1887/2864/962
f 1889/2872/963 1892/2873/963 1894/2939/963 1891/2940/963
f 1891/2941/964 1894/2942/964 1893/2866/964 1890/2865/964
f 1892/2873/965 1895/2874/965 1897/2943/965 1894/2939/965
f 1894/2942/966 1897/2944/966 1896/2867/966 1893/2866/966
f 1895/2874/967 1899/2875/967 1900/2919/967 1897/2945/967
f 1897/2946/968 1900/2920/968 1898/2868/968 1896/2867/968
f 1857/2776/969 1901/2772/969 1903/2947/969 1861/2901/969
f 1861/2905/970 1903/2948/970 1902/2843/970 1858/2842/970
f 1901/2772/971 1904/2745/971 1906/2949/971 1903/2947/971
f 1903/2948/972 1906/2950/972 1905/2844/972 1902/2843/972
f 1904/2745/973 1907/2744/973 1909/2951/973 1906/2952/973
f 1906/2953/974 1909/2954/974 1908/2845/974 1905/2844/974
f 1907/2744/975 1910/2748/975 1912/2955/975 1909/2951/975
f 1909/2954/976 1912/2956/976 1911/2846/976 1908/2845/976
f 1910/2748/977 1913/2750/977 1915/2957/977 1912/2958/977
f 1912/2959/978 1915/2960/978 1914/2847/978 1911/2846/978
f 1913/2750/979 1916/2752/979 1918/2961/979 1915/2962/979
f 1915/2963/980 1918/2964/980 1917/2848/980 1914/2847/980
f 1916/2752/981 1919/2754/981 1921/2965/981 1918/2961/981
f 1918/2964/982 1921/2966/982 1920/2849/982 1917/2848/982
f 1919/2754/983 1923/2756/983 1924/2967/983 1921/2968/983
f 1921/2969/984 1924/2970/984 1922/2850/984 1920/2849/984
f 1851/2876/985 1925/2802/985 1927/2971/985 1855/2895/985
f 1855/2892/986 1927/2972/987 1926/2734/987 1849/2737/986
f 1927/2971/988 1925/2802/988 2011/2803/988 2025/2973/988
f 1986/2739/989 1926/2734/987 1927/2972/987 2025/2974/989
f 2010/2801/990 1929/2777/990 1930/2916/990 2026/2975/990
f 2026/2976/991 1930/2917/991 1928/2741/991 2003/2790/991
f 1932/2817/949 1933/2924/949 2027/2977/992 2018/2818/992
f 1933/2924/951 1931/2796/951 2007/2799/993 2027/2977/993
f 1871/2792/994 1934/2793/994 1936/2978/994 1875/2914/994
f 1875/2914/995 1936/2978/995 1935/2788/995 1872/2787/995
f 2028/2979/994 1936/2978/994 1934/2793/994 2009/2800/994
f 1935/2788/995 1936/2978/995 2028/2979/995 2006/2794/995
f 1858/2842/941 1937/2841/941 1939/2980/941 1862/2900/941
f 1862/2900/942 1939/2980/942 1938/2743/942 1856/2742/942
f 1937/2841/941 1940/2840/941 1942/2981/941 1939/2980/941
f 1939/2980/942 1942/2981/942 1941/2816/942 1938/2743/942
f 1940/2840/941 1943/2839/941 1945/2982/941 1942/2981/941
f 1942/2981/942 1945/2982/942 1944/2881/942 1941/2816/942
f 1943/2839/941 1946/2838/941 1948/2983/941 1945/2982/941
f 1945/2982/942 1948/2983/942 1947/2880/942 1944/2881/942
f 1946/2838/941 1949/2837/941 1951/2984/941 1948/2983/941
f 1948/2983/942 1951/2984/942 1950/2879/942 1947/2880/942
f 1949/2837/941 1952/2836/941 1954/2985/941 1951/2984/941
f 1951/2984/942 1954/2985/942 1953/2878/942 1950/2879/942
f 1952/2836/941 1955/2835/941 1957/2986/941 1954/2985/941
f 1954/2985/942 1957/2986/942 1956/2877/942 1953/2878/942
f 1955/2835/941 1959/2834/941 1960/2918/941 1957/2986/941
f 1957/2986/942 1960/2918/942 1958/2736/942 1956/2877/942
f 1872/2787/947 1961/2786/947 1963/2987/947 1876/2913/947
f 1876/2913/948 1963/2987/948 1962/2852/948 1870/2851/948
f 1961/2786/947 1964/2889/947 1966/2988/947 1963/2987/947
f 1963/2987/948 1966/2988/948 1965/2853/948 1962/2852/948
f 1964/2889/947 1967/2888/947 1969/2989/947 1966/2988/947
f 1966/2988/948 1969/2989/948 1968/2854/948 1965/2853/948
f 1967/2888/947 1970/2887/947 1972/2990/947 1969/2989/947
f 1969/2989/948 1972/2990/948 1971/2855/948 1968/2854/948
f 1970/2887/947 1973/2886/947 1975/2991/947 1972/2990/947
f 1972/2990/948 1975/2991/948 1974/2856/948 1971/2855/948
f 1973/2886/947 1976/2885/947 1978/2992/947 1975/2991/947
f 1975/2991/948 1978/2992/948 1977/2857/948 1974/2856/948
f 1976/2885/947 1979/2884/947 1981/2993/947 1978/2992/947
f 1978/2992/948 1981/2993/948 1980/2858/948 1977/2857/948
f 1979/2884/947 1983/2883/947 1984/2923/947 1981/2993/947
f 1981/2993/948 1984/2923/948 1982/2859/948 1980/2858/948
f 2003/2994/996 2004/2994/996 2017/2994/996 2016/2994/996 2015/2994/996 2014/2994/996 2013/2994/996 2012/2994/996 1985/2994/996 1986/2994/996 2025/2995/996 2011/2996/996 1994/2997/996 1993/2998/996 1992/2999/996 1991/3000/996 1990/3001/996 1989/3002/996 1987/3003/996 1988/3004/996 2018/3005/996 2027/3006/996 2007/3007/996 2008/3007/996 2019/3007/996 2020/3007/996 2021/3007/996 2022/3007/996 2023/3007/996 2024/3007/996 2005/3007/996 2006/3007/996 2028/3006/996 2009/3005/996 2002/3004/996 2001/3003/996 2000/3002/996 1999/3001/996 1998/3000/996 1997/2999/996 1996/2998/996 1995/2997/996 2010/2996/996 2026/2995/996
o Cube.010
v -4.888858 0.099878 -0.450000
v -4.793859 0.105845 -0.500000
v -4.794312 0.054760 -0.450000
v -4.861034 0.102862 -0.485355
v -4.848405 0.073534 -0.478868
v -4.792166 0.069817 -0.485341
v -4.861166 0.065953 -0.450000
v -4.888858 0.999878 -0.450000
v -4.795396 1.040918 -0.450005
v -4.793859 0.990144 -0.500000
v -4.861484 1.032609 -0.450003
v -4.848300 1.024334 -0.478869
v -4.791101 1.025675 -0.485359
v -4.861034 0.995011 -0.485356
v -3.083858 0.100823 -0.500000
v -2.988858 0.099878 -0.450000
v -3.083858 0.049878 -0.450000
v -3.016683 0.100351 -0.485355
v -3.029010 0.071211 -0.478868
v -3.016683 0.064327 -0.450000
v -3.083858 0.064996 -0.485355
v -3.083858 0.999462 -0.500000
v -3.083858 1.049878 -0.449992
v -2.988858 0.999878 -0.450000
v -3.083858 1.035117 -0.485346
v -3.029009 1.028659 -0.478867
v -3.016683 1.035234 -0.449996
v -3.016683 0.999670 -0.485356
v -3.199970 0.049878 -0.450000
v -3.199970 0.100861 -0.500000
v -3.199970 0.064811 -0.485355
v -3.411081 0.064602 -0.451270
v -3.411081 0.127153 -0.500000
v -3.411081 0.087687 -0.485727
v -3.622192 0.049878 -0.450000
v -3.622192 0.100966 -0.500000
v -3.622192 0.064842 -0.485355
v -3.833303 0.059479 -0.450581
v -3.833303 0.118304 -0.500000
v -3.833303 0.079894 -0.485525
v -4.044414 0.049878 -0.450000
v -4.044414 0.101103 -0.500000
v -4.044414 0.064882 -0.485355
v -4.255525 0.072249 -0.452541
v -4.255525 0.140208 -0.500000
v -4.255525 0.099063 -0.486100
v -4.466636 0.049878 -0.450000
v -4.466636 0.101074 -0.500000
v -4.466636 0.064873 -0.485355
v -4.677747 0.111873 -0.500000
v -4.677747 0.055897 -0.450236
v -4.677747 0.074314 -0.485424
v -4.677747 1.038604 -0.450790
v -4.677747 0.979020 -0.500000
v -4.677747 1.017439 -0.485587
v -4.466636 1.049878 -0.450006
v -4.466636 0.999284 -0.500000
v -4.466636 1.035060 -0.485357
v -4.255525 1.040272 -0.450589
v -4.255525 0.982017 -0.500000
v -4.255525 1.020023 -0.485528
v -4.044414 1.049878 -0.450009
v -4.044414 0.999353 -0.500000
v -4.044414 1.035080 -0.485358
v -3.833303 1.049878 -0.450011
v -3.833303 0.999371 -0.500000
v -3.833303 1.035086 -0.485359
v -3.622192 1.036573 -0.451074
v -3.622192 0.975619 -0.500000
v -3.622192 1.014384 -0.485670
v -3.411081 1.039286 -0.450689
v -3.411081 0.980378 -0.500000
v -3.411081 1.018532 -0.485557
v -3.199970 0.999445 -0.500000
v -3.199970 1.049878 -0.449991
v -3.199970 1.035107 -0.485353
v -4.793859 0.938767 -0.500000
v -4.888858 0.938767 -0.450000
v -4.861034 0.938767 -0.485356
v -4.793859 0.827656 -0.500000
v -4.888858 0.827656 -0.450000
v -4.861034 0.827656 -0.485356
v -4.793859 0.716545 -0.500000
v -4.888858 0.716545 -0.450000
v -4.861034 0.716545 -0.485356
v -4.793859 0.605434 -0.500000
v -4.888858 0.605434 -0.450000
v -4.861034 0.605434 -0.485356
v -4.793859 0.494323 -0.500000
v -4.888858 0.494323 -0.450000
v -4.861034 0.494323 -0.485356
v -4.793859 0.383212 -0.500000
v -4.888858 0.383212 -0.450000
v -4.861034 0.383212 -0.485356
v -4.793859 0.272101 -0.500000
v -4.888858 0.272101 -0.450000
v -4.861034 0.272101 -0.485356
v -4.888858 0.160990 -0.450000
v -4.793859 0.160990 -0.500000
v -4.861034 0.160990 -0.485355
v -2.988858 0.938767 -0.450000
v -3.083858 0.938767 -0.500000
v -3.016683 0.938767 -0.485356
v -2.988858 0.827656 -0.450000
v -3.083858 0.827656 -0.500000
v -3.016683 0.827656 -0.485356
v -2.988858 0.716545 -0.450000
v -3.083858 0.716545 -0.500000
v -3.016683 0.716545 -0.485356
v -2.988858 0.605434 -0.450000
v -3.083858 0.605434 -0.500000
v -3.016683 0.605434 -0.485356
v -2.988858 0.494323 -0.450000
v -3.083858 0.494323 -0.500000
v -3.016683 0.494323 -0.485356
v -2.988858 0.383212 -0.450000
v -3.083858 0.383212 -0.500000
v -3.016683 0.383212 -0.485356
v -2.988858 0.272101 -0.450000
v -3.083858 0.272101 -0.500000
v -3.016683 0.272101 -0.485356
v -3.083858 0.160990 -0.500000
v -2.988858 0.160990 -0.450000
v -3.016683 0.160990 -0.485355
v -4.888858 0.160990 -0.400000
v -4.888858 0.099878 -0.400000
v -4.888858 0.999879 -0.400000
v -4.888858 0.938767 -0.400000
v -4.255525 1.048148 -0.400000
v -4.428618 1.048148 -0.400000
v -4.466636 1.049878 -0.400000
v -4.044414 1.049878 -0.400000
v -4.217146 1.049878 -0.400000
v -3.833303 1.049878 -0.400000
v -3.622192 1.047501 -0.400000
v -3.795582 1.047501 -0.400000
v -3.411081 1.047975 -0.400000
v -3.199970 1.049878 -0.400000
v -3.372690 1.049878 -0.400000
v -4.639367 1.049878 -0.400000
v -4.677747 1.047855 -0.400000
v -4.773017 1.047855 -0.400000
v -4.794138 1.048249 -0.400000
v -2.988858 0.938767 -0.400000
v -2.988858 0.999879 -0.400000
v -3.083858 1.049878 -0.400000
v -4.888858 0.827657 -0.400000
v -3.199970 0.049878 -0.400000
v -3.083858 0.049878 -0.400000
v -3.237572 0.052501 -0.400000
v -3.411081 0.052501 -0.400000
v -3.592979 0.051916 -0.400000
v -3.622192 0.049878 -0.400000
v -3.660215 0.051607 -0.400000
v -3.833303 0.051607 -0.400000
v -4.014859 0.051222 -0.400000
v -4.044414 0.049878 -0.400000
v -4.081266 0.053784 -0.400000
v -4.255525 0.053784 -0.400000
v -4.438034 0.052909 -0.400000
v -4.466636 0.049878 -0.400000
v -4.504872 0.050969 -0.400000
v -4.677747 0.050969 -0.400000
v -4.793941 0.050766 -0.400000
v -4.888858 0.272101 -0.400000
v -4.888858 0.383212 -0.400000
v -4.888858 0.494323 -0.400000
v -4.888858 0.605434 -0.400000
v -4.888858 0.716546 -0.400000
v -2.988858 0.099878 -0.400000
v -2.988858 0.160990 -0.400000
v -2.988858 0.272101 -0.400000
v -2.988858 0.383212 -0.400000
v -2.988858 0.494323 -0.400000
v -2.988858 0.605434 -0.400000
v -2.988858 0.716546 -0.400000
v -2.988858 0.827657 -0.400000
v -4.806154 1.046739 -0.400000
v -4.861116 1.034757 -0.400000
v -4.866093 1.028806 -0.400000
v -3.016683 0.064488 -0.400000
v -4.848903 0.062748 -0.400000
v -4.861058 0.064783 -0.400000
v -4.883823 0.093710 -0.400000
v -3.016683 1.035234 -0.400000
vn -1.0000 -0.0000 -0.0000
vn 0.0267 0.9976 -0.0640
vn -0.0266 0.9954 -0.0919
vn -0.0000 1.0000 -0.0000
vn 0.0367 0.9954 -0.0884
vn -0.0072 0.9819 -0.1893
vn -0.0293 0.9944 -0.1012
vn -0.0311 0.9937 -0.1075
vn 0.0109 0.9872 -0.1594
vn 1.0000 -0.0000 -0.0000
vn -0.0000 -1.0000 -0.0000
vn -0.0000 -0.0000 -1.0000
vn -0.0405 -0.9944 -0.0977
vn 0.0405 -0.9939 -0.1023
vn -0.0267 -0.9976 -0.0640
vn 0.0267 -0.9974 -0.0671
vn -0.0604 -0.9873 -0.1467
vn 0.0603 -0.9863 -0.1535
vn -0.0168 -0.9991 -0.0402
vn 0.0056 -0.9960 -0.0887
vn -0.6947 -0.4963 -0.5207
vn -0.1608 -0.3356 -0.9282
vn -0.1308 -0.9251 -0.3565
vn -0.6818 0.4968 -0.5370
vn -0.0917 0.9267 -0.3643
vn -0.1483 0.3382 -0.9293
vn 0.1761 -0.3345 -0.9258
vn 0.7117 -0.4920 -0.5013
vn 0.1745 -0.9208 -0.3489
vn 0.1773 0.3363 -0.9249
vn 0.1777 0.9232 -0.3408
vn 0.7124 0.4948 -0.4976
vn -0.1609 0.9820 -0.0995
vn -0.7750 0.6318 -0.0127
vn -0.2130 -0.0000 -0.9771
vn -0.7858 -0.0000 -0.6184
vn 0.0214 -0.9035 -0.4281
vn 0.0165 -0.3688 -0.9293
vn -0.0000 0.9228 -0.3854
vn -0.0000 0.3800 -0.9250
vn 0.7858 -0.0000 -0.6185
vn 0.2130 -0.0000 -0.9771
vn 0.2114 -0.9774 0.0016
vn 0.7868 -0.6172 0.0010
vn 0.0007 -0.9203 -0.3911
vn 0.0002 -0.3774 -0.9261
vn -0.0761 -0.8757 -0.4769
vn -0.0408 -0.3573 -0.9331
vn 0.0760 -0.8755 -0.4772
vn 0.0406 -0.3570 -0.9332
vn -0.0513 -0.8921 -0.4490
vn -0.0275 -0.3638 -0.9311
vn 0.0512 -0.8919 -0.4494
vn 0.0273 -0.3634 -0.9312
vn -0.1098 -0.8497 -0.5156
vn -0.0583 -0.3456 -0.9366
vn 0.1098 -0.8498 -0.5156
vn 0.0584 -0.3456 -0.9366
vn -0.0328 -0.9033 -0.4278
vn -0.0175 -0.3683 -0.9296
vn 0.0385 0.8879 -0.4584
vn 0.0298 0.3645 -0.9307
vn -0.0597 0.8882 -0.4556
vn -0.0322 0.3645 -0.9307
vn 0.0514 0.8936 -0.4458
vn 0.0277 0.3669 -0.9298
vn -0.0514 0.8937 -0.4456
vn -0.0278 0.3671 -0.9298
vn -0.0000 0.9225 -0.3861
vn -0.0000 0.3793 -0.9253
vn 0.0695 0.8819 -0.4663
vn 0.0375 0.3623 -0.9313
vn -0.0132 0.8505 -0.5258
vn -0.0071 0.3503 -0.9366
vn -0.0564 0.8909 -0.4507
vn -0.0305 0.3665 -0.9299
vn -0.1847 -0.9818 -0.0449
vn -0.7793 -0.6266 -0.0053
vn 0.2130 0.9771 -0.0000
vn 0.7858 0.6185 -0.0000
vn 0.7858 -0.0000 -0.6184
vn -0.0000 -0.0000 1.0000
vt 0.402778 0.237500
vt 0.387500 0.237500
vt 0.387500 0.225000
vt 0.402778 0.225000
vt 0.612500 0.237500
vt 0.597222 0.237500
vt 0.597222 0.225000
vt 0.612500 0.225000
vt 0.791667 0.512353
vt 0.819444 0.512498
vt 0.819444 0.524999
vt 0.814436 0.524975
vt 0.791667 0.525000
vt 0.763889 0.512498
vt 0.786611 0.525027
vt 0.763889 0.525000
vt 0.736111 0.512497
vt 0.736111 0.525000
vt 0.708333 0.512232
vt 0.731136 0.524952
vt 0.708333 0.525000
vt 0.680556 0.512328
vt 0.680556 0.525000
vt 0.652778 0.512502
vt 0.675497 0.525032
vt 0.652778 0.525000
vt 0.847222 0.512303
vt 0.847222 0.525000
vt 0.842164 0.525036
vt 0.862611 0.512408
vt 0.862520 0.524984
vt 0.859745 0.524976
vt 0.597222 0.525000
vt 0.597222 0.512500
vt 0.612500 0.512500
vt 0.612500 0.525000
vt 0.637500 0.512502
vt 0.637500 0.525000
vt 0.569444 0.237500
vt 0.569444 0.225000
vt 0.347222 0.525000
vt 0.347222 0.512500
vt 0.362500 0.512500
vt 0.362500 0.525000
vt 0.388338 0.262500
vt 0.402778 0.262500
vt 0.430556 0.262500
vt 0.458333 0.262500
vt 0.486111 0.262500
vt 0.513889 0.262500
vt 0.541667 0.262500
vt 0.569444 0.262500
vt 0.597222 0.262500
vt 0.611275 0.262500
vt 0.609527 0.277778
vt 0.612351 0.305556
vt 0.610029 0.333333
vt 0.612369 0.361111
vt 0.612373 0.388889
vt 0.608943 0.416667
vt 0.609777 0.444444
vt 0.612392 0.472222
vt 0.612396 0.487500
vt 0.597222 0.487500
vt 0.569444 0.487500
vt 0.541667 0.487500
vt 0.513889 0.487500
vt 0.486111 0.487500
vt 0.458333 0.487500
vt 0.430556 0.487500
vt 0.402778 0.487500
vt 0.387736 0.487500
vt 0.387746 0.472222
vt 0.391705 0.444444
vt 0.387772 0.416667
vt 0.390140 0.388889
vt 0.387806 0.361111
vt 0.394767 0.333333
vt 0.387799 0.305556
vt 0.389163 0.277778
vt 0.319444 0.525000
vt 0.319444 0.512183
vt 0.342260 0.524942
vt 0.291667 0.525000
vt 0.291667 0.512500
vt 0.295518 0.524950
vt 0.263889 0.525000
vt 0.263889 0.512355
vt 0.286658 0.524975
vt 0.236111 0.525000
vt 0.236111 0.512500
vt 0.240003 0.524978
vt 0.208333 0.525000
vt 0.208333 0.511865
vt 0.231231 0.524871
vt 0.180556 0.525000
vt 0.180556 0.512500
vt 0.184335 0.524889
vt 0.152778 0.525000
vt 0.152778 0.512441
vt 0.175522 0.524990
vt 0.137494 0.524995
vt 0.137467 0.512473
vt 0.430556 0.237500
vt 0.430556 0.225000
vt 0.458333 0.237500
vt 0.458333 0.225000
vt 0.486111 0.237500
vt 0.486111 0.225000
vt 0.513889 0.237500
vt 0.513889 0.225000
vt 0.541667 0.237500
vt 0.541667 0.225000
vt 0.387500 0.525000
vt 0.387500 0.512500
vt 0.402778 0.512500
vt 0.402778 0.525000
vt 0.430556 0.512500
vt 0.430556 0.525000
vt 0.458333 0.512500
vt 0.458333 0.525000
vt 0.486111 0.512500
vt 0.486111 0.525000
vt 0.513889 0.512500
vt 0.513889 0.525000
vt 0.541667 0.512500
vt 0.541667 0.525000
vt 0.569444 0.512500
vt 0.569444 0.525000
vt 0.388246 0.250000
vt 0.380914 0.250000
vt 0.375000 0.237500
vt 0.375000 0.263086
vt 0.375000 0.255847
vt 0.125000 0.512500
vt 0.125000 0.505283
vt 0.138086 0.500000
vt 0.625000 0.237501
vt 0.625000 0.244717
vt 0.611283 0.250000
vt 0.861483 0.500000
vt 0.868709 0.500000
vt 0.875000 0.512499
vt 0.618614 0.250000
vt 0.625000 0.263517
vt 0.387618 0.500000
vt 0.375017 0.501761
vt 0.375000 0.487500
vt 0.375000 0.512500
vt 0.362500 0.500000
vt 0.625000 0.487500
vt 0.623232 0.500000
vt 0.612448 0.500000
vt 0.625000 0.512501
vt 0.637500 0.500000
vt 0.875000 0.525000
vt 0.864734 0.525006
vt 0.622817 0.224999
vt 0.625000 0.225000
vt 0.402778 0.250000
vt 0.152778 0.500000
vt 0.375000 0.277778
vt 0.652778 0.500000
vt 0.625000 0.472222
vt 0.402778 0.500000
vt 0.375000 0.525000
vt 0.347222 0.500000
vt 0.375000 0.472222
vt 0.319444 0.500000
vt 0.346388 0.500000
vt 0.375000 0.471388
vt 0.375000 0.444444
vt 0.292503 0.500000
vt 0.375000 0.417503
vt 0.263889 0.500000
vt 0.291098 0.500000
vt 0.375000 0.416098
vt 0.375000 0.388889
vt 0.236681 0.500000
vt 0.375000 0.361681
vt 0.208333 0.500000
vt 0.234938 0.500000
vt 0.375000 0.359938
vt 0.375000 0.333333
vt 0.181728 0.500000
vt 0.375000 0.306728
vt 0.180191 0.500000
vt 0.375000 0.305191
vt 0.847222 0.500000
vt 0.625000 0.277778
vt 0.820098 0.500000
vt 0.625000 0.304902
vt 0.791667 0.500000
vt 0.818881 0.500000
vt 0.625000 0.306119
vt 0.625000 0.333333
vt 0.764451 0.500000
vt 0.625000 0.360549
vt 0.736111 0.500000
vt 0.763889 0.500000
vt 0.625000 0.361111
vt 0.625000 0.388889
vt 0.708333 0.500000
vt 0.735354 0.500000
vt 0.625000 0.389646
vt 0.625000 0.416667
vt 0.680686 0.500000
vt 0.625000 0.444314
vt 0.653393 0.500000
vt 0.680556 0.500000
vt 0.625000 0.444444
vt 0.625000 0.471607
vt 0.125000 0.525000
vt 0.127247 0.524993
vt 0.375000 0.225000
vt 0.385273 0.225000
vt 0.625000 0.525000
vt 0.597222 0.250000
vt 0.569444 0.250000
vt 0.541667 0.250000
vt 0.513889 0.250000
vt 0.486111 0.250000
vt 0.458333 0.250000
vt 0.430556 0.250000
vt 0.597222 0.500000
vt 0.569444 0.500000
vt 0.541667 0.500000
vt 0.513889 0.500000
vt 0.486111 0.500000
vt 0.458333 0.500000
vt 0.430556 0.500000
vt 0.375000 0.336389
vt 0.375000 0.336041
vt 0.375000 0.335202
vt 0.375000 0.333750
vt 0.375000 0.331591
vt 0.375000 0.331111
vt 0.375000 0.328473
vt 0.375000 0.326305
vt 0.375000 0.325834
vt 0.375000 0.323195
vt 0.375000 0.321036
vt 0.375000 0.320556
vt 0.375000 0.318392
vt 0.375000 0.317917
vt 0.375000 0.315758
vt 0.375000 0.315278
vt 0.375000 0.314087
vt 0.375000 0.313823
vt 0.375000 0.313673
vt 0.375000 0.312986
vt 0.375000 0.312924
vt 0.375000 0.312639
vt 0.375000 0.312702
vt 0.375000 0.312987
vt 0.375000 0.313139
vt 0.375000 0.313826
vt 0.375000 0.317439
vt 0.375000 0.318275
vt 0.375000 0.322734
vt 0.375000 0.323564
vt 0.375000 0.327997
vt 0.375000 0.328838
vt 0.375000 0.333280
s 1
usemtl Material.002
f 2126/3008/997 2029/3009/997 2154/3010/997 2153/3011/997
f 2036/3012/997 2106/3013/997 2156/3014/997 2155/3015/997
f 2087/3016/998 2084/3017/998 2159/3018/998 2158/3019/998 2157/3020/998
f 2090/3021/999 2087/3016/999 2157/3020/999 2161/3022/999 2160/3023/999
f 2093/3024/1000 2090/3021/1000 2160/3023/1000 2162/3025/1000
f 2096/3026/1001 2093/3024/1001 2162/3025/1001 2164/3027/1001 2163/3028/1001
f 2099/3029/1002 2096/3026/1002 2163/3028/1002 2165/3030/1002
f 2103/3031/1003 2099/3029/1003 2165/3030/1003 2167/3032/1003 2166/3033/1003
f 2084/3017/1004 2081/3034/1004 2169/3035/1004 2168/3036/1004 2159/3018/1004
f 2081/3034/1005 2037/3037/1005 2171/3038/1005 2170/3039/1005 2169/3035/1005
f 2172/3040/1006 2129/3041/1006 2052/3042/1006 2173/3043/1006
f 2051/3044/1000 2103/3031/1000 2166/3033/1000 2174/3045/1000
f 2106/3013/997 2109/3046/997 2175/3047/997 2156/3014/997
f 2176/3048/1007 2057/3049/1007 2045/3050/1007 2177/3051/1007
f 2030/3052/1008 2127/3053/1008 2123/3054/1008 2120/3055/1008 2117/3056/1008 2114/3057/1008 2111/3058/1008 2108/3059/1008 2105/3060/1008 2038/3061/1008 2082/3062/1008 2085/3063/1008 2088/3064/1008 2091/3065/1008 2094/3066/1008 2097/3067/1008 2100/3068/1008 2102/3069/1008 2050/3070/1008 2130/3071/1008 2133/3072/1008 2136/3073/1008 2139/3074/1008 2142/3075/1008 2145/3076/1008 2148/3077/1008 2150/3078/1008 2043/3079/1008 2058/3080/1008 2061/3081/1008 2064/3082/1008 2067/3083/1008 2070/3084/1008 2073/3085/1008 2076/3086/1008 2078/3087/1008
f 2179/3088/1009 2060/3089/1009 2057/3049/1009 2176/3048/1009 2178/3090/1009
f 2181/3091/1010 2063/3092/1010 2060/3089/1010 2179/3088/1010 2180/3093/1010
f 2183/3094/1011 2066/3095/1011 2063/3092/1011 2181/3091/1011 2182/3096/1011
f 2185/3097/1012 2069/3098/1012 2066/3095/1012 2183/3094/1012 2184/3099/1012
f 2187/3100/1013 2072/3101/1013 2069/3098/1013 2185/3097/1013 2186/3102/1013
f 2189/3103/1014 2075/3104/1014 2072/3101/1014 2187/3100/1014 2188/3105/1014
f 2191/3106/1015 2079/3107/1015 2075/3104/1015 2189/3103/1015 2190/3108/1015
f 2192/3109/1016 2031/3110/1016 2079/3107/1016 2191/3106/1016
f 2124/3111/997 2126/3008/997 2153/3011/997 2193/3112/997
f 2121/3113/997 2124/3111/997 2193/3112/997 2194/3114/997
f 2118/3115/997 2121/3113/997 2194/3114/997 2195/3116/997
f 2115/3117/997 2118/3115/997 2195/3116/997 2196/3118/997
f 2112/3119/997 2115/3117/997 2196/3118/997 2197/3120/997
f 2109/3046/997 2112/3119/997 2197/3120/997 2175/3047/997
f 2198/3121/1006 2044/3122/1006 2151/3123/1006 2199/3124/1006
f 2199/3124/1006 2151/3123/1006 2147/3125/1006 2200/3126/1006
f 2200/3126/1006 2147/3125/1006 2144/3127/1006 2201/3128/1006
f 2201/3128/1006 2144/3127/1006 2141/3129/1006 2202/3130/1006
f 2202/3130/1006 2141/3129/1006 2138/3131/1006 2203/3132/1006
f 2203/3132/1006 2138/3131/1006 2135/3133/1006 2204/3134/1006
f 2204/3134/1006 2135/3133/1006 2132/3135/1006 2205/3136/1006
f 2205/3136/1006 2132/3135/1006 2129/3041/1006 2172/3040/1006
f 2029/3009/1017 2032/3137/1017 2033/3138/1017 2035/3139/1017
f 2030/3052/1018 2034/3140/1018 2033/3141/1018 2032/3137/1018
f 2031/3110/1019 2035/3142/1019 2033/3143/1019 2034/3144/1019
f 2036/3012/1020 2039/3145/1020 2040/3146/1020 2042/3147/1020
f 2037/3037/1021 2041/3148/1021 2040/3149/1021 2039/3150/1021
f 2038/3061/1022 2042/3147/1022 2040/3151/1022 2041/3152/1022
f 2043/3079/1023 2046/3153/1023 2047/3154/1023 2049/3155/1023
f 2044/3122/1024 2048/3156/1024 2047/3154/1024 2046/3153/1024
f 2045/3050/1025 2049/3157/1025 2047/3154/1025 2048/3156/1025
f 2050/3070/1026 2053/3158/1026 2054/3159/1026 2056/3160/1026
f 2051/3044/1027 2055/3161/1027 2054/3159/1027 2053/3162/1027
f 2052/3042/1028 2056/3160/1028 2054/3159/1028 2055/3161/1028
f 2037/3037/1029 2039/3150/1029 2207/3163/1029 2206/3164/1029 2171/3038/1029
f 2039/3145/1030 2036/3012/1030 2155/3015/1030 2208/3165/1030 2207/3166/1030
f 2127/3053/1031 2030/3052/1031 2032/3137/1031 2128/3167/1031
f 2128/3167/1032 2032/3137/1032 2029/3009/1032 2126/3008/1032
f 2079/3107/1033 2031/3110/1033 2034/3144/1033 2080/3168/1033
f 2080/3169/1034 2034/3140/1034 2030/3052/1034 2078/3087/1034
f 2103/3031/1035 2051/3044/1035 2053/3162/1035 2104/3170/1035
f 2104/3171/1036 2053/3158/1036 2050/3070/1036 2102/3069/1036
f 2151/3123/1037 2044/3122/1037 2046/3153/1037 2152/3172/1037
f 2152/3172/1038 2046/3153/1038 2043/3079/1038 2150/3078/1038
f 2177/3051/1039 2045/3050/1039 2048/3156/1039 2209/3173/1039
f 2209/3173/1040 2048/3156/1040 2044/3122/1040 2198/3121/1040
f 2045/3050/1041 2057/3049/1041 2059/3174/1041 2049/3157/1041
f 2049/3155/1042 2059/3175/1042 2058/3080/1042 2043/3079/1042
f 2057/3049/1043 2060/3089/1043 2062/3176/1043 2059/3177/1043
f 2059/3178/1044 2062/3179/1044 2061/3081/1044 2058/3080/1044
f 2060/3089/1045 2063/3092/1045 2065/3180/1045 2062/3176/1045
f 2062/3179/1046 2065/3181/1046 2064/3082/1046 2061/3081/1046
f 2063/3092/1047 2066/3095/1047 2068/3182/1047 2065/3183/1047
f 2065/3184/1048 2068/3185/1048 2067/3083/1048 2064/3082/1048
f 2066/3095/1049 2069/3098/1049 2071/3186/1049 2068/3182/1049
f 2068/3185/1050 2071/3187/1050 2070/3084/1050 2067/3083/1050
f 2069/3098/1051 2072/3101/1051 2074/3188/1051 2071/3189/1051
f 2071/3190/1052 2074/3191/1052 2073/3085/1052 2070/3084/1052
f 2072/3101/1053 2075/3104/1053 2077/3192/1053 2074/3188/1053
f 2074/3191/1054 2077/3193/1054 2076/3086/1054 2073/3085/1054
f 2075/3104/1055 2079/3107/1055 2080/3168/1055 2077/3194/1055
f 2077/3195/1056 2080/3169/1056 2078/3087/1056 2076/3086/1056
f 2037/3037/1057 2081/3034/1057 2083/3196/1057 2041/3148/1057
f 2041/3152/1058 2083/3197/1058 2082/3062/1058 2038/3061/1058
f 2081/3034/1059 2084/3017/1059 2086/3198/1059 2083/3196/1059
f 2083/3197/1060 2086/3199/1060 2085/3063/1060 2082/3062/1060
f 2084/3017/1061 2087/3016/1061 2089/3200/1061 2086/3201/1061
f 2086/3202/1062 2089/3203/1062 2088/3064/1062 2085/3063/1062
f 2087/3016/1063 2090/3021/1063 2092/3204/1063 2089/3200/1063
f 2089/3203/1064 2092/3205/1064 2091/3065/1064 2088/3064/1064
f 2090/3021/1065 2093/3024/1065 2095/3206/1065 2092/3207/1065
f 2092/3208/1066 2095/3209/1066 2094/3066/1066 2091/3065/1066
f 2093/3024/1067 2096/3026/1067 2098/3210/1067 2095/3211/1067
f 2095/3212/1068 2098/3213/1068 2097/3067/1068 2094/3066/1068
f 2096/3026/1069 2099/3029/1069 2101/3214/1069 2098/3210/1069
f 2098/3213/1070 2101/3215/1070 2100/3068/1070 2097/3067/1070
f 2099/3029/1071 2103/3031/1071 2104/3216/1071 2101/3217/1071
f 2101/3218/1072 2104/3219/1072 2102/3069/1072 2100/3068/1072
f 2211/3220/1073 2035/3142/1073 2031/3110/1073 2192/3109/1073 2210/3221/1073
f 2029/3009/1074 2035/3139/1074 2211/3222/1074 2212/3223/1074 2154/3010/1074
f 2055/3161/1075 2051/3044/1075 2174/3045/1075 2213/3224/1075
f 2173/3043/1076 2052/3042/1076 2055/3161/1076 2213/3224/1076
f 2038/3061/1031 2105/3060/1031 2107/3225/1031 2042/3147/1031
f 2042/3147/1032 2107/3225/1032 2106/3013/1032 2036/3012/1032
f 2105/3060/1031 2108/3059/1031 2110/3226/1031 2107/3225/1031
f 2107/3225/1032 2110/3226/1032 2109/3046/1032 2106/3013/1032
f 2108/3059/1031 2111/3058/1031 2113/3227/1031 2110/3226/1031
f 2110/3226/1032 2113/3227/1032 2112/3119/1032 2109/3046/1032
f 2111/3058/1031 2114/3057/1031 2116/3228/1031 2113/3227/1031
f 2113/3227/1032 2116/3228/1032 2115/3117/1032 2112/3119/1032
f 2114/3057/1031 2117/3056/1031 2119/3229/1031 2116/3228/1031
f 2116/3228/1032 2119/3229/1032 2118/3115/1032 2115/3117/1032
f 2117/3056/1031 2120/3055/1031 2122/3230/1031 2119/3229/1031
f 2119/3229/1032 2122/3230/1032 2121/3113/1032 2118/3115/1032
f 2120/3055/1031 2123/3054/1031 2125/3231/1031 2122/3230/1031
f 2122/3230/1032 2125/3231/1032 2124/3111/1032 2121/3113/1032
f 2123/3054/1031 2127/3053/1031 2128/3167/1031 2125/3231/1031
f 2125/3231/1032 2128/3167/1032 2126/3008/1032 2124/3111/1032
f 2052/3042/1077 2129/3041/1077 2131/3232/1077 2056/3160/1077
f 2056/3160/1038 2131/3232/1038 2130/3071/1038 2050/3070/1038
f 2129/3041/1077 2132/3135/1077 2134/3233/1077 2131/3232/1077
f 2131/3232/1038 2134/3233/1038 2133/3072/1038 2130/3071/1038
f 2132/3135/1077 2135/3133/1077 2137/3234/1077 2134/3233/1077
f 2134/3233/1038 2137/3234/1038 2136/3073/1038 2133/3072/1038
f 2135/3133/1077 2138/3131/1077 2140/3235/1077 2137/3234/1077
f 2137/3234/1038 2140/3235/1038 2139/3074/1038 2136/3073/1038
f 2138/3131/1077 2141/3129/1077 2143/3236/1077 2140/3235/1077
f 2140/3235/1038 2143/3236/1038 2142/3075/1038 2139/3074/1038
f 2141/3129/1077 2144/3127/1077 2146/3237/1077 2143/3236/1077
f 2143/3236/1038 2146/3237/1038 2145/3076/1038 2142/3075/1038
f 2144/3127/1077 2147/3125/1077 2149/3238/1077 2146/3237/1077
f 2146/3237/1038 2149/3238/1038 2148/3077/1038 2145/3076/1038
f 2147/3125/1077 2151/3123/1037 2152/3172/1037 2149/3238/1077
f 2149/3238/1038 2152/3172/1038 2150/3078/1038 2148/3077/1038
f 2198/3239/1078 2199/3239/1078 2200/3239/1078 2201/3239/1078 2202/3239/1078 2203/3239/1078 2204/3239/1078 2205/3239/1078 2172/3239/1078 2173/3239/1078 2213/3240/1078 2174/3241/1078 2166/3242/1078 2167/3243/1078 2165/3244/1078 2163/3245/1078 2164/3246/1078 2162/3247/1078 2160/3248/1078 2161/3249/1078 2157/3250/1078 2158/3251/1078 2159/3252/1078 2168/3253/1078 2169/3254/1078 2170/3255/1078 2171/3256/1078 2206/3257/1078 2207/3258/1078 2208/3259/1078 2155/3260/1078 2156/3260/1078 2175/3260/1078 2197/3260/1078 2196/3260/1078 2195/3260/1078 2194/3260/1078 2193/3260/1078 2153/3260/1078 2154/3260/1078 2212/3261/1078 2211/3262/1078 2210/3263/1078 2192/3264/1078 2191/3254/1078 2190/3265/1078 2189/3252/1078 2188/3266/1078 2187/3250/1078 2186/3267/1078 2185/3248/1078 2184/3268/1078 2183/3247/1078 2182/3269/1078 2181/3245/1078 2180/3270/1078 2179/3244/1078 2178/3271/1078 2176/3242/1078 2177/3241/1078 2209/3240/1078
o Cube.011
v -2.712123 0.049879 -0.468889
v -2.501012 0.049879 -0.468889
v -2.289901 0.049879 -0.468889
v -2.078790 0.049878 -0.468889
v -1.867678 0.049878 -0.468889
v -1.656568 0.049878 -0.468889
v -1.445456 0.061857 -0.468889
v -1.234345 0.049878 -0.468889
v -1.234345 1.049878 -0.468889
v -1.445456 1.049878 -0.468889
v -1.656567 1.049878 -0.468889
v -1.867678 1.049878 -0.468889
v -2.078789 1.049879 -0.468889
v -2.289901 1.049879 -0.468889
v -2.501012 1.049879 -0.468889
v -2.712123 1.049879 -0.468889
v -2.923234 0.160990 -0.468889
v -2.923234 0.272101 -0.468889
v -2.923234 0.383212 -0.468889
v -2.923234 0.494323 -0.468889
v -2.923234 0.605434 -0.468889
v -2.923234 0.716545 -0.468889
v -2.923234 0.827657 -0.468889
v -2.923234 0.938768 -0.468889
v -1.023234 0.160989 -0.468889
v -1.023234 0.272100 -0.468889
v -1.023234 0.383211 -0.468889
v -1.040513 0.494323 -0.468889
v -1.023234 0.605434 -0.468889
v -1.023234 0.716545 -0.468889
v -1.023234 0.827656 -0.468889
v -1.023234 0.938767 -0.468889
v -1.023234 0.999878 -0.529998
v -1.118501 0.993898 -0.580000
v -1.117780 1.044997 -0.530000
v -1.051134 0.996892 -0.565352
v -1.063743 1.026219 -0.558868
v -1.120058 1.029933 -0.565341
v -1.050926 1.033804 -0.529999
v -1.023234 0.099878 -0.530005
v -1.116696 0.058838 -0.530016
v -1.118558 0.109434 -0.580000
v -1.050609 0.067147 -0.530010
v -1.063861 0.075385 -0.558873
v -1.121155 0.074039 -0.565364
v -1.051150 0.104649 -0.565354
v -2.828234 0.998934 -0.580000
v -2.923234 0.999879 -0.530000
v -2.828234 1.049879 -0.530000
v -2.895409 0.999406 -0.565356
v -2.883082 1.028547 -0.558868
v -2.895409 1.035430 -0.530000
v -2.828234 1.034762 -0.565356
v -2.828234 0.100231 -0.580000
v -2.828234 0.049879 -0.529993
v -2.923234 0.099879 -0.530000
v -2.828234 0.064623 -0.565347
v -2.883084 0.071085 -0.558867
v -2.895409 0.064523 -0.529996
v -2.895409 0.100055 -0.565355
v -2.712123 1.049879 -0.530000
v -2.712123 0.998896 -0.580000
v -2.712123 1.034946 -0.565356
v -2.501012 1.035155 -0.531270
v -2.501012 0.972604 -0.580000
v -2.501012 1.012070 -0.565727
v -2.289901 1.049879 -0.530000
v -2.289901 0.998791 -0.580000
v -2.289901 1.034915 -0.565356
v -2.078789 1.040278 -0.530581
v -2.078789 0.981453 -0.580000
v -2.078789 1.019863 -0.565526
v -1.867678 1.049878 -0.530000
v -1.867678 0.998654 -0.580000
v -1.867678 1.034876 -0.565356
v -1.656567 1.027508 -0.532541
v -1.656567 0.959549 -0.580000
v -1.656567 1.000694 -0.566100
v -1.445456 1.049878 -0.530000
v -1.445456 0.998683 -0.580000
v -1.445456 1.034883 -0.565356
v -1.234345 0.987884 -0.580000
v -1.234345 1.043860 -0.530237
v -1.234345 1.025443 -0.565425
v -1.234345 0.061156 -0.530801
v -1.234345 0.120518 -0.580000
v -1.234345 0.082255 -0.565589
v -1.445456 0.061857 -0.529997
v -1.445456 0.112236 -0.580000
v -1.445456 0.076613 -0.565354
v -1.656568 0.059485 -0.530591
v -1.656568 0.117558 -0.580000
v -1.656568 0.079681 -0.565529
v -1.867678 0.049878 -0.530011
v -1.867678 0.100263 -0.580000
v -1.867678 0.064636 -0.565359
v -2.078790 0.049878 -0.530013
v -2.078789 0.100275 -0.580000
v -2.078790 0.064639 -0.565359
v -2.289901 0.063185 -0.531075
v -2.289901 0.124049 -0.580000
v -2.289901 0.085348 -0.565670
v -2.501012 0.060471 -0.530690
v -2.501012 0.119304 -0.580000
v -2.501012 0.081204 -0.565557
v -2.712123 0.100245 -0.580000
v -2.712123 0.049879 -0.529992
v -2.712123 0.064631 -0.565353
v -1.118234 1.049878 -0.468889
v -1.023234 0.999878 -0.468889
v -1.051058 1.035233 -0.468889
v -1.023234 0.099878 -0.468889
v -1.118234 0.049878 -0.468889
v -1.051059 0.064523 -0.468889
v -2.923234 0.999879 -0.468889
v -2.828234 1.049879 -0.468889
v -2.895409 1.035234 -0.468889
v -2.828234 0.049879 -0.468889
v -2.923234 0.099879 -0.468889
v -2.895409 0.064523 -0.468889
v -1.118571 0.160989 -0.580000
v -1.023234 0.160989 -0.530005
v -1.051158 0.160989 -0.565356
v -1.118611 0.272100 -0.580000
v -1.023234 0.272100 -0.530005
v -1.051170 0.272100 -0.565357
v -1.118681 0.383211 -0.580000
v -1.023234 0.383211 -0.530006
v -1.051190 0.383211 -0.565357
v -1.164682 0.494323 -0.580000
v -1.056413 0.494323 -0.530443
v -1.093426 0.494323 -0.565485
v -1.146273 0.605434 -0.580000
v -1.038524 0.605434 -0.530411
v -1.075188 0.605434 -0.565476
v -1.118603 0.716545 -0.580000
v -1.023234 0.716545 -0.529997
v -1.051167 0.716545 -0.565355
v -1.118545 0.827656 -0.580000
v -1.023234 0.827656 -0.529997
v -1.051150 0.827656 -0.565355
v -1.023234 0.938767 -0.529998
v -1.118512 0.938767 -0.580000
v -1.051140 0.938767 -0.565355
v -2.923234 0.160990 -0.530000
v -2.828234 0.160990 -0.580000
v -2.895409 0.160990 -0.565355
v -2.923234 0.272101 -0.530000
v -2.828234 0.272101 -0.580000
v -2.895409 0.272101 -0.565355
v -2.923234 0.383212 -0.530000
v -2.828234 0.383212 -0.580000
v -2.895409 0.383212 -0.565355
v -2.923234 0.494323 -0.530000
v -2.828234 0.494323 -0.580000
v -2.895409 0.494323 -0.565356
v -2.923234 0.605434 -0.530000
v -2.828234 0.605434 -0.580000
v -2.895409 0.605434 -0.565356
v -2.923234 0.716545 -0.530000
v -2.828234 0.716545 -0.580000
v -2.895409 0.716545 -0.565356
v -2.923234 0.827657 -0.530000
v -2.828234 0.827657 -0.580000
v -2.895409 0.827657 -0.565356
v -2.828234 0.938768 -0.580000
v -2.923234 0.938768 -0.530000
v -2.895409 0.938768 -0.565356
v -1.023234 0.938767 -0.391766
v -1.023234 0.999879 -0.391766
v -2.712123 1.049879 -0.391766
v -2.501012 1.049879 -0.391766
v -2.289901 1.049879 -0.391766
v -2.078789 1.049879 -0.391766
v -1.867678 1.049878 -0.391766
v -1.656567 1.049878 -0.391766
v -1.445456 1.049878 -0.391766
v -1.234345 1.049878 -0.391766
v -1.298923 0.053543 -0.391766
v -1.234345 0.049878 -0.391766
v -1.445456 0.053543 -0.391766
v -1.510034 0.049878 -0.391766
v -1.656568 0.049878 -0.391766
v -1.867678 0.049878 -0.391766
v -2.078790 0.049878 -0.391766
v -2.289901 0.049879 -0.391766
v -2.501012 0.049879 -0.391766
v -2.712123 0.049879 -0.391766
v -1.023234 0.099878 -0.391766
v -1.023234 0.160989 -0.391766
v -2.923234 0.099879 -0.391766
v -2.923234 0.160990 -0.391766
v -2.923234 0.938768 -0.391766
v -2.923234 0.999879 -0.391766
v -2.828234 0.049879 -0.391766
v -1.118234 0.049878 -0.391766
v -1.118234 1.049878 -0.391766
v -1.023234 0.827656 -0.391766
v -1.023234 0.716545 -0.391766
v -1.023234 0.605434 -0.391766
v -1.028520 0.494323 -0.391766
v -1.028520 0.571446 -0.391766
v -1.023234 0.460334 -0.391766
v -1.023234 0.383211 -0.391766
v -1.023234 0.272100 -0.391766
v -2.828234 1.049879 -0.391766
v -2.923234 0.827657 -0.391766
v -2.923234 0.716546 -0.391766
v -2.923234 0.605434 -0.391766
v -2.923234 0.494323 -0.391766
v -2.923234 0.383212 -0.391766
v -2.923234 0.272101 -0.391766
v -1.051058 1.035233 -0.391766
v -1.051059 0.064523 -0.391766
v -2.895409 1.035234 -0.391766
v -2.895409 0.064523 -0.391766
vn 1.0000 -0.0000 -0.0000
vn 0.0283 -0.9966 -0.0780
vn 0.0340 -0.9964 -0.0779
vn 0.0355 -0.9966 -0.0741
vn 0.0312 -0.9967 -0.0754
vn 0.0226 -0.9967 -0.0780
vn -0.0000 -1.0000 -0.0000
vn -0.0311 -0.9937 -0.1072
vn 0.0061 -0.9819 -0.1893
vn 0.0248 -0.9960 -0.0858
vn -0.0000 1.0000 -0.0000
vn -0.0301 -0.9954 -0.0913
vn -0.0092 -0.9867 -0.1624
vn -0.0370 -0.9986 -0.0374
vn 0.0369 -0.9969 -0.0702
vn -1.0000 -0.0000 -0.0000
vn 0.9935 -0.1009 -0.0536
vn 0.9898 0.1005 -0.1005
vn -0.0000 -0.0000 -1.0000
vn 0.0343 0.9924 -0.1183
vn -0.0343 0.9924 -0.1183
vn 0.0226 0.9967 -0.0779
vn -0.0226 0.9967 -0.0779
vn 0.0510 0.9830 -0.1763
vn -0.0510 0.9830 -0.1763
vn 0.0142 0.9987 -0.0491
vn -0.0048 0.9960 -0.0887
vn 0.9900 -0.0679 -0.1234
vn 0.9582 -0.1516 -0.2428
vn 0.9675 0.2194 -0.1254
vn 0.6942 0.4958 -0.5218
vn 0.1605 0.3351 -0.9284
vn 0.1307 0.9249 -0.3570
vn 0.6814 -0.4968 -0.5375
vn 0.0917 -0.9270 -0.3637
vn 0.1482 -0.3385 -0.9292
vn -0.1761 0.3345 -0.9258
vn -0.7117 0.4920 -0.5013
vn -0.1745 0.9208 -0.3489
vn -0.1774 -0.3366 -0.9248
vn -0.1778 -0.9233 -0.3404
vn -0.7125 -0.4949 -0.4973
vn 0.1691 -0.9815 -0.0903
vn 0.7767 -0.6297 -0.0107
vn 0.2124 -0.0000 -0.9772
vn 0.7849 -0.0000 -0.6196
vn 0.7850 -0.0000 -0.6195
vn -0.0214 0.9034 -0.4282
vn -0.0165 0.3688 -0.9294
vn -0.0000 -0.9229 -0.3850
vn -0.0000 -0.3805 -0.9248
vn -0.7858 -0.0000 -0.6184
vn -0.2130 -0.0000 -0.9771
vn -0.2123 0.9772 0.0008
vn -0.2116 0.9773 0.0016
vn -0.7862 0.6179 0.0005
vn -0.7867 0.6174 0.0010
vn -0.0007 0.9203 -0.3911
vn -0.0002 0.3773 -0.9261
vn 0.0761 0.8757 -0.4769
vn 0.0408 0.3573 -0.9331
vn -0.0760 0.8755 -0.4772
vn -0.0406 0.3570 -0.9332
vn 0.0513 0.8921 -0.4489
vn 0.0275 0.3637 -0.9311
vn -0.0512 0.8919 -0.4493
vn -0.0273 0.3633 -0.9313
vn 0.1098 0.8498 -0.5156
vn 0.0583 0.3455 -0.9366
vn -0.1098 0.8498 -0.5155
vn -0.0584 0.3456 -0.9366
vn 0.0328 0.9033 -0.4278
vn 0.0175 0.3682 -0.9296
vn -0.0385 -0.8884 -0.4574
vn -0.0299 -0.3658 -0.9302
vn 0.0093 -0.8904 -0.4551
vn 0.0116 -0.3660 -0.9306
vn -0.0007 -0.8954 -0.4452
vn -0.0069 -0.3683 -0.9297
vn 0.0514 -0.8942 -0.4447
vn 0.0278 -0.3681 -0.9294
vn -0.0000 -0.9228 -0.3853
vn -0.0000 -0.3801 -0.9250
vn -0.0696 -0.8822 -0.4657
vn -0.0375 -0.3629 -0.9311
vn 0.0132 -0.8508 -0.5254
vn 0.0071 -0.3508 -0.9364
vn 0.0564 -0.8911 -0.4503
vn 0.0305 -0.3669 -0.9298
vn 0.1891 0.9807 -0.0497
vn 0.7804 0.6253 -0.0065
vn 0.7831 0.6219 -0.0032
vn 0.2130 0.9771 -0.0000
vn 0.7858 0.6184 -0.0000
vn 0.2130 -0.9771 -0.0000
vn 0.7858 -0.6185 -0.0000
vn -0.2130 0.9771 -0.0000
vn -0.7858 0.6185 -0.0000
vn -0.2130 -0.9771 -0.0000
vn -0.7858 -0.6184 -0.0000
vn 0.2123 -0.0000 -0.9772
vn 0.7848 -0.0000 -0.6198
vn 0.7847 -0.0000 -0.6199
vn 0.2122 0.0001 -0.9772
vn 0.7846 0.0001 -0.6200
vn 0.2121 0.0001 -0.9772
vn 0.7845 0.0001 -0.6201
vn 0.2050 0.0808 -0.9754
vn 0.7133 0.2404 -0.6583
vn 0.1998 -0.0329 -0.9793
vn 0.6851 -0.1112 -0.7199
vn 0.2058 -0.0473 -0.9774
vn 0.7309 -0.1277 -0.6704
vn 0.2123 -0.0001 -0.9772
vn 0.7848 -0.0001 -0.6198
vn 0.7848 -0.0000 -0.6197
vn -0.7858 -0.0000 -0.6185
vn -0.0000 -0.0000 1.0000
vt 0.387500 0.222222
vt 0.402778 0.222222
vt 0.402778 0.237499
vt 0.387500 0.237499
vt 0.402778 0.202942
vt 0.387500 0.202942
vt 0.597222 0.222222
vt 0.612500 0.222222
vt 0.612500 0.237501
vt 0.597222 0.237501
vt 0.791667 0.512352
vt 0.819444 0.512501
vt 0.819444 0.527778
vt 0.791667 0.527778
vt 0.763889 0.512497
vt 0.763889 0.527778
vt 0.736111 0.512497
vt 0.736111 0.527778
vt 0.708333 0.512231
vt 0.708333 0.527778
vt 0.680556 0.512328
vt 0.680556 0.527778
vt 0.652778 0.512502
vt 0.652778 0.527778
vt 0.319444 0.547058
vt 0.319444 0.527778
vt 0.347222 0.527778
vt 0.347222 0.547058
vt 0.291667 0.527778
vt 0.291667 0.547058
vt 0.263889 0.547058
vt 0.263889 0.527778
vt 0.236111 0.547058
vt 0.236111 0.527778
vt 0.208333 0.547058
vt 0.208333 0.527778
vt 0.180556 0.547058
vt 0.180556 0.527778
vt 0.847222 0.512300
vt 0.847222 0.527778
vt 0.152778 0.547058
vt 0.152778 0.527778
vt 0.862611 0.512405
vt 0.862500 0.527778
vt 0.819444 0.547058
vt 0.847222 0.547058
vt 0.838692 0.547026
vt 0.791667 0.547058
vt 0.810915 0.547091
vt 0.763889 0.547058
vt 0.736111 0.547058
vt 0.708333 0.547058
vt 0.680556 0.547058
vt 0.652778 0.547058
vt 0.597222 0.512500
vt 0.612500 0.512500
vt 0.612500 0.527778
vt 0.597222 0.527778
vt 0.612500 0.202942
vt 0.597222 0.202942
vt 0.637500 0.512502
vt 0.637500 0.527778
vt 0.597222 0.547058
vt 0.612500 0.547058
vt 0.387500 0.547058
vt 0.387500 0.527778
vt 0.402778 0.527778
vt 0.402778 0.547058
vt 0.637500 0.547058
vt 0.862500 0.547058
vt 0.137500 0.547058
vt 0.137500 0.527778
vt 0.430556 0.202942
vt 0.430556 0.222222
vt 0.458333 0.202942
vt 0.458333 0.222222
vt 0.486111 0.202942
vt 0.486111 0.222222
vt 0.513889 0.202942
vt 0.513889 0.222222
vt 0.494627 0.202961
vt 0.541667 0.202942
vt 0.541667 0.222222
vt 0.522405 0.202923
vt 0.569444 0.202942
vt 0.569444 0.222222
vt 0.569444 0.237501
vt 0.362500 0.527778
vt 0.362500 0.547058
vt 0.430556 0.527778
vt 0.430556 0.547058
vt 0.458333 0.527778
vt 0.458333 0.547058
vt 0.486111 0.527778
vt 0.486111 0.547058
vt 0.513889 0.527778
vt 0.513889 0.547058
vt 0.541667 0.527778
vt 0.541667 0.547058
vt 0.569444 0.527778
vt 0.569444 0.547058
vt 0.347222 0.512500
vt 0.362500 0.512500
vt 0.388340 0.262535
vt 0.402778 0.262537
vt 0.430556 0.262541
vt 0.458333 0.262549
vt 0.486111 0.264446
vt 0.513889 0.266059
vt 0.541667 0.262559
vt 0.569444 0.262550
vt 0.597222 0.262544
vt 0.611328 0.262543
vt 0.609594 0.277778
vt 0.610883 0.305556
vt 0.610082 0.333333
vt 0.612404 0.361111
vt 0.612401 0.388889
vt 0.608971 0.416667
vt 0.609799 0.444444
vt 0.612408 0.472222
vt 0.612412 0.487500
vt 0.597222 0.487500
vt 0.569444 0.487500
vt 0.541667 0.487500
vt 0.513889 0.487500
vt 0.486111 0.487500
vt 0.458333 0.487500
vt 0.430556 0.487500
vt 0.402778 0.487500
vt 0.387736 0.487500
vt 0.387746 0.472222
vt 0.391705 0.444444
vt 0.387772 0.416667
vt 0.390140 0.388889
vt 0.387806 0.361111
vt 0.394767 0.333333
vt 0.387799 0.305556
vt 0.389163 0.277778
vt 0.319444 0.512183
vt 0.291667 0.512500
vt 0.263889 0.512355
vt 0.236111 0.512500
vt 0.208333 0.511865
vt 0.180556 0.512500
vt 0.152778 0.512441
vt 0.137467 0.512473
vt 0.430556 0.237499
vt 0.458333 0.237499
vt 0.486111 0.237603
vt 0.513889 0.237611
vt 0.541667 0.237502
vt 0.387500 0.512500
vt 0.402778 0.512500
vt 0.430556 0.512500
vt 0.458333 0.512500
vt 0.486111 0.512500
vt 0.513889 0.512500
vt 0.541667 0.512500
vt 0.569444 0.512500
vt 0.388247 0.250000
vt 0.380915 0.250000
vt 0.375000 0.237500
vt 0.375000 0.263103
vt 0.375000 0.255854
vt 0.125000 0.512500
vt 0.125000 0.505283
vt 0.138103 0.500000
vt 0.625000 0.237503
vt 0.625000 0.244718
vt 0.611307 0.250000
vt 0.861465 0.500000
vt 0.868702 0.500000
vt 0.875000 0.512497
vt 0.618623 0.250000
vt 0.625000 0.263535
vt 0.387618 0.500000
vt 0.375017 0.501761
vt 0.375000 0.487500
vt 0.375000 0.512500
vt 0.362500 0.500000
vt 0.625000 0.487500
vt 0.623233 0.500000
vt 0.612456 0.500000
vt 0.625000 0.512501
vt 0.637500 0.500000
vt 0.875000 0.527778
vt 0.625000 0.222222
vt 0.402778 0.250000
vt 0.152778 0.500000
vt 0.375000 0.277778
vt 0.652778 0.500000
vt 0.625000 0.472222
vt 0.402778 0.500000
vt 0.375000 0.527778
vt 0.347222 0.500000
vt 0.375000 0.472222
vt 0.319444 0.500000
vt 0.346388 0.500000
vt 0.375000 0.471388
vt 0.375000 0.444444
vt 0.292503 0.500000
vt 0.375000 0.417503
vt 0.263889 0.500000
vt 0.291098 0.500000
vt 0.375000 0.416098
vt 0.375000 0.388889
vt 0.236681 0.500000
vt 0.375000 0.361681
vt 0.208333 0.500000
vt 0.234938 0.500000
vt 0.375000 0.359938
vt 0.375000 0.333333
vt 0.181728 0.500000
vt 0.375000 0.306728
vt 0.180191 0.500000
vt 0.375000 0.305191
vt 0.847222 0.500000
vt 0.625000 0.277778
vt 0.819717 0.500000
vt 0.625000 0.305283
vt 0.791667 0.500000
vt 0.819268 0.500000
vt 0.625000 0.305732
vt 0.625000 0.333333
vt 0.764450 0.500000
vt 0.625000 0.360550
vt 0.736111 0.500000
vt 0.763889 0.500000
vt 0.625000 0.361111
vt 0.625000 0.388889
vt 0.708333 0.500000
vt 0.735356 0.500000
vt 0.625000 0.389644
vt 0.625000 0.416667
vt 0.680686 0.500000
vt 0.625000 0.444314
vt 0.653392 0.500000
vt 0.680556 0.500000
vt 0.625000 0.444444
vt 0.625000 0.471608
vt 0.125000 0.527778
vt 0.375000 0.222222
vt 0.125000 0.547058
vt 0.375000 0.202942
vt 0.875000 0.547058
vt 0.625000 0.202942
vt 0.375000 0.547058
vt 0.625000 0.527778
vt 0.625000 0.547058
vt 0.597222 0.250000
vt 0.569444 0.250000
vt 0.541284 0.250000
vt 0.513889 0.250000
vt 0.486249 0.250000
vt 0.458570 0.250000
vt 0.430556 0.250000
vt 0.597222 0.500000
vt 0.569444 0.500000
vt 0.541667 0.500000
vt 0.513889 0.500000
vt 0.486111 0.500000
vt 0.458333 0.500000
vt 0.430556 0.500000
vt 0.475013 0.314749
vt 0.473173 0.313897
vt 0.469993 0.313897
vt 0.464210 0.313897
vt 0.458427 0.313897
vt 0.452644 0.313897
vt 0.446862 0.313897
vt 0.441079 0.313897
vt 0.435296 0.313897
vt 0.429514 0.313897
vt 0.426333 0.313897
vt 0.424493 0.314749
vt 0.423731 0.316807
vt 0.423731 0.320364
vt 0.423731 0.326830
vt 0.423731 0.333297
vt 0.423731 0.339764
vt 0.423731 0.346230
vt 0.423731 0.352697
vt 0.423731 0.359164
vt 0.423731 0.365630
vt 0.423731 0.369187
vt 0.424493 0.371245
vt 0.426333 0.372097
vt 0.429514 0.372097
vt 0.435296 0.372097
vt 0.441079 0.372097
vt 0.446862 0.372097
vt 0.452644 0.372097
vt 0.458427 0.372097
vt 0.462441 0.372097
vt 0.464210 0.371884
vt 0.468224 0.371884
vt 0.469993 0.372097
vt 0.473173 0.372097
vt 0.475013 0.371245
vt 0.475775 0.369187
vt 0.475775 0.365630
vt 0.475775 0.359164
vt 0.475775 0.352697
vt 0.475775 0.348209
vt 0.475631 0.346230
vt 0.475631 0.341742
vt 0.475775 0.339764
vt 0.475775 0.333297
vt 0.475775 0.326830
vt 0.475775 0.320364
vt 0.475775 0.316807
s 1
usemtl Material.002
f 2323/3272/1079 2245/3273/1079 2355/3274/1079 2246/3275/1079
f 2382/3276/1079 2245/3273/1079 2323/3272/1079 2383/3277/1079
f 2238/3278/1079 2325/3279/1079 2253/3280/1079 2335/3281/1079
f 2304/3282/1080 2301/3283/1081 2220/3284/1082 2219/3285/1083
f 2307/3286/1084 2304/3282/1080 2219/3285/1083 2218/3287/1084
f 2310/3288/1085 2307/3286/1085 2218/3287/1085 2217/3289/1085
f 2313/3290/1086 2310/3288/1086 2217/3289/1086 2216/3291/1086
f 2316/3292/1087 2313/3290/1087 2216/3291/1087 2215/3293/1087
f 2320/3294/1088 2316/3292/1088 2215/3293/1088 2214/3295/1088
f 2385/3296/1089 2228/3297/1089 2229/3298/1089 2384/3299/1089
f 2227/3300/1089 2228/3297/1089 2385/3296/1089 2386/3301/1089
f 2387/3302/1089 2226/3303/1089 2227/3300/1089 2386/3301/1089
f 2388/3304/1089 2225/3305/1089 2226/3303/1089 2387/3302/1089
f 2389/3306/1089 2224/3307/1089 2225/3305/1089 2388/3304/1089
f 2390/3308/1089 2223/3309/1089 2224/3307/1089 2389/3306/1089
f 2301/3283/1090 2298/3310/1090 2221/3311/1090 2220/3284/1090
f 2391/3312/1089 2222/3313/1089 2223/3309/1089 2390/3308/1089
f 2298/3310/1091 2254/3314/1091 2326/3315/1091 2221/3311/1091
f 2394/3316/1092 2220/3284/1092 2221/3311/1092 2393/3317/1092 2392/3318/1092
f 2396/3319/1093 2219/3285/1083 2220/3284/1082 2394/3316/1093 2395/3320/1093
f 2397/3321/1085 2218/3287/1085 2219/3285/1085 2396/3319/1085
f 2398/3322/1085 2217/3289/1085 2218/3287/1085 2397/3321/1085
f 2399/3323/1085 2216/3291/1085 2217/3289/1085 2398/3322/1085
f 2400/3324/1085 2215/3293/1085 2216/3291/1085 2399/3323/1085
f 2401/3325/1085 2214/3295/1085 2215/3293/1085 2400/3324/1085
f 2358/3326/1094 2269/3327/1094 2332/3328/1094 2230/3329/1094
f 2402/3330/1079 2325/3279/1079 2238/3278/1079 2403/3331/1079
f 2268/3332/1085 2320/3294/1085 2214/3295/1085 2331/3333/1085
f 2405/3334/1094 2230/3329/1094 2332/3328/1094 2404/3335/1094
f 2407/3336/1094 2328/3337/1094 2237/3338/1094 2406/3339/1094
f 2408/3340/1085 2331/3333/1085 2214/3295/1085 2401/3325/1085
f 2393/3317/1085 2221/3311/1085 2326/3315/1085 2409/3341/1085
f 2410/3342/1089 2322/3343/1089 2222/3313/1089 2391/3312/1089
f 2411/3344/1079 2244/3345/1079 2245/3273/1079 2382/3276/1079
f 2412/3346/1079 2243/3347/1079 2244/3345/1079 2411/3344/1079
f 2413/3348/1079 2242/3349/1079 2243/3347/1079 2412/3346/1079
f 2414/3350/1095 2241/3351/1095 2242/3349/1095 2413/3348/1095 2415/3352/1095
f 2417/3353/1096 2240/3354/1096 2241/3351/1096 2414/3350/1096 2416/3355/1096
f 2418/3356/1079 2239/3357/1079 2240/3354/1079 2417/3353/1079
f 2403/3331/1079 2238/3278/1079 2239/3357/1079 2418/3356/1079
f 2239/3357/1079 2238/3278/1079 2335/3281/1079 2338/3358/1079
f 2384/3299/1089 2229/3298/1089 2329/3359/1089 2419/3360/1089
f 2406/3339/1094 2237/3338/1094 2236/3361/1094 2420/3362/1094
f 2420/3362/1094 2236/3361/1094 2235/3363/1094 2421/3364/1094
f 2421/3364/1094 2235/3363/1094 2234/3365/1094 2422/3366/1094
f 2422/3366/1094 2234/3365/1094 2233/3367/1094 2423/3368/1094
f 2423/3368/1094 2233/3367/1094 2232/3369/1094 2424/3370/1094
f 2424/3370/1094 2232/3369/1094 2231/3371/1094 2425/3372/1094
f 2425/3372/1094 2231/3371/1094 2230/3329/1094 2405/3334/1094
f 2274/3373/1089 2262/3374/1089 2329/3359/1089 2229/3298/1089
f 2247/3375/1097 2356/3376/1097 2352/3377/1097 2349/3378/1097 2346/3379/1097 2343/3380/1097 2340/3381/1097 2337/3382/1097 2334/3383/1097 2255/3384/1097 2299/3385/1097 2302/3386/1097 2305/3387/1097 2308/3388/1097 2311/3389/1097 2314/3390/1097 2317/3391/1097 2319/3392/1097 2267/3393/1097 2359/3394/1097 2362/3395/1097 2365/3396/1097 2368/3397/1097 2371/3398/1097 2374/3399/1097 2377/3400/1097 2379/3401/1097 2260/3402/1097 2275/3403/1097 2278/3404/1097 2281/3405/1097 2284/3406/1097 2287/3407/1097 2290/3408/1097 2293/3409/1097 2295/3410/1097
f 2277/3411/1098 2274/3373/1098 2229/3298/1098 2228/3297/1098
f 2280/3412/1099 2277/3411/1099 2228/3297/1099 2227/3300/1099
f 2283/3413/1100 2280/3412/1100 2227/3300/1100 2226/3303/1100
f 2286/3414/1101 2283/3413/1101 2226/3303/1101 2225/3305/1101
f 2289/3415/1102 2286/3414/1102 2225/3305/1102 2224/3307/1102
f 2292/3416/1103 2289/3415/1103 2224/3307/1103 2223/3309/1103
f 2296/3417/1104 2292/3416/1104 2223/3309/1104 2222/3313/1104
f 2248/3418/1105 2296/3417/1105 2222/3313/1105 2322/3343/1105
f 2245/3273/1079 2244/3345/1079 2353/3419/1079 2355/3274/1079
f 2244/3345/1079 2243/3347/1079 2350/3420/1079 2353/3419/1079
f 2243/3347/1106 2242/3349/1106 2347/3421/1106 2350/3420/1106
f 2242/3349/1107 2241/3351/1107 2344/3422/1107 2347/3421/1107
f 2241/3351/1108 2240/3354/1108 2341/3423/1108 2344/3422/1108
f 2240/3354/1079 2239/3357/1079 2338/3358/1079 2341/3423/1079
f 2261/3424/1094 2380/3425/1094 2237/3338/1094 2328/3337/1094
f 2380/3425/1094 2376/3426/1094 2236/3361/1094 2237/3338/1094
f 2376/3426/1094 2373/3427/1094 2235/3363/1094 2236/3361/1094
f 2373/3427/1094 2370/3428/1094 2234/3365/1094 2235/3363/1094
f 2370/3428/1094 2367/3429/1094 2233/3367/1094 2234/3365/1094
f 2367/3429/1094 2364/3430/1094 2232/3369/1094 2233/3367/1094
f 2364/3430/1094 2361/3431/1094 2231/3371/1094 2232/3369/1094
f 2361/3431/1094 2358/3326/1094 2230/3329/1094 2231/3371/1094
f 2246/3275/1109 2249/3432/1109 2250/3433/1109 2252/3434/1109
f 2247/3375/1110 2251/3435/1110 2250/3436/1110 2249/3432/1110
f 2248/3418/1111 2252/3437/1111 2250/3438/1111 2251/3439/1111
f 2253/3280/1112 2256/3440/1112 2257/3441/1112 2259/3442/1112
f 2254/3314/1113 2258/3443/1113 2257/3444/1113 2256/3445/1113
f 2255/3384/1114 2259/3442/1114 2257/3446/1114 2258/3447/1114
f 2260/3402/1115 2263/3448/1115 2264/3449/1115 2266/3450/1115
f 2261/3424/1116 2265/3451/1116 2264/3449/1116 2263/3448/1116
f 2262/3374/1117 2266/3452/1117 2264/3449/1117 2265/3451/1117
f 2267/3393/1118 2270/3453/1118 2271/3454/1118 2273/3455/1118
f 2268/3332/1119 2272/3456/1119 2271/3454/1119 2270/3457/1119
f 2269/3327/1120 2273/3455/1120 2271/3454/1120 2272/3456/1120
f 2326/3315/1121 2254/3314/1121 2256/3445/1121 2327/3458/1121
f 2327/3459/1122 2256/3440/1122 2253/3280/1122 2325/3279/1122
f 2356/3376/1123 2247/3375/1123 2249/3432/1123 2357/3460/1123
f 2357/3460/1124 2249/3432/1125 2246/3275/1125 2355/3274/1124
f 2296/3417/1126 2248/3418/1126 2251/3439/1126 2297/3461/1126
f 2297/3462/1127 2251/3435/1127 2247/3375/1127 2295/3410/1127
f 2320/3294/1128 2268/3332/1128 2270/3457/1128 2321/3463/1128
f 2321/3464/1129 2270/3453/1129 2267/3393/1129 2319/3392/1129
f 2380/3425/1130 2261/3424/1130 2263/3448/1130 2381/3465/1130
f 2381/3465/1131 2263/3448/1131 2260/3402/1131 2379/3401/1131
f 2329/3359/1132 2262/3374/1133 2265/3451/1133 2330/3466/1132
f 2330/3466/1134 2265/3451/1135 2261/3424/1135 2328/3337/1134
f 2262/3374/1136 2274/3373/1136 2276/3467/1136 2266/3452/1136
f 2266/3450/1137 2276/3468/1137 2275/3403/1137 2260/3402/1137
f 2274/3373/1138 2277/3411/1138 2279/3469/1138 2276/3470/1138
f 2276/3471/1139 2279/3472/1139 2278/3404/1139 2275/3403/1139
f 2277/3411/1140 2280/3412/1140 2282/3473/1140 2279/3469/1140
f 2279/3472/1141 2282/3474/1141 2281/3405/1141 2278/3404/1141
f 2280/3412/1142 2283/3413/1142 2285/3475/1142 2282/3476/1142
f 2282/3477/1143 2285/3478/1143 2284/3406/1143 2281/3405/1143
f 2283/3413/1144 2286/3414/1144 2288/3479/1144 2285/3475/1144
f 2285/3478/1145 2288/3480/1145 2287/3407/1145 2284/3406/1145
f 2286/3414/1146 2289/3415/1146 2291/3481/1146 2288/3482/1146
f 2288/3483/1147 2291/3484/1147 2290/3408/1147 2287/3407/1147
f 2289/3415/1148 2292/3416/1148 2294/3485/1148 2291/3481/1148
f 2291/3484/1149 2294/3486/1149 2293/3409/1149 2290/3408/1149
f 2292/3416/1150 2296/3417/1150 2297/3461/1150 2294/3487/1150
f 2294/3488/1151 2297/3462/1151 2295/3410/1151 2293/3409/1151
f 2254/3314/1152 2298/3310/1152 2300/3489/1152 2258/3443/1152
f 2258/3447/1153 2300/3490/1153 2299/3385/1153 2255/3384/1153
f 2298/3310/1154 2301/3283/1154 2303/3491/1154 2300/3489/1154
f 2300/3490/1155 2303/3492/1155 2302/3386/1155 2299/3385/1155
f 2301/3283/1156 2304/3282/1156 2306/3493/1156 2303/3494/1156
f 2303/3495/1157 2306/3496/1157 2305/3387/1157 2302/3386/1157
f 2304/3282/1158 2307/3286/1158 2309/3497/1158 2306/3493/1158
f 2306/3496/1159 2309/3498/1159 2308/3388/1159 2305/3387/1159
f 2307/3286/1160 2310/3288/1160 2312/3499/1160 2309/3500/1160
f 2309/3501/1161 2312/3502/1161 2311/3389/1161 2308/3388/1161
f 2310/3288/1162 2313/3290/1162 2315/3503/1162 2312/3504/1162
f 2312/3505/1163 2315/3506/1163 2314/3390/1163 2311/3389/1163
f 2313/3290/1164 2316/3292/1164 2318/3507/1164 2315/3503/1164
f 2315/3506/1165 2318/3508/1165 2317/3391/1165 2314/3390/1165
f 2316/3292/1166 2320/3294/1166 2321/3509/1166 2318/3510/1166
f 2318/3511/1167 2321/3512/1167 2319/3392/1167 2317/3391/1167
f 2248/3418/1168 2322/3343/1168 2324/3513/1168 2252/3437/1168
f 2252/3434/1169 2324/3514/1170 2323/3272/1170 2246/3275/1169
f 2426/3515/1171 2324/3513/1171 2322/3343/1171 2410/3342/1171
f 2323/3272/1170 2324/3514/1170 2426/3516/1172 2383/3277/1172
f 2409/3341/1173 2326/3315/1173 2327/3458/1173 2427/3517/1173
f 2327/3459/1174 2325/3279/1174 2402/3330/1174 2427/3518/1174
f 2419/3360/1175 2329/3359/1132 2330/3466/1132 2428/3519/1175
f 2330/3466/1134 2328/3337/1134 2407/3336/1176 2428/3519/1176
f 2268/3332/1177 2331/3333/1177 2333/3520/1177 2272/3456/1177
f 2272/3456/1178 2333/3520/1178 2332/3328/1178 2269/3327/1178
f 2429/3521/1177 2333/3520/1177 2331/3333/1177 2408/3340/1177
f 2332/3328/1178 2333/3520/1178 2429/3521/1178 2404/3335/1178
f 2255/3384/1179 2334/3383/1179 2336/3522/1179 2259/3442/1179
f 2259/3442/1180 2336/3522/1181 2335/3281/1181 2253/3280/1180
f 2334/3383/1179 2337/3382/1182 2339/3523/1182 2336/3522/1179
f 2336/3522/1181 2339/3523/1183 2338/3358/1183 2335/3281/1181
f 2337/3382/1182 2340/3381/1184 2342/3524/1184 2339/3523/1182
f 2339/3523/1183 2342/3524/1185 2341/3423/1185 2338/3358/1183
f 2340/3381/1186 2343/3380/1186 2345/3525/1186 2342/3524/1186
f 2342/3524/1187 2345/3525/1187 2344/3422/1187 2341/3423/1187
f 2343/3380/1188 2346/3379/1188 2348/3526/1188 2345/3525/1188
f 2345/3525/1189 2348/3526/1189 2347/3421/1189 2344/3422/1189
f 2346/3379/1190 2349/3378/1190 2351/3527/1190 2348/3526/1190
f 2348/3526/1191 2351/3527/1191 2350/3420/1191 2347/3421/1191
f 2349/3378/1192 2352/3377/1192 2354/3528/1192 2351/3527/1192
f 2351/3527/1193 2354/3528/1194 2353/3419/1194 2350/3420/1193
f 2352/3377/1192 2356/3376/1123 2357/3460/1123 2354/3528/1192
f 2354/3528/1194 2357/3460/1124 2355/3274/1124 2353/3419/1194
f 2269/3327/1195 2358/3326/1195 2360/3529/1195 2273/3455/1195
f 2273/3455/1131 2360/3529/1131 2359/3394/1131 2267/3393/1131
f 2358/3326/1195 2361/3431/1195 2363/3530/1195 2360/3529/1195
f 2360/3529/1131 2363/3530/1131 2362/3395/1131 2359/3394/1131
f 2361/3431/1195 2364/3430/1130 2366/3531/1130 2363/3530/1195
f 2363/3530/1131 2366/3531/1131 2365/3396/1131 2362/3395/1131
f 2364/3430/1130 2367/3429/1130 2369/3532/1130 2366/3531/1130
f 2366/3531/1131 2369/3532/1131 2368/3397/1131 2365/3396/1131
f 2367/3429/1130 2370/3428/1130 2372/3533/1130 2369/3532/1130
f 2369/3532/1131 2372/3533/1131 2371/3398/1131 2368/3397/1131
f 2370/3428/1130 2373/3427/1130 2375/3534/1130 2372/3533/1130
f 2372/3533/1131 2375/3534/1131 2374/3399/1131 2371/3398/1131
f 2373/3427/1130 2376/3426/1130 2378/3535/1130 2375/3534/1130
f 2375/3534/1131 2378/3535/1131 2377/3400/1131 2374/3399/1131
f 2376/3426/1130 2380/3425/1130 2381/3465/1130 2378/3535/1130
f 2378/3535/1131 2381/3465/1131 2379/3401/1131 2377/3400/1131
f 2426/3536/1196 2410/3537/1196 2391/3538/1196 2390/3539/1196 2389/3540/1196 2388/3541/1196 2387/3542/1196 2386/3543/1196 2385/3544/1196 2384/3545/1196 2419/3546/1196 2428/3547/1196 2407/3548/1196 2406/3549/1196 2420/3550/1196 2421/3551/1196 2422/3552/1196 2423/3553/1196 2424/3554/1196 2425/3555/1196 2405/3556/1196 2404/3557/1196 2429/3558/1196 2408/3559/1196 2401/3560/1196 2400/3561/1196 2399/3562/1196 2398/3563/1196 2397/3564/1196 2396/3565/1196 2395/3566/1196 2394/3567/1196 2392/3568/1196 2393/3569/1196 2409/3570/1196 2427/3571/1196 2402/3572/1196 2403/3573/1196 2418/3574/1196 2417/3575/1196 2416/3576/1196 2414/3577/1196 2415/3578/1196 2413/3579/1196 2412/3580/1196 2411/3581/1196 2382/3582/1196 2383/3583/1196
o Cube.012
v -0.962563 0.099878 -0.450000
v -0.867563 0.105845 -0.500000
v -0.868016 0.054760 -0.450000
v -0.934738 0.102862 -0.485355
v -0.922109 0.073534 -0.478868
v -0.865871 0.069817 -0.485341
v -0.934871 0.065953 -0.450000
v -0.962563 0.999878 -0.450000
v -0.869100 1.040918 -0.450005
v -0.867563 0.990117 -0.500000
v -0.935188 1.032609 -0.450003
v -0.922004 1.024328 -0.478869
v -0.864805 1.025668 -0.485359
v -0.934738 0.994998 -0.485356
v 0.842432 0.100823 -0.500000
v 0.937437 0.099878 -0.450000
v 0.842437 0.049878 -0.450000
v 0.909611 0.100351 -0.485355
v 0.897286 0.071210 -0.478868
v 0.909613 0.064523 -0.450000
v 0.842435 0.064789 -0.485339
v 0.837469 0.990418 -0.500000
v 0.834474 1.041220 -0.449992
v 0.933143 0.983681 -0.450000
v 0.838931 1.026054 -0.485353
v 0.891107 1.015947 -0.478867
v 0.902260 1.021255 -0.449996
v 0.904936 0.987571 -0.485356
v 0.726327 0.049878 -0.450000
v 0.726327 0.100861 -0.500000
v 0.726327 0.064811 -0.485355
v 0.515215 0.064602 -0.451270
v 0.515215 0.127153 -0.500000
v 0.515215 0.087687 -0.485727
v 0.304104 0.049878 -0.450000
v 0.304104 0.100966 -0.500000
v 0.304104 0.064842 -0.485355
v 0.092993 0.059479 -0.450581
v 0.092993 0.118304 -0.500000
v 0.092993 0.079894 -0.485525
v -0.118118 0.049878 -0.450000
v -0.118118 0.101103 -0.500000
v -0.118118 0.064882 -0.485355
v -0.329229 0.072249 -0.452541
v -0.329229 0.140208 -0.500000
v -0.329229 0.099063 -0.486100
v -0.540340 0.049878 -0.450000
v -0.540340 0.101074 -0.500000
v -0.540340 0.064873 -0.485355
v -0.751451 0.111873 -0.500000
v -0.751451 0.055897 -0.450236
v -0.751451 0.074314 -0.485424
v -0.751451 1.038604 -0.450790
v -0.751451 0.978992 -0.500000
v -0.751451 1.017431 -0.485587
v -0.540340 1.049878 -0.450006
v -0.540340 0.999252 -0.500000
v -0.540340 1.035051 -0.485357
v -0.329229 1.040272 -0.450589
v -0.329229 0.981980 -0.500000
v -0.329229 1.020012 -0.485528
v -0.118118 1.049878 -0.450009
v -0.118118 0.999308 -0.500000
v -0.118118 1.035067 -0.485358
v 0.092993 1.049878 -0.450011
v 0.092993 0.999313 -0.500000
v 0.092993 1.035069 -0.485359
v 0.304104 1.036573 -0.451074
v 0.304104 0.975544 -0.500000
v 0.304104 1.014362 -0.485670
v 0.515215 1.039286 -0.450689
v 0.515215 0.980281 -0.500000
v 0.515215 1.018504 -0.485557
v 0.726327 0.999317 -0.500000
v 0.726327 1.049878 -0.449991
v 0.726327 1.035069 -0.485353
v -0.867563 0.938767 -0.500000
v -0.962563 0.938767 -0.450000
v -0.934738 0.938767 -0.485356
v -0.867563 0.827656 -0.500000
v -0.962563 0.827656 -0.450000
v -0.934738 0.827656 -0.485356
v -0.867563 0.716545 -0.500000
v -0.962563 0.716545 -0.450000
v -0.934738 0.716545 -0.485356
v -0.867563 0.605434 -0.500000
v -0.962563 0.605434 -0.450000
v -0.934738 0.605434 -0.485356
v -0.867563 0.494323 -0.500000
v -0.962563 0.494323 -0.450000
v -0.934738 0.494323 -0.485356
v -0.867563 0.383212 -0.500000
v -0.962563 0.383212 -0.450000
v -0.934738 0.383212 -0.485356
v -0.867563 0.272101 -0.500000
v -0.962563 0.272101 -0.450000
v -0.934738 0.272101 -0.485356
v -0.962563 0.160990 -0.450000
v -0.867563 0.160990 -0.500000
v -0.934738 0.160990 -0.485355
v 0.937437 0.938767 -0.450000
v 0.842411 0.938767 -0.500000
v 0.909605 0.938767 -0.485356
v 0.937437 0.827656 -0.450000
v 0.842417 0.827656 -0.500000
v 0.909607 0.827656 -0.485356
v 0.937437 0.716545 -0.450000
v 0.842422 0.716545 -0.500000
v 0.909608 0.716545 -0.485356
v 0.937437 0.605434 -0.450000
v 0.842426 0.605434 -0.500000
v 0.909609 0.605434 -0.485356
v 0.937437 0.494323 -0.450000
v 0.842428 0.494323 -0.500000
v 0.909610 0.494323 -0.485356
v 0.937437 0.383212 -0.450000
v 0.842430 0.383212 -0.500000
v 0.909611 0.383212 -0.485356
v 0.937437 0.272101 -0.450000
v 0.842431 0.272101 -0.500000
v 0.909611 0.272101 -0.485356
v 0.842432 0.160990 -0.500000
v 0.937437 0.160990 -0.450000
v 0.909611 0.160990 -0.485355
v -0.962563 0.160990 -0.391766
v -0.962563 0.099878 -0.391766
v -0.962563 0.999879 -0.391766
v -0.962563 0.938767 -0.391766
v -0.530495 1.049430 -0.391766
v -0.540340 1.049878 -0.391766
v -0.329229 1.049430 -0.391766
v -0.319291 1.049878 -0.391766
v -0.118118 1.049878 -0.391766
v 0.092993 1.049878 -0.391766
v 0.102761 1.049263 -0.391766
v 0.304104 1.049263 -0.391766
v 0.313933 1.049386 -0.391766
v 0.515215 1.049386 -0.391766
v 0.525156 1.049878 -0.391766
v 0.726327 1.049878 -0.391766
v -0.741513 1.049878 -0.391766
v -0.751451 1.049355 -0.391766
v -0.862165 1.049355 -0.391766
v -0.867635 1.049457 -0.391766
v 0.933143 0.983678 -0.391766
v 0.937437 0.938767 -0.391766
v 0.834475 1.041220 -0.391766
v -0.962563 0.827657 -0.391766
v 0.842437 0.049878 -0.391766
v 0.726327 0.049878 -0.391766
v 0.716589 0.050558 -0.391766
v 0.515215 0.050558 -0.391766
v 0.505276 0.049878 -0.391766
v 0.304104 0.049878 -0.391766
v 0.294258 0.050326 -0.391766
v 0.092993 0.050326 -0.391766
v 0.083053 0.049878 -0.391766
v -0.118118 0.049878 -0.391766
v -0.127661 0.050890 -0.391766
v -0.329229 0.050890 -0.391766
v -0.339169 0.049878 -0.391766
v -0.540340 0.049878 -0.391766
v -0.550242 0.050161 -0.391766
v -0.751451 0.050161 -0.391766
v -0.756939 0.050108 -0.391766
v -0.867584 0.050108 -0.391766
v -0.962563 0.272101 -0.391766
v -0.962563 0.383212 -0.391766
v -0.962563 0.494323 -0.391766
v -0.962563 0.605434 -0.391766
v -0.962563 0.716546 -0.391766
v 0.937437 0.160990 -0.391766
v 0.937437 0.099878 -0.391766
v 0.937437 0.272101 -0.391766
v 0.937437 0.383212 -0.391766
v 0.937437 0.494323 -0.391766
v 0.937437 0.605434 -0.391766
v 0.937437 0.716546 -0.391766
v 0.937437 0.827657 -0.391766
v -0.870746 1.049065 -0.391766
v -0.934759 1.035110 -0.391766
v -0.936048 1.033569 -0.391766
v 0.909613 0.064523 -0.391766
v -0.931596 0.064063 -0.391766
v -0.934744 0.064590 -0.391766
v 0.902263 1.021253 -0.391766
vn -1.0000 -0.0000 -0.0000
vn 0.0236 0.9970 -0.0744
vn -0.0236 0.9964 -0.0816
vn -0.0000 1.0000 -0.0000
vn 0.0325 0.9942 -0.1024
vn -0.0064 0.9817 -0.1902
vn -0.0260 0.9956 -0.0898
vn -0.0276 0.9950 -0.0955
vn 0.0097 0.9868 -0.1616
vn 0.9955 0.0952 -0.0000
vn 0.0798 0.9968 -0.0000
vn -0.0000 -1.0000 -0.0000
vn -0.0000 -0.0000 -1.0000
vn -0.0359 -0.9930 -0.1130
vn 0.0358 -0.9917 -0.1237
vn -0.0236 -0.9970 -0.0743
vn 0.0236 -0.9964 -0.0815
vn -0.0534 -0.9842 -0.1687
vn 0.0533 -0.9815 -0.1841
vn -0.0149 -0.9988 -0.0468
vn 0.0050 -0.9960 -0.0891
vn 1.0000 -0.0000 -0.0000
vn -0.6947 -0.4963 -0.5207
vn -0.1608 -0.3356 -0.9282
vn -0.1308 -0.9251 -0.3565
vn -0.6817 0.4967 -0.5371
vn -0.0917 0.9267 -0.3645
vn -0.1483 0.3381 -0.9294
vn 0.1765 -0.3338 -0.9260
vn 0.7118 -0.4934 -0.5000
vn 0.1774 -0.9220 -0.3442
vn 0.1992 0.3417 -0.9184
vn 0.2467 0.9156 -0.3176
vn 0.7173 0.5308 -0.4513
vn -0.1669 0.9816 -0.0926
vn -0.7763 0.6303 -0.0112
vn -0.2130 -0.0000 -0.9771
vn -0.7858 -0.0000 -0.6185
vn 0.0214 -0.9035 -0.4281
vn 0.0165 -0.3688 -0.9293
vn 0.0736 0.9199 -0.3852
vn 0.0303 0.3789 -0.9249
vn 0.7858 -0.0000 -0.6185
vn 0.2130 -0.0000 -0.9771
vn 0.2130 -0.9771 -0.0000
vn 0.7858 -0.6184 -0.0000
vn -0.0001 -0.9213 -0.3889
vn -0.0000 -0.3766 -0.9264
vn -0.0761 -0.8757 -0.4769
vn -0.0408 -0.3573 -0.9331
vn 0.0760 -0.8755 -0.4772
vn 0.0406 -0.3570 -0.9332
vn -0.0513 -0.8921 -0.4490
vn -0.0275 -0.3638 -0.9311
vn 0.0512 -0.8919 -0.4494
vn 0.0273 -0.3634 -0.9312
vn -0.1098 -0.8497 -0.5156
vn -0.0583 -0.3456 -0.9366
vn 0.1098 -0.8498 -0.5156
vn 0.0584 -0.3456 -0.9366
vn -0.0328 -0.9033 -0.4278
vn -0.0175 -0.3683 -0.9296
vn 0.0385 0.8878 -0.4586
vn 0.0298 0.3644 -0.9308
vn -0.0597 0.8881 -0.4558
vn -0.0322 0.3643 -0.9307
vn 0.0514 0.8935 -0.4460
vn 0.0277 0.3667 -0.9299
vn -0.0514 0.8936 -0.4459
vn -0.0278 0.3669 -0.9299
vn -0.0000 0.9223 -0.3864
vn -0.0000 0.3789 -0.9254
vn 0.0695 0.8817 -0.4667
vn 0.0374 0.3619 -0.9315
vn -0.0132 0.8502 -0.5262
vn -0.0071 0.3499 -0.9368
vn -0.0563 0.8906 -0.4513
vn -0.0304 0.3658 -0.9302
vn -0.1879 -0.9810 -0.0485
vn -0.7801 -0.6256 -0.0065
vn 0.2825 0.9593 -0.0000
vn 0.7726 0.6349 -0.0000
vn -0.7858 -0.0000 -0.6184
vn 0.7835 0.0749 -0.6168
vn 0.2129 0.0204 -0.9769
vn 0.2129 -0.0000 -0.9771
vn -0.0000 -0.0000 1.0000
vt 0.402778 0.222942
vt 0.402778 0.237500
vt 0.387500 0.237500
vt 0.387500 0.222942
vt 0.612500 0.222942
vt 0.612500 0.237500
vt 0.597222 0.237500
vt 0.597222 0.222942
vt 0.791667 0.527058
vt 0.791667 0.512353
vt 0.819444 0.512498
vt 0.819444 0.527058
vt 0.818145 0.527051
vt 0.763889 0.527058
vt 0.763889 0.512498
vt 0.790355 0.527066
vt 0.736111 0.527058
vt 0.736111 0.512497
vt 0.708333 0.527058
vt 0.708333 0.512232
vt 0.734818 0.527045
vt 0.680556 0.527058
vt 0.680556 0.512328
vt 0.707040 0.527063
vt 0.652778 0.527058
vt 0.652778 0.512502
vt 0.679243 0.527067
vt 0.847222 0.512303
vt 0.847222 0.527058
vt 0.845909 0.527068
vt 0.862611 0.512408
vt 0.862505 0.527054
vt 0.861786 0.527052
vt 0.597222 0.527058
vt 0.597222 0.512500
vt 0.610364 0.512500
vt 0.610363 0.527058
vt 0.637908 0.527058
vt 0.637909 0.512502
vt 0.569444 0.237500
vt 0.569444 0.222942
vt 0.347222 0.527058
vt 0.347222 0.512500
vt 0.362500 0.512500
vt 0.362500 0.527058
vt 0.388338 0.262500
vt 0.402778 0.262500
vt 0.430556 0.262500
vt 0.458333 0.262500
vt 0.486111 0.262500
vt 0.513889 0.262500
vt 0.541667 0.262500
vt 0.569444 0.262500
vt 0.597222 0.262500
vt 0.611268 0.262500
vt 0.609518 0.277778
vt 0.612344 0.305556
vt 0.610018 0.333333
vt 0.612357 0.361111
vt 0.612359 0.388889
vt 0.608919 0.416667
vt 0.609747 0.444444
vt 0.612360 0.472222
vt 0.611288 0.487187
vt 0.597222 0.487497
vt 0.569444 0.487497
vt 0.541667 0.487498
vt 0.513889 0.487498
vt 0.486111 0.487499
vt 0.458333 0.487499
vt 0.430556 0.487499
vt 0.402778 0.487499
vt 0.387736 0.487499
vt 0.387746 0.472222
vt 0.391705 0.444444
vt 0.387772 0.416667
vt 0.390140 0.388889
vt 0.387806 0.361111
vt 0.394767 0.333333
vt 0.387799 0.305556
vt 0.389163 0.277778
vt 0.345932 0.527042
vt 0.319444 0.527058
vt 0.319444 0.512183
vt 0.318128 0.527075
vt 0.291667 0.527058
vt 0.291667 0.512500
vt 0.290367 0.527051
vt 0.263889 0.527058
vt 0.263889 0.512355
vt 0.262577 0.527066
vt 0.236111 0.527058
vt 0.236111 0.512500
vt 0.208333 0.511865
vt 0.234835 0.527021
vt 0.208333 0.527058
vt 0.207006 0.527094
vt 0.180556 0.527058
vt 0.180556 0.512500
vt 0.179251 0.527056
vt 0.152778 0.527058
vt 0.152778 0.512441
vt 0.137467 0.512473
vt 0.152056 0.527059
vt 0.137498 0.527057
vt 0.430556 0.222942
vt 0.430556 0.237500
vt 0.458333 0.222942
vt 0.458333 0.237500
vt 0.486111 0.222942
vt 0.486111 0.237500
vt 0.513889 0.222942
vt 0.513889 0.237500
vt 0.541667 0.222942
vt 0.541667 0.237500
vt 0.387500 0.527058
vt 0.387500 0.512500
vt 0.402778 0.512500
vt 0.402778 0.527058
vt 0.430556 0.512500
vt 0.430556 0.527058
vt 0.458333 0.512500
vt 0.458333 0.527058
vt 0.486111 0.512500
vt 0.486111 0.527058
vt 0.513889 0.512500
vt 0.513889 0.527058
vt 0.541667 0.512500
vt 0.541667 0.527058
vt 0.569444 0.512500
vt 0.569444 0.527058
vt 0.388246 0.250000
vt 0.380914 0.250000
vt 0.375000 0.237500
vt 0.375000 0.263086
vt 0.375000 0.255847
vt 0.125000 0.512500
vt 0.125000 0.505283
vt 0.138086 0.500000
vt 0.625000 0.237501
vt 0.625000 0.244717
vt 0.611280 0.250000
vt 0.861483 0.500000
vt 0.868709 0.500000
vt 0.875000 0.512499
vt 0.618612 0.250000
vt 0.625000 0.263517
vt 0.387618 0.500000
vt 0.375017 0.501761
vt 0.375000 0.487500
vt 0.375000 0.512500
vt 0.362500 0.500000
vt 0.625000 0.488280
vt 0.623369 0.500322
vt 0.611717 0.500000
vt 0.625000 0.512501
vt 0.636720 0.500000
vt 0.875000 0.527058
vt 0.863061 0.527060
vt 0.624444 0.222942
vt 0.625000 0.222942
vt 0.402778 0.250000
vt 0.152778 0.500000
vt 0.375000 0.277778
vt 0.652203 0.500000
vt 0.625000 0.472797
vt 0.402778 0.500000
vt 0.375000 0.527058
vt 0.347222 0.500000
vt 0.375000 0.472222
vt 0.319444 0.500000
vt 0.346388 0.500000
vt 0.375000 0.471388
vt 0.375000 0.444444
vt 0.292503 0.500000
vt 0.375000 0.417503
vt 0.263889 0.500000
vt 0.291098 0.500000
vt 0.375000 0.416098
vt 0.375000 0.388889
vt 0.236681 0.500000
vt 0.375000 0.361681
vt 0.208333 0.500000
vt 0.234938 0.500000
vt 0.375000 0.359938
vt 0.375000 0.333333
vt 0.181728 0.500000
vt 0.375000 0.306728
vt 0.180191 0.500000
vt 0.375000 0.305191
vt 0.847222 0.500000
vt 0.625000 0.277778
vt 0.820098 0.500000
vt 0.625000 0.304902
vt 0.791667 0.500000
vt 0.818881 0.500000
vt 0.625000 0.306119
vt 0.625000 0.333333
vt 0.764452 0.500000
vt 0.625000 0.360548
vt 0.736111 0.500000
vt 0.763889 0.500000
vt 0.625000 0.361111
vt 0.625000 0.388889
vt 0.708333 0.500000
vt 0.735354 0.500000
vt 0.625000 0.389646
vt 0.625000 0.416667
vt 0.680687 0.500000
vt 0.625000 0.444313
vt 0.653394 0.500000
vt 0.680556 0.500000
vt 0.625000 0.444444
vt 0.625000 0.471606
vt 0.125571 0.527057
vt 0.125000 0.527058
vt 0.375000 0.222942
vt 0.625000 0.527058
vt 0.597222 0.250000
vt 0.569444 0.250000
vt 0.541667 0.250000
vt 0.513889 0.250000
vt 0.486111 0.250000
vt 0.458333 0.250000
vt 0.430556 0.250000
vt 0.597330 0.500000
vt 0.569444 0.500000
vt 0.541667 0.500000
vt 0.513889 0.500000
vt 0.486111 0.500000
vt 0.458333 0.500000
vt 0.430556 0.500000
vt 0.478199 0.371241
vt 0.478285 0.371271
vt 0.480039 0.372084
vt 0.483070 0.372084
vt 0.483220 0.372081
vt 0.488731 0.372081
vt 0.489003 0.372097
vt 0.494513 0.372097
vt 0.494785 0.372038
vt 0.500307 0.372038
vt 0.500568 0.372097
vt 0.506079 0.372097
vt 0.506351 0.372071
vt 0.511864 0.372071
vt 0.512134 0.372097
vt 0.517644 0.372097
vt 0.517916 0.372058
vt 0.523432 0.372057
vt 0.523699 0.372097
vt 0.526879 0.372097
vt 0.528720 0.371245
vt 0.529482 0.369187
vt 0.529482 0.365630
vt 0.529482 0.359164
vt 0.529482 0.352697
vt 0.529482 0.346230
vt 0.529482 0.339764
vt 0.529482 0.333297
vt 0.529482 0.326830
vt 0.529482 0.320364
vt 0.529364 0.317750
vt 0.528518 0.315563
vt 0.526661 0.314401
vt 0.523699 0.313897
vt 0.518189 0.313897
vt 0.517916 0.313926
vt 0.512403 0.313926
vt 0.512134 0.313933
vt 0.506618 0.313933
vt 0.506351 0.313897
vt 0.500568 0.313897
vt 0.495058 0.313897
vt 0.494785 0.313923
vt 0.489272 0.313923
vt 0.489003 0.313897
vt 0.483492 0.313897
vt 0.483220 0.313928
vt 0.480187 0.313928
vt 0.480037 0.313922
vt 0.479952 0.313944
vt 0.478199 0.314757
vt 0.478164 0.314846
vt 0.477437 0.316807
vt 0.477437 0.320364
vt 0.477437 0.326830
vt 0.477437 0.333297
vt 0.477437 0.339764
vt 0.477437 0.346230
vt 0.477437 0.352697
vt 0.477437 0.359164
vt 0.477437 0.365630
vt 0.477437 0.369187
s 1
usemtl Material.002
f 2554/3584/1197 2527/3585/1197 2430/3586/1197 2555/3587/1197
f 2556/3588/1197 2437/3589/1197 2507/3590/1197 2557/3591/1197
f 2560/3592/1198 2488/3593/1198 2485/3594/1198 2559/3595/1198 2558/3596/1198
f 2562/3597/1199 2491/3598/1199 2488/3593/1199 2560/3592/1199 2561/3599/1199
f 2563/3600/1200 2494/3601/1200 2491/3598/1200 2562/3597/1200
f 2565/3602/1201 2497/3603/1201 2494/3601/1201 2563/3600/1201 2564/3604/1201
f 2567/3605/1202 2500/3606/1202 2497/3603/1202 2565/3602/1202 2566/3607/1202
f 2569/3608/1203 2504/3609/1203 2500/3606/1203 2567/3605/1203 2568/3610/1203
f 2559/3595/1204 2485/3594/1204 2482/3611/1204 2571/3612/1204 2570/3613/1204
f 2571/3612/1205 2482/3611/1205 2438/3614/1205 2573/3615/1205 2572/3616/1205
f 2575/3617/1206 2530/3618/1206 2453/3619/1206 2574/3620/1206
f 2576/3621/1207 2452/3622/1207 2504/3609/1207 2569/3608/1207
f 2557/3591/1197 2507/3590/1197 2510/3623/1197 2577/3624/1197
f 2579/3625/1208 2458/3626/1208 2446/3627/1208 2578/3628/1208
f 2431/3629/1209 2528/3630/1209 2524/3631/1209 2521/3632/1209 2518/3633/1209 2515/3634/1209 2512/3635/1209 2509/3636/1209 2506/3637/1209 2439/3638/1209 2483/3639/1209 2486/3640/1209 2489/3641/1209 2492/3642/1209 2495/3643/1209 2498/3644/1209 2501/3645/1209 2503/3646/1209 2451/3647/1209 2531/3648/1209 2534/3649/1209 2537/3650/1209 2540/3651/1209 2543/3652/1209 2546/3653/1209 2549/3654/1209 2551/3655/1209 2444/3656/1209 2459/3657/1209 2462/3658/1209 2465/3659/1209 2468/3660/1209 2471/3661/1209 2474/3662/1209 2477/3663/1209 2479/3664/1209
f 2580/3665/1210 2581/3666/1210 2461/3667/1210 2458/3626/1210 2579/3625/1210
f 2582/3668/1211 2583/3669/1211 2464/3670/1211 2461/3667/1211 2581/3666/1211
f 2584/3671/1212 2585/3672/1212 2467/3673/1212 2464/3670/1212 2583/3669/1212
f 2586/3674/1213 2587/3675/1213 2470/3676/1213 2467/3673/1213 2585/3672/1213
f 2473/3677/1214 2470/3676/1214 2587/3675/1214 2588/3678/1214 2589/3679/1214
f 2590/3680/1215 2591/3681/1215 2476/3682/1215 2473/3677/1215 2589/3679/1215
f 2592/3683/1216 2593/3684/1216 2480/3685/1216 2476/3682/1216 2591/3681/1216
f 2432/3686/1217 2480/3685/1217 2593/3684/1217 2594/3687/1217 2595/3688/1217
f 2596/3689/1197 2525/3690/1197 2527/3585/1197 2554/3584/1197
f 2597/3691/1197 2522/3692/1197 2525/3690/1197 2596/3689/1197
f 2598/3693/1197 2519/3694/1197 2522/3692/1197 2597/3691/1197
f 2599/3695/1197 2516/3696/1197 2519/3694/1197 2598/3693/1197
f 2600/3697/1197 2513/3698/1197 2516/3696/1197 2599/3695/1197
f 2577/3624/1197 2510/3623/1197 2513/3698/1197 2600/3697/1197
f 2602/3699/1218 2445/3700/1218 2552/3701/1218 2601/3702/1218
f 2601/3702/1218 2552/3701/1218 2548/3703/1218 2603/3704/1218
f 2603/3704/1218 2548/3703/1218 2545/3705/1218 2604/3706/1218
f 2604/3706/1218 2545/3705/1218 2542/3707/1218 2605/3708/1218
f 2605/3708/1218 2542/3707/1218 2539/3709/1218 2606/3710/1218
f 2606/3710/1218 2539/3709/1218 2536/3711/1218 2607/3712/1218
f 2607/3712/1218 2536/3711/1218 2533/3713/1218 2608/3714/1218
f 2608/3714/1218 2533/3713/1218 2530/3618/1218 2575/3617/1218
f 2430/3586/1219 2433/3715/1219 2434/3716/1219 2436/3717/1219
f 2431/3629/1220 2435/3718/1220 2434/3719/1220 2433/3715/1220
f 2432/3686/1221 2436/3720/1221 2434/3721/1221 2435/3722/1221
f 2437/3589/1222 2440/3723/1222 2441/3724/1222 2443/3725/1222
f 2438/3614/1223 2442/3726/1223 2441/3727/1223 2440/3728/1223
f 2439/3638/1224 2443/3725/1224 2441/3729/1224 2442/3730/1224
f 2444/3656/1225 2447/3731/1225 2448/3732/1225 2450/3733/1225
f 2445/3700/1226 2449/3734/1226 2448/3732/1226 2447/3731/1226
f 2446/3627/1227 2450/3735/1227 2448/3732/1227 2449/3734/1227
f 2451/3647/1228 2454/3736/1228 2455/3737/1228 2457/3738/1228
f 2452/3622/1229 2456/3739/1229 2455/3737/1229 2454/3740/1229
f 2453/3619/1230 2457/3738/1230 2455/3737/1230 2456/3739/1230
f 2573/3615/1231 2438/3614/1231 2440/3728/1231 2610/3741/1231 2609/3742/1231
f 2440/3723/1232 2437/3589/1232 2556/3588/1232 2611/3743/1232 2610/3744/1232
f 2528/3630/1233 2431/3629/1233 2433/3715/1233 2529/3745/1233
f 2529/3745/1234 2433/3715/1234 2430/3586/1234 2527/3585/1234
f 2480/3685/1235 2432/3686/1235 2435/3722/1235 2481/3746/1235
f 2481/3747/1236 2435/3718/1236 2431/3629/1236 2479/3664/1236
f 2504/3609/1237 2452/3622/1237 2454/3740/1237 2505/3748/1237
f 2505/3749/1238 2454/3736/1238 2451/3647/1238 2503/3646/1238
f 2552/3701/1239 2445/3700/1239 2447/3731/1239 2553/3750/1239
f 2553/3750/1240 2447/3731/1240 2444/3656/1240 2551/3655/1240
f 2578/3628/1241 2446/3627/1241 2449/3734/1241 2612/3751/1241
f 2449/3734/1242 2445/3700/1242 2602/3699/1242 2612/3751/1242
f 2446/3627/1243 2458/3626/1243 2460/3752/1243 2450/3735/1243
f 2450/3733/1244 2460/3753/1244 2459/3657/1244 2444/3656/1244
f 2458/3626/1245 2461/3667/1245 2463/3754/1245 2460/3755/1245
f 2460/3756/1246 2463/3757/1246 2462/3658/1246 2459/3657/1246
f 2461/3667/1247 2464/3670/1247 2466/3758/1247 2463/3754/1247
f 2463/3757/1248 2466/3759/1248 2465/3659/1248 2462/3658/1248
f 2464/3670/1249 2467/3673/1249 2469/3760/1249 2466/3761/1249
f 2466/3762/1250 2469/3763/1250 2468/3660/1250 2465/3659/1250
f 2467/3673/1251 2470/3676/1251 2472/3764/1251 2469/3760/1251
f 2469/3763/1252 2472/3765/1252 2471/3661/1252 2468/3660/1252
f 2470/3676/1253 2473/3677/1253 2475/3766/1253 2472/3767/1253
f 2472/3768/1254 2475/3769/1254 2474/3662/1254 2471/3661/1254
f 2473/3677/1255 2476/3682/1255 2478/3770/1255 2475/3766/1255
f 2475/3769/1256 2478/3771/1256 2477/3663/1256 2474/3662/1256
f 2476/3682/1257 2480/3685/1257 2481/3746/1257 2478/3772/1257
f 2478/3773/1258 2481/3747/1258 2479/3664/1258 2477/3663/1258
f 2438/3614/1259 2482/3611/1259 2484/3774/1259 2442/3726/1259
f 2442/3730/1260 2484/3775/1260 2483/3639/1260 2439/3638/1260
f 2482/3611/1261 2485/3594/1261 2487/3776/1261 2484/3774/1261
f 2484/3775/1262 2487/3777/1262 2486/3640/1262 2483/3639/1262
f 2485/3594/1263 2488/3593/1263 2490/3778/1263 2487/3779/1263
f 2487/3780/1264 2490/3781/1264 2489/3641/1264 2486/3640/1264
f 2488/3593/1265 2491/3598/1265 2493/3782/1265 2490/3778/1265
f 2490/3781/1266 2493/3783/1266 2492/3642/1266 2489/3641/1266
f 2491/3598/1267 2494/3601/1267 2496/3784/1267 2493/3785/1267
f 2493/3786/1268 2496/3787/1268 2495/3643/1268 2492/3642/1268
f 2494/3601/1269 2497/3603/1269 2499/3788/1269 2496/3789/1269
f 2496/3790/1270 2499/3791/1270 2498/3644/1270 2495/3643/1270
f 2497/3603/1271 2500/3606/1271 2502/3792/1271 2499/3788/1271
f 2499/3791/1272 2502/3793/1272 2501/3645/1272 2498/3644/1272
f 2500/3606/1273 2504/3609/1273 2505/3794/1273 2502/3795/1273
f 2502/3796/1274 2505/3797/1274 2503/3646/1274 2501/3645/1274
f 2436/3720/1275 2432/3686/1275 2595/3688/1275 2613/3798/1275 2614/3799/1275
f 2430/3586/1276 2436/3717/1276 2614/3800/1276 2555/3587/1276
f 2615/3801/1277 2456/3739/1277 2452/3622/1277 2576/3621/1277
f 2453/3619/1278 2456/3739/1278 2615/3801/1278 2574/3620/1278
f 2439/3638/1233 2506/3637/1233 2508/3802/1233 2443/3725/1233
f 2443/3725/1279 2508/3802/1279 2507/3590/1279 2437/3589/1279
f 2506/3637/1233 2509/3636/1233 2511/3803/1233 2508/3802/1233
f 2508/3802/1279 2511/3803/1279 2510/3623/1279 2507/3590/1279
f 2509/3636/1233 2512/3635/1233 2514/3804/1233 2511/3803/1233
f 2511/3803/1279 2514/3804/1279 2513/3698/1279 2510/3623/1279
f 2512/3635/1233 2515/3634/1233 2517/3805/1233 2514/3804/1233
f 2514/3804/1279 2517/3805/1279 2516/3696/1279 2513/3698/1279
f 2515/3634/1233 2518/3633/1233 2520/3806/1233 2517/3805/1233
f 2517/3805/1279 2520/3806/1279 2519/3694/1279 2516/3696/1279
f 2518/3633/1233 2521/3632/1233 2523/3807/1233 2520/3806/1233
f 2520/3806/1279 2523/3807/1279 2522/3692/1279 2519/3694/1279
f 2521/3632/1233 2524/3631/1233 2526/3808/1233 2523/3807/1233
f 2523/3807/1279 2526/3808/1279 2525/3690/1279 2522/3692/1279
f 2524/3631/1233 2528/3630/1233 2529/3745/1233 2526/3808/1233
f 2526/3808/1279 2529/3745/1234 2527/3585/1234 2525/3690/1279
f 2453/3619/1280 2530/3618/1280 2532/3809/1280 2457/3738/1280
f 2457/3738/1281 2532/3809/1281 2531/3648/1281 2451/3647/1281
f 2530/3618/1239 2533/3713/1239 2535/3810/1239 2532/3809/1239
f 2532/3809/1282 2535/3810/1240 2534/3649/1240 2531/3648/1282
f 2533/3713/1239 2536/3711/1239 2538/3811/1239 2535/3810/1239
f 2535/3810/1240 2538/3811/1240 2537/3650/1240 2534/3649/1240
f 2536/3711/1239 2539/3709/1239 2541/3812/1239 2538/3811/1239
f 2538/3811/1240 2541/3812/1240 2540/3651/1240 2537/3650/1240
f 2539/3709/1239 2542/3707/1239 2544/3813/1239 2541/3812/1239
f 2541/3812/1240 2544/3813/1240 2543/3652/1240 2540/3651/1240
f 2542/3707/1239 2545/3705/1239 2547/3814/1239 2544/3813/1239
f 2544/3813/1240 2547/3814/1240 2546/3653/1240 2543/3652/1240
f 2545/3705/1239 2548/3703/1239 2550/3815/1239 2547/3814/1239
f 2547/3814/1240 2550/3815/1240 2549/3654/1240 2546/3653/1240
f 2548/3703/1239 2552/3701/1239 2553/3750/1239 2550/3815/1239
f 2550/3815/1240 2553/3750/1240 2551/3655/1240 2549/3654/1240
f 2614/3816/1283 2613/3817/1283 2595/3818/1283 2594/3819/1283 2593/3820/1283 2592/3821/1283 2591/3822/1283 2590/3823/1283 2589/3824/1283 2588/3825/1283 2587/3826/1283 2586/3827/1283 2585/3828/1283 2584/3829/1283 2583/3830/1283 2582/3831/1283 2581/3832/1283 2580/3833/1283 2579/3834/1283 2578/3835/1283 2612/3836/1283 2602/3837/1283 2601/3838/1283 2603/3839/1283 2604/3840/1283 2605/3841/1283 2606/3842/1283 2607/3843/1283 2608/3844/1283 2575/3845/1283 2574/3846/1283 2615/3847/1283 2576/3848/1283 2569/3849/1283 2568/3850/1283 2567/3851/1283 2566/3852/1283 2565/3853/1283 2564/3854/1283 2563/3855/1283 2562/3856/1283 2561/3857/1283 2560/3858/1283 2558/3859/1283 2559/3860/1283 2570/3861/1283 2571/3862/1283 2572/3863/1283 2573/3864/1283 2609/3865/1283 2610/3866/1283 2611/3867/1283 2556/3868/1283 2557/3869/1283 2577/3870/1283 2600/3871/1283 2599/3872/1283 2598/3873/1283 2597/3874/1283 2596/3875/1283 2554/3876/1283 2555/3877/1283
o Cube.013
v 2.889405 1.013448 -0.462867
v 2.815670 1.007445 -0.500000
v 2.832846 1.046253 -0.462867
v 2.866774 1.008950 -0.489127
v 2.865785 1.031927 -0.484306
v 2.822894 1.034639 -0.489114
v 2.878496 1.038146 -0.462867
v 2.903062 0.087011 -0.462867
v 2.833651 0.056533 -0.463042
v 2.831298 0.094920 -0.500000
v 2.882732 0.062703 -0.462954
v 2.872689 0.068991 -0.484343
v 2.829878 0.068065 -0.489166
v 2.882057 0.090936 -0.489113
v 1.074243 1.012045 -0.500000
v 1.003062 1.012746 -0.462867
v 1.073615 1.049879 -0.462867
v 1.023903 1.012396 -0.489119
v 1.033013 1.034037 -0.484306
v 1.023726 1.039003 -0.462867
v 1.073926 1.038806 -0.489112
v 1.074107 0.087953 -0.500000
v 1.073615 0.049879 -0.462611
v 1.003062 0.087012 -0.462867
v 1.073859 0.061022 -0.489037
v 1.032984 0.065771 -0.484252
v 1.023726 0.060755 -0.462739
v 1.023865 0.087481 -0.489119
v 1.214173 1.049879 -0.462867
v 1.214173 1.012017 -0.500000
v 1.214173 1.038790 -0.489124
v 1.425285 1.032195 -0.463810
v 1.425284 0.985741 -0.500000
v 1.425285 1.015051 -0.489400
v 1.636396 1.049879 -0.462867
v 1.636396 1.011938 -0.500000
v 1.636396 1.038766 -0.489124
v 1.847506 1.038299 -0.463299
v 1.847506 0.994612 -0.500000
v 1.847506 1.023137 -0.489251
v 2.058618 1.049878 -0.462867
v 2.058618 1.011837 -0.500000
v 2.058618 1.038736 -0.489124
v 2.269729 1.023216 -0.464754
v 2.269729 0.972745 -0.500000
v 2.269729 1.003302 -0.489677
v 2.480840 1.049878 -0.462867
v 2.480840 1.011858 -0.500000
v 2.480840 1.038743 -0.489124
v 2.691951 1.001032 -0.500000
v 2.691951 1.042604 -0.463043
v 2.691951 1.028926 -0.489176
v 2.691951 0.063492 -0.463629
v 2.691951 0.108296 -0.500000
v 2.691951 0.079359 -0.489347
v 2.480839 0.049878 -0.463071
v 2.480839 0.088108 -0.500000
v 2.480839 0.061075 -0.489184
v 2.269729 0.061501 -0.463538
v 2.269729 0.105504 -0.500000
v 2.269729 0.076741 -0.489320
v 2.058617 0.049878 -0.463167
v 2.058617 0.088360 -0.500000
v 2.058617 0.061149 -0.489211
v 1.847506 0.097667 -0.467393
v 1.847506 0.156056 -0.500000
v 1.847506 0.122991 -0.490449
v 1.636395 0.065806 -0.463328
v 1.636395 0.112018 -0.500000
v 1.636395 0.082592 -0.489259
v 1.425284 0.062597 -0.463093
v 1.425284 0.107131 -0.500000
v 1.425284 0.078261 -0.489190
v 1.214173 0.087991 -0.500000
v 1.214173 0.049879 -0.462601
v 1.214173 0.061041 -0.489046
v 2.831250 0.160989 -0.500000
v 2.903062 0.160989 -0.462867
v 2.882029 0.160989 -0.489124
v 2.764576 0.272100 -0.500000
v 2.857739 0.272100 -0.464444
v 2.821617 0.272100 -0.489586
v 2.831379 0.383211 -0.500000
v 2.903062 0.383211 -0.462867
v 2.882066 0.383211 -0.489124
v 2.831554 0.494323 -0.500000
v 2.903062 0.494323 -0.462867
v 2.882118 0.494323 -0.489124
v 2.831653 0.605434 -0.500000
v 2.903062 0.605434 -0.462867
v 2.882147 0.605434 -0.489124
v 2.831684 0.716545 -0.500000
v 2.903062 0.716545 -0.462867
v 2.882156 0.716545 -0.489124
v 2.831648 0.827656 -0.500000
v 2.903062 0.827656 -0.462867
v 2.882145 0.827656 -0.489124
v 2.875075 0.938767 -0.463544
v 2.789942 0.938767 -0.500000
v 2.844479 0.938767 -0.489322
v 1.003062 0.160990 -0.462867
v 1.074127 0.160990 -0.500000
v 1.023877 0.160990 -0.489124
v 1.003062 0.272101 -0.462867
v 1.074188 0.272101 -0.500000
v 1.023894 0.272101 -0.489124
v 1.003062 0.383212 -0.462867
v 1.074294 0.383212 -0.500000
v 1.023925 0.383212 -0.489124
v 1.003062 0.494323 -0.462867
v 1.074455 0.494323 -0.500000
v 1.023972 0.494323 -0.489124
v 1.052020 0.605434 -0.463917
v 1.140983 0.605434 -0.500000
v 1.085308 0.605434 -0.489432
v 1.003062 0.716545 -0.462867
v 1.074481 0.716545 -0.500000
v 1.023980 0.716545 -0.489124
v 1.003062 0.827657 -0.462867
v 1.074345 0.827657 -0.500000
v 1.023941 0.827657 -0.489124
v 1.074268 0.938768 -0.500000
v 1.003062 0.938768 -0.462867
v 1.023918 0.938768 -0.489124
v 2.901983 0.938767 -0.391766
v 2.901983 1.009894 -0.391766
v 2.902531 1.012772 -0.391766
v 2.903062 0.087011 -0.391766
v 2.903062 0.160989 -0.391766
v 2.472702 0.050326 -0.391766
v 2.480839 0.049878 -0.391766
v 2.269729 0.050326 -0.391766
v 2.261551 0.049878 -0.391766
v 2.058617 0.049878 -0.391766
v 2.050879 0.051630 -0.391766
v 1.847506 0.051630 -0.391766
v 1.839346 0.050494 -0.391766
v 1.636395 0.050494 -0.391766
v 1.628209 0.050372 -0.391766
v 1.425284 0.050372 -0.391766
v 1.417043 0.049879 -0.391766
v 1.214173 0.049879 -0.391766
v 2.683762 0.049878 -0.391766
v 2.691951 0.050402 -0.391766
v 2.827098 0.050402 -0.391766
v 2.832553 0.050136 -0.391766
v 1.003062 0.087012 -0.391766
v 1.003062 0.160990 -0.391766
v 1.073615 0.049879 -0.391766
v 2.903062 0.267779 -0.391766
v 2.901336 0.272100 -0.391766
v 1.073615 1.049879 -0.391766
v 1.214173 1.049879 -0.391766
v 1.222281 1.049200 -0.391766
v 1.425285 1.049200 -0.391766
v 1.433496 1.049879 -0.391766
v 1.636396 1.049879 -0.391766
v 1.644559 1.049431 -0.391766
v 1.847506 1.049431 -0.391766
v 1.855718 1.049879 -0.391766
v 2.058618 1.049878 -0.391766
v 2.066624 1.048867 -0.391766
v 2.269729 1.048867 -0.391766
v 2.277940 1.049878 -0.391766
v 2.480840 1.049878 -0.391766
v 2.489032 1.049597 -0.391766
v 2.691951 1.049596 -0.391766
v 2.697431 1.049737 -0.391766
v 2.832522 1.049737 -0.391766
v 2.903062 0.827656 -0.391766
v 2.903062 0.934446 -0.391766
v 2.903062 0.716545 -0.391766
v 2.903062 0.605434 -0.391766
v 2.903062 0.494323 -0.391766
v 2.903062 0.383211 -0.391766
v 2.901336 0.378980 -0.391766
v 1.003062 0.938768 -0.391766
v 1.003062 1.012746 -0.391766
v 1.003062 0.827657 -0.391766
v 1.003062 0.716546 -0.391766
v 1.015224 0.609756 -0.391766
v 1.017109 0.605434 -0.391766
v 1.004940 0.498584 -0.391766
v 1.003062 0.494323 -0.391766
v 1.003062 0.383212 -0.391766
v 1.003062 0.272101 -0.391766
v 2.834460 0.050376 -0.391766
v 2.882410 0.060830 -0.391766
v 2.883201 0.061775 -0.391766
v 1.023726 1.039003 -0.391766
v 2.880471 1.039284 -0.391766
v 2.882246 1.038969 -0.391766
v 2.902107 1.013734 -0.391766
v 1.023726 0.060755 -0.391766
vn 0.9594 -0.0948 -0.2657
vn 1.0000 -0.0000 -0.0000
vn -0.0284 -0.9968 -0.0749
vn 0.0284 -0.9963 -0.0808
vn -0.1087 -0.9517 -0.2871
vn 0.0681 -0.9185 -0.3896
vn 0.0076 -0.9818 -0.1900
vn 0.0311 -0.9956 -0.0889
vn 0.0332 -0.9950 -0.0945
vn -0.0251 -0.9908 -0.1333
vn -1.0000 -0.0000 -0.0000
vn -0.0000 -1.0000 -0.0000
vn 0.9354 0.1960 -0.2944
vn -0.0000 1.0000 -0.0000
vn -0.0000 -0.0000 -1.0000
vn 0.0429 0.9926 -0.1134
vn -0.0429 0.9916 -0.1223
vn 0.0283 0.9968 -0.0748
vn -0.0283 0.9963 -0.0808
vn 0.0637 0.9836 -0.1685
vn -0.0635 0.9814 -0.1813
vn 0.0179 0.9987 -0.0472
vn -0.0134 0.9971 -0.0743
vn 0.9735 0.1268 -0.1904
vn 0.9411 -0.1972 -0.2745
vn -0.9350 -0.2640 -0.2366
vn -0.9388 0.2651 -0.2200
vn 0.7505 0.2492 -0.6121
vn 0.1616 0.2765 -0.9473
vn 0.1325 0.9061 -0.4018
vn 0.6781 -0.4908 -0.5472
vn 0.0912 -0.9234 -0.3729
vn 0.1458 -0.3304 -0.9325
vn -0.1754 0.3325 -0.9267
vn -0.7102 0.4921 -0.5035
vn -0.1771 0.9215 -0.3456
vn -0.1749 -0.3334 -0.9264
vn -0.1764 -0.9216 -0.3456
vn -0.7097 -0.4930 -0.5033
vn 0.1678 -0.9842 -0.0566
vn 0.7764 -0.6302 -0.0068
vn 0.2004 -0.0679 -0.9774
vn 0.6961 -0.1718 -0.6971
vn -0.0307 0.9024 -0.4299
vn -0.0173 0.3686 -0.9294
vn 0.0001 -0.9214 -0.3887
vn -0.0000 -0.3768 -0.9263
vn -0.7830 -0.0001 -0.6220
vn -0.7831 -0.0001 -0.6219
vn -0.2111 -0.0001 -0.9775
vn -0.2112 -0.0000 -0.9774
vn -0.2130 0.9771 -0.0000
vn -0.7858 0.6184 -0.0000
vn -0.0000 0.9213 -0.3889
vn -0.0000 0.3766 -0.9264
vn 0.0845 0.8751 -0.4765
vn 0.0417 0.3573 -0.9331
vn -0.0844 0.8749 -0.4768
vn -0.0416 0.3570 -0.9332
vn 0.0569 0.8918 -0.4488
vn 0.0281 0.3637 -0.9311
vn -0.0568 0.8916 -0.4492
vn -0.0280 0.3633 -0.9312
vn 0.1218 0.8486 -0.5149
vn 0.0598 0.3455 -0.9365
vn -0.1218 0.8486 -0.5148
vn -0.0598 0.3456 -0.9365
vn 0.0363 0.9032 -0.4278
vn 0.0179 0.3682 -0.9296
vn -0.0565 -0.8844 -0.4633
vn -0.0313 -0.3585 -0.9330
vn 0.0660 -0.8845 -0.4618
vn 0.0323 -0.3580 -0.9332
vn -0.0568 -0.8896 -0.4532
vn -0.0278 -0.3594 -0.9328
vn 0.0568 -0.8888 -0.4547
vn 0.0275 -0.3580 -0.9333
vn -0.1965 -0.7862 -0.5859
vn -0.0949 -0.3183 -0.9432
vn 0.1208 -0.7528 -0.6471
vn 0.0590 -0.3083 -0.9495
vn 0.0148 -0.8484 -0.5291
vn 0.0074 -0.3467 -0.9379
vn 0.0623 -0.8889 -0.4538
vn 0.0309 -0.3631 -0.9312
vn 0.1940 0.9804 -0.0339
vn 0.8481 0.5198 -0.1032
vn -0.2130 -0.9771 -0.0000
vn -0.7858 -0.6184 -0.0000
vn 0.2096 -0.0000 -0.9778
vn 0.7806 0.0001 -0.6250
vn 0.1926 0.1081 -0.9753
vn 0.6384 0.2973 -0.7099
vn 0.1927 -0.1083 -0.9753
vn 0.6386 -0.2975 -0.7097
vn 0.2100 -0.0002 -0.9777
vn 0.2102 -0.0002 -0.9777
vn 0.7814 -0.0002 -0.6241
vn 0.7817 -0.0001 -0.6237
vn 0.2105 -0.0001 -0.9776
vn 0.7821 -0.0001 -0.6231
vn 0.2106 -0.0000 -0.9776
vn 0.7822 -0.0000 -0.6230
vn 0.2005 0.0707 -0.9771
vn 0.6959 0.2029 -0.6889
vn -0.7837 -0.0000 -0.6211
vn -0.7836 0.0001 -0.6213
vn -0.2116 -0.0000 -0.9774
vn -0.2115 -0.0000 -0.9774
vn -0.7833 0.0001 -0.6216
vn -0.2113 0.0001 -0.9774
vn -0.7829 0.0001 -0.6222
vn -0.2110 0.0002 -0.9775
vn -0.7826 0.0002 -0.6225
vn -0.2108 0.0002 -0.9775
vn -0.6543 0.3206 -0.6849
vn -0.1968 0.1119 -0.9740
vn -0.6542 -0.3205 -0.6850
vn -0.1967 -0.1118 -0.9741
vn -0.7824 -0.0001 -0.6227
vn -0.7826 -0.0001 -0.6225
vn -0.2107 -0.0002 -0.9775
vn -0.2109 -0.0001 -0.9775
vn -0.0000 -0.0000 1.0000
vt 0.402778 0.222942
vt 0.402778 0.240886
vt 0.384169 0.240779
vt 0.384279 0.222944
vt 0.385001 0.222952
vt 0.615717 0.222942
vt 0.615717 0.240717
vt 0.597222 0.240717
vt 0.597222 0.222942
vt 0.791667 0.527058
vt 0.791667 0.509116
vt 0.819444 0.509232
vt 0.819444 0.527058
vt 0.818369 0.527051
vt 0.763889 0.527058
vt 0.763889 0.509208
vt 0.790586 0.527066
vt 0.736111 0.527058
vt 0.736111 0.508152
vt 0.762797 0.526949
vt 0.708333 0.527058
vt 0.708333 0.509168
vt 0.735012 0.527136
vt 0.680556 0.527058
vt 0.680556 0.509227
vt 0.707256 0.527063
vt 0.652778 0.527058
vt 0.652778 0.509350
vt 0.679466 0.527067
vt 0.847222 0.509093
vt 0.847222 0.527058
vt 0.846138 0.527068
vt 0.865814 0.509187
vt 0.865721 0.527056
vt 0.865001 0.527050
vt 0.597222 0.527058
vt 0.597222 0.509283
vt 0.615717 0.509283
vt 0.615717 0.527058
vt 0.634283 0.527058
vt 0.634283 0.509347
vt 0.569444 0.241111
vt 0.569444 0.222942
vt 0.570544 0.222913
vt 0.347222 0.527058
vt 0.347222 0.509283
vt 0.365717 0.509283
vt 0.365717 0.527058
vt 0.384927 0.260179
vt 0.402778 0.261715
vt 0.430556 0.259397
vt 0.458333 0.259392
vt 0.486111 0.259396
vt 0.513889 0.259409
vt 0.541667 0.259432
vt 0.569444 0.263813
vt 0.597222 0.259449
vt 0.614862 0.259443
vt 0.613330 0.277778
vt 0.615443 0.305556
vt 0.613652 0.333333
vt 0.615380 0.361111
vt 0.600375 0.388889
vt 0.612798 0.416667
vt 0.613472 0.444444
vt 0.615472 0.472222
vt 0.615481 0.490652
vt 0.597222 0.490649
vt 0.569444 0.490641
vt 0.541667 0.490627
vt 0.513889 0.490606
vt 0.486111 0.486273
vt 0.458333 0.490603
vt 0.430556 0.490621
vt 0.402778 0.490631
vt 0.384459 0.490634
vt 0.384466 0.472222
vt 0.387406 0.444444
vt 0.384485 0.416667
vt 0.386244 0.388889
vt 0.384511 0.361111
vt 0.389680 0.333333
vt 0.384505 0.305556
vt 0.385518 0.277778
vt 0.346144 0.527042
vt 0.319444 0.527058
vt 0.319444 0.509048
vt 0.318353 0.527075
vt 0.291667 0.527058
vt 0.291667 0.509283
vt 0.290588 0.527051
vt 0.263889 0.527058
vt 0.263889 0.509175
vt 0.262804 0.527066
vt 0.236111 0.527058
vt 0.236111 0.509283
vt 0.235033 0.527022
vt 0.208333 0.527058
vt 0.208333 0.508811
vt 0.207230 0.527093
vt 0.180556 0.527058
vt 0.180556 0.509283
vt 0.179476 0.527056
vt 0.152778 0.527058
vt 0.152778 0.509239
vt 0.134254 0.509268
vt 0.152056 0.527060
vt 0.134282 0.527058
vt 0.430556 0.222942
vt 0.430556 0.240717
vt 0.403866 0.222930
vt 0.458333 0.222942
vt 0.458333 0.240717
vt 0.486111 0.222942
vt 0.486111 0.240717
vt 0.513889 0.222942
vt 0.513889 0.240717
vt 0.541667 0.222942
vt 0.541667 0.240717
vt 0.542744 0.222971
vt 0.384283 0.527058
vt 0.384283 0.509283
vt 0.402778 0.509283
vt 0.402778 0.527058
vt 0.430556 0.509283
vt 0.430556 0.527058
vt 0.458333 0.509283
vt 0.458333 0.527058
vt 0.485010 0.527077
vt 0.486111 0.509021
vt 0.486111 0.527058
vt 0.512802 0.527039
vt 0.513889 0.509283
vt 0.513889 0.527058
vt 0.541667 0.509283
vt 0.541667 0.527058
vt 0.569444 0.509283
vt 0.569444 0.527058
vt 0.385756 0.250000
vt 0.380251 0.250000
vt 0.375000 0.240717
vt 0.375000 0.260818
vt 0.375000 0.255294
vt 0.125000 0.509283
vt 0.125000 0.503923
vt 0.135818 0.500000
vt 0.625000 0.240739
vt 0.625000 0.246086
vt 0.614736 0.250000
vt 0.864878 0.500000
vt 0.870290 0.500000
vt 0.875000 0.509261
vt 0.620222 0.250000
vt 0.625000 0.260122
vt 0.384371 0.500000
vt 0.375007 0.501308
vt 0.375000 0.490676
vt 0.375000 0.509283
vt 0.365676 0.500000
vt 0.625000 0.490685
vt 0.623676 0.500000
vt 0.615599 0.500000
vt 0.625000 0.509315
vt 0.634315 0.500000
vt 0.875000 0.527058
vt 0.866060 0.527059
vt 0.624659 0.222942
vt 0.625000 0.222942
vt 0.402778 0.250000
vt 0.152778 0.500000
vt 0.375000 0.277778
vt 0.652778 0.500000
vt 0.625000 0.472222
vt 0.402778 0.500000
vt 0.375000 0.527058
vt 0.347222 0.500000
vt 0.375000 0.472222
vt 0.319444 0.500000
vt 0.346602 0.500000
vt 0.375000 0.471602
vt 0.375000 0.444444
vt 0.292288 0.500000
vt 0.375000 0.417288
vt 0.263889 0.500000
vt 0.291245 0.500000
vt 0.375000 0.416245
vt 0.375000 0.388889
vt 0.236534 0.500000
vt 0.375000 0.361534
vt 0.208333 0.500000
vt 0.235240 0.500000
vt 0.375000 0.360240
vt 0.375000 0.333333
vt 0.181426 0.500000
vt 0.375000 0.306426
vt 0.180285 0.500000
vt 0.375000 0.305285
vt 0.847222 0.500000
vt 0.625000 0.277778
vt 0.819938 0.500000
vt 0.625000 0.305062
vt 0.791667 0.500000
vt 0.819019 0.500000
vt 0.625000 0.305981
vt 0.625000 0.333333
vt 0.764317 0.500000
vt 0.625000 0.360683
vt 0.736111 0.500000
vt 0.762637 0.500000
vt 0.625000 0.362363
vt 0.625000 0.388889
vt 0.709097 0.500000
vt 0.625000 0.415903
vt 0.680556 0.500000
vt 0.708333 0.500000
vt 0.625000 0.416667
vt 0.625000 0.444444
vt 0.653242 0.500000
vt 0.625000 0.471758
vt 0.125327 0.527058
vt 0.125000 0.527058
vt 0.375000 0.222942
vt 0.383952 0.222942
vt 0.625000 0.527058
vt 0.596825 0.250000
vt 0.569444 0.250000
vt 0.542063 0.250000
vt 0.513889 0.250000
vt 0.486111 0.250000
vt 0.458333 0.250000
vt 0.430294 0.250000
vt 0.597222 0.500000
vt 0.569444 0.500000
vt 0.541667 0.500000
vt 0.513495 0.500000
vt 0.486111 0.500000
vt 0.458727 0.500000
vt 0.430556 0.500000
vt 0.582754 0.314532
vt 0.582705 0.314514
vt 0.581392 0.313905
vt 0.577691 0.313905
vt 0.577541 0.313914
vt 0.571983 0.313914
vt 0.571758 0.313897
vt 0.566201 0.313897
vt 0.565976 0.313956
vt 0.560412 0.313956
vt 0.560193 0.313897
vt 0.554635 0.313897
vt 0.554410 0.313923
vt 0.548851 0.313923
vt 0.548627 0.313897
vt 0.543070 0.313897
vt 0.542845 0.313937
vt 0.537284 0.313937
vt 0.537062 0.313897
vt 0.533212 0.313897
vt 0.531845 0.314530
vt 0.531279 0.316058
vt 0.531279 0.320364
vt 0.531279 0.326830
vt 0.531279 0.333297
vt 0.531613 0.339512
vt 0.531664 0.339764
vt 0.531331 0.345982
vt 0.531279 0.346230
vt 0.531279 0.352697
vt 0.531279 0.359164
vt 0.531279 0.365630
vt 0.531279 0.369936
vt 0.531845 0.371464
vt 0.533212 0.372097
vt 0.537062 0.372097
vt 0.542619 0.372097
vt 0.542845 0.372068
vt 0.548403 0.372068
vt 0.548627 0.372061
vt 0.554187 0.372061
vt 0.554410 0.371995
vt 0.559981 0.371995
vt 0.560193 0.372097
vt 0.565752 0.372097
vt 0.565976 0.372071
vt 0.571535 0.372071
vt 0.571758 0.372097
vt 0.577317 0.372097
vt 0.577541 0.372067
vt 0.581243 0.372067
vt 0.581392 0.372082
vt 0.581445 0.372068
vt 0.582758 0.371460
vt 0.582780 0.371405
vt 0.583324 0.369936
vt 0.583324 0.365630
vt 0.583324 0.359415
vt 0.583277 0.359164
vt 0.583277 0.352943
vt 0.583324 0.352697
vt 0.583324 0.346230
vt 0.583324 0.339764
vt 0.583324 0.333297
vt 0.583324 0.326830
vt 0.583324 0.320615
vt 0.583294 0.320364
vt 0.583294 0.316224
vt 0.583309 0.316057
vt 0.583298 0.316001
s 1
usemtl Material.002
f 2740/3878/1284 2713/3879/1284 2616/3880/1284 2742/3881/1284 2741/3882/1284
f 2743/3883/1285 2623/3884/1285 2693/3885/1285 2744/3886/1285
f 2747/3887/1286 2674/3888/1286 2671/3889/1286 2746/3890/1286 2745/3891/1286
f 2749/3892/1287 2677/3893/1287 2674/3888/1287 2747/3887/1287 2748/3894/1287
f 2751/3895/1288 2680/3896/1288 2677/3893/1288 2749/3892/1288 2750/3897/1288
f 2753/3898/1289 2683/3899/1289 2680/3896/1289 2751/3895/1289 2752/3900/1289
f 2755/3901/1290 2686/3902/1290 2683/3899/1290 2753/3898/1290 2754/3903/1290
f 2757/3904/1291 2690/3905/1291 2686/3902/1291 2755/3901/1291 2756/3906/1291
f 2746/3890/1292 2671/3889/1292 2668/3907/1292 2759/3908/1292 2758/3909/1292
f 2759/3908/1293 2668/3907/1293 2624/3910/1293 2761/3911/1293 2760/3912/1293
f 2763/3913/1294 2716/3914/1294 2639/3915/1294 2762/3916/1294
f 2764/3917/1295 2638/3918/1295 2690/3905/1295 2757/3904/1295
f 2744/3886/1296 2693/3885/1296 2696/3919/1296 2766/3920/1296 2765/3921/1296
f 2768/3922/1297 2644/3923/1297 2632/3924/1297 2767/3925/1297
f 2617/3926/1298 2714/3927/1298 2710/3928/1298 2707/3929/1298 2704/3930/1298 2701/3931/1298 2698/3932/1298 2695/3933/1298 2692/3934/1298 2625/3935/1298 2669/3936/1298 2672/3937/1298 2675/3938/1298 2678/3939/1298 2681/3940/1298 2684/3941/1298 2687/3942/1298 2689/3943/1298 2637/3944/1298 2717/3945/1298 2720/3946/1298 2723/3947/1298 2726/3948/1298 2729/3949/1298 2732/3950/1298 2735/3951/1298 2737/3952/1298 2630/3953/1298 2645/3954/1298 2648/3955/1298 2651/3956/1298 2654/3957/1298 2657/3958/1298 2660/3959/1298 2663/3960/1298 2665/3961/1298
f 2769/3962/1299 2770/3963/1299 2647/3964/1299 2644/3923/1299 2768/3922/1299
f 2771/3965/1300 2772/3966/1300 2650/3967/1300 2647/3964/1300 2770/3963/1300
f 2773/3968/1301 2774/3969/1301 2653/3970/1301 2650/3967/1301 2772/3966/1301
f 2775/3971/1302 2776/3972/1302 2656/3973/1302 2653/3970/1302 2774/3969/1302
f 2777/3974/1303 2778/3975/1303 2659/3976/1303 2656/3973/1303 2776/3972/1303
f 2779/3977/1304 2780/3978/1304 2662/3979/1304 2659/3976/1304 2778/3975/1304
f 2781/3980/1305 2782/3981/1305 2666/3982/1305 2662/3979/1305 2780/3978/1305
f 2618/3983/1306 2666/3982/1306 2782/3981/1306 2783/3984/1306 2784/3985/1306
f 2785/3986/1307 2711/3987/1307 2713/3879/1307 2740/3878/1307 2786/3988/1307
f 2787/3989/1285 2708/3990/1285 2711/3987/1285 2785/3986/1285
f 2788/3991/1285 2705/3992/1285 2708/3990/1285 2787/3989/1285
f 2789/3993/1285 2702/3994/1285 2705/3992/1285 2788/3991/1285
f 2790/3995/1285 2699/3996/1285 2702/3994/1285 2789/3993/1285
f 2766/3920/1308 2696/3919/1308 2699/3996/1308 2790/3995/1308 2791/3997/1308
f 2793/3998/1294 2631/3999/1294 2738/4000/1294 2792/4001/1294
f 2792/4001/1294 2738/4000/1294 2734/4002/1294 2794/4003/1294
f 2794/4003/1294 2734/4002/1294 2731/4004/1294 2795/4005/1294
f 2796/4006/1309 2795/4005/1309 2731/4004/1309 2728/4007/1309 2797/4008/1309
f 2798/4009/1310 2797/4008/1310 2728/4007/1310 2725/4010/1310 2799/4011/1310
f 2799/4011/1294 2725/4010/1294 2722/4012/1294 2800/4013/1294
f 2800/4013/1294 2722/4012/1294 2719/4014/1294 2801/4015/1294
f 2801/4015/1294 2719/4014/1294 2716/3914/1294 2763/3913/1294
f 2616/3880/1311 2619/4016/1311 2620/4017/1311 2622/4018/1311
f 2617/3926/1312 2621/4019/1312 2620/4020/1312 2619/4016/1312
f 2618/3983/1313 2622/4021/1313 2620/4022/1313 2621/4023/1313
f 2623/3884/1314 2626/4024/1314 2627/4025/1314 2629/4026/1314
f 2624/3910/1315 2628/4027/1315 2627/4028/1315 2626/4029/1315
f 2625/3935/1316 2629/4026/1316 2627/4030/1316 2628/4031/1316
f 2630/3953/1317 2633/4032/1317 2634/4033/1317 2636/4034/1317
f 2631/3999/1318 2635/4035/1318 2634/4033/1318 2633/4032/1318
f 2632/3924/1319 2636/4036/1319 2634/4033/1319 2635/4035/1319
f 2637/3944/1320 2640/4037/1320 2641/4038/1320 2643/4039/1320
f 2638/3918/1321 2642/4040/1321 2641/4038/1321 2640/4041/1321
f 2639/3915/1322 2643/4039/1322 2641/4038/1322 2642/4040/1322
f 2761/3911/1323 2624/3910/1323 2626/4029/1323 2803/4042/1323 2802/4043/1323
f 2626/4024/1324 2623/3884/1324 2743/3883/1324 2804/4044/1324 2803/4045/1324
f 2714/3927/1325 2617/3926/1325 2619/4016/1325 2715/4046/1325
f 2715/4046/1326 2619/4016/1326 2616/3880/1326 2713/3879/1326
f 2666/3982/1327 2618/3983/1327 2621/4023/1327 2667/4047/1327
f 2667/4048/1328 2621/4019/1328 2617/3926/1328 2665/3961/1328
f 2690/3905/1329 2638/3918/1329 2640/4041/1329 2691/4049/1329
f 2691/4050/1330 2640/4037/1330 2637/3944/1330 2689/3943/1330
f 2738/4000/1331 2631/3999/1332 2633/4032/1332 2739/4051/1331
f 2739/4051/1333 2633/4032/1334 2630/3953/1334 2737/3952/1333
f 2767/3925/1335 2632/3924/1335 2635/4035/1335 2805/4052/1335
f 2635/4035/1336 2631/3999/1336 2793/3998/1336 2805/4052/1336
f 2632/3924/1337 2644/3923/1337 2646/4053/1337 2636/4036/1337
f 2636/4034/1338 2646/4054/1338 2645/3954/1338 2630/3953/1338
f 2644/3923/1339 2647/3964/1339 2649/4055/1339 2646/4056/1339
f 2646/4057/1340 2649/4058/1340 2648/3955/1340 2645/3954/1340
f 2647/3964/1341 2650/3967/1341 2652/4059/1341 2649/4055/1341
f 2649/4058/1342 2652/4060/1342 2651/3956/1342 2648/3955/1342
f 2650/3967/1343 2653/3970/1343 2655/4061/1343 2652/4062/1343
f 2652/4063/1344 2655/4064/1344 2654/3957/1344 2651/3956/1344
f 2653/3970/1345 2656/3973/1345 2658/4065/1345 2655/4061/1345
f 2655/4064/1346 2658/4066/1346 2657/3958/1346 2654/3957/1346
f 2656/3973/1347 2659/3976/1347 2661/4067/1347 2658/4068/1347
f 2658/4069/1348 2661/4070/1348 2660/3959/1348 2657/3958/1348
f 2659/3976/1349 2662/3979/1349 2664/4071/1349 2661/4067/1349
f 2661/4070/1350 2664/4072/1350 2663/3960/1350 2660/3959/1350
f 2662/3979/1351 2666/3982/1351 2667/4047/1351 2664/4073/1351
f 2664/4074/1352 2667/4048/1352 2665/3961/1352 2663/3960/1352
f 2624/3910/1353 2668/3907/1353 2670/4075/1353 2628/4027/1353
f 2628/4031/1354 2670/4076/1354 2669/3936/1354 2625/3935/1354
f 2668/3907/1355 2671/3889/1355 2673/4077/1355 2670/4075/1355
f 2670/4076/1356 2673/4078/1356 2672/3937/1356 2669/3936/1356
f 2671/3889/1357 2674/3888/1357 2676/4079/1357 2673/4080/1357
f 2673/4081/1358 2676/4082/1358 2675/3938/1358 2672/3937/1358
f 2674/3888/1359 2677/3893/1359 2679/4083/1359 2676/4079/1359
f 2676/4082/1360 2679/4084/1360 2678/3939/1360 2675/3938/1360
f 2677/3893/1361 2680/3896/1361 2682/4085/1361 2679/4086/1361
f 2679/4087/1362 2682/4088/1362 2681/3940/1362 2678/3939/1362
f 2680/3896/1363 2683/3899/1363 2685/4089/1363 2682/4085/1363
f 2682/4088/1364 2685/4090/1364 2684/3941/1364 2681/3940/1364
f 2683/3899/1365 2686/3902/1365 2688/4091/1365 2685/4092/1365
f 2685/4093/1366 2688/4094/1366 2687/3942/1366 2684/3941/1366
f 2686/3902/1367 2690/3905/1367 2691/4095/1367 2688/4091/1367
f 2688/4094/1368 2691/4096/1368 2689/3943/1368 2687/3942/1368
f 2806/4097/1369 2807/4098/1369 2622/4021/1369 2618/3983/1369 2784/3985/1369
f 2616/3880/1370 2622/4018/1370 2807/4099/1370 2808/4100/1370 2742/3881/1370
f 2809/4101/1371 2642/4040/1371 2638/3918/1371 2764/3917/1371
f 2639/3915/1372 2642/4040/1372 2809/4101/1372 2762/3916/1372
f 2625/3935/1373 2692/3934/1373 2694/4102/1373 2629/4026/1373
f 2629/4026/1374 2694/4102/1374 2693/3885/1374 2623/3884/1374
f 2692/3934/1375 2695/3933/1375 2697/4103/1375 2694/4102/1375
f 2694/4102/1376 2697/4103/1376 2696/3919/1376 2693/3885/1376
f 2695/3933/1377 2698/3932/1377 2700/4104/1377 2697/4103/1377
f 2697/4103/1378 2700/4104/1378 2699/3996/1378 2696/3919/1378
f 2698/3932/1379 2701/3931/1380 2703/4105/1380 2700/4104/1379
f 2700/4104/1381 2703/4105/1382 2702/3994/1382 2699/3996/1381
f 2701/3931/1380 2704/3930/1383 2706/4106/1383 2703/4105/1380
f 2703/4105/1382 2706/4106/1384 2705/3992/1384 2702/3994/1382
f 2704/3930/1383 2707/3929/1385 2709/4107/1385 2706/4106/1383
f 2706/4106/1384 2709/4107/1386 2708/3990/1386 2705/3992/1384
f 2707/3929/1385 2710/3928/1385 2712/4108/1385 2709/4107/1385
f 2709/4107/1386 2712/4108/1386 2711/3987/1386 2708/3990/1386
f 2710/3928/1387 2714/3927/1387 2715/4046/1387 2712/4108/1387
f 2712/4108/1388 2715/4046/1388 2713/3879/1388 2711/3987/1388
f 2639/3915/1389 2716/3914/1390 2718/4109/1390 2643/4039/1389
f 2643/4039/1391 2718/4109/1392 2717/3945/1392 2637/3944/1391
f 2716/3914/1390 2719/4014/1393 2721/4110/1393 2718/4109/1390
f 2718/4109/1392 2721/4110/1394 2720/3946/1394 2717/3945/1392
f 2719/4014/1393 2722/4012/1395 2724/4111/1395 2721/4110/1393
f 2721/4110/1394 2724/4111/1396 2723/3947/1396 2720/3946/1394
f 2722/4012/1395 2725/4010/1397 2727/4112/1397 2724/4111/1395
f 2724/4111/1396 2727/4112/1398 2726/3948/1398 2723/3947/1396
f 2725/4010/1399 2728/4007/1399 2730/4113/1399 2727/4112/1399
f 2727/4112/1400 2730/4113/1400 2729/3949/1400 2726/3948/1400
f 2728/4007/1401 2731/4004/1401 2733/4114/1401 2730/4113/1401
f 2730/4113/1402 2733/4114/1402 2732/3950/1402 2729/3949/1402
f 2731/4004/1403 2734/4002/1404 2736/4115/1404 2733/4114/1403
f 2733/4114/1405 2736/4115/1406 2735/3951/1406 2732/3950/1405
f 2734/4002/1404 2738/4000/1331 2739/4051/1331 2736/4115/1404
f 2736/4115/1406 2739/4051/1333 2737/3952/1333 2735/3951/1406
f 2807/4116/1407 2806/4117/1407 2784/4118/1407 2783/4119/1407 2782/4120/1407 2781/4121/1407 2780/4122/1407 2779/4123/1407 2778/4124/1407 2777/4125/1407 2776/4126/1407 2775/4127/1407 2774/4128/1407 2773/4129/1407 2772/4130/1407 2771/4131/1407 2770/4132/1407 2769/4133/1407 2768/4134/1407 2767/4135/1407 2805/4136/1407 2793/4137/1407 2792/4138/1407 2794/4139/1407 2795/4140/1407 2796/4141/1407 2797/4142/1407 2798/4143/1407 2799/4144/1407 2800/4145/1407 2801/4146/1407 2763/4147/1407 2762/4148/1407 2809/4149/1407 2764/4150/1407 2757/4151/1407 2756/4152/1407 2755/4153/1407 2754/4154/1407 2753/4155/1407 2752/4156/1407 2751/4157/1407 2750/4158/1407 2749/4159/1407 2748/4160/1407 2747/4161/1407 2745/4162/1407 2746/4163/1407 2758/4164/1407 2759/4165/1407 2760/4166/1407 2761/4167/1407 2802/4168/1407 2803/4169/1407 2804/4170/1407 2743/4171/1407 2744/4172/1407 2765/4173/1407 2766/4174/1407 2791/4175/1407 2790/4176/1407 2789/4177/1407 2788/4178/1407 2787/4179/1407 2785/4180/1407 2786/4181/1407 2740/4182/1407 2741/4183/1407 2742/4184/1407 2808/4185/1407
o Cube.014
v 3.171849 0.049879 -0.438889
v 3.382960 0.049879 -0.438889
v 3.594071 0.049879 -0.438889
v 3.805182 0.049878 -0.438889
v 4.016294 0.049878 -0.438889
v 4.227405 0.049878 -0.438889
v 4.438516 0.049878 -0.438889
v 4.649627 0.049878 -0.438889
v 4.649628 1.049878 -0.438889
v 4.438517 1.049878 -0.438889
v 4.227405 1.049878 -0.438889
v 4.016294 1.049878 -0.438889
v 3.805182 1.049879 -0.438889
v 3.594071 1.049879 -0.438889
v 3.382961 1.049879 -0.438889
v 3.171850 1.049879 -0.438889
v 2.960738 0.160990 -0.438889
v 2.960738 0.272101 -0.438889
v 2.960738 0.383212 -0.438889
v 2.960738 0.494323 -0.438889
v 2.960738 0.605434 -0.438889
v 2.960738 0.716545 -0.438889
v 2.960738 0.827657 -0.438889
v 2.960738 0.938768 -0.438889
v 4.860738 0.160989 -0.438889
v 4.860738 0.272100 -0.438889
v 4.860738 0.383211 -0.438889
v 4.860738 0.494323 -0.438889
v 4.860738 0.605434 -0.438889
v 4.860738 0.716545 -0.438889
v 4.860738 0.827656 -0.438889
v 4.860738 0.938767 -0.438889
v 4.860738 0.999878 -0.500000
v 4.765738 0.993911 -0.550000
v 4.766192 1.044997 -0.500000
v 4.832913 0.996895 -0.535356
v 4.820285 1.026222 -0.528868
v 4.764047 1.029940 -0.535341
v 4.833047 1.033804 -0.500000
v 4.860738 0.099878 -0.500000
v 4.767276 0.058838 -0.500005
v 4.765738 0.109613 -0.550000
v 4.833364 0.067147 -0.500003
v 4.820180 0.075423 -0.528869
v 4.762980 0.074082 -0.535359
v 4.832913 0.104745 -0.535356
v 3.055738 0.998934 -0.550000
v 2.960738 0.999879 -0.500000
v 3.055738 1.049879 -0.500000
v 2.988563 0.999406 -0.535356
v 3.000890 1.028547 -0.528868
v 2.988563 1.035430 -0.500000
v 3.055738 1.034762 -0.535356
v 3.055738 0.100296 -0.550000
v 3.055738 0.049879 -0.499992
v 2.960738 0.099879 -0.500000
v 3.055738 0.064641 -0.535345
v 3.000889 0.071099 -0.528867
v 2.988563 0.064523 -0.499996
v 2.988563 0.100087 -0.535356
v 3.171850 1.049879 -0.500000
v 3.171850 0.998896 -0.550000
v 3.171850 1.034946 -0.535356
v 3.382961 1.035155 -0.501270
v 3.382961 0.972604 -0.550000
v 3.382961 1.012070 -0.535727
v 3.594071 1.049879 -0.500000
v 3.594071 0.998791 -0.550000
v 3.594071 1.034915 -0.535356
v 3.805182 1.040278 -0.500581
v 3.805182 0.981453 -0.550000
v 3.805182 1.019863 -0.535526
v 4.016294 1.049878 -0.500000
v 4.016294 0.998654 -0.550000
v 4.016294 1.034876 -0.535356
v 4.227405 1.027508 -0.502541
v 4.227405 0.959549 -0.550000
v 4.227405 1.000694 -0.536100
v 4.438517 1.049878 -0.500000
v 4.438517 0.998683 -0.550000
v 4.438517 1.034883 -0.535356
v 4.649627 0.987884 -0.550000
v 4.649628 1.043860 -0.500237
v 4.649628 1.025443 -0.535425
v 4.649627 0.061154 -0.500790
v 4.649627 0.120737 -0.550000
v 4.649627 0.082318 -0.535586
v 4.438516 0.049878 -0.500006
v 4.438516 0.100473 -0.550000
v 4.438516 0.064697 -0.535357
v 4.227405 0.059485 -0.500588
v 4.227405 0.117740 -0.550000
v 4.227405 0.079734 -0.535528
v 4.016294 0.049878 -0.500009
v 4.016294 0.100404 -0.550000
v 4.016294 0.064677 -0.535358
v 3.805182 0.049878 -0.500011
v 3.805182 0.100386 -0.550000
v 3.805182 0.064672 -0.535358
v 3.594071 0.063184 -0.501074
v 3.594071 0.124139 -0.550000
v 3.594071 0.085374 -0.535670
v 3.382960 0.060471 -0.500689
v 3.382960 0.119379 -0.550000
v 3.382960 0.081226 -0.535557
v 3.171849 0.100312 -0.550000
v 3.171849 0.049879 -0.499991
v 3.171849 0.064650 -0.535353
v 4.765738 1.049878 -0.438889
v 4.860738 0.999878 -0.438889
v 4.832913 1.035233 -0.438889
v 4.860738 0.099878 -0.438889
v 4.765738 0.049878 -0.438889
v 4.832913 0.064523 -0.438889
v 2.960738 0.999879 -0.438889
v 3.055738 1.049879 -0.438889
v 2.988563 1.035234 -0.438889
v 3.055738 0.049879 -0.438889
v 2.960738 0.099879 -0.438889
v 2.988563 0.064523 -0.438889
v 4.765738 0.160989 -0.550000
v 4.860738 0.160989 -0.500000
v 4.832913 0.160989 -0.535356
v 4.765738 0.272100 -0.550000
v 4.860738 0.272100 -0.500000
v 4.832913 0.272100 -0.535356
v 4.765738 0.383211 -0.550000
v 4.860738 0.383211 -0.500000
v 4.832913 0.383211 -0.535356
v 4.765738 0.494323 -0.550000
v 4.860738 0.494323 -0.500000
v 4.832913 0.494323 -0.535356
v 4.765738 0.605434 -0.550000
v 4.860738 0.605434 -0.500000
v 4.832913 0.605434 -0.535356
v 4.765738 0.716545 -0.550000
v 4.860738 0.716545 -0.500000
v 4.832913 0.716545 -0.535356
v 4.765738 0.827656 -0.550000
v 4.860738 0.827656 -0.500000
v 4.832913 0.827656 -0.535356
v 4.860738 0.938767 -0.500000
v 4.765738 0.938767 -0.550000
v 4.832913 0.938767 -0.535356
v 2.960738 0.160990 -0.500000
v 3.055738 0.160990 -0.550000
v 2.988563 0.160990 -0.535356
v 2.960738 0.272101 -0.500000
v 3.055738 0.272101 -0.550000
v 2.988563 0.272101 -0.535356
v 2.960738 0.383212 -0.500000
v 3.055738 0.383212 -0.550000
v 2.988563 0.383212 -0.535356
v 2.960738 0.494323 -0.500000
v 3.055738 0.494323 -0.550000
v 2.988563 0.494323 -0.535356
v 2.960738 0.605434 -0.500000
v 3.055738 0.605434 -0.550000
v 2.988563 0.605434 -0.535356
v 2.960738 0.716545 -0.500000
v 3.055738 0.716545 -0.550000
v 2.988563 0.716545 -0.535356
v 2.960738 0.827657 -0.500000
v 3.055738 0.827657 -0.550000
v 2.988563 0.827657 -0.535356
v 3.055738 0.938768 -0.550000
v 2.960738 0.938768 -0.500000
v 2.988563 0.938768 -0.535356
v 4.860738 0.938767 -0.400000
v 4.860738 0.999878 -0.400000
v 3.382961 1.049879 -0.400000
v 3.171850 1.049879 -0.400000
v 3.594071 1.049879 -0.400000
v 3.805182 1.049879 -0.400000
v 4.016294 1.049878 -0.400000
v 4.227405 1.049878 -0.400000
v 4.438517 1.049878 -0.400000
v 4.649628 1.049878 -0.400000
v 4.649627 0.049878 -0.400000
v 4.438516 0.049878 -0.400000
v 4.227405 0.049878 -0.400000
v 4.016294 0.049878 -0.400000
v 3.805182 0.049878 -0.400000
v 3.594071 0.049879 -0.400000
v 3.382960 0.049879 -0.400000
v 3.171849 0.049879 -0.400000
v 4.860738 0.099878 -0.400000
v 4.860738 0.160989 -0.400000
v 2.960738 0.160990 -0.400000
v 2.960738 0.099879 -0.400000
v 2.960738 0.999879 -0.400000
v 2.960738 0.938768 -0.400000
v 3.055738 0.049879 -0.400000
v 4.765738 0.049878 -0.400000
v 4.765738 1.049878 -0.400000
v 4.860738 0.827656 -0.400000
v 4.860738 0.716545 -0.400000
v 4.860738 0.605434 -0.400000
v 4.860738 0.494323 -0.400000
v 4.860738 0.383211 -0.400000
v 4.860738 0.272100 -0.400000
v 3.055738 1.049879 -0.400000
v 2.960738 0.827657 -0.400000
v 2.960738 0.716546 -0.400000
v 2.960738 0.605434 -0.400000
v 2.960738 0.494323 -0.400000
v 2.960738 0.383212 -0.400000
v 2.960738 0.272101 -0.400000
v 4.832913 1.035233 -0.400000
v 4.832913 0.064523 -0.400000
v 2.988563 1.035234 -0.400000
v 2.988563 0.064523 -0.400000
vn 1.0000 -0.0000 -0.0000
vn -0.0226 -0.9967 -0.0780
vn 0.0226 -0.9967 -0.0780
vn -0.0000 -1.0000 -0.0000
vn -0.0310 -0.9937 -0.1072
vn 0.0061 -0.9819 -0.1893
vn 0.0248 -0.9960 -0.0858
vn -0.0000 1.0000 -0.0000
vn 0.0264 -0.9955 -0.0912
vn -0.0092 -0.9867 -0.1624
vn -1.0000 -0.0000 -0.0000
vn -0.0000 -0.0000 -1.0000
vn 0.0343 0.9924 -0.1183
vn -0.0343 0.9924 -0.1183
vn 0.0226 0.9967 -0.0779
vn -0.0226 0.9967 -0.0779
vn 0.0510 0.9830 -0.1763
vn -0.0510 0.9830 -0.1763
vn 0.0142 0.9987 -0.0491
vn -0.0048 0.9960 -0.0887
vn 0.6947 0.4962 -0.5207
vn 0.1608 0.3356 -0.9282
vn 0.1308 0.9251 -0.3565
vn 0.6818 -0.4968 -0.5370
vn 0.0917 -0.9267 -0.3644
vn 0.1483 -0.3382 -0.9293
vn -0.1761 0.3345 -0.9258
vn -0.7117 0.4920 -0.5013
vn -0.1745 0.9208 -0.3489
vn -0.1773 -0.3363 -0.9249
vn -0.1777 -0.9232 -0.3408
vn -0.7124 -0.4948 -0.4976
vn 0.1691 -0.9815 -0.0903
vn 0.7767 -0.6297 -0.0107
vn 0.2130 -0.0000 -0.9771
vn 0.7858 -0.0000 -0.6184
vn -0.0214 0.9035 -0.4281
vn -0.0165 0.3688 -0.9294
vn -0.0000 -0.9228 -0.3854
vn -0.0000 -0.3800 -0.9250
vn -0.7858 -0.0000 -0.6184
vn -0.2130 -0.0000 -0.9771
vn -0.2123 0.9772 0.0008
vn -0.2116 0.9773 0.0016
vn -0.7862 0.6179 0.0005
vn -0.7867 0.6174 0.0010
vn -0.0007 0.9203 -0.3911
vn -0.0002 0.3773 -0.9261
vn 0.0761 0.8757 -0.4769
vn 0.0408 0.3573 -0.9331
vn -0.0760 0.8755 -0.4772
vn -0.0406 0.3570 -0.9332
vn 0.0513 0.8921 -0.4489
vn 0.0275 0.3637 -0.9311
vn -0.0512 0.8919 -0.4493
vn -0.0273 0.3633 -0.9313
vn 0.1098 0.8498 -0.5156
vn 0.0583 0.3455 -0.9366
vn -0.1098 0.8498 -0.5155
vn -0.0584 0.3456 -0.9366
vn 0.0328 0.9033 -0.4278
vn 0.0175 0.3682 -0.9296
vn -0.0385 -0.8879 -0.4584
vn -0.0298 -0.3646 -0.9307
vn 0.0597 -0.8882 -0.4556
vn 0.0322 -0.3645 -0.9307
vn -0.0514 -0.8936 -0.4458
vn -0.0277 -0.3669 -0.9298
vn 0.0514 -0.8937 -0.4456
vn 0.0278 -0.3671 -0.9298
vn -0.0000 -0.9224 -0.3861
vn -0.0000 -0.3793 -0.9253
vn -0.0695 -0.8819 -0.4663
vn -0.0375 -0.3623 -0.9313
vn 0.0132 -0.8505 -0.5258
vn 0.0071 -0.3504 -0.9366
vn 0.0564 -0.8909 -0.4507
vn 0.0305 -0.3665 -0.9299
vn 0.1891 0.9807 -0.0497
vn 0.7804 0.6253 -0.0065
vn 0.7831 0.6219 -0.0032
vn 0.2130 0.9771 -0.0000
vn 0.7858 0.6185 -0.0000
vn 0.2130 -0.9771 -0.0000
vn 0.7858 -0.6185 -0.0000
vn -0.2130 0.9771 -0.0000
vn -0.7858 0.6185 -0.0000
vn -0.2130 -0.9771 -0.0000
vn -0.7858 -0.6184 -0.0000
vn -0.0000 -0.0000 1.0000
vt 0.387500 0.222222
vt 0.402778 0.222222
vt 0.402778 0.237500
vt 0.387500 0.237500
vt 0.402778 0.212500
vt 0.387500 0.212500
vt 0.597222 0.222222
vt 0.612500 0.222222
vt 0.612500 0.237500
vt 0.597222 0.237500
vt 0.791667 0.512353
vt 0.819444 0.512498
vt 0.819444 0.527778
vt 0.791667 0.527778
vt 0.763889 0.512498
vt 0.763889 0.527778
vt 0.736111 0.512497
vt 0.736111 0.527778
vt 0.708333 0.512232
vt 0.708333 0.527778
vt 0.680556 0.512328
vt 0.680556 0.527778
vt 0.652778 0.512502
vt 0.652778 0.527778
vt 0.319444 0.527778
vt 0.347222 0.527778
vt 0.347222 0.537500
vt 0.319444 0.537500
vt 0.291667 0.527778
vt 0.291667 0.537500
vt 0.263889 0.527778
vt 0.263889 0.537500
vt 0.236111 0.527778
vt 0.236111 0.537500
vt 0.208333 0.527778
vt 0.208333 0.537500
vt 0.180556 0.527778
vt 0.180556 0.537500
vt 0.847222 0.512303
vt 0.847222 0.527778
vt 0.152778 0.527778
vt 0.152778 0.537500
vt 0.862611 0.512408
vt 0.862500 0.527778
vt 0.819444 0.537500
vt 0.847222 0.537500
vt 0.791667 0.537500
vt 0.763889 0.537500
vt 0.736111 0.537500
vt 0.708333 0.537500
vt 0.680556 0.537500
vt 0.652778 0.537500
vt 0.597222 0.512500
vt 0.612500 0.512500
vt 0.612500 0.527778
vt 0.597222 0.527778
vt 0.612500 0.212500
vt 0.597222 0.212500
vt 0.637500 0.512502
vt 0.637500 0.527778
vt 0.612500 0.537500
vt 0.597222 0.537500
vt 0.387500 0.527778
vt 0.402778 0.527778
vt 0.402778 0.537500
vt 0.387500 0.537500
vt 0.637500 0.537500
vt 0.862500 0.537500
vt 0.137500 0.527778
vt 0.137500 0.537500
vt 0.430556 0.212500
vt 0.430556 0.222222
vt 0.458333 0.212500
vt 0.458333 0.222222
vt 0.486111 0.212500
vt 0.486111 0.222222
vt 0.513889 0.212500
vt 0.513889 0.222222
vt 0.541667 0.212500
vt 0.541667 0.222222
vt 0.569444 0.212500
vt 0.569444 0.222222
vt 0.569444 0.237500
vt 0.362500 0.527778
vt 0.362500 0.537500
vt 0.430556 0.527778
vt 0.430556 0.537500
vt 0.458333 0.527778
vt 0.458333 0.537500
vt 0.486111 0.527778
vt 0.486111 0.537500
vt 0.513889 0.527778
vt 0.513889 0.537500
vt 0.541667 0.527778
vt 0.541667 0.537500
vt 0.569444 0.527778
vt 0.569444 0.537500
vt 0.347222 0.512500
vt 0.362500 0.512500
vt 0.388338 0.262500
vt 0.402778 0.262500
vt 0.430556 0.262500
vt 0.458333 0.262500
vt 0.486111 0.262500
vt 0.513889 0.262500
vt 0.541667 0.262500
vt 0.569444 0.262500
vt 0.597222 0.262500
vt 0.611275 0.262500
vt 0.609527 0.277778
vt 0.612351 0.305556
vt 0.610029 0.333333
vt 0.612369 0.361111
vt 0.612373 0.388889
vt 0.608943 0.416667
vt 0.609777 0.444444
vt 0.612392 0.472222
vt 0.612396 0.487500
vt 0.597222 0.487500
vt 0.569444 0.487500
vt 0.541667 0.487500
vt 0.513889 0.487500
vt 0.486111 0.487500
vt 0.458333 0.487500
vt 0.430556 0.487500
vt 0.402778 0.487500
vt 0.387736 0.487500
vt 0.387746 0.472222
vt 0.391705 0.444444
vt 0.387772 0.416667
vt 0.390140 0.388889
vt 0.387806 0.361111
vt 0.394767 0.333333
vt 0.387799 0.305556
vt 0.389163 0.277778
vt 0.319444 0.512183
vt 0.291667 0.512500
vt 0.263889 0.512355
vt 0.236111 0.512500
vt 0.208333 0.511865
vt 0.180556 0.512500
vt 0.152778 0.512441
vt 0.137467 0.512473
vt 0.430556 0.237500
vt 0.458333 0.237500
vt 0.486111 0.237500
vt 0.513889 0.237500
vt 0.541667 0.237500
vt 0.387500 0.512500
vt 0.402778 0.512500
vt 0.430556 0.512500
vt 0.458333 0.512500
vt 0.486111 0.512500
vt 0.513889 0.512500
vt 0.541667 0.512500
vt 0.569444 0.512500
vt 0.388246 0.250000
vt 0.380914 0.250000
vt 0.375000 0.237500
vt 0.375000 0.263086
vt 0.375000 0.255847
vt 0.125000 0.512500
vt 0.125000 0.505283
vt 0.138086 0.500000
vt 0.625000 0.237501
vt 0.625000 0.244717
vt 0.611283 0.250000
vt 0.861483 0.500000
vt 0.868709 0.500000
vt 0.875000 0.512499
vt 0.618614 0.250000
vt 0.625000 0.263517
vt 0.387618 0.500000
vt 0.375017 0.501761
vt 0.375000 0.487500
vt 0.375000 0.512500
vt 0.362500 0.500000
vt 0.625000 0.487500
vt 0.623232 0.500000
vt 0.612448 0.500000
vt 0.625000 0.512501
vt 0.637500 0.500000
vt 0.875000 0.527778
vt 0.625000 0.222222
vt 0.402778 0.250000
vt 0.152778 0.500000
vt 0.375000 0.277778
vt 0.652778 0.500000
vt 0.625000 0.472222
vt 0.402778 0.500000
vt 0.375000 0.527778
vt 0.347222 0.500000
vt 0.375000 0.472222
vt 0.319444 0.500000
vt 0.346388 0.500000
vt 0.375000 0.471388
vt 0.375000 0.444444
vt 0.292503 0.500000
vt 0.375000 0.417503
vt 0.263889 0.500000
vt 0.291098 0.500000
vt 0.375000 0.416098
vt 0.375000 0.388889
vt 0.236681 0.500000
vt 0.375000 0.361681
vt 0.208333 0.500000
vt 0.234938 0.500000
vt 0.375000 0.359938
vt 0.375000 0.333333
vt 0.181728 0.500000
vt 0.375000 0.306728
vt 0.180191 0.500000
vt 0.375000 0.305191
vt 0.847222 0.500000
vt 0.625000 0.277778
vt 0.820098 0.500000
vt 0.625000 0.304902
vt 0.791667 0.500000
vt 0.818881 0.500000
vt 0.625000 0.306119
vt 0.625000 0.333333
vt 0.764451 0.500000
vt 0.625000 0.360549
vt 0.736111 0.500000
vt 0.763889 0.500000
vt 0.625000 0.361111
vt 0.625000 0.388889
vt 0.708333 0.500000
vt 0.735354 0.500000
vt 0.625000 0.389646
vt 0.625000 0.416667
vt 0.680686 0.500000
vt 0.625000 0.444314
vt 0.653393 0.500000
vt 0.680556 0.500000
vt 0.625000 0.444444
vt 0.625000 0.471607
vt 0.125000 0.527778
vt 0.375000 0.222222
vt 0.125000 0.537500
vt 0.375000 0.212500
vt 0.875000 0.537500
vt 0.625000 0.212500
vt 0.375000 0.537500
vt 0.625000 0.527778
vt 0.625000 0.537500
vt 0.597222 0.250000
vt 0.569444 0.250000
vt 0.541667 0.250000
vt 0.513889 0.250000
vt 0.486111 0.250000
vt 0.458333 0.250000
vt 0.430556 0.250000
vt 0.597222 0.500000
vt 0.569444 0.500000
vt 0.541667 0.500000
vt 0.513889 0.500000
vt 0.486111 0.500000
vt 0.458333 0.500000
vt 0.430556 0.500000
vt 0.375000 0.410759
vt 0.375000 0.411107
vt 0.375000 0.411947
vt 0.375000 0.413398
vt 0.375000 0.416037
vt 0.375000 0.418676
vt 0.375000 0.421315
vt 0.375000 0.423954
vt 0.375000 0.426593
vt 0.375000 0.429231
vt 0.375000 0.431870
vt 0.375000 0.433322
vt 0.375000 0.434161
vt 0.375000 0.434509
s 1
usemtl Material.002
f 2919/4186/1408 2841/4187/1408 2951/4188/1408 2842/4189/1408
f 2978/4190/1408 2841/4187/1408 2919/4186/1408 2979/4191/1408
f 2834/4192/1408 2921/4193/1408 2849/4194/1408 2931/4195/1408
f 2900/4196/1409 2897/4197/1409 2816/4198/1409 2815/4199/1409
f 2903/4200/1410 2900/4196/1410 2815/4199/1410 2814/4201/1410
f 2906/4202/1411 2903/4200/1411 2814/4201/1411 2813/4203/1411
f 2909/4204/1412 2906/4202/1412 2813/4203/1412 2812/4205/1412
f 2912/4206/1413 2909/4204/1413 2812/4205/1413 2811/4207/1413
f 2916/4208/1414 2912/4206/1414 2811/4207/1414 2810/4209/1414
f 2824/4210/1415 2825/4211/1415 2981/4212/1415 2980/4213/1415
f 2823/4214/1415 2824/4210/1415 2980/4213/1415 2982/4215/1415
f 2822/4216/1415 2823/4214/1415 2982/4215/1415 2983/4217/1415
f 2821/4218/1415 2822/4216/1415 2983/4217/1415 2984/4219/1415
f 2820/4220/1415 2821/4218/1415 2984/4219/1415 2985/4221/1415
f 2819/4222/1415 2820/4220/1415 2985/4221/1415 2986/4223/1415
f 2897/4197/1416 2894/4224/1416 2817/4225/1416 2816/4198/1416
f 2818/4226/1415 2819/4222/1415 2986/4223/1415 2987/4227/1415
f 2894/4224/1417 2850/4228/1417 2922/4229/1417 2817/4225/1417
f 2989/4230/1411 2816/4198/1411 2817/4225/1411 2988/4231/1411
f 2990/4232/1411 2815/4199/1411 2816/4198/1411 2989/4230/1411
f 2991/4233/1411 2814/4201/1411 2815/4199/1411 2990/4232/1411
f 2992/4234/1411 2813/4203/1411 2814/4201/1411 2991/4233/1411
f 2993/4235/1411 2812/4205/1411 2813/4203/1411 2992/4234/1411
f 2994/4236/1411 2811/4207/1411 2812/4205/1411 2993/4235/1411
f 2995/4237/1411 2810/4209/1411 2811/4207/1411 2994/4236/1411
f 2954/4238/1418 2865/4239/1418 2928/4240/1418 2826/4241/1418
f 2996/4242/1408 2921/4193/1408 2834/4192/1408 2997/4243/1408
f 2864/4244/1411 2916/4208/1411 2810/4209/1411 2927/4245/1411
f 2826/4241/1418 2928/4240/1418 2999/4246/1418 2998/4247/1418
f 2924/4248/1418 2833/4249/1418 3001/4250/1418 3000/4251/1418
f 3002/4252/1411 2927/4245/1411 2810/4209/1411 2995/4237/1411
f 2988/4231/1411 2817/4225/1411 2922/4229/1411 3003/4253/1411
f 2918/4254/1415 2818/4226/1415 2987/4227/1415 3004/4255/1415
f 3005/4256/1408 2840/4257/1408 2841/4187/1408 2978/4190/1408
f 3006/4258/1408 2839/4259/1408 2840/4257/1408 3005/4256/1408
f 3007/4260/1408 2838/4261/1408 2839/4259/1408 3006/4258/1408
f 3008/4262/1408 2837/4263/1408 2838/4261/1408 3007/4260/1408
f 3009/4264/1408 2836/4265/1408 2837/4263/1408 3008/4262/1408
f 3010/4266/1408 2835/4267/1408 2836/4265/1408 3009/4264/1408
f 2997/4243/1408 2834/4192/1408 2835/4267/1408 3010/4266/1408
f 2835/4267/1408 2834/4192/1408 2931/4195/1408 2934/4268/1408
f 2825/4211/1415 2925/4269/1415 3011/4270/1415 2981/4212/1415
f 2833/4249/1418 2832/4271/1418 3012/4272/1418 3001/4250/1418
f 2832/4271/1418 2831/4273/1418 3013/4274/1418 3012/4272/1418
f 2831/4273/1418 2830/4275/1418 3014/4276/1418 3013/4274/1418
f 2830/4275/1418 2829/4277/1418 3015/4278/1418 3014/4276/1418
f 2829/4277/1418 2828/4279/1418 3016/4280/1418 3015/4278/1418
f 2828/4279/1418 2827/4281/1418 3017/4282/1418 3016/4280/1418
f 2827/4281/1418 2826/4241/1418 2998/4247/1418 3017/4282/1418
f 2870/4283/1415 2858/4284/1415 2925/4269/1415 2825/4211/1415
f 2843/4285/1419 2952/4286/1419 2948/4287/1419 2945/4288/1419 2942/4289/1419 2939/4290/1419 2936/4291/1419 2933/4292/1419 2930/4293/1419 2851/4294/1419 2895/4295/1419 2898/4296/1419 2901/4297/1419 2904/4298/1419 2907/4299/1419 2910/4300/1419 2913/4301/1419 2915/4302/1419 2863/4303/1419 2955/4304/1419 2958/4305/1419 2961/4306/1419 2964/4307/1419 2967/4308/1419 2970/4309/1419 2973/4310/1419 2975/4311/1419 2856/4312/1419 2871/4313/1419 2874/4314/1419 2877/4315/1419 2880/4316/1419 2883/4317/1419 2886/4318/1419 2889/4319/1419 2891/4320/1419
f 2873/4321/1420 2870/4283/1420 2825/4211/1420 2824/4210/1420
f 2876/4322/1421 2873/4321/1421 2824/4210/1421 2823/4214/1421
f 2879/4323/1422 2876/4322/1422 2823/4214/1422 2822/4216/1422
f 2882/4324/1423 2879/4323/1423 2822/4216/1423 2821/4218/1423
f 2885/4325/1424 2882/4324/1424 2821/4218/1424 2820/4220/1424
f 2888/4326/1425 2885/4325/1425 2820/4220/1425 2819/4222/1425
f 2892/4327/1426 2888/4326/1426 2819/4222/1426 2818/4226/1426
f 2844/4328/1427 2892/4327/1427 2818/4226/1427 2918/4254/1427
f 2841/4187/1408 2840/4257/1408 2949/4329/1408 2951/4188/1408
f 2840/4257/1408 2839/4259/1408 2946/4330/1408 2949/4329/1408
f 2839/4259/1408 2838/4261/1408 2943/4331/1408 2946/4330/1408
f 2838/4261/1408 2837/4263/1408 2940/4332/1408 2943/4331/1408
f 2837/4263/1408 2836/4265/1408 2937/4333/1408 2940/4332/1408
f 2836/4265/1408 2835/4267/1408 2934/4268/1408 2937/4333/1408
f 2857/4334/1418 2976/4335/1418 2833/4249/1418 2924/4248/1418
f 2976/4335/1418 2972/4336/1418 2832/4271/1418 2833/4249/1418
f 2972/4336/1418 2969/4337/1418 2831/4273/1418 2832/4271/1418
f 2969/4337/1418 2966/4338/1418 2830/4275/1418 2831/4273/1418
f 2966/4338/1418 2963/4339/1418 2829/4277/1418 2830/4275/1418
f 2963/4339/1418 2960/4340/1418 2828/4279/1418 2829/4277/1418
f 2960/4340/1418 2957/4341/1418 2827/4281/1418 2828/4279/1418
f 2957/4341/1418 2954/4238/1418 2826/4241/1418 2827/4281/1418
f 2842/4189/1428 2845/4342/1428 2846/4343/1428 2848/4344/1428
f 2843/4285/1429 2847/4345/1429 2846/4346/1429 2845/4342/1429
f 2844/4328/1430 2848/4347/1430 2846/4348/1430 2847/4349/1430
f 2849/4194/1431 2852/4350/1431 2853/4351/1431 2855/4352/1431
f 2850/4228/1432 2854/4353/1432 2853/4354/1432 2852/4355/1432
f 2851/4294/1433 2855/4352/1433 2853/4356/1433 2854/4357/1433
f 2856/4312/1434 2859/4358/1434 2860/4359/1434 2862/4360/1434
f 2857/4334/1435 2861/4361/1435 2860/4359/1435 2859/4358/1435
f 2858/4284/1436 2862/4362/1436 2860/4359/1436 2861/4361/1436
f 2863/4303/1437 2866/4363/1437 2867/4364/1437 2869/4365/1437
f 2864/4244/1438 2868/4366/1438 2867/4364/1438 2866/4367/1438
f 2865/4239/1439 2869/4365/1439 2867/4364/1439 2868/4366/1439
f 2922/4229/1440 2850/4228/1440 2852/4355/1440 2923/4368/1440
f 2923/4369/1441 2852/4350/1441 2849/4194/1441 2921/4193/1441
f 2952/4286/1442 2843/4285/1442 2845/4342/1442 2953/4370/1442
f 2953/4370/1443 2845/4342/1443 2842/4189/1443 2951/4188/1443
f 2892/4327/1444 2844/4328/1444 2847/4349/1444 2893/4371/1444
f 2893/4372/1445 2847/4345/1445 2843/4285/1445 2891/4320/1445
f 2916/4208/1446 2864/4244/1446 2866/4367/1446 2917/4373/1446
f 2917/4374/1447 2866/4363/1447 2863/4303/1447 2915/4302/1447
f 2976/4335/1448 2857/4334/1448 2859/4358/1448 2977/4375/1448
f 2977/4375/1449 2859/4358/1449 2856/4312/1449 2975/4311/1449
f 2925/4269/1450 2858/4284/1451 2861/4361/1451 2926/4376/1450
f 2926/4376/1452 2861/4361/1453 2857/4334/1453 2924/4248/1452
f 2858/4284/1454 2870/4283/1454 2872/4377/1454 2862/4362/1454
f 2862/4360/1455 2872/4378/1455 2871/4313/1455 2856/4312/1455
f 2870/4283/1456 2873/4321/1456 2875/4379/1456 2872/4380/1456
f 2872/4381/1457 2875/4382/1457 2874/4314/1457 2871/4313/1457
f 2873/4321/1458 2876/4322/1458 2878/4383/1458 2875/4379/1458
f 2875/4382/1459 2878/4384/1459 2877/4315/1459 2874/4314/1459
f 2876/4322/1460 2879/4323/1460 2881/4385/1460 2878/4386/1460
f 2878/4387/1461 2881/4388/1461 2880/4316/1461 2877/4315/1461
f 2879/4323/1462 2882/4324/1462 2884/4389/1462 2881/4385/1462
f 2881/4388/1463 2884/4390/1463 2883/4317/1463 2880/4316/1463
f 2882/4324/1464 2885/4325/1464 2887/4391/1464 2884/4392/1464
f 2884/4393/1465 2887/4394/1465 2886/4318/1465 2883/4317/1465
f 2885/4325/1466 2888/4326/1466 2890/4395/1466 2887/4391/1466
f 2887/4394/1467 2890/4396/1467 2889/4319/1467 2886/4318/1467
f 2888/4326/1468 2892/4327/1468 2893/4371/1468 2890/4397/1468
f 2890/4398/1469 2893/4372/1469 2891/4320/1469 2889/4319/1469
f 2850/4228/1470 2894/4224/1470 2896/4399/1470 2854/4353/1470
f 2854/4357/1471 2896/4400/1471 2895/4295/1471 2851/4294/1471
f 2894/4224/1472 2897/4197/1472 2899/4401/1472 2896/4399/1472
f 2896/4400/1473 2899/4402/1473 2898/4296/1473 2895/4295/1473
f 2897/4197/1474 2900/4196/1474 2902/4403/1474 2899/4404/1474
f 2899/4405/1475 2902/4406/1475 2901/4297/1475 2898/4296/1475
f 2900/4196/1476 2903/4200/1476 2905/4407/1476 2902/4403/1476
f 2902/4406/1477 2905/4408/1477 2904/4298/1477 2901/4297/1477
f 2903/4200/1478 2906/4202/1478 2908/4409/1478 2905/4410/1478
f 2905/4411/1479 2908/4412/1479 2907/4299/1479 2904/4298/1479
f 2906/4202/1480 2909/4204/1480 2911/4413/1480 2908/4414/1480
f 2908/4415/1481 2911/4416/1481 2910/4300/1481 2907/4299/1481
f 2909/4204/1482 2912/4206/1482 2914/4417/1482 2911/4413/1482
f 2911/4416/1483 2914/4418/1483 2913/4301/1483 2910/4300/1483
f 2912/4206/1484 2916/4208/1484 2917/4419/1484 2914/4420/1484
f 2914/4421/1485 2917/4422/1485 2915/4302/1485 2913/4301/1485
f 2844/4328/1486 2918/4254/1486 2920/4423/1486 2848/4347/1486
f 2848/4344/1487 2920/4424/1488 2919/4186/1488 2842/4189/1487
f 2920/4423/1489 2918/4254/1489 3004/4255/1489 3018/4425/1489
f 2979/4191/1490 2919/4186/1488 2920/4424/1488 3018/4426/1490
f 3003/4253/1491 2922/4229/1491 2923/4368/1491 3019/4427/1491
f 3019/4428/1492 2923/4369/1492 2921/4193/1492 2996/4242/1492
f 2925/4269/1450 2926/4376/1450 3020/4429/1493 3011/4270/1493
f 2926/4376/1452 2924/4248/1452 3000/4251/1494 3020/4429/1494
f 2864/4244/1495 2927/4245/1495 2929/4430/1495 2868/4366/1495
f 2868/4366/1496 2929/4430/1496 2928/4240/1496 2865/4239/1496
f 3021/4431/1495 2929/4430/1495 2927/4245/1495 3002/4252/1495
f 2928/4240/1496 2929/4430/1496 3021/4431/1496 2999/4246/1496
f 2851/4294/1442 2930/4293/1442 2932/4432/1442 2855/4352/1442
f 2855/4352/1443 2932/4432/1443 2931/4195/1443 2849/4194/1443
f 2930/4293/1442 2933/4292/1442 2935/4433/1442 2932/4432/1442
f 2932/4432/1443 2935/4433/1443 2934/4268/1443 2931/4195/1443
f 2933/4292/1442 2936/4291/1442 2938/4434/1442 2935/4433/1442
f 2935/4433/1443 2938/4434/1443 2937/4333/1443 2934/4268/1443
f 2936/4291/1442 2939/4290/1442 2941/4435/1442 2938/4434/1442
f 2938/4434/1443 2941/4435/1443 2940/4332/1443 2937/4333/1443
f 2939/4290/1442 2942/4289/1442 2944/4436/1442 2941/4435/1442
f 2941/4435/1443 2944/4436/1443 2943/4331/1443 2940/4332/1443
f 2942/4289/1442 2945/4288/1442 2947/4437/1442 2944/4436/1442
f 2944/4436/1443 2947/4437/1443 2946/4330/1443 2943/4331/1443
f 2945/4288/1442 2948/4287/1442 2950/4438/1442 2947/4437/1442
f 2947/4437/1443 2950/4438/1443 2949/4329/1443 2946/4330/1443
f 2948/4287/1442 2952/4286/1442 2953/4370/1442 2950/4438/1442
f 2950/4438/1443 2953/4370/1443 2951/4188/1443 2949/4329/1443
f 2865/4239/1448 2954/4238/1448 2956/4439/1448 2869/4365/1448
f 2869/4365/1449 2956/4439/1449 2955/4304/1449 2863/4303/1449
f 2954/4238/1448 2957/4341/1448 2959/4440/1448 2956/4439/1448
f 2956/4439/1449 2959/4440/1449 2958/4305/1449 2955/4304/1449
f 2957/4341/1448 2960/4340/1448 2962/4441/1448 2959/4440/1448
f 2959/4440/1449 2962/4441/1449 2961/4306/1449 2958/4305/1449
f 2960/4340/1448 2963/4339/1448 2965/4442/1448 2962/4441/1448
f 2962/4441/1449 2965/4442/1449 2964/4307/1449 2961/4306/1449
f 2963/4339/1448 2966/4338/1448 2968/4443/1448 2965/4442/1448
f 2965/4442/1449 2968/4443/1449 2967/4308/1449 2964/4307/1449
f 2966/4338/1448 2969/4337/1448 2971/4444/1448 2968/4443/1448
f 2968/4443/1449 2971/4444/1449 2970/4309/1449 2967/4308/1449
f 2969/4337/1448 2972/4336/1448 2974/4445/1448 2971/4444/1448
f 2971/4444/1449 2974/4445/1449 2973/4310/1449 2970/4309/1449
f 2972/4336/1448 2976/4335/1448 2977/4375/1448 2974/4445/1448
f 2974/4445/1449 2977/4375/1449 2975/4311/1449 2973/4310/1449
f 3000/4446/1497 3001/4446/1497 3012/4446/1497 3013/4446/1497 3014/4446/1497 3015/4446/1497 3016/4446/1497 3017/4446/1497 2998/4446/1497 2999/4446/1497 3021/4447/1497 3002/4448/1497 2995/4449/1497 2994/4450/1497 2993/4451/1497 2992/4452/1497 2991/4453/1497 2990/4454/1497 2989/4455/1497 2988/4456/1497 3003/4457/1497 3019/4458/1497 2996/4459/1497 2997/4459/1497 3010/4459/1497 3009/4459/1497 3008/4459/1497 3007/4459/1497 3006/4459/1497 3005/4459/1497 2978/4459/1497 2979/4459/1497 3018/4458/1497 3004/4457/1497 2987/4456/1497 2986/4455/1497 2985/4454/1497 2984/4453/1497 2983/4452/1497 2982/4451/1497 2980/4450/1497 2981/4449/1497 3011/4448/1497 3020/4447/1497
o Cube.015
v -3.937427 1.136919 -0.450000
v -3.842427 1.142885 -0.500000
v -3.842881 1.091800 -0.450000
v -3.909602 1.139902 -0.485356
v -3.896974 1.110575 -0.478868
v -3.840736 1.106858 -0.485341
v -3.909735 1.102993 -0.450000
v -3.937427 2.036919 -0.450000
v -3.843965 2.077959 -0.450005
v -3.842427 2.027184 -0.500000
v -3.910053 2.069650 -0.450003
v -3.896869 2.061374 -0.478869
v -3.839670 2.062716 -0.485359
v -3.909602 2.032052 -0.485356
v -2.132427 1.137864 -0.500000
v -2.037427 1.136919 -0.450000
v -2.132427 1.086919 -0.450000
v -2.065252 1.137391 -0.485356
v -2.077579 1.108251 -0.478868
v -2.065252 1.101368 -0.450000
v -2.132427 1.102036 -0.485356
v -2.132427 2.036502 -0.500000
v -2.132427 2.086919 -0.449992
v -2.037427 2.036919 -0.450000
v -2.132427 2.072157 -0.485346
v -2.077578 2.065699 -0.478867
v -2.065252 2.072274 -0.449996
v -2.065252 2.036711 -0.485356
v -2.248538 1.086919 -0.450000
v -2.248538 1.137902 -0.500000
v -2.248538 1.101851 -0.485356
v -2.459650 1.101643 -0.451270
v -2.459650 1.164193 -0.500000
v -2.459650 1.124727 -0.485727
v -2.670760 1.086919 -0.450000
v -2.670760 1.138007 -0.500000
v -2.670760 1.101882 -0.485356
v -2.881872 1.096519 -0.450581
v -2.881872 1.155344 -0.500000
v -2.881872 1.116935 -0.485526
v -3.092983 1.086919 -0.450000
v -3.092983 1.138143 -0.500000
v -3.092983 1.101923 -0.485356
v -3.304094 1.109290 -0.452541
v -3.304094 1.177248 -0.500000
v -3.304094 1.136104 -0.486100
v -3.515205 1.086919 -0.450000
v -3.515205 1.138114 -0.500000
v -3.515205 1.101914 -0.485356
v -3.726316 1.148914 -0.500000
v -3.726316 1.092937 -0.450237
v -3.726316 1.111354 -0.485425
v -3.726316 2.075644 -0.450790
v -3.726316 2.016061 -0.500000
v -3.726316 2.054479 -0.485587
v -3.515205 2.086919 -0.450006
v -3.515205 2.036324 -0.500000
v -3.515205 2.072100 -0.485357
v -3.304094 2.077312 -0.450589
v -3.304094 2.019058 -0.500000
v -3.304094 2.057063 -0.485528
v -3.092983 2.086919 -0.450009
v -3.092983 2.036394 -0.500000
v -3.092983 2.072120 -0.485358
v -2.881872 2.086919 -0.450011
v -2.881872 2.036412 -0.500000
v -2.881872 2.072125 -0.485359
v -2.670760 2.073613 -0.451074
v -2.670760 2.012659 -0.500000
v -2.670760 2.051424 -0.485670
v -2.459650 2.076327 -0.450689
v -2.459650 2.017418 -0.500000
v -2.459650 2.055572 -0.485557
v -2.248538 2.036485 -0.500000
v -2.248538 2.086919 -0.449991
v -2.248538 2.072148 -0.485353
v -3.842427 1.975808 -0.500000
v -3.937427 1.975808 -0.450000
v -3.909602 1.975808 -0.485356
v -3.842427 1.864697 -0.500000
v -3.937427 1.864697 -0.450000
v -3.909602 1.864697 -0.485356
v -3.842427 1.753585 -0.500000
v -3.937427 1.753585 -0.450000
v -3.909602 1.753585 -0.485356
v -3.842427 1.642475 -0.500000
v -3.937427 1.642475 -0.450000
v -3.909602 1.642475 -0.485356
v -3.842427 1.531363 -0.500000
v -3.937427 1.531363 -0.450000
v -3.909602 1.531363 -0.485356
v -3.842427 1.420252 -0.500000
v -3.937427 1.420252 -0.450000
v -3.909602 1.420252 -0.485356
v -3.842427 1.309141 -0.500000
v -3.937427 1.309141 -0.450000
v -3.909602 1.309141 -0.485356
v -3.937427 1.198030 -0.450000
v -3.842427 1.198030 -0.500000
v -3.909602 1.198030 -0.485356
v -2.037427 1.975808 -0.450000
v -2.132427 1.975808 -0.500000
v -2.065252 1.975808 -0.485356
v -2.037427 1.864697 -0.450000
v -2.132427 1.864697 -0.500000
v -2.065252 1.864697 -0.485356
v -2.037427 1.753585 -0.450000
v -2.132427 1.753585 -0.500000
v -2.065252 1.753585 -0.485356
v -2.037427 1.642475 -0.450000
v -2.132427 1.642475 -0.500000
v -2.065252 1.642475 -0.485356
v -2.037427 1.531363 -0.450000
v -2.132427 1.531363 -0.500000
v -2.065252 1.531363 -0.485356
v -2.037427 1.420252 -0.450000
v -2.132427 1.420252 -0.500000
v -2.065252 1.420252 -0.485356
v -2.037427 1.309141 -0.450000
v -2.132427 1.309141 -0.500000
v -2.065252 1.309141 -0.485356
v -2.132427 1.198030 -0.500000
v -2.037427 1.198030 -0.450000
v -2.065252 1.198030 -0.485356
v -3.937427 1.198030 -0.391766
v -3.937427 1.136919 -0.391766
v -3.937427 2.036919 -0.391766
v -3.937427 1.975808 -0.391766
v -3.505360 2.086471 -0.391766
v -3.515205 2.086919 -0.391766
v -3.304094 2.086471 -0.391766
v -3.294156 2.086919 -0.391766
v -3.092983 2.086919 -0.391766
v -2.881872 2.086919 -0.391766
v -2.872103 2.086303 -0.391766
v -2.670760 2.086303 -0.391766
v -2.660932 2.086426 -0.391766
v -2.459650 2.086426 -0.391766
v -2.449708 2.086919 -0.391766
v -2.248538 2.086919 -0.391766
v -3.716377 2.086919 -0.391766
v -3.726316 2.086395 -0.391766
v -3.837030 2.086395 -0.391766
v -3.842500 2.086497 -0.391766
v -2.037427 2.036919 -0.391766
v -2.037427 1.975808 -0.391766
v -2.132427 2.086919 -0.391766
v -3.937427 1.864697 -0.391766
v -2.132427 1.086919 -0.391766
v -2.248538 1.086919 -0.391766
v -2.258276 1.087598 -0.391766
v -2.459650 1.087598 -0.391766
v -2.469589 1.086919 -0.391766
v -2.670760 1.086919 -0.391766
v -2.680607 1.087366 -0.391766
v -2.881872 1.087366 -0.391766
v -2.891812 1.086919 -0.391766
v -3.092983 1.086919 -0.391766
v -3.102526 1.087930 -0.391766
v -3.304094 1.087930 -0.391766
v -3.314034 1.086919 -0.391766
v -3.515205 1.086919 -0.391766
v -3.525106 1.087201 -0.391766
v -3.726316 1.087201 -0.391766
v -3.731804 1.087149 -0.391766
v -3.842449 1.087149 -0.391766
v -3.937427 1.309141 -0.391766
v -3.937427 1.420252 -0.391766
v -3.937427 1.531363 -0.391766
v -3.937427 1.642475 -0.391766
v -3.937427 1.753585 -0.391766
v -2.037427 1.198030 -0.391766
v -2.037427 1.136919 -0.391766
v -2.037427 1.309141 -0.391766
v -2.037427 1.420252 -0.391766
v -2.037427 1.531363 -0.391766
v -2.037427 1.642475 -0.391766
v -2.037427 1.753585 -0.391766
v -2.037427 1.864697 -0.391766
v -3.845611 2.086106 -0.391766
v -3.909624 2.072150 -0.391766
v -3.910912 2.070610 -0.391766
v -2.065252 1.101555 -0.391766
v -3.906461 1.101104 -0.391766
v -3.909608 1.101631 -0.391766
v -2.065252 2.072274 -0.391766
vn -1.0000 -0.0000 -0.0000
vn 0.0236 0.9970 -0.0744
vn -0.0236 0.9964 -0.0816
vn -0.0000 1.0000 -0.0000
vn 0.0325 0.9942 -0.1024
vn -0.0064 0.9817 -0.1902
vn -0.0260 0.9956 -0.0898
vn -0.0276 0.9950 -0.0955
vn 0.0097 0.9868 -0.1616
vn 1.0000 -0.0000 -0.0000
vn -0.0000 -1.0000 -0.0000
vn -0.0000 -0.0000 -1.0000
vn -0.0359 -0.9929 -0.1130
vn 0.0358 -0.9917 -0.1237
vn -0.0236 -0.9970 -0.0743
vn 0.0236 -0.9964 -0.0815
vn -0.0534 -0.9842 -0.1687
vn 0.0533 -0.9815 -0.1841
vn -0.0149 -0.9988 -0.0468
vn 0.0050 -0.9960 -0.0891
vn -0.6947 -0.4962 -0.5207
vn -0.1608 -0.3356 -0.9282
vn -0.1308 -0.9251 -0.3565
vn -0.6818 0.4968 -0.5370
vn -0.0917 0.9267 -0.3644
vn -0.1483 0.3382 -0.9293
vn 0.1761 -0.3345 -0.9258
vn 0.7117 -0.4920 -0.5013
vn 0.1745 -0.9208 -0.3489
vn 0.1773 0.3363 -0.9249
vn 0.1777 0.9232 -0.3408
vn 0.7124 0.4948 -0.4976
vn -0.1669 0.9816 -0.0926
vn -0.7763 0.6303 -0.0112
vn -0.2130 -0.0000 -0.9771
vn -0.7858 -0.0000 -0.6184
vn 0.0214 -0.9035 -0.4282
vn 0.0165 -0.3688 -0.9294
vn -0.0000 0.9228 -0.3854
vn -0.0000 0.3800 -0.9250
vn 0.7858 -0.0000 -0.6184
vn 0.2130 -0.0000 -0.9771
vn 0.2116 -0.9774 0.0016
vn 0.7867 -0.6173 0.0010
vn 0.0007 -0.9203 -0.3911
vn 0.0002 -0.3773 -0.9261
vn -0.0761 -0.8757 -0.4768
vn -0.0408 -0.3573 -0.9331
vn 0.0760 -0.8755 -0.4771
vn 0.0406 -0.3570 -0.9332
vn -0.0513 -0.8921 -0.4489
vn -0.0275 -0.3637 -0.9311
vn 0.0512 -0.8919 -0.4494
vn 0.0273 -0.3633 -0.9313
vn -0.1098 -0.8497 -0.5156
vn -0.0583 -0.3456 -0.9366
vn 0.1098 -0.8498 -0.5155
vn 0.0584 -0.3456 -0.9366
vn -0.0328 -0.9033 -0.4278
vn -0.0175 -0.3682 -0.9296
vn 0.0385 0.8879 -0.4584
vn 0.0298 0.3646 -0.9307
vn -0.0597 0.8882 -0.4556
vn -0.0322 0.3645 -0.9307
vn 0.0514 0.8936 -0.4458
vn 0.0277 0.3669 -0.9298
vn -0.0514 0.8937 -0.4457
vn -0.0278 0.3671 -0.9298
vn -0.0000 0.9224 -0.3861
vn -0.0000 0.3793 -0.9253
vn 0.0695 0.8819 -0.4663
vn 0.0375 0.3623 -0.9313
vn -0.0132 0.8505 -0.5258
vn -0.0071 0.3504 -0.9366
vn -0.0564 0.8909 -0.4507
vn -0.0305 0.3665 -0.9299
vn -0.1879 -0.9810 -0.0485
vn -0.7801 -0.6256 -0.0065
vn 0.2130 0.9770 -0.0000
vn 0.7858 0.6185 -0.0000
vn -0.0000 -0.0000 1.0000
vt 0.402778 0.222942
vt 0.402778 0.237500
vt 0.387500 0.237500
vt 0.387500 0.222942
vt 0.612500 0.222942
vt 0.612500 0.237500
vt 0.597222 0.237500
vt 0.597222 0.222942
vt 0.791667 0.527058
vt 0.791667 0.512353
vt 0.819444 0.512498
vt 0.819444 0.527058
vt 0.818145 0.527051
vt 0.763889 0.527058
vt 0.763889 0.512498
vt 0.790355 0.527066
vt 0.736111 0.527058
vt 0.736111 0.512497
vt 0.708333 0.527058
vt 0.708333 0.512232
vt 0.734818 0.527045
vt 0.680556 0.527058
vt 0.680556 0.512328
vt 0.707040 0.527063
vt 0.652778 0.527058
vt 0.652778 0.512502
vt 0.679243 0.527067
vt 0.847222 0.512303
vt 0.847222 0.527058
vt 0.845909 0.527068
vt 0.862611 0.512408
vt 0.862505 0.527054
vt 0.861786 0.527052
vt 0.597222 0.527058
vt 0.597222 0.512500
vt 0.612500 0.512500
vt 0.612500 0.527058
vt 0.637500 0.527058
vt 0.637500 0.512502
vt 0.569444 0.237500
vt 0.569444 0.222942
vt 0.347222 0.527058
vt 0.347222 0.512500
vt 0.362500 0.512500
vt 0.362500 0.527058
vt 0.388338 0.262500
vt 0.402778 0.262500
vt 0.430556 0.262500
vt 0.458333 0.262500
vt 0.486111 0.262500
vt 0.513889 0.262500
vt 0.541667 0.262500
vt 0.569444 0.262500
vt 0.597222 0.262500
vt 0.611275 0.262500
vt 0.609527 0.277778
vt 0.612351 0.305556
vt 0.610029 0.333333
vt 0.612369 0.361111
vt 0.612373 0.388889
vt 0.608943 0.416667
vt 0.609777 0.444444
vt 0.612392 0.472222
vt 0.612396 0.487500
vt 0.597222 0.487500
vt 0.569444 0.487500
vt 0.541667 0.487500
vt 0.513889 0.487500
vt 0.486111 0.487500
vt 0.458333 0.487500
vt 0.430556 0.487500
vt 0.402778 0.487500
vt 0.387736 0.487500
vt 0.387746 0.472222
vt 0.391705 0.444444
vt 0.387772 0.416667
vt 0.390140 0.388889
vt 0.387806 0.361111
vt 0.394767 0.333333
vt 0.387799 0.305556
vt 0.389163 0.277778
vt 0.319444 0.512183
vt 0.345932 0.527042
vt 0.319444 0.527058
vt 0.318128 0.527075
vt 0.291667 0.527058
vt 0.291667 0.512500
vt 0.290367 0.527051
vt 0.263889 0.527058
vt 0.263889 0.512355
vt 0.262577 0.527066
vt 0.236111 0.527058
vt 0.236111 0.512500
vt 0.234835 0.527021
vt 0.208333 0.527058
vt 0.208333 0.511865
vt 0.207006 0.527094
vt 0.180556 0.527058
vt 0.180556 0.512500
vt 0.179251 0.527056
vt 0.152778 0.527058
vt 0.152778 0.512441
vt 0.137467 0.512473
vt 0.152056 0.527059
vt 0.137498 0.527057
vt 0.430556 0.222942
vt 0.430556 0.237500
vt 0.458333 0.222942
vt 0.458333 0.237500
vt 0.486111 0.222942
vt 0.486111 0.237500
vt 0.513889 0.222942
vt 0.513889 0.237500
vt 0.541667 0.222942
vt 0.541667 0.237500
vt 0.387500 0.527058
vt 0.387500 0.512500
vt 0.402778 0.512500
vt 0.402778 0.527058
vt 0.430556 0.512500
vt 0.430556 0.527058
vt 0.458333 0.512500
vt 0.458333 0.527058
vt 0.486111 0.512500
vt 0.486111 0.527058
vt 0.513889 0.512500
vt 0.513889 0.527058
vt 0.541667 0.512500
vt 0.541667 0.527058
vt 0.569444 0.512500
vt 0.569444 0.527058
vt 0.388246 0.250000
vt 0.380914 0.250000
vt 0.375000 0.237500
vt 0.375000 0.263086
vt 0.375000 0.255847
vt 0.125000 0.512500
vt 0.125000 0.505283
vt 0.138086 0.500000
vt 0.625000 0.237501
vt 0.625000 0.244717
vt 0.611283 0.250000
vt 0.861483 0.500000
vt 0.868709 0.500000
vt 0.875000 0.512499
vt 0.618614 0.250000
vt 0.625000 0.263517
vt 0.387618 0.500000
vt 0.375017 0.501761
vt 0.375000 0.487500
vt 0.375000 0.512500
vt 0.362500 0.500000
vt 0.625000 0.487500
vt 0.623232 0.500000
vt 0.612448 0.500000
vt 0.625000 0.512501
vt 0.637500 0.500000
vt 0.875000 0.527058
vt 0.863061 0.527060
vt 0.624444 0.222942
vt 0.625000 0.222942
vt 0.402778 0.250000
vt 0.152778 0.500000
vt 0.375000 0.277778
vt 0.652778 0.500000
vt 0.625000 0.472222
vt 0.402778 0.500000
vt 0.375000 0.527058
vt 0.347222 0.500000
vt 0.375000 0.472222
vt 0.319444 0.500000
vt 0.346388 0.500000
vt 0.375000 0.471388
vt 0.375000 0.444444
vt 0.292503 0.500000
vt 0.375000 0.417503
vt 0.263889 0.500000
vt 0.291098 0.500000
vt 0.375000 0.416098
vt 0.375000 0.388889
vt 0.236681 0.500000
vt 0.375000 0.361681
vt 0.208333 0.500000
vt 0.234938 0.500000
vt 0.375000 0.359938
vt 0.375000 0.333333
vt 0.181728 0.500000
vt 0.375000 0.306728
vt 0.180191 0.500000
vt 0.375000 0.305191
vt 0.847222 0.500000
vt 0.625000 0.277778
vt 0.820098 0.500000
vt 0.625000 0.304902
vt 0.791667 0.500000
vt 0.818881 0.500000
vt 0.625000 0.306119
vt 0.625000 0.333333
vt 0.764451 0.500000
vt 0.625000 0.360549
vt 0.736111 0.500000
vt 0.763889 0.500000
vt 0.625000 0.361111
vt 0.625000 0.388889
vt 0.708333 0.500000
vt 0.735354 0.500000
vt 0.625000 0.389646
vt 0.625000 0.416667
vt 0.680686 0.500000
vt 0.625000 0.444314
vt 0.653393 0.500000
vt 0.680556 0.500000
vt 0.625000 0.444444
vt 0.625000 0.471607
vt 0.125571 0.527057
vt 0.125000 0.527058
vt 0.375000 0.222942
vt 0.625000 0.527058
vt 0.597222 0.250000
vt 0.569444 0.250000
vt 0.541667 0.250000
vt 0.513889 0.250000
vt 0.486111 0.250000
vt 0.458333 0.250000
vt 0.430556 0.250000
vt 0.597222 0.500000
vt 0.569444 0.500000
vt 0.541667 0.500000
vt 0.513889 0.500000
vt 0.486111 0.500000
vt 0.458333 0.500000
vt 0.430556 0.500000
vt 0.396712 0.310885
vt 0.396798 0.310916
vt 0.398552 0.311728
vt 0.401583 0.311728
vt 0.401733 0.311725
vt 0.407244 0.311725
vt 0.407516 0.311741
vt 0.413026 0.311741
vt 0.413298 0.311682
vt 0.418820 0.311683
vt 0.419081 0.311741
vt 0.424592 0.311741
vt 0.424864 0.311715
vt 0.430377 0.311715
vt 0.430647 0.311741
vt 0.436157 0.311741
vt 0.436429 0.311702
vt 0.441945 0.311702
vt 0.442212 0.311741
vt 0.445392 0.311741
vt 0.447233 0.310890
vt 0.447995 0.308831
vt 0.447995 0.305275
vt 0.447995 0.298808
vt 0.447995 0.292341
vt 0.447995 0.285875
vt 0.447995 0.279408
vt 0.447995 0.272941
vt 0.447995 0.266475
vt 0.447995 0.260008
vt 0.447995 0.256451
vt 0.447233 0.254394
vt 0.445392 0.253541
vt 0.442212 0.253541
vt 0.436702 0.253541
vt 0.436429 0.253570
vt 0.430916 0.253570
vt 0.430647 0.253577
vt 0.425131 0.253577
vt 0.424864 0.253541
vt 0.419081 0.253541
vt 0.413571 0.253541
vt 0.413298 0.253567
vt 0.407785 0.253567
vt 0.407516 0.253541
vt 0.402005 0.253541
vt 0.401733 0.253572
vt 0.398700 0.253572
vt 0.398550 0.253566
vt 0.398465 0.253589
vt 0.396712 0.254401
vt 0.396676 0.254491
vt 0.395950 0.256451
vt 0.395950 0.260008
vt 0.395950 0.266475
vt 0.395950 0.272941
vt 0.395950 0.279408
vt 0.395950 0.285875
vt 0.395950 0.292341
vt 0.395950 0.298808
vt 0.395950 0.305275
vt 0.395950 0.308831
s 1
usemtl Material.002
f 3146/4460/1498 3119/4461/1498 3022/4462/1498 3147/4463/1498
f 3148/4464/1498 3029/4465/1498 3099/4466/1498 3149/4467/1498
f 3152/4468/1499 3080/4469/1499 3077/4470/1499 3151/4471/1499 3150/4472/1499
f 3154/4473/1500 3083/4474/1500 3080/4469/1500 3152/4468/1500 3153/4475/1500
f 3155/4476/1501 3086/4477/1501 3083/4474/1501 3154/4473/1501
f 3157/4478/1502 3089/4479/1502 3086/4477/1502 3155/4476/1502 3156/4480/1502
f 3159/4481/1503 3092/4482/1503 3089/4479/1503 3157/4478/1503 3158/4483/1503
f 3161/4484/1504 3096/4485/1504 3092/4482/1504 3159/4481/1504 3160/4486/1504
f 3151/4471/1505 3077/4470/1505 3074/4487/1505 3163/4488/1505 3162/4489/1505
f 3163/4488/1506 3074/4487/1506 3030/4490/1506 3165/4491/1506 3164/4492/1506
f 3167/4493/1507 3122/4494/1507 3045/4495/1507 3166/4496/1507
f 3168/4497/1501 3044/4498/1501 3096/4485/1501 3161/4484/1501
f 3149/4467/1498 3099/4466/1498 3102/4499/1498 3169/4500/1498
f 3171/4501/1508 3050/4502/1508 3038/4503/1508 3170/4504/1508
f 3023/4505/1509 3120/4506/1509 3116/4507/1509 3113/4508/1509 3110/4509/1509 3107/4510/1509 3104/4511/1509 3101/4512/1509 3098/4513/1509 3031/4514/1509 3075/4515/1509 3078/4516/1509 3081/4517/1509 3084/4518/1509 3087/4519/1509 3090/4520/1509 3093/4521/1509 3095/4522/1509 3043/4523/1509 3123/4524/1509 3126/4525/1509 3129/4526/1509 3132/4527/1509 3135/4528/1509 3138/4529/1509 3141/4530/1509 3143/4531/1509 3036/4532/1509 3051/4533/1509 3054/4534/1509 3057/4535/1509 3060/4536/1509 3063/4537/1509 3066/4538/1509 3069/4539/1509 3071/4540/1509
f 3053/4541/1510 3050/4502/1510 3171/4501/1510 3172/4542/1510 3173/4543/1510
f 3174/4544/1511 3175/4545/1511 3056/4546/1511 3053/4541/1511 3173/4543/1511
f 3176/4547/1512 3177/4548/1512 3059/4549/1512 3056/4546/1512 3175/4545/1512
f 3178/4550/1513 3179/4551/1513 3062/4552/1513 3059/4549/1513 3177/4548/1513
f 3180/4553/1514 3181/4554/1514 3065/4555/1514 3062/4552/1514 3179/4551/1514
f 3182/4556/1515 3183/4557/1515 3068/4558/1515 3065/4555/1515 3181/4554/1515
f 3184/4559/1516 3185/4560/1516 3072/4561/1516 3068/4558/1516 3183/4557/1516
f 3024/4562/1517 3072/4561/1517 3185/4560/1517 3186/4563/1517 3187/4564/1517
f 3188/4565/1498 3117/4566/1498 3119/4461/1498 3146/4460/1498
f 3189/4567/1498 3114/4568/1498 3117/4566/1498 3188/4565/1498
f 3190/4569/1498 3111/4570/1498 3114/4568/1498 3189/4567/1498
f 3191/4571/1498 3108/4572/1498 3111/4570/1498 3190/4569/1498
f 3192/4573/1498 3105/4574/1498 3108/4572/1498 3191/4571/1498
f 3169/4500/1498 3102/4499/1498 3105/4574/1498 3192/4573/1498
f 3194/4575/1507 3037/4576/1507 3144/4577/1507 3193/4578/1507
f 3193/4578/1507 3144/4577/1507 3140/4579/1507 3195/4580/1507
f 3195/4580/1507 3140/4579/1507 3137/4581/1507 3196/4582/1507
f 3196/4582/1507 3137/4581/1507 3134/4583/1507 3197/4584/1507
f 3197/4584/1507 3134/4583/1507 3131/4585/1507 3198/4586/1507
f 3198/4586/1507 3131/4585/1507 3128/4587/1507 3199/4588/1507
f 3199/4588/1507 3128/4587/1507 3125/4589/1507 3200/4590/1507
f 3200/4590/1507 3125/4589/1507 3122/4494/1507 3167/4493/1507
f 3022/4462/1518 3025/4591/1518 3026/4592/1518 3028/4593/1518
f 3023/4505/1519 3027/4594/1519 3026/4595/1519 3025/4591/1519
f 3024/4562/1520 3028/4596/1520 3026/4597/1520 3027/4598/1520
f 3029/4465/1521 3032/4599/1521 3033/4600/1521 3035/4601/1521
f 3030/4490/1522 3034/4602/1522 3033/4603/1522 3032/4604/1522
f 3031/4514/1523 3035/4601/1523 3033/4605/1523 3034/4606/1523
f 3036/4532/1524 3039/4607/1524 3040/4608/1524 3042/4609/1524
f 3037/4576/1525 3041/4610/1525 3040/4608/1525 3039/4607/1525
f 3038/4503/1526 3042/4611/1526 3040/4608/1526 3041/4610/1526
f 3043/4523/1527 3046/4612/1527 3047/4613/1527 3049/4614/1527
f 3044/4498/1528 3048/4615/1528 3047/4613/1528 3046/4616/1528
f 3045/4495/1529 3049/4614/1529 3047/4613/1529 3048/4615/1529
f 3165/4491/1530 3030/4490/1530 3032/4604/1530 3202/4617/1530 3201/4618/1530
f 3032/4599/1531 3029/4465/1531 3148/4464/1531 3203/4619/1531 3202/4620/1531
f 3120/4506/1532 3023/4505/1532 3025/4591/1532 3121/4621/1532
f 3121/4621/1533 3025/4591/1533 3022/4462/1533 3119/4461/1533
f 3072/4561/1534 3024/4562/1534 3027/4598/1534 3073/4622/1534
f 3073/4623/1535 3027/4594/1535 3023/4505/1535 3071/4540/1535
f 3096/4485/1536 3044/4498/1536 3046/4616/1536 3097/4624/1536
f 3097/4625/1537 3046/4612/1537 3043/4523/1537 3095/4522/1537
f 3144/4577/1538 3037/4576/1538 3039/4607/1538 3145/4626/1538
f 3145/4626/1539 3039/4607/1539 3036/4532/1539 3143/4531/1539
f 3170/4504/1540 3038/4503/1540 3041/4610/1540 3204/4627/1540
f 3041/4610/1541 3037/4576/1541 3194/4575/1541 3204/4627/1541
f 3038/4503/1542 3050/4502/1542 3052/4628/1542 3042/4611/1542
f 3042/4609/1543 3052/4629/1543 3051/4533/1543 3036/4532/1543
f 3050/4502/1544 3053/4541/1544 3055/4630/1544 3052/4631/1544
f 3052/4632/1545 3055/4633/1545 3054/4534/1545 3051/4533/1545
f 3053/4541/1546 3056/4546/1546 3058/4634/1546 3055/4630/1546
f 3055/4633/1547 3058/4635/1547 3057/4535/1547 3054/4534/1547
f 3056/4546/1548 3059/4549/1548 3061/4636/1548 3058/4637/1548
f 3058/4638/1549 3061/4639/1549 3060/4536/1549 3057/4535/1549
f 3059/4549/1550 3062/4552/1550 3064/4640/1550 3061/4636/1550
f 3061/4639/1551 3064/4641/1551 3063/4537/1551 3060/4536/1551
f 3062/4552/1552 3065/4555/1552 3067/4642/1552 3064/4643/1552
f 3064/4644/1553 3067/4645/1553 3066/4538/1553 3063/4537/1553
f 3065/4555/1554 3068/4558/1554 3070/4646/1554 3067/4642/1554
f 3067/4645/1555 3070/4647/1555 3069/4539/1555 3066/4538/1555
f 3068/4558/1556 3072/4561/1556 3073/4622/1556 3070/4648/1556
f 3070/4649/1557 3073/4623/1557 3071/4540/1557 3069/4539/1557
f 3030/4490/1558 3074/4487/1558 3076/4650/1558 3034/4602/1558
f 3034/4606/1559 3076/4651/1559 3075/4515/1559 3031/4514/1559
f 3074/4487/1560 3077/4470/1560 3079/4652/1560 3076/4650/1560
f 3076/4651/1561 3079/4653/1561 3078/4516/1561 3075/4515/1561
f 3077/4470/1562 3080/4469/1562 3082/4654/1562 3079/4655/1562
f 3079/4656/1563 3082/4657/1563 3081/4517/1563 3078/4516/1563
f 3080/4469/1564 3083/4474/1564 3085/4658/1564 3082/4654/1564
f 3082/4657/1565 3085/4659/1565 3084/4518/1565 3081/4517/1565
f 3083/4474/1566 3086/4477/1566 3088/4660/1566 3085/4661/1566
f 3085/4662/1567 3088/4663/1567 3087/4519/1567 3084/4518/1567
f 3086/4477/1568 3089/4479/1568 3091/4664/1568 3088/4665/1568
f 3088/4666/1569 3091/4667/1569 3090/4520/1569 3087/4519/1569
f 3089/4479/1570 3092/4482/1570 3094/4668/1570 3091/4664/1570
f 3091/4667/1571 3094/4669/1571 3093/4521/1571 3090/4520/1571
f 3092/4482/1572 3096/4485/1572 3097/4670/1572 3094/4671/1572
f 3094/4672/1573 3097/4673/1573 3095/4522/1573 3093/4521/1573
f 3028/4596/1574 3024/4562/1574 3187/4564/1574 3205/4674/1574 3206/4675/1574
f 3022/4462/1575 3028/4593/1575 3206/4676/1575 3147/4463/1575
f 3207/4677/1576 3048/4615/1576 3044/4498/1576 3168/4497/1576
f 3045/4495/1577 3048/4615/1577 3207/4677/1577 3166/4496/1577
f 3031/4514/1532 3098/4513/1532 3100/4678/1532 3035/4601/1532
f 3035/4601/1533 3100/4678/1533 3099/4466/1533 3029/4465/1533
f 3098/4513/1532 3101/4512/1532 3103/4679/1532 3100/4678/1532
f 3100/4678/1533 3103/4679/1533 3102/4499/1533 3099/4466/1533
f 3101/4512/1532 3104/4511/1532 3106/4680/1532 3103/4679/1532
f 3103/4679/1533 3106/4680/1533 3105/4574/1533 3102/4499/1533
f 3104/4511/1532 3107/4510/1532 3109/4681/1532 3106/4680/1532
f 3106/4680/1533 3109/4681/1533 3108/4572/1533 3105/4574/1533
f 3107/4510/1532 3110/4509/1532 3112/4682/1532 3109/4681/1532
f 3109/4681/1533 3112/4682/1533 3111/4570/1533 3108/4572/1533
f 3110/4509/1532 3113/4508/1532 3115/4683/1532 3112/4682/1532
f 3112/4682/1533 3115/4683/1533 3114/4568/1533 3111/4570/1533
f 3113/4508/1532 3116/4507/1532 3118/4684/1532 3115/4683/1532
f 3115/4683/1533 3118/4684/1533 3117/4566/1533 3114/4568/1533
f 3116/4507/1532 3120/4506/1532 3121/4621/1532 3118/4684/1532
f 3118/4684/1533 3121/4621/1533 3119/4461/1533 3117/4566/1533
f 3045/4495/1538 3122/4494/1538 3124/4685/1538 3049/4614/1538
f 3049/4614/1539 3124/4685/1539 3123/4524/1539 3043/4523/1539
f 3122/4494/1538 3125/4589/1538 3127/4686/1538 3124/4685/1538
f 3124/4685/1539 3127/4686/1539 3126/4525/1539 3123/4524/1539
f 3125/4589/1538 3128/4587/1538 3130/4687/1538 3127/4686/1538
f 3127/4686/1539 3130/4687/1539 3129/4526/1539 3126/4525/1539
f 3128/4587/1538 3131/4585/1538 3133/4688/1538 3130/4687/1538
f 3130/4687/1539 3133/4688/1539 3132/4527/1539 3129/4526/1539
f 3131/4585/1538 3134/4583/1538 3136/4689/1538 3133/4688/1538
f 3133/4688/1539 3136/4689/1539 3135/4528/1539 3132/4527/1539
f 3134/4583/1538 3137/4581/1538 3139/4690/1538 3136/4689/1538
f 3136/4689/1539 3139/4690/1539 3138/4529/1539 3135/4528/1539
f 3137/4581/1538 3140/4579/1538 3142/4691/1538 3139/4690/1538
f 3139/4690/1539 3142/4691/1539 3141/4530/1539 3138/4529/1539
f 3140/4579/1538 3144/4577/1538 3145/4626/1538 3142/4691/1538
f 3142/4691/1539 3145/4626/1539 3143/4531/1539 3141/4530/1539
f 3206/4692/1578 3205/4693/1578 3187/4694/1578 3186/4695/1578 3185/4696/1578 3184/4697/1578 3183/4698/1578 3182/4699/1578 3181/4700/1578 3180/4701/1578 3179/4702/1578 3178/4703/1578 3177/4704/1578 3176/4705/1578 3175/4706/1578 3174/4707/1578 3173/4708/1578 3172/4709/1578 3171/4710/1578 3170/4711/1578 3204/4712/1578 3194/4713/1578 3193/4714/1578 3195/4715/1578 3196/4716/1578 3197/4717/1578 3198/4718/1578 3199/4719/1578 3200/4720/1578 3167/4721/1578 3166/4722/1578 3207/4723/1578 3168/4724/1578 3161/4725/1578 3160/4726/1578 3159/4727/1578 3158/4728/1578 3157/4729/1578 3156/4730/1578 3155/4731/1578 3154/4732/1578 3153/4733/1578 3152/4734/1578 3150/4735/1578 3151/4736/1578 3162/4737/1578 3163/4738/1578 3164/4739/1578 3165/4740/1578 3201/4741/1578 3202/4742/1578 3203/4743/1578 3148/4744/1578 3149/4745/1578 3169/4746/1578 3192/4747/1578 3191/4748/1578 3190/4749/1578 3189/4750/1578 3188/4751/1578 3146/4752/1578 3147/4753/1578
o Cube.016
v -0.071803 2.036918 -0.450006
v -0.167028 2.030941 -0.500000
v -0.166349 2.082037 -0.450000
v -0.099690 2.033932 -0.485355
v -0.112304 2.063261 -0.478870
v -0.168606 2.066974 -0.485341
v -0.099494 2.070844 -0.450003
v -0.084862 1.136444 -0.449965
v -0.165265 1.095879 -0.450005
v -0.183717 1.148275 -0.500000
v -0.103002 1.104048 -0.449985
v -0.119472 1.113073 -0.478862
v -0.178032 1.111935 -0.485359
v -0.114844 1.143790 -0.485347
v -1.876803 2.035975 -0.500000
v -1.971803 2.036920 -0.450000
v -1.876803 2.086920 -0.450000
v -1.943978 2.036447 -0.485356
v -1.931651 2.065587 -0.478868
v -1.943978 2.072470 -0.450000
v -1.876803 2.071802 -0.485356
v -1.876803 1.137336 -0.500000
v -1.876803 1.086920 -0.449992
v -1.971803 1.136919 -0.450000
v -1.876803 1.101681 -0.485346
v -1.931652 1.108140 -0.478867
v -1.943978 1.101564 -0.449996
v -1.943978 1.137128 -0.485356
v -1.760691 2.086920 -0.450000
v -1.760691 2.035937 -0.500000
v -1.760691 2.071987 -0.485356
v -1.549580 2.072196 -0.451270
v -1.549580 2.009645 -0.500000
v -1.549580 2.049110 -0.485727
v -1.338469 2.086919 -0.450000
v -1.338469 2.035831 -0.500000
v -1.338469 2.071955 -0.485356
v -1.127358 2.077318 -0.450581
v -1.127358 2.018493 -0.500000
v -1.127358 2.056904 -0.485526
v -0.916247 2.086919 -0.450000
v -0.916247 2.035695 -0.500000
v -0.916247 2.071915 -0.485356
v -0.705136 2.064548 -0.452541
v -0.705136 1.996590 -0.500000
v -0.705136 2.037735 -0.486100
v -0.494025 2.086919 -0.450000
v -0.494025 2.035723 -0.500000
v -0.494025 2.071924 -0.485356
v -0.282914 2.024924 -0.500000
v -0.282914 2.080900 -0.450237
v -0.282914 2.062483 -0.485425
v -0.282914 1.098194 -0.450790
v -0.282914 1.157777 -0.500000
v -0.282914 1.119359 -0.485587
v -0.494025 1.086919 -0.450006
v -0.494025 1.137514 -0.500000
v -0.494025 1.101737 -0.485357
v -0.705136 1.096526 -0.450589
v -0.705136 1.154781 -0.500000
v -0.705136 1.116775 -0.485528
v -0.916247 1.086919 -0.450009
v -0.916247 1.137444 -0.500000
v -0.916247 1.101717 -0.485358
v -1.127359 1.086919 -0.450011
v -1.127359 1.137426 -0.500000
v -1.127359 1.101712 -0.485359
v -1.338470 1.100225 -0.451074
v -1.338470 1.161179 -0.500000
v -1.338470 1.122414 -0.485670
v -1.549581 1.097512 -0.450689
v -1.549580 1.156420 -0.500000
v -1.549581 1.118266 -0.485557
v -1.760692 1.137353 -0.500000
v -1.760692 1.086919 -0.449991
v -1.760692 1.101691 -0.485353
v -0.196830 1.198030 -0.500000
v -0.088031 1.198030 -0.450430
v -0.125311 1.198030 -0.485481
v -0.219986 1.309141 -0.500000
v -0.101326 1.309141 -0.451416
v -0.145583 1.309141 -0.485770
v -0.167434 1.420252 -0.500000
v -0.071803 1.420252 -0.450018
v -0.099813 1.420252 -0.485361
v -0.167291 1.531363 -0.500000
v -0.071803 1.531363 -0.450014
v -0.099771 1.531363 -0.485360
v -0.167187 1.642474 -0.500000
v -0.071803 1.642474 -0.450011
v -0.099740 1.642474 -0.485359
v -0.167113 1.753585 -0.500000
v -0.071803 1.753585 -0.450009
v -0.099718 1.753585 -0.485358
v -0.167064 1.864697 -0.500000
v -0.071803 1.864697 -0.450008
v -0.099704 1.864697 -0.485358
v -0.071803 1.975808 -0.450007
v -0.167037 1.975808 -0.500000
v -0.099696 1.975808 -0.485357
v -1.971803 1.198030 -0.450000
v -1.876803 1.198030 -0.500000
v -1.943978 1.198030 -0.485356
v -1.971803 1.309142 -0.450000
v -1.876803 1.309142 -0.500000
v -1.943978 1.309142 -0.485356
v -1.971803 1.420252 -0.450000
v -1.876803 1.420252 -0.500000
v -1.943978 1.420252 -0.485356
v -1.971803 1.531363 -0.450000
v -1.876803 1.531363 -0.500000
v -1.943978 1.531363 -0.485356
v -1.971803 1.642475 -0.450000
v -1.876803 1.642475 -0.500000
v -1.943978 1.642475 -0.485356
v -1.971803 1.753586 -0.450000
v -1.876803 1.753586 -0.500000
v -1.943978 1.753586 -0.485356
v -1.971803 1.864697 -0.450000
v -1.876803 1.864697 -0.500000
v -1.943978 1.864697 -0.485356
v -1.876803 1.975808 -0.500000
v -1.971803 1.975808 -0.450000
v -1.943978 1.975808 -0.485356
v -0.071803 1.975808 -0.391766
v -0.071803 2.036918 -0.391766
v -0.072418 1.136896 -0.391766
v -0.072418 1.195128 -0.391766
v -0.072561 1.198030 -0.391766
v -0.503870 1.087367 -0.391766
v -0.494025 1.086919 -0.391766
v -0.705136 1.087367 -0.391766
v -0.715074 1.086919 -0.391766
v -0.916247 1.086919 -0.391766
v -1.127359 1.086919 -0.391766
v -1.137127 1.087535 -0.391766
v -1.338470 1.087535 -0.391766
v -1.348299 1.087412 -0.391766
v -1.549581 1.087412 -0.391766
v -1.559522 1.086919 -0.391766
v -1.760692 1.086919 -0.391766
v -0.292853 1.086918 -0.391766
v -0.282914 1.087443 -0.391766
v -0.172200 1.087443 -0.391766
v -0.166731 1.087340 -0.391766
v -1.971803 1.136919 -0.391766
v -1.971803 1.198030 -0.391766
v -1.876803 1.086920 -0.391766
v -0.072561 1.303946 -0.391766
v -0.073161 1.309141 -0.391766
v -1.876803 2.086920 -0.391766
v -1.760691 2.086920 -0.391766
v -1.750954 2.086240 -0.391766
v -1.549580 2.086240 -0.391766
v -1.539641 2.086919 -0.391766
v -1.338469 2.086919 -0.391766
v -1.328623 2.086472 -0.391766
v -1.127358 2.086472 -0.391766
v -1.117418 2.086919 -0.391766
v -0.916247 2.086919 -0.391766
v -0.906704 2.085907 -0.391766
v -0.705136 2.085907 -0.391766
v -0.695196 2.086919 -0.391766
v -0.494025 2.086919 -0.391766
v -0.484123 2.086637 -0.391766
v -0.282914 2.086637 -0.391766
v -0.277425 2.086689 -0.391766
v -0.166781 2.086689 -0.391766
v -0.071803 1.864697 -0.391766
v -0.071803 1.753585 -0.391766
v -0.071803 1.642474 -0.391766
v -0.071803 1.531363 -0.391766
v -0.071803 1.420252 -0.391766
v -0.073161 1.415139 -0.391766
v -1.971803 1.975808 -0.391766
v -1.971803 2.036920 -0.391766
v -1.971803 1.864697 -0.391766
v -1.971803 1.753586 -0.391766
v -1.971803 1.642475 -0.391766
v -1.971803 1.531363 -0.391766
v -1.971803 1.420252 -0.391766
v -1.971803 1.309142 -0.391766
v -0.163798 1.087726 -0.391766
v -0.099787 1.101681 -0.391766
v -0.098932 1.103207 -0.391766
v -1.943978 2.072284 -0.391766
v -0.102769 2.072733 -0.391766
v -0.099621 2.072206 -0.391766
v -1.943978 1.101564 -0.391766
vn 1.0000 -0.0000 -0.0000
vn 0.9720 0.0254 -0.2334
vn -0.0236 -0.9970 -0.0744
vn 0.0236 -0.9964 -0.0816
vn -0.0000 -1.0000 -0.0000
vn -0.0325 -0.9942 -0.1024
vn 0.0064 -0.9817 -0.1902
vn 0.0260 -0.9956 -0.0898
vn 0.0276 -0.9950 -0.0955
vn -0.0097 -0.9868 -0.1616
vn -1.0000 -0.0000 -0.0000
vn 0.9352 0.0569 -0.3494
vn -0.0000 1.0000 -0.0000
vn -0.0000 -0.0000 -1.0000
vn 0.0359 0.9930 -0.1130
vn -0.0358 0.9917 -0.1237
vn 0.0236 0.9970 -0.0743
vn -0.0236 0.9964 -0.0815
vn 0.0534 0.9842 -0.1686
vn -0.0533 0.9815 -0.1841
vn 0.0149 0.9988 -0.0468
vn -0.0050 0.9960 -0.0891
vn 0.9664 -0.1328 -0.2202
vn 0.6943 0.4959 -0.5216
vn 0.1605 0.3352 -0.9284
vn 0.1307 0.9250 -0.3569
vn 0.7256 -0.3240 -0.6071
vn 0.0918 -0.9127 -0.3982
vn 0.1489 -0.2950 -0.9438
vn -0.1761 0.3345 -0.9258
vn -0.7117 0.4920 -0.5013
vn -0.1745 0.9208 -0.3489
vn -0.1773 -0.3363 -0.9249
vn -0.1777 -0.9232 -0.3408
vn -0.7124 -0.4948 -0.4976
vn 0.1708 -0.9806 -0.0965
vn 0.8238 -0.5545 -0.1175
vn 0.2125 -0.0000 -0.9772
vn 0.7850 -0.0000 -0.6194
vn 0.7851 -0.0000 -0.6194
vn -0.0214 0.9034 -0.4282
vn -0.0165 0.3688 -0.9294
vn -0.0000 -0.9228 -0.3854
vn -0.0000 -0.3800 -0.9250
vn -0.7858 -0.0000 -0.6184
vn -0.2130 -0.0000 -0.9771
vn -0.2116 0.9774 0.0016
vn -0.7867 0.6174 0.0010
vn -0.0007 0.9203 -0.3911
vn -0.0002 0.3773 -0.9261
vn 0.0761 0.8757 -0.4769
vn 0.0408 0.3573 -0.9331
vn -0.0760 0.8755 -0.4772
vn -0.0406 0.3570 -0.9332
vn 0.0513 0.8921 -0.4489
vn 0.0275 0.3637 -0.9311
vn -0.0512 0.8919 -0.4493
vn -0.0273 0.3633 -0.9313
vn 0.1098 0.8497 -0.5156
vn 0.0583 0.3456 -0.9366
vn -0.1098 0.8498 -0.5155
vn -0.0584 0.3456 -0.9366
vn 0.0328 0.9033 -0.4278
vn 0.0175 0.3682 -0.9296
vn -0.0366 -0.8855 -0.4632
vn -0.0292 -0.3640 -0.9309
vn 0.0597 -0.8882 -0.4556
vn 0.0322 -0.3645 -0.9307
vn -0.0514 -0.8936 -0.4458
vn -0.0277 -0.3669 -0.9298
vn 0.0514 -0.8937 -0.4456
vn 0.0278 -0.3671 -0.9298
vn -0.0000 -0.9225 -0.3861
vn -0.0000 -0.3793 -0.9253
vn -0.0695 -0.8819 -0.4663
vn -0.0375 -0.3623 -0.9313
vn 0.0132 -0.8505 -0.5258
vn 0.0071 -0.3504 -0.9366
vn 0.0564 -0.8909 -0.4507
vn 0.0305 -0.3665 -0.9299
vn 0.1879 0.9810 -0.0485
vn 0.7801 0.6256 -0.0065
vn -0.2130 -0.9771 -0.0000
vn -0.7858 -0.6185 -0.0000
vn 0.2046 0.0451 -0.9778
vn 0.7250 0.0818 -0.6838
vn 0.1932 0.0365 -0.9805
vn 0.6454 0.0931 -0.7582
vn 0.1985 -0.0860 -0.9763
vn 0.6766 -0.2235 -0.7016
vn 0.2117 -0.0002 -0.9773
vn 0.2119 -0.0001 -0.9773
vn 0.7840 -0.0001 -0.6208
vn 0.7842 -0.0001 -0.6205
vn 0.2121 -0.0001 -0.9772
vn 0.7845 -0.0001 -0.6201
vn 0.2123 -0.0001 -0.9772
vn 0.7848 -0.0001 -0.6198
vn 0.2124 -0.0000 -0.9772
vn 0.7849 -0.0000 -0.6196
vn -0.0000 -0.0000 1.0000
vt 0.402778 0.222942
vt 0.402778 0.237502
vt 0.387500 0.237502
vt 0.387500 0.222942
vt 0.612503 0.222944
vt 0.612565 0.237545
vt 0.597222 0.237607
vt 0.597222 0.222942
vt 0.597947 0.222940
vt 0.791667 0.527058
vt 0.791667 0.512353
vt 0.819444 0.512498
vt 0.819444 0.527058
vt 0.818145 0.527051
vt 0.763889 0.527058
vt 0.763889 0.512498
vt 0.790355 0.527066
vt 0.736111 0.527058
vt 0.736111 0.512497
vt 0.708333 0.527058
vt 0.708333 0.512232
vt 0.734818 0.527045
vt 0.680556 0.527058
vt 0.680556 0.512328
vt 0.707040 0.527063
vt 0.652778 0.527058
vt 0.652778 0.512502
vt 0.679243 0.527067
vt 0.847222 0.512303
vt 0.847222 0.527058
vt 0.845909 0.527068
vt 0.862611 0.512408
vt 0.862505 0.527054
vt 0.861786 0.527052
vt 0.597222 0.527058
vt 0.597222 0.512500
vt 0.612500 0.512500
vt 0.612500 0.527058
vt 0.637500 0.527058
vt 0.637500 0.512502
vt 0.569444 0.237854
vt 0.569444 0.222942
vt 0.570745 0.222929
vt 0.347222 0.527058
vt 0.347222 0.512500
vt 0.362500 0.512500
vt 0.362500 0.527058
vt 0.388340 0.262530
vt 0.402778 0.262531
vt 0.430556 0.262534
vt 0.458333 0.262541
vt 0.486111 0.262551
vt 0.513889 0.262564
vt 0.541667 0.262583
vt 0.569444 0.266760
vt 0.597222 0.264626
vt 0.611003 0.263656
vt 0.609527 0.277778
vt 0.612351 0.305556
vt 0.610029 0.333333
vt 0.612369 0.361111
vt 0.612373 0.388889
vt 0.608943 0.416667
vt 0.609777 0.444444
vt 0.612392 0.472222
vt 0.612396 0.487500
vt 0.597222 0.487500
vt 0.569444 0.487500
vt 0.541667 0.487500
vt 0.513889 0.487500
vt 0.486111 0.487500
vt 0.458333 0.487500
vt 0.430556 0.487500
vt 0.402778 0.487500
vt 0.387736 0.487500
vt 0.387746 0.472222
vt 0.391705 0.444444
vt 0.387772 0.416667
vt 0.390140 0.388889
vt 0.387806 0.361111
vt 0.394767 0.333333
vt 0.387799 0.305556
vt 0.389163 0.277778
vt 0.345932 0.527042
vt 0.319444 0.527058
vt 0.319444 0.512183
vt 0.318128 0.527075
vt 0.291667 0.527058
vt 0.291667 0.512500
vt 0.290367 0.527051
vt 0.263889 0.527058
vt 0.263889 0.512355
vt 0.262577 0.527066
vt 0.236111 0.527058
vt 0.236111 0.512500
vt 0.234835 0.527021
vt 0.208333 0.527058
vt 0.208333 0.511865
vt 0.207006 0.527094
vt 0.180556 0.527058
vt 0.180556 0.512500
vt 0.179251 0.527056
vt 0.152778 0.527058
vt 0.152778 0.512441
vt 0.137467 0.512473
vt 0.152056 0.527059
vt 0.137498 0.527057
vt 0.430556 0.222942
vt 0.430556 0.237502
vt 0.458333 0.222942
vt 0.458333 0.237502
vt 0.486111 0.222942
vt 0.486111 0.237503
vt 0.513889 0.222942
vt 0.513889 0.237503
vt 0.541667 0.222942
vt 0.541667 0.237504
vt 0.542955 0.222960
vt 0.387500 0.527058
vt 0.387500 0.512500
vt 0.402778 0.512500
vt 0.402778 0.527058
vt 0.430556 0.512500
vt 0.430556 0.527058
vt 0.458333 0.512500
vt 0.458333 0.527058
vt 0.486111 0.512500
vt 0.486111 0.527058
vt 0.513889 0.512500
vt 0.513889 0.527058
vt 0.541667 0.512500
vt 0.541667 0.527058
vt 0.569444 0.512500
vt 0.569444 0.527058
vt 0.388246 0.250000
vt 0.380915 0.250000
vt 0.375000 0.237501
vt 0.375000 0.263100
vt 0.375000 0.255853
vt 0.125000 0.512499
vt 0.125000 0.505283
vt 0.138100 0.500000
vt 0.625000 0.237496
vt 0.625000 0.244715
vt 0.610280 0.250000
vt 0.860369 0.500000
vt 0.867776 0.500000
vt 0.875000 0.512504
vt 0.617731 0.250000
vt 0.625000 0.264631
vt 0.387618 0.500000
vt 0.375017 0.501761
vt 0.375000 0.487500
vt 0.375000 0.512500
vt 0.362500 0.500000
vt 0.625000 0.487500
vt 0.623232 0.500000
vt 0.612448 0.500000
vt 0.625000 0.512501
vt 0.637500 0.500000
vt 0.875000 0.527058
vt 0.863035 0.527059
vt 0.624470 0.222945
vt 0.625000 0.222942
vt 0.402778 0.250000
vt 0.152778 0.500000
vt 0.375000 0.277778
vt 0.652778 0.500000
vt 0.625000 0.472222
vt 0.402778 0.500000
vt 0.375000 0.527058
vt 0.347222 0.500000
vt 0.375000 0.472222
vt 0.319444 0.500000
vt 0.346388 0.500000
vt 0.375000 0.471388
vt 0.375000 0.444444
vt 0.292503 0.500000
vt 0.375000 0.417503
vt 0.263889 0.500000
vt 0.291098 0.500000
vt 0.375000 0.416098
vt 0.375000 0.388889
vt 0.236681 0.500000
vt 0.375000 0.361681
vt 0.208333 0.500000
vt 0.234938 0.500000
vt 0.375000 0.359938
vt 0.375000 0.333333
vt 0.181728 0.500000
vt 0.375000 0.306728
vt 0.180191 0.500000
vt 0.375000 0.305191
vt 0.847222 0.500000
vt 0.625000 0.277778
vt 0.820098 0.500000
vt 0.625000 0.304902
vt 0.791667 0.500000
vt 0.818881 0.500000
vt 0.625000 0.306119
vt 0.625000 0.333333
vt 0.764451 0.500000
vt 0.625000 0.360549
vt 0.736111 0.500000
vt 0.763889 0.500000
vt 0.625000 0.361111
vt 0.625000 0.388889
vt 0.708333 0.500000
vt 0.735354 0.500000
vt 0.625000 0.389646
vt 0.625000 0.416667
vt 0.680686 0.500000
vt 0.625000 0.444314
vt 0.653393 0.500000
vt 0.680556 0.500000
vt 0.625000 0.444444
vt 0.625000 0.471607
vt 0.125571 0.527057
vt 0.125000 0.527058
vt 0.375000 0.222942
vt 0.625000 0.527058
vt 0.597050 0.250000
vt 0.569444 0.250000
vt 0.542098 0.250000
vt 0.513889 0.250000
vt 0.486111 0.250000
vt 0.458333 0.250000
vt 0.430556 0.250000
vt 0.597222 0.500000
vt 0.569444 0.500000
vt 0.541667 0.500000
vt 0.513889 0.500000
vt 0.486111 0.500000
vt 0.458333 0.500000
vt 0.430556 0.500000
vt 0.501075 0.254398
vt 0.500989 0.254367
vt 0.499235 0.253555
vt 0.496204 0.253555
vt 0.496054 0.253558
vt 0.490543 0.253558
vt 0.490271 0.253541
vt 0.484761 0.253541
vt 0.484489 0.253600
vt 0.478967 0.253600
vt 0.478706 0.253541
vt 0.473195 0.253541
vt 0.472923 0.253567
vt 0.467410 0.253567
vt 0.467140 0.253541
vt 0.461630 0.253541
vt 0.461358 0.253581
vt 0.455842 0.253581
vt 0.455575 0.253541
vt 0.452395 0.253541
vt 0.450554 0.254393
vt 0.449792 0.256451
vt 0.449792 0.260008
vt 0.449792 0.266475
vt 0.449792 0.272941
vt 0.449792 0.279408
vt 0.449792 0.285875
vt 0.449792 0.292341
vt 0.449792 0.298808
vt 0.449792 0.305275
vt 0.449792 0.308831
vt 0.450554 0.310889
vt 0.452394 0.311741
vt 0.455575 0.311741
vt 0.461085 0.311741
vt 0.461358 0.311713
vt 0.466871 0.311713
vt 0.467140 0.311706
vt 0.472656 0.311706
vt 0.472923 0.311741
vt 0.478706 0.311741
vt 0.484216 0.311741
vt 0.484489 0.311715
vt 0.490002 0.311715
vt 0.490271 0.311741
vt 0.495782 0.311741
vt 0.496054 0.311711
vt 0.499087 0.311711
vt 0.499237 0.311717
vt 0.499317 0.311694
vt 0.501070 0.310882
vt 0.501094 0.310793
vt 0.501820 0.308833
vt 0.501820 0.305444
vt 0.501816 0.305275
vt 0.501816 0.299110
vt 0.501800 0.298808
vt 0.501800 0.292639
vt 0.501837 0.292341
vt 0.501837 0.285875
vt 0.501837 0.279408
vt 0.501837 0.272941
vt 0.501837 0.266475
vt 0.501837 0.260008
vt 0.501837 0.256451
s 1
usemtl Material.002
f 3332/4754/1579 3305/4755/1579 3208/4756/1579 3333/4757/1579
f 3334/4758/1580 3215/4759/1580 3285/4760/1580 3336/4761/1580 3335/4762/1580
f 3339/4763/1581 3266/4764/1581 3263/4765/1581 3338/4766/1581 3337/4767/1581
f 3341/4768/1582 3269/4769/1582 3266/4764/1582 3339/4763/1582 3340/4770/1582
f 3342/4771/1583 3272/4772/1583 3269/4769/1583 3341/4768/1583
f 3344/4773/1584 3275/4774/1584 3272/4772/1584 3342/4771/1584 3343/4775/1584
f 3346/4776/1585 3278/4777/1585 3275/4774/1585 3344/4773/1585 3345/4778/1585
f 3348/4779/1586 3282/4780/1586 3278/4777/1586 3346/4776/1586 3347/4781/1586
f 3338/4766/1587 3263/4765/1587 3260/4782/1587 3350/4783/1587 3349/4784/1587
f 3350/4783/1588 3260/4782/1588 3216/4785/1588 3352/4786/1588 3351/4787/1588
f 3354/4788/1589 3308/4789/1589 3231/4790/1589 3353/4791/1589
f 3355/4792/1583 3230/4793/1583 3282/4780/1583 3348/4779/1583
f 3336/4761/1590 3285/4760/1590 3288/4794/1590 3357/4795/1590 3356/4796/1590
f 3359/4797/1591 3236/4798/1591 3224/4799/1591 3358/4800/1591
f 3209/4801/1592 3306/4802/1592 3302/4803/1592 3299/4804/1592 3296/4805/1592 3293/4806/1592 3290/4807/1592 3287/4808/1592 3284/4809/1592 3217/4810/1592 3261/4811/1592 3264/4812/1592 3267/4813/1592 3270/4814/1592 3273/4815/1592 3276/4816/1592 3279/4817/1592 3281/4818/1592 3229/4819/1592 3309/4820/1592 3312/4821/1592 3315/4822/1592 3318/4823/1592 3321/4824/1592 3324/4825/1592 3327/4826/1592 3329/4827/1592 3222/4828/1592 3237/4829/1592 3240/4830/1592 3243/4831/1592 3246/4832/1592 3249/4833/1592 3252/4834/1592 3255/4835/1592 3257/4836/1592
f 3360/4837/1593 3361/4838/1593 3239/4839/1593 3236/4798/1593 3359/4797/1593
f 3362/4840/1594 3363/4841/1594 3242/4842/1594 3239/4839/1594 3361/4838/1594
f 3364/4843/1595 3365/4844/1595 3245/4845/1595 3242/4842/1595 3363/4841/1595
f 3366/4846/1596 3367/4847/1596 3248/4848/1596 3245/4845/1596 3365/4844/1596
f 3368/4849/1597 3369/4850/1597 3251/4851/1597 3248/4848/1597 3367/4847/1597
f 3370/4852/1598 3371/4853/1598 3254/4854/1598 3251/4851/1598 3369/4850/1598
f 3372/4855/1599 3373/4856/1599 3258/4857/1599 3254/4854/1599 3371/4853/1599
f 3210/4858/1600 3258/4857/1600 3373/4856/1600 3374/4859/1600 3375/4860/1600
f 3376/4861/1579 3303/4862/1579 3305/4755/1579 3332/4754/1579
f 3377/4863/1579 3300/4864/1579 3303/4862/1579 3376/4861/1579
f 3378/4865/1579 3297/4866/1579 3300/4864/1579 3377/4863/1579
f 3379/4867/1579 3294/4868/1579 3297/4866/1579 3378/4865/1579
f 3380/4869/1579 3291/4870/1579 3294/4868/1579 3379/4867/1579
f 3357/4795/1601 3288/4794/1601 3291/4870/1601 3380/4869/1601 3381/4871/1601
f 3383/4872/1589 3223/4873/1589 3330/4874/1589 3382/4875/1589
f 3382/4875/1589 3330/4874/1589 3326/4876/1589 3384/4877/1589
f 3384/4877/1589 3326/4876/1589 3323/4878/1589 3385/4879/1589
f 3385/4879/1589 3323/4878/1589 3320/4880/1589 3386/4881/1589
f 3386/4881/1589 3320/4880/1589 3317/4882/1589 3387/4883/1589
f 3387/4883/1589 3317/4882/1589 3314/4884/1589 3388/4885/1589
f 3388/4885/1589 3314/4884/1589 3311/4886/1589 3389/4887/1589
f 3389/4887/1589 3311/4886/1589 3308/4789/1589 3354/4788/1589
f 3208/4756/1602 3211/4888/1602 3212/4889/1602 3214/4890/1602
f 3209/4801/1603 3213/4891/1603 3212/4892/1603 3211/4888/1603
f 3210/4858/1604 3214/4893/1604 3212/4894/1604 3213/4895/1604
f 3215/4759/1605 3218/4896/1605 3219/4897/1605 3221/4898/1605
f 3216/4785/1606 3220/4899/1606 3219/4900/1606 3218/4901/1606
f 3217/4810/1607 3221/4898/1607 3219/4902/1607 3220/4903/1607
f 3222/4828/1608 3225/4904/1608 3226/4905/1608 3228/4906/1608
f 3223/4873/1609 3227/4907/1609 3226/4905/1609 3225/4904/1609
f 3224/4799/1610 3228/4908/1610 3226/4905/1610 3227/4907/1610
f 3229/4819/1611 3232/4909/1611 3233/4910/1611 3235/4911/1611
f 3230/4793/1612 3234/4912/1612 3233/4910/1612 3232/4913/1612
f 3231/4790/1613 3235/4911/1613 3233/4910/1613 3234/4912/1613
f 3352/4786/1614 3216/4785/1614 3218/4901/1614 3391/4914/1614 3390/4915/1614
f 3218/4896/1615 3215/4759/1615 3334/4758/1615 3392/4916/1615 3391/4917/1615
f 3306/4802/1616 3209/4801/1616 3211/4888/1616 3307/4918/1616
f 3307/4918/1617 3211/4888/1618 3208/4756/1618 3305/4755/1617
f 3258/4857/1619 3210/4858/1619 3213/4895/1619 3259/4919/1619
f 3259/4920/1620 3213/4891/1620 3209/4801/1620 3257/4836/1620
f 3282/4780/1621 3230/4793/1621 3232/4913/1621 3283/4921/1621
f 3283/4922/1622 3232/4909/1622 3229/4819/1622 3281/4818/1622
f 3330/4874/1623 3223/4873/1623 3225/4904/1623 3331/4923/1623
f 3331/4923/1624 3225/4904/1624 3222/4828/1624 3329/4827/1624
f 3358/4800/1625 3224/4799/1625 3227/4907/1625 3393/4924/1625
f 3227/4907/1626 3223/4873/1626 3383/4872/1626 3393/4924/1626
f 3224/4799/1627 3236/4798/1627 3238/4925/1627 3228/4908/1627
f 3228/4906/1628 3238/4926/1628 3237/4829/1628 3222/4828/1628
f 3236/4798/1629 3239/4839/1629 3241/4927/1629 3238/4928/1629
f 3238/4929/1630 3241/4930/1630 3240/4830/1630 3237/4829/1630
f 3239/4839/1631 3242/4842/1631 3244/4931/1631 3241/4927/1631
f 3241/4930/1632 3244/4932/1632 3243/4831/1632 3240/4830/1632
f 3242/4842/1633 3245/4845/1633 3247/4933/1633 3244/4934/1633
f 3244/4935/1634 3247/4936/1634 3246/4832/1634 3243/4831/1634
f 3245/4845/1635 3248/4848/1635 3250/4937/1635 3247/4933/1635
f 3247/4936/1636 3250/4938/1636 3249/4833/1636 3246/4832/1636
f 3248/4848/1637 3251/4851/1637 3253/4939/1637 3250/4940/1637
f 3250/4941/1638 3253/4942/1638 3252/4834/1638 3249/4833/1638
f 3251/4851/1639 3254/4854/1639 3256/4943/1639 3253/4939/1639
f 3253/4942/1640 3256/4944/1640 3255/4835/1640 3252/4834/1640
f 3254/4854/1641 3258/4857/1641 3259/4919/1641 3256/4945/1641
f 3256/4946/1642 3259/4920/1642 3257/4836/1642 3255/4835/1642
f 3216/4785/1643 3260/4782/1643 3262/4947/1643 3220/4899/1643
f 3220/4903/1644 3262/4948/1644 3261/4811/1644 3217/4810/1644
f 3260/4782/1645 3263/4765/1645 3265/4949/1645 3262/4947/1645
f 3262/4948/1646 3265/4950/1646 3264/4812/1646 3261/4811/1646
f 3263/4765/1647 3266/4764/1647 3268/4951/1647 3265/4952/1647
f 3265/4953/1648 3268/4954/1648 3267/4813/1648 3264/4812/1648
f 3266/4764/1649 3269/4769/1649 3271/4955/1649 3268/4951/1649
f 3268/4954/1650 3271/4956/1650 3270/4814/1650 3267/4813/1650
f 3269/4769/1651 3272/4772/1651 3274/4957/1651 3271/4958/1651
f 3271/4959/1652 3274/4960/1652 3273/4815/1652 3270/4814/1652
f 3272/4772/1653 3275/4774/1653 3277/4961/1653 3274/4962/1653
f 3274/4963/1654 3277/4964/1654 3276/4816/1654 3273/4815/1654
f 3275/4774/1655 3278/4777/1655 3280/4965/1655 3277/4961/1655
f 3277/4964/1656 3280/4966/1656 3279/4817/1656 3276/4816/1656
f 3278/4777/1657 3282/4780/1657 3283/4967/1657 3280/4968/1657
f 3280/4969/1658 3283/4970/1658 3281/4818/1658 3279/4817/1658
f 3214/4893/1659 3210/4858/1659 3375/4860/1659 3394/4971/1659 3395/4972/1659
f 3208/4756/1660 3214/4890/1660 3395/4973/1660 3333/4757/1660
f 3396/4974/1661 3234/4912/1661 3230/4793/1661 3355/4792/1661
f 3231/4790/1662 3234/4912/1662 3396/4974/1662 3353/4791/1662
f 3217/4810/1663 3284/4809/1663 3286/4975/1663 3221/4898/1663
f 3221/4898/1664 3286/4975/1664 3285/4760/1664 3215/4759/1664
f 3284/4809/1665 3287/4808/1665 3289/4976/1665 3286/4975/1665
f 3286/4975/1666 3289/4976/1666 3288/4794/1666 3285/4760/1666
f 3287/4808/1667 3290/4807/1667 3292/4977/1667 3289/4976/1667
f 3289/4976/1668 3292/4977/1668 3291/4870/1668 3288/4794/1668
f 3290/4807/1669 3293/4806/1670 3295/4978/1670 3292/4977/1669
f 3292/4977/1671 3295/4978/1672 3294/4868/1672 3291/4870/1671
f 3293/4806/1670 3296/4805/1673 3298/4979/1673 3295/4978/1670
f 3295/4978/1672 3298/4979/1674 3297/4866/1674 3294/4868/1672
f 3296/4805/1673 3299/4804/1675 3301/4980/1675 3298/4979/1673
f 3298/4979/1674 3301/4980/1676 3300/4864/1676 3297/4866/1674
f 3299/4804/1675 3302/4803/1677 3304/4981/1677 3301/4980/1675
f 3301/4980/1676 3304/4981/1678 3303/4862/1678 3300/4864/1676
f 3302/4803/1677 3306/4802/1616 3307/4918/1616 3304/4981/1677
f 3304/4981/1678 3307/4918/1617 3305/4755/1617 3303/4862/1678
f 3231/4790/1623 3308/4789/1623 3310/4982/1623 3235/4911/1623
f 3235/4911/1624 3310/4982/1624 3309/4820/1624 3229/4819/1624
f 3308/4789/1623 3311/4886/1623 3313/4983/1623 3310/4982/1623
f 3310/4982/1624 3313/4983/1624 3312/4821/1624 3309/4820/1624
f 3311/4886/1623 3314/4884/1623 3316/4984/1623 3313/4983/1623
f 3313/4983/1624 3316/4984/1624 3315/4822/1624 3312/4821/1624
f 3314/4884/1623 3317/4882/1623 3319/4985/1623 3316/4984/1623
f 3316/4984/1624 3319/4985/1624 3318/4823/1624 3315/4822/1624
f 3317/4882/1623 3320/4880/1623 3322/4986/1623 3319/4985/1623
f 3319/4985/1624 3322/4986/1624 3321/4824/1624 3318/4823/1624
f 3320/4880/1623 3323/4878/1623 3325/4987/1623 3322/4986/1623
f 3322/4986/1624 3325/4987/1624 3324/4825/1624 3321/4824/1624
f 3323/4878/1623 3326/4876/1623 3328/4988/1623 3325/4987/1623
f 3325/4987/1624 3328/4988/1624 3327/4826/1624 3324/4825/1624
f 3326/4876/1623 3330/4874/1623 3331/4923/1623 3328/4988/1623
f 3328/4988/1624 3331/4923/1624 3329/4827/1624 3327/4826/1624
f 3395/4989/1679 3394/4990/1679 3375/4991/1679 3374/4992/1679 3373/4993/1679 3372/4994/1679 3371/4995/1679 3370/4996/1679 3369/4997/1679 3368/4998/1679 3367/4999/1679 3366/5000/1679 3365/5001/1679 3364/5002/1679 3363/5003/1679 3362/5004/1679 3361/5005/1679 3360/5006/1679 3359/5007/1679 3358/5008/1679 3393/5009/1679 3383/5010/1679 3382/5011/1679 3384/5012/1679 3385/5013/1679 3386/5014/1679 3387/5015/1679 3388/5016/1679 3389/5017/1679 3354/5018/1679 3353/5019/1679 3396/5020/1679 3355/5021/1679 3348/5022/1679 3347/5023/1679 3346/5024/1679 3345/5025/1679 3344/5026/1679 3343/5027/1679 3342/5028/1679 3341/5029/1679 3340/5030/1679 3339/5031/1679 3337/5032/1679 3338/5033/1679 3349/5034/1679 3350/5035/1679 3351/5036/1679 3352/5037/1679 3390/5038/1679 3391/5039/1679 3392/5040/1679 3334/5041/1679 3335/5042/1679 3336/5043/1679 3356/5044/1679 3357/5045/1679 3381/5046/1679 3380/5047/1679 3379/5048/1679 3378/5049/1679 3377/5050/1679 3376/5051/1679 3332/5052/1679 3333/5053/1679
o Cube.017
v 1.677758 2.086919 -0.438889
v 1.466647 2.086919 -0.438889
v 1.255535 2.086919 -0.438889
v 1.044425 2.086919 -0.438889
v 0.833313 2.086919 -0.438889
v 0.622202 2.086919 -0.438889
v 0.411091 2.086919 -0.438889
v 0.199980 2.086919 -0.438889
v 0.199980 1.086919 -0.438889
v 0.411091 1.086919 -0.438889
v 0.622202 1.086919 -0.438889
v 0.833313 1.086919 -0.438889
v 1.044425 1.086919 -0.438889
v 1.255535 1.086919 -0.438889
v 1.466647 1.086919 -0.438889
v 1.677758 1.086919 -0.438889
v 1.888868 1.975808 -0.438889
v 1.888868 1.864697 -0.438889
v 1.888868 1.753585 -0.438889
v 1.888868 1.642475 -0.438889
v 1.888868 1.531363 -0.438889
v 1.888868 1.420252 -0.438889
v 1.888868 1.309141 -0.438889
v 1.888868 1.198030 -0.438889
v -0.011131 1.975808 -0.438889
v -0.011131 1.864697 -0.438889
v -0.011131 1.753585 -0.438889
v -0.011131 1.642475 -0.438889
v -0.011131 1.531363 -0.438889
v -0.011131 1.420252 -0.438889
v -0.011131 1.309141 -0.438889
v -0.011131 1.198030 -0.438889
v -0.011131 1.136919 -0.499980
v 0.084297 1.142908 -0.550000
v 0.083415 1.091800 -0.500000
v 0.016814 1.139908 -0.535346
v 0.029412 1.110579 -0.528864
v 0.085773 1.106869 -0.535341
v 0.016561 1.102993 -0.499990
v -0.011131 2.036919 -0.500063
v 0.082331 2.077959 -0.500005
v 0.084695 2.027105 -0.550000
v 0.016243 2.069650 -0.500034
v 0.029602 2.061358 -0.528883
v 0.087040 2.062675 -0.535359
v 0.016924 2.032033 -0.535365
v 1.793603 1.137864 -0.550000
v 1.888868 1.136919 -0.500007
v 1.793869 1.086919 -0.500000
v 1.860969 1.137390 -0.535355
v 1.848662 1.108250 -0.528870
v 1.861044 1.101563 -0.500003
v 1.793737 1.101829 -0.535339
v 1.793664 2.036502 -0.550000
v 1.793869 2.086919 -0.499992
v 1.888868 2.036919 -0.499995
v 1.793767 2.072157 -0.535346
v 1.848675 2.065699 -0.528866
v 1.861044 2.072274 -0.499994
v 1.860986 2.036711 -0.535352
v 1.677758 1.086919 -0.500000
v 1.677758 1.137902 -0.550000
v 1.677758 1.101851 -0.535356
v 1.466647 1.101643 -0.501270
v 1.466647 1.164193 -0.550000
v 1.466647 1.124727 -0.535727
v 1.255535 1.086919 -0.500000
v 1.255535 1.138007 -0.550000
v 1.255535 1.101882 -0.535356
v 1.044425 1.096519 -0.500581
v 1.044425 1.155344 -0.550000
v 1.044425 1.116935 -0.535526
v 0.833313 1.086919 -0.500000
v 0.833313 1.138143 -0.550000
v 0.833313 1.101923 -0.535356
v 0.622202 1.109290 -0.502541
v 0.622202 1.177248 -0.550000
v 0.622202 1.136104 -0.536100
v 0.411091 1.086919 -0.500000
v 0.411091 1.138114 -0.550000
v 0.411091 1.101914 -0.535356
v 0.199980 1.148914 -0.550000
v 0.199980 1.092937 -0.500237
v 0.199980 1.111354 -0.535425
v 0.199980 2.075644 -0.500790
v 0.199980 2.016061 -0.550000
v 0.199980 2.054479 -0.535587
v 0.411091 2.086919 -0.500006
v 0.411091 2.036324 -0.550000
v 0.411091 2.072100 -0.535357
v 0.622202 2.077312 -0.500589
v 0.622202 2.019058 -0.550000
v 0.622202 2.057063 -0.535528
v 0.833313 2.086919 -0.500009
v 0.833313 2.036394 -0.550000
v 0.833313 2.072120 -0.535358
v 1.044425 2.086919 -0.500011
v 1.044425 2.036412 -0.550000
v 1.044425 2.072125 -0.535359
v 1.255535 2.073613 -0.501074
v 1.255535 2.012659 -0.550000
v 1.255535 2.051424 -0.535670
v 1.466647 2.076327 -0.500689
v 1.466647 2.017418 -0.550000
v 1.466647 2.055572 -0.535557
v 1.677758 2.036485 -0.550000
v 1.677758 2.086919 -0.499991
v 1.677758 2.072148 -0.535353
v 0.083869 1.086919 -0.438889
v -0.011131 1.136919 -0.438889
v 0.016694 1.101563 -0.438889
v -0.011131 2.036919 -0.438889
v 0.083869 2.086919 -0.438889
v 0.016694 2.072274 -0.438889
v 1.888868 1.136919 -0.438889
v 1.793869 1.086919 -0.438889
v 1.861044 1.101563 -0.438889
v 1.793869 2.086919 -0.438889
v 1.888868 2.036919 -0.438889
v 1.861044 2.072274 -0.438889
v 0.084728 1.975808 -0.550000
v -0.011131 1.975808 -0.500066
v 0.016945 1.975808 -0.535375
v 0.084829 1.864697 -0.550000
v -0.011131 1.864697 -0.500073
v 0.016975 1.864697 -0.535377
v 0.150520 1.753585 -0.550000
v 0.026264 1.753585 -0.502153
v 0.074372 1.753585 -0.535986
v 0.124953 1.642475 -0.550000
v 0.011282 1.642475 -0.500809
v 0.051950 1.642475 -0.535593
v 0.084599 1.531363 -0.550000
v -0.011131 1.531363 -0.499965
v 0.016907 1.531363 -0.535345
v 0.084459 1.420252 -0.550000
v -0.011131 1.420252 -0.499972
v 0.016866 1.420252 -0.535347
v 0.084366 1.309141 -0.550000
v -0.011131 1.309141 -0.499976
v 0.016839 1.309141 -0.535348
v -0.011131 1.198030 -0.499979
v 0.084314 1.198030 -0.550000
v 0.016824 1.198030 -0.535349
v 1.888868 1.975808 -0.499995
v 1.793656 1.975808 -0.550000
v 1.860981 1.975808 -0.535354
v 1.888868 1.864697 -0.499995
v 1.793631 1.864697 -0.550000
v 1.860974 1.864697 -0.535354
v 1.888868 1.753585 -0.499994
v 1.793586 1.753585 -0.550000
v 1.860961 1.753585 -0.535354
v 1.880072 1.642475 -0.500134
v 1.777571 1.642475 -0.550000
v 1.847083 1.642475 -0.535395
v 1.866051 1.531363 -0.500891
v 1.752594 1.531363 -0.550000
v 1.825335 1.531363 -0.535617
v 1.888868 1.420252 -0.500009
v 1.793503 1.420252 -0.550000
v 1.860937 1.420252 -0.535358
v 1.888868 1.309141 -0.500008
v 1.793560 1.309141 -0.550000
v 1.860953 1.309141 -0.535358
v 1.793593 1.198030 -0.550000
v 1.888868 1.198030 -0.500007
v 1.860963 1.198030 -0.535358
v -0.011131 1.198030 -0.391766
v -0.011131 1.136919 -0.391766
v 1.677758 1.086919 -0.391766
v 1.466647 1.086919 -0.391766
v 1.255535 1.086919 -0.391766
v 1.044425 1.086919 -0.391766
v 0.833313 1.086919 -0.391766
v 0.622202 1.086919 -0.391766
v 0.411091 1.086919 -0.391766
v 0.199980 1.086919 -0.391766
v 0.199980 2.086919 -0.391766
v 0.411091 2.086919 -0.391766
v 0.622202 2.086919 -0.391766
v 0.833313 2.086919 -0.391766
v 1.044425 2.086919 -0.391766
v 1.255535 2.086919 -0.391766
v 1.466647 2.086919 -0.391766
v 1.677758 2.086919 -0.391766
v -0.011131 2.036919 -0.391766
v -0.011131 1.975808 -0.391766
v 1.888868 2.036919 -0.391766
v 1.888868 1.975808 -0.391766
v 1.888868 1.198030 -0.391766
v 1.888868 1.136919 -0.391766
v 1.793869 2.086919 -0.391766
v 0.083869 2.086919 -0.391766
v 0.083869 1.086919 -0.391766
v -0.011131 1.309141 -0.391766
v -0.011131 1.420252 -0.391766
v -0.011131 1.531363 -0.391766
v -0.011131 1.642475 -0.391766
v -0.011131 1.753585 -0.391766
v -0.011131 1.864697 -0.391766
v 1.793869 1.086919 -0.391766
v 1.888868 1.309141 -0.391766
v 1.888868 1.420252 -0.391766
v 1.888868 1.531363 -0.391766
v 1.888868 1.642475 -0.391766
v 1.888868 1.753585 -0.391766
v 1.888868 1.864697 -0.391766
v 0.016694 1.101563 -0.391766
v 0.016694 2.072274 -0.391766
v 1.861044 1.101563 -0.391766
v 1.861044 2.072274 -0.391766
vn -1.0000 -0.0000 -0.0000
vn 0.0226 0.9967 -0.0780
vn -0.0226 0.9967 -0.0780
vn -0.0000 1.0000 -0.0000
vn 0.0310 0.9937 -0.1072
vn -0.0061 0.9819 -0.1893
vn -0.0248 0.9960 -0.0858
vn -0.0000 -1.0000 -0.0000
vn -0.0264 0.9955 -0.0912
vn 0.0092 0.9867 -0.1624
vn 1.0000 -0.0000 -0.0000
vn -0.0000 -0.0000 -1.0000
vn -0.0343 -0.9924 -0.1183
vn 0.0343 -0.9924 -0.1183
vn -0.0226 -0.9967 -0.0779
vn 0.0226 -0.9967 -0.0779
vn -0.0510 -0.9830 -0.1763
vn 0.0510 -0.9830 -0.1763
vn -0.0142 -0.9987 -0.0491
vn 0.0048 -0.9960 -0.0887
vn -0.9791 0.0981 -0.1784
vn -0.9008 0.0581 -0.4304
vn -0.9459 -0.1565 -0.2842
vn 0.9784 0.0997 -0.1813
vn 0.9669 -0.0602 -0.2480
vn 0.9967 -0.0394 -0.0717
vn -0.6940 -0.4955 -0.5223
vn -0.1604 -0.3348 -0.9285
vn -0.1307 -0.9248 -0.3572
vn -0.6798 0.4955 -0.5407
vn -0.0913 0.9262 -0.3658
vn -0.1471 0.3368 -0.9300
vn 0.1761 -0.3334 -0.9262
vn 0.7112 -0.4930 -0.5011
vn 0.1773 -0.9218 -0.3446
vn 0.1771 0.3360 -0.9251
vn 0.1777 0.9231 -0.3412
vn 0.7121 0.4944 -0.4985
vn -0.1690 0.9815 -0.0902
vn -0.7767 0.6297 -0.0106
vn -0.2121 -0.0000 -0.9772
vn -0.2122 -0.0000 -0.9772
vn -0.7845 0.0001 -0.6201
vn -0.7846 0.0001 -0.6200
vn 0.0214 -0.9034 -0.4282
vn 0.0165 -0.3688 -0.9294
vn -0.0000 0.9228 -0.3854
vn -0.0000 0.3800 -0.9250
vn 0.7849 -0.0000 -0.6196
vn 0.2124 -0.0000 -0.9772
vn 0.2130 -0.9771 -0.0000
vn 0.7858 -0.6184 -0.0000
vn -0.0001 -0.9213 -0.3889
vn -0.0000 -0.3766 -0.9264
vn -0.0761 -0.8757 -0.4768
vn -0.0408 -0.3573 -0.9331
vn 0.0760 -0.8755 -0.4771
vn 0.0406 -0.3570 -0.9332
vn -0.0513 -0.8921 -0.4489
vn -0.0275 -0.3637 -0.9311
vn 0.0512 -0.8919 -0.4494
vn 0.0273 -0.3633 -0.9313
vn -0.1098 -0.8497 -0.5156
vn -0.0583 -0.3456 -0.9366
vn 0.1098 -0.8498 -0.5155
vn 0.0584 -0.3456 -0.9366
vn -0.0328 -0.9033 -0.4278
vn -0.0175 -0.3682 -0.9296
vn 0.0385 0.8878 -0.4587
vn 0.0298 0.3645 -0.9307
vn -0.0597 0.8882 -0.4556
vn -0.0322 0.3645 -0.9307
vn 0.0514 0.8936 -0.4458
vn 0.0277 0.3669 -0.9298
vn -0.0514 0.8937 -0.4456
vn -0.0278 0.3671 -0.9298
vn -0.0000 0.9224 -0.3861
vn -0.0000 0.3793 -0.9253
vn 0.0695 0.8819 -0.4663
vn 0.0375 0.3623 -0.9313
vn -0.0132 0.8505 -0.5258
vn -0.0071 0.3504 -0.9366
vn -0.0564 0.8909 -0.4507
vn -0.0305 0.3665 -0.9299
vn -0.1891 -0.9807 -0.0497
vn -0.7804 -0.6253 -0.0065
vn -0.7831 -0.6219 -0.0032
vn -0.2130 -0.9771 -0.0000
vn -0.7858 -0.6184 -0.0000
vn -0.2130 0.9770 -0.0000
vn -0.7858 0.6185 -0.0000
vn 0.2130 0.9770 -0.0000
vn 0.7858 0.6184 -0.0000
vn -0.2110 -0.0000 -0.9775
vn -0.2109 -0.0001 -0.9775
vn -0.7828 -0.0001 -0.6223
vn -0.7827 -0.0001 -0.6224
vn -0.2108 -0.0001 -0.9775
vn -0.7825 -0.0001 -0.6226
vn -0.1940 -0.1048 -0.9754
vn -0.6474 -0.2675 -0.7137
vn -0.1870 0.0387 -0.9816
vn -0.6087 0.0963 -0.7875
vn -0.2018 0.0674 -0.9771
vn -0.7030 0.1784 -0.6884
vn -0.2117 0.0002 -0.9773
vn -0.2118 0.0001 -0.9773
vn -0.7839 0.0002 -0.6208
vn -0.7841 0.0001 -0.6206
vn -0.2120 0.0001 -0.9773
vn -0.7844 0.0001 -0.6203
vn 0.7852 -0.0000 -0.6192
vn 0.7852 -0.0000 -0.6193
vn 0.2126 -0.0000 -0.9771
vn 0.7851 -0.0000 -0.6194
vn 0.2125 -0.0000 -0.9772
vn 0.7850 -0.0000 -0.6194
vn 0.2125 -0.0001 -0.9772
vn 0.7551 -0.0765 -0.6511
vn 0.2089 -0.0279 -0.9775
vn 0.6846 -0.1070 -0.7210
vn 0.1995 -0.0410 -0.9790
vn 0.7025 0.1812 -0.6882
vn 0.2023 0.0685 -0.9769
vn 0.7847 0.0001 -0.6199
vn 0.7848 -0.0000 -0.6198
vn 0.2122 0.0001 -0.9772
vn 0.2123 0.0001 -0.9772
vn -0.0000 -0.0000 1.0000
vt 0.387500 0.222222
vt 0.402778 0.222222
vt 0.402778 0.237495
vt 0.387500 0.237495
vt 0.402778 0.210442
vt 0.387500 0.210442
vt 0.597222 0.222222
vt 0.612500 0.222222
vt 0.612500 0.237516
vt 0.597222 0.237516
vt 0.791667 0.512353
vt 0.819444 0.512498
vt 0.819444 0.527778
vt 0.791667 0.527778
vt 0.763889 0.512498
vt 0.763889 0.527778
vt 0.736111 0.512497
vt 0.736111 0.527778
vt 0.708333 0.512232
vt 0.708333 0.527778
vt 0.680556 0.512328
vt 0.680556 0.527778
vt 0.652778 0.512502
vt 0.652778 0.527778
vt 0.319444 0.539558
vt 0.319444 0.527778
vt 0.347222 0.527778
vt 0.347222 0.539558
vt 0.291667 0.539558
vt 0.291667 0.527778
vt 0.263889 0.539558
vt 0.263889 0.527778
vt 0.236111 0.539558
vt 0.236111 0.527778
vt 0.208333 0.539558
vt 0.208333 0.527778
vt 0.180556 0.539558
vt 0.180556 0.527778
vt 0.847222 0.512303
vt 0.847222 0.527778
vt 0.152778 0.539558
vt 0.152778 0.527778
vt 0.862611 0.512408
vt 0.862500 0.527778
vt 0.819444 0.539558
vt 0.847222 0.539558
vt 0.791667 0.539558
vt 0.763889 0.539558
vt 0.736111 0.539558
vt 0.708333 0.539558
vt 0.680556 0.539558
vt 0.652778 0.539558
vt 0.597222 0.512501
vt 0.612500 0.512501
vt 0.612500 0.527778
vt 0.597222 0.527778
vt 0.612500 0.210442
vt 0.597222 0.210442
vt 0.637500 0.512502
vt 0.637500 0.527778
vt 0.597222 0.539558
vt 0.612500 0.539558
vt 0.387500 0.539558
vt 0.387500 0.527778
vt 0.402778 0.527778
vt 0.402778 0.539558
vt 0.637500 0.539558
vt 0.862500 0.539558
vt 0.137500 0.539558
vt 0.137500 0.527778
vt 0.430556 0.210442
vt 0.430556 0.222222
vt 0.458333 0.210442
vt 0.458333 0.222222
vt 0.486111 0.210442
vt 0.486111 0.222222
vt 0.513889 0.210442
vt 0.513889 0.222222
vt 0.541667 0.210442
vt 0.541667 0.222222
vt 0.569444 0.210442
vt 0.569444 0.222222
vt 0.569444 0.237518
vt 0.362500 0.527778
vt 0.362500 0.539558
vt 0.430556 0.527778
vt 0.430556 0.539558
vt 0.458333 0.527778
vt 0.458333 0.539558
vt 0.486111 0.527778
vt 0.486111 0.539558
vt 0.513889 0.527778
vt 0.513889 0.539558
vt 0.541667 0.527778
vt 0.541667 0.539558
vt 0.569444 0.527778
vt 0.569444 0.539558
vt 0.347222 0.512500
vt 0.362500 0.512500
vt 0.388341 0.262556
vt 0.402778 0.262559
vt 0.430556 0.262565
vt 0.458333 0.262578
vt 0.486111 0.262596
vt 0.513889 0.265583
vt 0.541667 0.268331
vt 0.569444 0.262626
vt 0.597222 0.262613
vt 0.611264 0.262609
vt 0.609527 0.277778
vt 0.612351 0.305556
vt 0.610029 0.333333
vt 0.612369 0.361111
vt 0.612373 0.388889
vt 0.608943 0.416667
vt 0.609777 0.444444
vt 0.612392 0.472222
vt 0.612396 0.487473
vt 0.597222 0.487472
vt 0.569444 0.487469
vt 0.541667 0.487463
vt 0.513889 0.486430
vt 0.486111 0.484434
vt 0.458333 0.487452
vt 0.430556 0.487459
vt 0.402778 0.487464
vt 0.387736 0.487465
vt 0.387746 0.472222
vt 0.391705 0.444444
vt 0.387772 0.416667
vt 0.390140 0.388889
vt 0.387806 0.361111
vt 0.394767 0.333333
vt 0.387799 0.305556
vt 0.389163 0.277778
vt 0.319444 0.512183
vt 0.291667 0.512500
vt 0.263889 0.512355
vt 0.236111 0.512500
vt 0.208333 0.511865
vt 0.180556 0.512500
vt 0.152778 0.512441
vt 0.137467 0.512473
vt 0.430556 0.237494
vt 0.458333 0.237493
vt 0.486111 0.237491
vt 0.513889 0.237702
vt 0.541667 0.238038
vt 0.387500 0.512498
vt 0.402778 0.512498
vt 0.430556 0.512498
vt 0.458333 0.512498
vt 0.486111 0.512277
vt 0.513889 0.512467
vt 0.541667 0.512502
vt 0.569444 0.512501
vt 0.388247 0.250000
vt 0.380915 0.250000
vt 0.375000 0.237497
vt 0.375000 0.263114
vt 0.375000 0.255859
vt 0.125000 0.512503
vt 0.125000 0.505284
vt 0.138114 0.500000
vt 0.625000 0.237509
vt 0.625000 0.244721
vt 0.611279 0.250000
vt 0.861429 0.500000
vt 0.868686 0.500000
vt 0.875000 0.512491
vt 0.618610 0.250000
vt 0.625000 0.263571
vt 0.387618 0.500000
vt 0.375014 0.501761
vt 0.375000 0.487483
vt 0.375000 0.512499
vt 0.362483 0.500000
vt 0.625000 0.487487
vt 0.623232 0.499998
vt 0.612448 0.500000
vt 0.625000 0.512502
vt 0.637513 0.500000
vt 0.875000 0.527778
vt 0.625000 0.222222
vt 0.402778 0.250000
vt 0.152778 0.500000
vt 0.375000 0.277778
vt 0.652778 0.500000
vt 0.625000 0.472222
vt 0.402778 0.500000
vt 0.375000 0.527778
vt 0.347222 0.500000
vt 0.375000 0.472222
vt 0.319444 0.500000
vt 0.346388 0.500000
vt 0.375000 0.471388
vt 0.375000 0.444444
vt 0.292503 0.500000
vt 0.375000 0.417503
vt 0.263889 0.500000
vt 0.291098 0.500000
vt 0.375000 0.416098
vt 0.375000 0.388889
vt 0.236681 0.500000
vt 0.375000 0.361681
vt 0.208333 0.500000
vt 0.234938 0.500000
vt 0.375000 0.359938
vt 0.375000 0.333333
vt 0.181728 0.500000
vt 0.375000 0.306728
vt 0.180191 0.500000
vt 0.375000 0.305191
vt 0.847222 0.500000
vt 0.625000 0.277778
vt 0.820098 0.500000
vt 0.625000 0.304902
vt 0.791667 0.500000
vt 0.818881 0.500000
vt 0.625000 0.306119
vt 0.625000 0.333333
vt 0.764451 0.500000
vt 0.625000 0.360549
vt 0.736111 0.500000
vt 0.763889 0.500000
vt 0.625000 0.361111
vt 0.625000 0.388889
vt 0.708333 0.500000
vt 0.735354 0.500000
vt 0.625000 0.389646
vt 0.625000 0.416667
vt 0.680686 0.500000
vt 0.625000 0.444314
vt 0.653393 0.500000
vt 0.680556 0.500000
vt 0.625000 0.444444
vt 0.625000 0.471607
vt 0.125000 0.527778
vt 0.375000 0.222222
vt 0.125000 0.539558
vt 0.375000 0.210442
vt 0.875000 0.539558
vt 0.625000 0.210442
vt 0.375000 0.539558
vt 0.625000 0.527778
vt 0.625000 0.539558
vt 0.597222 0.250000
vt 0.568920 0.250000
vt 0.541667 0.250000
vt 0.514068 0.250000
vt 0.486450 0.250000
vt 0.458333 0.250000
vt 0.430556 0.250000
vt 0.597222 0.500000
vt 0.569444 0.500000
vt 0.541529 0.500000
vt 0.513691 0.500000
vt 0.486111 0.500000
vt 0.458676 0.500000
vt 0.430556 0.500000
vt 0.554781 0.254394
vt 0.552941 0.253541
vt 0.549760 0.253541
vt 0.543978 0.253541
vt 0.538195 0.253541
vt 0.532412 0.253541
vt 0.526630 0.253541
vt 0.520847 0.253541
vt 0.515064 0.253541
vt 0.509281 0.253541
vt 0.506101 0.253541
vt 0.504261 0.254394
vt 0.503499 0.256451
vt 0.503499 0.260008
vt 0.503499 0.266475
vt 0.503499 0.272941
vt 0.503499 0.279408
vt 0.503499 0.285875
vt 0.503499 0.292341
vt 0.503499 0.298808
vt 0.503499 0.305275
vt 0.503499 0.308831
vt 0.504261 0.310889
vt 0.506101 0.311741
vt 0.509281 0.311741
vt 0.515064 0.311741
vt 0.520847 0.311741
vt 0.526630 0.311741
vt 0.532412 0.311741
vt 0.538195 0.311741
vt 0.543978 0.311741
vt 0.549761 0.311741
vt 0.552941 0.311741
vt 0.554781 0.310889
vt 0.555543 0.308831
vt 0.555543 0.305275
vt 0.555543 0.298808
vt 0.555543 0.292341
vt 0.555543 0.285875
vt 0.555543 0.279408
vt 0.555543 0.272941
vt 0.555543 0.266475
vt 0.555543 0.260008
vt 0.555543 0.256451
s 1
usemtl Material.002
f 3506/5054/1680 3428/5055/1680 3538/5056/1680 3429/5057/1680
f 3565/5058/1680 3428/5055/1680 3506/5054/1680 3566/5059/1680
f 3421/5060/1680 3508/5061/1680 3436/5062/1680 3518/5063/1680
f 3487/5064/1681 3484/5065/1681 3403/5066/1681 3402/5067/1681
f 3490/5068/1682 3487/5064/1682 3402/5067/1682 3401/5069/1682
f 3493/5070/1683 3490/5068/1683 3401/5069/1683 3400/5071/1683
f 3496/5072/1684 3493/5070/1684 3400/5071/1684 3399/5073/1684
f 3499/5074/1685 3496/5072/1685 3399/5073/1685 3398/5075/1685
f 3503/5076/1686 3499/5074/1686 3398/5075/1686 3397/5077/1686
f 3568/5078/1687 3411/5079/1687 3412/5080/1687 3567/5081/1687
f 3569/5082/1687 3410/5083/1687 3411/5079/1687 3568/5078/1687
f 3570/5084/1687 3409/5085/1687 3410/5083/1687 3569/5082/1687
f 3571/5086/1687 3408/5087/1687 3409/5085/1687 3570/5084/1687
f 3572/5088/1687 3407/5089/1687 3408/5087/1687 3571/5086/1687
f 3573/5090/1687 3406/5091/1687 3407/5089/1687 3572/5088/1687
f 3484/5065/1688 3481/5092/1688 3404/5093/1688 3403/5066/1688
f 3574/5094/1687 3405/5095/1687 3406/5091/1687 3573/5090/1687
f 3481/5092/1689 3437/5096/1689 3509/5097/1689 3404/5093/1689
f 3576/5098/1683 3403/5066/1683 3404/5093/1683 3575/5099/1683
f 3577/5100/1683 3402/5067/1683 3403/5066/1683 3576/5098/1683
f 3578/5101/1683 3401/5069/1683 3402/5067/1683 3577/5100/1683
f 3579/5102/1683 3400/5071/1683 3401/5069/1683 3578/5101/1683
f 3580/5103/1683 3399/5073/1683 3400/5071/1683 3579/5102/1683
f 3581/5104/1683 3398/5075/1683 3399/5073/1683 3580/5103/1683
f 3582/5105/1683 3397/5077/1683 3398/5075/1683 3581/5104/1683
f 3541/5106/1690 3452/5107/1690 3515/5108/1690 3413/5109/1690
f 3583/5110/1680 3508/5061/1680 3421/5060/1680 3584/5111/1680
f 3451/5112/1683 3503/5076/1683 3397/5077/1683 3514/5113/1683
f 3586/5114/1690 3413/5109/1690 3515/5108/1690 3585/5115/1690
f 3588/5116/1690 3511/5117/1690 3420/5118/1690 3587/5119/1690
f 3589/5120/1683 3514/5113/1683 3397/5077/1683 3582/5105/1683
f 3575/5099/1683 3404/5093/1683 3509/5097/1683 3590/5121/1683
f 3591/5122/1687 3505/5123/1687 3405/5095/1687 3574/5094/1687
f 3592/5124/1680 3427/5125/1680 3428/5055/1680 3565/5058/1680
f 3593/5126/1680 3426/5127/1680 3427/5125/1680 3592/5124/1680
f 3594/5128/1680 3425/5129/1680 3426/5127/1680 3593/5126/1680
f 3595/5130/1680 3424/5131/1680 3425/5129/1680 3594/5128/1680
f 3596/5132/1680 3423/5133/1680 3424/5131/1680 3595/5130/1680
f 3597/5134/1680 3422/5135/1680 3423/5133/1680 3596/5132/1680
f 3584/5111/1680 3421/5060/1680 3422/5135/1680 3597/5134/1680
f 3422/5135/1680 3421/5060/1680 3518/5063/1680 3521/5136/1680
f 3567/5081/1687 3412/5080/1687 3512/5137/1687 3598/5138/1687
f 3587/5119/1690 3420/5118/1690 3419/5139/1690 3599/5140/1690
f 3599/5140/1690 3419/5139/1690 3418/5141/1690 3600/5142/1690
f 3600/5142/1690 3418/5141/1690 3417/5143/1690 3601/5144/1690
f 3601/5144/1690 3417/5143/1690 3416/5145/1690 3602/5146/1690
f 3602/5146/1690 3416/5145/1690 3415/5147/1690 3603/5148/1690
f 3603/5148/1690 3415/5147/1690 3414/5149/1690 3604/5150/1690
f 3604/5150/1690 3414/5149/1690 3413/5109/1690 3586/5114/1690
f 3457/5151/1687 3445/5152/1687 3512/5137/1687 3412/5080/1687
f 3430/5153/1691 3539/5154/1691 3535/5155/1691 3532/5156/1691 3529/5157/1691 3526/5158/1691 3523/5159/1691 3520/5160/1691 3517/5161/1691 3438/5162/1691 3482/5163/1691 3485/5164/1691 3488/5165/1691 3491/5166/1691 3494/5167/1691 3497/5168/1691 3500/5169/1691 3502/5170/1691 3450/5171/1691 3542/5172/1691 3545/5173/1691 3548/5174/1691 3551/5175/1691 3554/5176/1691 3557/5177/1691 3560/5178/1691 3562/5179/1691 3443/5180/1691 3458/5181/1691 3461/5182/1691 3464/5183/1691 3467/5184/1691 3470/5185/1691 3473/5186/1691 3476/5187/1691 3478/5188/1691
f 3460/5189/1692 3457/5151/1692 3412/5080/1692 3411/5079/1692
f 3463/5190/1693 3460/5189/1693 3411/5079/1693 3410/5083/1693
f 3466/5191/1694 3463/5190/1694 3410/5083/1694 3409/5085/1694
f 3469/5192/1695 3466/5191/1695 3409/5085/1695 3408/5087/1695
f 3472/5193/1696 3469/5192/1696 3408/5087/1696 3407/5089/1696
f 3475/5194/1697 3472/5193/1697 3407/5089/1697 3406/5091/1697
f 3479/5195/1698 3475/5194/1698 3406/5091/1698 3405/5095/1698
f 3431/5196/1699 3479/5195/1699 3405/5095/1699 3505/5123/1699
f 3428/5055/1680 3427/5125/1680 3536/5197/1680 3538/5056/1680
f 3427/5125/1680 3426/5127/1680 3533/5198/1680 3536/5197/1680
f 3426/5127/1680 3425/5129/1680 3530/5199/1680 3533/5198/1680
f 3425/5129/1700 3424/5131/1700 3527/5200/1700 3530/5199/1700
f 3424/5131/1701 3423/5133/1701 3524/5201/1701 3527/5200/1701
f 3423/5133/1702 3422/5135/1702 3521/5136/1702 3524/5201/1702
f 3444/5202/1690 3563/5203/1690 3420/5118/1690 3511/5117/1690
f 3563/5203/1690 3559/5204/1690 3419/5139/1690 3420/5118/1690
f 3559/5204/1690 3556/5205/1690 3418/5141/1690 3419/5139/1690
f 3556/5205/1703 3553/5206/1703 3417/5143/1703 3418/5141/1703
f 3553/5206/1704 3550/5207/1704 3416/5145/1704 3417/5143/1704
f 3550/5207/1705 3547/5208/1705 3415/5147/1705 3416/5145/1705
f 3547/5208/1690 3544/5209/1690 3414/5149/1690 3415/5147/1690
f 3544/5209/1690 3541/5106/1690 3413/5109/1690 3414/5149/1690
f 3429/5057/1706 3432/5210/1706 3433/5211/1706 3435/5212/1706
f 3430/5153/1707 3434/5213/1707 3433/5214/1707 3432/5210/1707
f 3431/5196/1708 3435/5215/1708 3433/5216/1708 3434/5217/1708
f 3436/5062/1709 3439/5218/1709 3440/5219/1709 3442/5220/1709
f 3437/5096/1710 3441/5221/1710 3440/5222/1710 3439/5223/1710
f 3438/5162/1711 3442/5220/1711 3440/5224/1711 3441/5225/1711
f 3443/5180/1712 3446/5226/1712 3447/5227/1712 3449/5228/1712
f 3444/5202/1713 3448/5229/1713 3447/5227/1713 3446/5226/1713
f 3445/5152/1714 3449/5230/1714 3447/5227/1714 3448/5229/1714
f 3450/5171/1715 3453/5231/1715 3454/5232/1715 3456/5233/1715
f 3451/5112/1716 3455/5234/1716 3454/5232/1716 3453/5235/1716
f 3452/5107/1717 3456/5233/1717 3454/5232/1717 3455/5234/1717
f 3509/5097/1718 3437/5096/1718 3439/5223/1718 3510/5236/1718
f 3510/5237/1719 3439/5218/1719 3436/5062/1719 3508/5061/1719
f 3539/5154/1720 3430/5153/1721 3432/5210/1721 3540/5238/1720
f 3540/5238/1722 3432/5210/1723 3429/5057/1723 3538/5056/1722
f 3479/5195/1724 3431/5196/1724 3434/5217/1724 3480/5239/1724
f 3480/5240/1725 3434/5213/1725 3430/5153/1725 3478/5188/1725
f 3503/5076/1726 3451/5112/1726 3453/5235/1726 3504/5241/1726
f 3504/5242/1727 3453/5231/1727 3450/5171/1727 3502/5170/1727
f 3563/5203/1728 3444/5202/1728 3446/5226/1728 3564/5243/1728
f 3564/5243/1729 3446/5226/1729 3443/5180/1729 3562/5179/1729
f 3512/5137/1730 3445/5152/1730 3448/5229/1730 3513/5244/1730
f 3513/5244/1731 3448/5229/1731 3444/5202/1731 3511/5117/1731
f 3445/5152/1732 3457/5151/1732 3459/5245/1732 3449/5230/1732
f 3449/5228/1733 3459/5246/1733 3458/5181/1733 3443/5180/1733
f 3457/5151/1734 3460/5189/1734 3462/5247/1734 3459/5248/1734
f 3459/5249/1735 3462/5250/1735 3461/5182/1735 3458/5181/1735
f 3460/5189/1736 3463/5190/1736 3465/5251/1736 3462/5247/1736
f 3462/5250/1737 3465/5252/1737 3464/5183/1737 3461/5182/1737
f 3463/5190/1738 3466/5191/1738 3468/5253/1738 3465/5254/1738
f 3465/5255/1739 3468/5256/1739 3467/5184/1739 3464/5183/1739
f 3466/5191/1740 3469/5192/1740 3471/5257/1740 3468/5253/1740
f 3468/5256/1741 3471/5258/1741 3470/5185/1741 3467/5184/1741
f 3469/5192/1742 3472/5193/1742 3474/5259/1742 3471/5260/1742
f 3471/5261/1743 3474/5262/1743 3473/5186/1743 3470/5185/1743
f 3472/5193/1744 3475/5194/1744 3477/5263/1744 3474/5259/1744
f 3474/5262/1745 3477/5264/1745 3476/5187/1745 3473/5186/1745
f 3475/5194/1746 3479/5195/1746 3480/5239/1746 3477/5265/1746
f 3477/5266/1747 3480/5240/1747 3478/5188/1747 3476/5187/1747
f 3437/5096/1748 3481/5092/1748 3483/5267/1748 3441/5221/1748
f 3441/5225/1749 3483/5268/1749 3482/5163/1749 3438/5162/1749
f 3481/5092/1750 3484/5065/1750 3486/5269/1750 3483/5267/1750
f 3483/5268/1751 3486/5270/1751 3485/5164/1751 3482/5163/1751
f 3484/5065/1752 3487/5064/1752 3489/5271/1752 3486/5272/1752
f 3486/5273/1753 3489/5274/1753 3488/5165/1753 3485/5164/1753
f 3487/5064/1754 3490/5068/1754 3492/5275/1754 3489/5271/1754
f 3489/5274/1755 3492/5276/1755 3491/5166/1755 3488/5165/1755
f 3490/5068/1756 3493/5070/1756 3495/5277/1756 3492/5278/1756
f 3492/5279/1757 3495/5280/1757 3494/5167/1757 3491/5166/1757
f 3493/5070/1758 3496/5072/1758 3498/5281/1758 3495/5282/1758
f 3495/5283/1759 3498/5284/1759 3497/5168/1759 3494/5167/1759
f 3496/5072/1760 3499/5074/1760 3501/5285/1760 3498/5281/1760
f 3498/5284/1761 3501/5286/1761 3500/5169/1761 3497/5168/1761
f 3499/5074/1762 3503/5076/1762 3504/5287/1762 3501/5288/1762
f 3501/5289/1763 3504/5290/1763 3502/5170/1763 3500/5169/1763
f 3431/5196/1764 3505/5123/1764 3507/5291/1764 3435/5215/1764
f 3435/5212/1765 3507/5292/1766 3506/5054/1766 3429/5057/1765
f 3605/5293/1767 3507/5291/1767 3505/5123/1767 3591/5122/1767
f 3506/5054/1766 3507/5292/1766 3605/5294/1768 3566/5059/1768
f 3590/5121/1769 3509/5097/1769 3510/5236/1769 3606/5295/1769
f 3510/5237/1770 3508/5061/1770 3583/5110/1770 3606/5296/1770
f 3598/5138/1730 3512/5137/1730 3513/5244/1730 3607/5297/1730
f 3513/5244/1731 3511/5117/1731 3588/5116/1731 3607/5297/1731
f 3451/5112/1771 3514/5113/1771 3516/5298/1771 3455/5234/1771
f 3455/5234/1772 3516/5298/1772 3515/5108/1772 3452/5107/1772
f 3608/5299/1771 3516/5298/1771 3514/5113/1771 3589/5120/1771
f 3515/5108/1772 3516/5298/1772 3608/5299/1772 3585/5115/1772
f 3438/5162/1773 3517/5161/1774 3519/5300/1774 3442/5220/1773
f 3442/5220/1775 3519/5300/1776 3518/5063/1776 3436/5062/1775
f 3517/5161/1774 3520/5160/1777 3522/5301/1777 3519/5300/1774
f 3519/5300/1776 3522/5301/1778 3521/5136/1778 3518/5063/1776
f 3520/5160/1779 3523/5159/1779 3525/5302/1779 3522/5301/1779
f 3522/5301/1780 3525/5302/1780 3524/5201/1780 3521/5136/1780
f 3523/5159/1781 3526/5158/1781 3528/5303/1781 3525/5302/1781
f 3525/5302/1782 3528/5303/1782 3527/5200/1782 3524/5201/1782
f 3526/5158/1783 3529/5157/1783 3531/5304/1783 3528/5303/1783
f 3528/5303/1784 3531/5304/1784 3530/5199/1784 3527/5200/1784
f 3529/5157/1785 3532/5156/1786 3534/5305/1786 3531/5304/1785
f 3531/5304/1787 3534/5305/1788 3533/5198/1788 3530/5199/1787
f 3532/5156/1786 3535/5155/1789 3537/5306/1789 3534/5305/1786
f 3534/5305/1788 3537/5306/1790 3536/5197/1790 3533/5198/1788
f 3535/5155/1789 3539/5154/1720 3540/5238/1720 3537/5306/1789
f 3537/5306/1790 3540/5238/1722 3538/5056/1722 3536/5197/1790
f 3452/5107/1791 3541/5106/1792 3543/5307/1792 3456/5233/1791
f 3456/5233/1793 3543/5307/1793 3542/5172/1793 3450/5171/1793
f 3541/5106/1792 3544/5209/1794 3546/5308/1794 3543/5307/1792
f 3543/5307/1793 3546/5308/1795 3545/5173/1795 3542/5172/1793
f 3544/5209/1794 3547/5208/1796 3549/5309/1796 3546/5308/1794
f 3546/5308/1795 3549/5309/1797 3548/5174/1797 3545/5173/1795
f 3547/5208/1798 3550/5207/1798 3552/5310/1798 3549/5309/1798
f 3549/5309/1799 3552/5310/1799 3551/5175/1799 3548/5174/1799
f 3550/5207/1800 3553/5206/1800 3555/5311/1800 3552/5310/1800
f 3552/5310/1801 3555/5311/1801 3554/5176/1801 3551/5175/1801
f 3553/5206/1802 3556/5205/1802 3558/5312/1802 3555/5311/1802
f 3555/5311/1803 3558/5312/1803 3557/5177/1803 3554/5176/1803
f 3556/5205/1804 3559/5204/1805 3561/5313/1805 3558/5312/1804
f 3558/5312/1806 3561/5313/1807 3560/5178/1807 3557/5177/1806
f 3559/5204/1805 3563/5203/1728 3564/5243/1728 3561/5313/1805
f 3561/5313/1807 3564/5243/1729 3562/5179/1729 3560/5178/1807
f 3608/5314/1808 3589/5315/1808 3582/5316/1808 3581/5317/1808 3580/5318/1808 3579/5319/1808 3578/5320/1808 3577/5321/1808 3576/5322/1808 3575/5323/1808 3590/5324/1808 3606/5325/1808 3583/5326/1808 3584/5327/1808 3597/5328/1808 3596/5329/1808 3595/5330/1808 3594/5331/1808 3593/5332/1808 3592/5333/1808 3565/5334/1808 3566/5335/1808 3605/5336/1808 3591/5337/1808 3574/5338/1808 3573/5339/1808 3572/5340/1808 3571/5341/1808 3570/5342/1808 3569/5343/1808 3568/5344/1808 3567/5345/1808 3598/5346/1808 3607/5347/1808 3588/5348/1808 3587/5349/1808 3599/5350/1808 3600/5351/1808 3601/5352/1808 3602/5353/1808 3603/5354/1808 3604/5355/1808 3586/5356/1808 3585/5357/1808
o Cube.018
v 3.854493 2.036918 -0.450000
v 3.759493 2.030952 -0.500000
v 3.759947 2.082037 -0.450000
v 3.826669 2.033936 -0.485356
v 3.814040 2.063262 -0.478868
v 3.757802 2.066981 -0.485341
v 3.826801 2.070844 -0.450000
v 3.854493 1.136919 -0.450000
v 3.761031 1.095879 -0.450005
v 3.759493 1.146653 -0.500000
v 3.827118 1.104187 -0.450003
v 3.813935 1.112463 -0.478869
v 3.756735 1.111122 -0.485359
v 3.826668 1.141786 -0.485356
v 2.049494 2.035975 -0.500000
v 1.954493 2.036920 -0.450000
v 2.049494 2.086920 -0.450000
v 1.982318 2.036447 -0.485356
v 1.994645 2.065587 -0.478868
v 1.982318 2.072470 -0.450000
v 2.049494 2.071802 -0.485356
v 2.049493 1.137336 -0.500000
v 2.049493 1.086920 -0.449992
v 1.954493 1.136919 -0.450000
v 2.049493 1.101681 -0.485346
v 1.994644 1.108140 -0.478867
v 1.982318 1.101564 -0.449996
v 1.982318 1.137128 -0.485356
v 2.165604 2.086920 -0.450000
v 2.165604 2.035937 -0.500000
v 2.165604 2.071987 -0.485356
v 2.376716 2.072196 -0.451270
v 2.376715 2.009645 -0.500000
v 2.376716 2.049110 -0.485727
v 2.587826 2.086919 -0.450000
v 2.587826 2.035831 -0.500000
v 2.587826 2.071955 -0.485356
v 2.798938 2.077318 -0.450581
v 2.798938 2.018493 -0.500000
v 2.798938 2.056904 -0.485526
v 3.010049 2.086919 -0.450000
v 3.010049 2.035695 -0.500000
v 3.010049 2.071915 -0.485356
v 3.221160 2.064548 -0.452541
v 3.221160 1.996590 -0.500000
v 3.221160 2.037735 -0.486100
v 3.432271 2.086919 -0.450000
v 3.432271 2.035723 -0.500000
v 3.432271 2.071924 -0.485356
v 3.643382 2.024924 -0.500000
v 3.643382 2.080900 -0.450237
v 3.643382 2.062483 -0.485425
v 3.643382 1.098194 -0.450790
v 3.643382 1.157777 -0.500000
v 3.643382 1.119359 -0.485587
v 3.432271 1.086919 -0.450006
v 3.432271 1.137514 -0.500000
v 3.432271 1.101737 -0.485357
v 3.221160 1.096526 -0.450589
v 3.221160 1.154781 -0.500000
v 3.221160 1.116775 -0.485528
v 3.010049 1.086919 -0.450009
v 3.010049 1.137444 -0.500000
v 3.010049 1.101717 -0.485358
v 2.798938 1.086919 -0.450011
v 2.798938 1.137426 -0.500000
v 2.798938 1.101712 -0.485359
v 2.587826 1.100225 -0.451074
v 2.587826 1.161179 -0.500000
v 2.587826 1.122414 -0.485670
v 2.376715 1.097512 -0.450689
v 2.376715 1.156420 -0.500000
v 2.376715 1.118266 -0.485557
v 2.165604 1.137353 -0.500000
v 2.165604 1.086919 -0.449991
v 2.165604 1.101691 -0.485353
v 3.759493 1.198030 -0.500000
v 3.854493 1.198030 -0.450000
v 3.826668 1.198030 -0.485356
v 3.759493 1.309141 -0.500000
v 3.854493 1.309141 -0.450000
v 3.826668 1.309141 -0.485356
v 3.759493 1.420252 -0.500000
v 3.854493 1.420252 -0.450000
v 3.826668 1.420252 -0.485356
v 3.759493 1.531363 -0.500000
v 3.854493 1.531363 -0.450000
v 3.826668 1.531363 -0.485356
v 3.759493 1.642474 -0.500000
v 3.854493 1.642474 -0.450000
v 3.826668 1.642474 -0.485356
v 3.759493 1.753585 -0.500000
v 3.854493 1.753585 -0.450000
v 3.826669 1.753585 -0.485356
v 3.759493 1.864697 -0.500000
v 3.854493 1.864697 -0.450000
v 3.826669 1.864697 -0.485356
v 3.854493 1.975808 -0.450000
v 3.759493 1.975808 -0.500000
v 3.826669 1.975808 -0.485356
v 1.954493 1.198030 -0.450000
v 2.049493 1.198030 -0.500000
v 1.982318 1.198030 -0.485356
v 1.954493 1.309142 -0.450000
v 2.049493 1.309142 -0.500000
v 1.982318 1.309142 -0.485356
v 1.954493 1.420252 -0.450000
v 2.049493 1.420252 -0.500000
v 1.982318 1.420252 -0.485356
v 1.954493 1.531363 -0.450000
v 2.049494 1.531363 -0.500000
v 1.982318 1.531363 -0.485356
v 1.954493 1.642475 -0.450000
v 2.049494 1.642475 -0.500000
v 1.982318 1.642475 -0.485356
v 1.954493 1.753586 -0.450000
v 2.049494 1.753586 -0.500000
v 1.982318 1.753586 -0.485356
v 1.954493 1.864697 -0.450000
v 2.049494 1.864697 -0.500000
v 1.982318 1.864697 -0.485356
v 2.049494 1.975808 -0.500000
v 1.954493 1.975808 -0.450000
v 1.982318 1.975808 -0.485356
v 3.854493 1.975808 -0.391766
v 3.854493 2.036918 -0.391766
v 3.854493 1.136919 -0.391766
v 3.854493 1.198030 -0.391766
v 3.422426 1.087367 -0.391766
v 3.432271 1.086919 -0.391766
v 3.221160 1.087367 -0.391766
v 3.211221 1.086919 -0.391766
v 3.010049 1.086919 -0.391766
v 2.798938 1.086919 -0.391766
v 2.789169 1.087535 -0.391766
v 2.587826 1.087535 -0.391766
v 2.577997 1.087412 -0.391766
v 2.376715 1.087412 -0.391766
v 2.366774 1.086919 -0.391766
v 2.165604 1.086919 -0.391766
v 3.633443 1.086918 -0.391766
v 3.643382 1.087443 -0.391766
v 3.754096 1.087443 -0.391766
v 3.759566 1.087340 -0.391766
v 1.954493 1.136919 -0.391766
v 1.954493 1.198030 -0.391766
v 2.049493 1.086920 -0.391766
v 3.854493 1.309141 -0.391766
v 2.049494 2.086920 -0.391766
v 2.165604 2.086920 -0.391766
v 2.175342 2.086240 -0.391766
v 2.376716 2.086240 -0.391766
v 2.386655 2.086919 -0.391766
v 2.587826 2.086919 -0.391766
v 2.597673 2.086472 -0.391766
v 2.798938 2.086472 -0.391766
v 2.808877 2.086919 -0.391766
v 3.010049 2.086919 -0.391766
v 3.019592 2.085907 -0.391766
v 3.221160 2.085907 -0.391766
v 3.231100 2.086919 -0.391766
v 3.432271 2.086919 -0.391766
v 3.442173 2.086637 -0.391766
v 3.643382 2.086637 -0.391766
v 3.648870 2.086689 -0.391766
v 3.759515 2.086689 -0.391766
v 3.854493 1.864697 -0.391766
v 3.854493 1.753585 -0.391766
v 3.854493 1.642474 -0.391766
v 3.854493 1.531363 -0.391766
v 3.854493 1.420252 -0.391766
v 1.954493 1.975808 -0.391766
v 1.954493 2.036920 -0.391766
v 1.954493 1.864697 -0.391766
v 1.954493 1.753586 -0.391766
v 1.954493 1.642475 -0.391766
v 1.954493 1.531363 -0.391766
v 1.954493 1.420252 -0.391766
v 1.954493 1.309142 -0.391766
v 3.762677 1.087731 -0.391766
v 3.826689 1.101687 -0.391766
v 3.827978 1.103228 -0.391766
v 1.982318 2.072284 -0.391766
v 3.823527 2.072733 -0.391766
v 3.826675 2.072206 -0.391766
v 1.982318 1.101564 -0.391766
vn 1.0000 -0.0000 -0.0000
vn -0.0236 -0.9970 -0.0744
vn 0.0236 -0.9964 -0.0816
vn -0.0000 -1.0000 -0.0000
vn -0.0325 -0.9942 -0.1024
vn 0.0064 -0.9817 -0.1902
vn 0.0260 -0.9956 -0.0898
vn 0.0276 -0.9950 -0.0955
vn -0.0097 -0.9868 -0.1616
vn -1.0000 -0.0000 -0.0000
vn -0.0000 1.0000 -0.0000
vn -0.0000 -0.0000 -1.0000
vn 0.0359 0.9930 -0.1130
vn -0.0358 0.9917 -0.1237
vn 0.0236 0.9970 -0.0743
vn -0.0236 0.9964 -0.0816
vn 0.0534 0.9842 -0.1686
vn -0.0533 0.9815 -0.1841
vn 0.0149 0.9988 -0.0468
vn -0.0050 0.9960 -0.0891
vn 0.6947 0.4963 -0.5206
vn 0.1608 0.3356 -0.9282
vn 0.1308 0.9251 -0.3565
vn 0.6818 -0.4968 -0.5370
vn 0.0917 -0.9267 -0.3644
vn 0.1483 -0.3382 -0.9293
vn -0.1761 0.3345 -0.9258
vn -0.7117 0.4920 -0.5013
vn -0.1745 0.9208 -0.3489
vn -0.1773 -0.3363 -0.9249
vn -0.1777 -0.9232 -0.3408
vn -0.7124 -0.4948 -0.4976
vn 0.1669 -0.9816 -0.0926
vn 0.7763 -0.6303 -0.0112
vn 0.2130 -0.0000 -0.9771
vn 0.7858 -0.0000 -0.6184
vn -0.0214 0.9035 -0.4281
vn -0.0165 0.3688 -0.9294
vn -0.0000 -0.9228 -0.3854
vn -0.0000 -0.3800 -0.9250
vn -0.7858 -0.0000 -0.6184
vn -0.2130 -0.0000 -0.9771
vn -0.2116 0.9774 0.0016
vn -0.7867 0.6174 0.0010
vn -0.0007 0.9203 -0.3911
vn -0.0002 0.3773 -0.9261
vn 0.0761 0.8757 -0.4769
vn 0.0408 0.3573 -0.9331
vn -0.0760 0.8755 -0.4772
vn -0.0406 0.3570 -0.9332
vn 0.0513 0.8921 -0.4489
vn 0.0275 0.3637 -0.9311
vn -0.0512 0.8919 -0.4493
vn -0.0273 0.3633 -0.9313
vn 0.1098 0.8497 -0.5156
vn 0.0583 0.3456 -0.9366
vn -0.1098 0.8498 -0.5155
vn -0.0584 0.3456 -0.9366
vn 0.0328 0.9033 -0.4278
vn 0.0175 0.3682 -0.9296
vn -0.0385 -0.8879 -0.4584
vn -0.0298 -0.3646 -0.9307
vn 0.0597 -0.8882 -0.4556
vn 0.0322 -0.3645 -0.9307
vn -0.0514 -0.8936 -0.4458
vn -0.0277 -0.3669 -0.9298
vn 0.0514 -0.8937 -0.4456
vn 0.0278 -0.3671 -0.9298
vn -0.0000 -0.9225 -0.3861
vn -0.0000 -0.3793 -0.9253
vn -0.0695 -0.8819 -0.4663
vn -0.0375 -0.3623 -0.9313
vn 0.0132 -0.8505 -0.5258
vn 0.0071 -0.3504 -0.9366
vn 0.0564 -0.8909 -0.4507
vn 0.0305 -0.3665 -0.9299
vn 0.1879 0.9810 -0.0485
vn 0.7801 0.6256 -0.0065
vn -0.2130 -0.9771 -0.0000
vn -0.7858 -0.6185 -0.0000
vn -0.0000 -0.0000 1.0000
vt 0.402778 0.222942
vt 0.402778 0.237500
vt 0.387500 0.237500
vt 0.387500 0.222942
vt 0.612500 0.222942
vt 0.612500 0.237500
vt 0.597222 0.237500
vt 0.597222 0.222942
vt 0.791667 0.527058
vt 0.791667 0.512353
vt 0.819444 0.512498
vt 0.819444 0.527058
vt 0.818145 0.527051
vt 0.763889 0.527058
vt 0.763889 0.512498
vt 0.790355 0.527066
vt 0.736111 0.527058
vt 0.736111 0.512497
vt 0.708333 0.527058
vt 0.708333 0.512232
vt 0.734818 0.527045
vt 0.680556 0.527058
vt 0.680556 0.512328
vt 0.707040 0.527063
vt 0.652778 0.527058
vt 0.652778 0.512502
vt 0.679243 0.527067
vt 0.847222 0.512303
vt 0.847222 0.527058
vt 0.845909 0.527068
vt 0.862611 0.512408
vt 0.862505 0.527054
vt 0.861786 0.527052
vt 0.597222 0.527058
vt 0.597222 0.512500
vt 0.612500 0.512500
vt 0.612500 0.527058
vt 0.637500 0.527058
vt 0.637500 0.512502
vt 0.569444 0.237500
vt 0.569444 0.222942
vt 0.347222 0.527058
vt 0.347222 0.512500
vt 0.362500 0.512500
vt 0.362500 0.527058
vt 0.388338 0.262500
vt 0.402778 0.262500
vt 0.430556 0.262500
vt 0.458333 0.262500
vt 0.486111 0.262500
vt 0.513889 0.262500
vt 0.541667 0.262500
vt 0.569444 0.262500
vt 0.597222 0.262500
vt 0.611275 0.262500
vt 0.609527 0.277778
vt 0.612351 0.305556
vt 0.610029 0.333333
vt 0.612369 0.361111
vt 0.612373 0.388889
vt 0.608943 0.416667
vt 0.609777 0.444444
vt 0.612392 0.472222
vt 0.612396 0.487500
vt 0.597222 0.487500
vt 0.569444 0.487500
vt 0.541667 0.487500
vt 0.513889 0.487500
vt 0.486111 0.487500
vt 0.458333 0.487500
vt 0.430556 0.487500
vt 0.402778 0.487500
vt 0.387736 0.487500
vt 0.387746 0.472222
vt 0.391705 0.444444
vt 0.387772 0.416667
vt 0.390140 0.388889
vt 0.387806 0.361111
vt 0.394767 0.333333
vt 0.387799 0.305556
vt 0.389163 0.277778
vt 0.345932 0.527042
vt 0.319444 0.527058
vt 0.319444 0.512183
vt 0.318128 0.527075
vt 0.291667 0.527058
vt 0.291667 0.512500
vt 0.290367 0.527051
vt 0.263889 0.527058
vt 0.263889 0.512355
vt 0.262577 0.527066
vt 0.236111 0.527058
vt 0.236111 0.512500
vt 0.234835 0.527021
vt 0.208333 0.527058
vt 0.208333 0.511865
vt 0.207006 0.527094
vt 0.180556 0.527058
vt 0.180556 0.512500
vt 0.179251 0.527056
vt 0.152778 0.527058
vt 0.152778 0.512441
vt 0.137467 0.512473
vt 0.152056 0.527059
vt 0.137498 0.527057
vt 0.430556 0.222942
vt 0.430556 0.237500
vt 0.458333 0.222942
vt 0.458333 0.237500
vt 0.486111 0.222942
vt 0.486111 0.237500
vt 0.513889 0.222942
vt 0.513889 0.237500
vt 0.541667 0.222942
vt 0.541667 0.237500
vt 0.387500 0.527058
vt 0.387500 0.512500
vt 0.402778 0.512500
vt 0.402778 0.527058
vt 0.430556 0.512500
vt 0.430556 0.527058
vt 0.458333 0.512500
vt 0.458333 0.527058
vt 0.486111 0.512500
vt 0.486111 0.527058
vt 0.513889 0.512500
vt 0.513889 0.527058
vt 0.541667 0.512500
vt 0.541667 0.527058
vt 0.569444 0.512500
vt 0.569444 0.527058
vt 0.388246 0.250000
vt 0.380914 0.250000
vt 0.375000 0.237500
vt 0.375000 0.263086
vt 0.375000 0.255847
vt 0.125000 0.512500
vt 0.125000 0.505283
vt 0.138086 0.500000
vt 0.625000 0.237501
vt 0.625000 0.244717
vt 0.611283 0.250000
vt 0.861483 0.500000
vt 0.868709 0.500000
vt 0.875000 0.512499
vt 0.618614 0.250000
vt 0.625000 0.263517
vt 0.387618 0.500000
vt 0.375017 0.501761
vt 0.375000 0.487500
vt 0.375000 0.512500
vt 0.362500 0.500000
vt 0.625000 0.487500
vt 0.623232 0.500000
vt 0.612448 0.500000
vt 0.625000 0.512501
vt 0.637500 0.500000
vt 0.875000 0.527058
vt 0.863061 0.527060
vt 0.624444 0.222942
vt 0.625000 0.222942
vt 0.402778 0.250000
vt 0.152778 0.500000
vt 0.375000 0.277778
vt 0.652778 0.500000
vt 0.625000 0.472222
vt 0.402778 0.500000
vt 0.375000 0.527058
vt 0.347222 0.500000
vt 0.375000 0.472222
vt 0.319444 0.500000
vt 0.346388 0.500000
vt 0.375000 0.471388
vt 0.375000 0.444444
vt 0.292503 0.500000
vt 0.375000 0.417503
vt 0.263889 0.500000
vt 0.291098 0.500000
vt 0.375000 0.416098
vt 0.375000 0.388889
vt 0.236681 0.500000
vt 0.375000 0.361681
vt 0.208333 0.500000
vt 0.234938 0.500000
vt 0.375000 0.359938
vt 0.375000 0.333333
vt 0.181728 0.500000
vt 0.375000 0.306728
vt 0.180191 0.500000
vt 0.375000 0.305191
vt 0.847222 0.500000
vt 0.625000 0.277778
vt 0.820098 0.500000
vt 0.625000 0.304902
vt 0.791667 0.500000
vt 0.818881 0.500000
vt 0.625000 0.306119
vt 0.625000 0.333333
vt 0.764451 0.500000
vt 0.625000 0.360549
vt 0.736111 0.500000
vt 0.763889 0.500000
vt 0.625000 0.361111
vt 0.625000 0.388889
vt 0.708333 0.500000
vt 0.735354 0.500000
vt 0.625000 0.389646
vt 0.625000 0.416667
vt 0.680686 0.500000
vt 0.625000 0.444314
vt 0.653393 0.500000
vt 0.680556 0.500000
vt 0.625000 0.444444
vt 0.625000 0.471607
vt 0.125571 0.527057
vt 0.125000 0.527058
vt 0.375000 0.222942
vt 0.625000 0.527058
vt 0.597222 0.250000
vt 0.569444 0.250000
vt 0.541667 0.250000
vt 0.513889 0.250000
vt 0.486111 0.250000
vt 0.458333 0.250000
vt 0.430556 0.250000
vt 0.597222 0.500000
vt 0.569444 0.500000
vt 0.541667 0.500000
vt 0.513889 0.500000
vt 0.486111 0.500000
vt 0.458333 0.500000
vt 0.430556 0.500000
vt 0.608623 0.254398
vt 0.608537 0.254367
vt 0.606784 0.253555
vt 0.603753 0.253555
vt 0.603603 0.253558
vt 0.598091 0.253558
vt 0.597820 0.253541
vt 0.592309 0.253541
vt 0.592037 0.253600
vt 0.586516 0.253600
vt 0.586254 0.253541
vt 0.580744 0.253541
vt 0.580472 0.253567
vt 0.574959 0.253567
vt 0.574689 0.253541
vt 0.569178 0.253541
vt 0.568906 0.253581
vt 0.563390 0.253581
vt 0.563124 0.253541
vt 0.559943 0.253541
vt 0.558103 0.254393
vt 0.557341 0.256451
vt 0.557341 0.260008
vt 0.557341 0.266475
vt 0.557341 0.272941
vt 0.557341 0.279408
vt 0.557341 0.285875
vt 0.557341 0.292341
vt 0.557341 0.298808
vt 0.557341 0.305275
vt 0.557341 0.308831
vt 0.558103 0.310889
vt 0.559943 0.311741
vt 0.563123 0.311741
vt 0.568634 0.311741
vt 0.568906 0.311713
vt 0.574420 0.311713
vt 0.574689 0.311705
vt 0.580204 0.311705
vt 0.580472 0.311741
vt 0.586254 0.311741
vt 0.591765 0.311741
vt 0.592037 0.311715
vt 0.597550 0.311715
vt 0.597820 0.311741
vt 0.603330 0.311741
vt 0.603603 0.311711
vt 0.606635 0.311711
vt 0.606785 0.311717
vt 0.606870 0.311694
vt 0.608624 0.310882
vt 0.608659 0.310792
vt 0.609385 0.308831
vt 0.609385 0.305275
vt 0.609385 0.298808
vt 0.609385 0.292341
vt 0.609385 0.285875
vt 0.609385 0.279408
vt 0.609385 0.272941
vt 0.609385 0.266475
vt 0.609385 0.260008
vt 0.609385 0.256451
s 1
usemtl Material.002
f 3733/5358/1809 3706/5359/1809 3609/5360/1809 3734/5361/1809
f 3735/5362/1809 3616/5363/1809 3686/5364/1809 3736/5365/1809
f 3739/5366/1810 3667/5367/1810 3664/5368/1810 3738/5369/1810 3737/5370/1810
f 3741/5371/1811 3670/5372/1811 3667/5367/1811 3739/5366/1811 3740/5373/1811
f 3742/5374/1812 3673/5375/1812 3670/5372/1812 3741/5371/1812
f 3744/5376/1813 3676/5377/1813 3673/5375/1813 3742/5374/1813 3743/5378/1813
f 3746/5379/1814 3679/5380/1814 3676/5377/1814 3744/5376/1814 3745/5381/1814
f 3748/5382/1815 3683/5383/1815 3679/5380/1815 3746/5379/1815 3747/5384/1815
f 3738/5369/1816 3664/5368/1816 3661/5385/1816 3750/5386/1816 3749/5387/1816
f 3750/5386/1817 3661/5385/1817 3617/5388/1817 3752/5389/1817 3751/5390/1817
f 3754/5391/1818 3709/5392/1818 3632/5393/1818 3753/5394/1818
f 3755/5395/1812 3631/5396/1812 3683/5383/1812 3748/5382/1812
f 3736/5365/1809 3686/5364/1809 3689/5397/1809 3756/5398/1809
f 3758/5399/1819 3637/5400/1819 3625/5401/1819 3757/5402/1819
f 3610/5403/1820 3707/5404/1820 3703/5405/1820 3700/5406/1820 3697/5407/1820 3694/5408/1820 3691/5409/1820 3688/5410/1820 3685/5411/1820 3618/5412/1820 3662/5413/1820 3665/5414/1820 3668/5415/1820 3671/5416/1820 3674/5417/1820 3677/5418/1820 3680/5419/1820 3682/5420/1820 3630/5421/1820 3710/5422/1820 3713/5423/1820 3716/5424/1820 3719/5425/1820 3722/5426/1820 3725/5427/1820 3728/5428/1820 3730/5429/1820 3623/5430/1820 3638/5431/1820 3641/5432/1820 3644/5433/1820 3647/5434/1820 3650/5435/1820 3653/5436/1820 3656/5437/1820 3658/5438/1820
f 3759/5439/1821 3760/5440/1821 3640/5441/1821 3637/5400/1821 3758/5399/1821
f 3761/5442/1822 3762/5443/1822 3643/5444/1822 3640/5441/1822 3760/5440/1822
f 3763/5445/1823 3764/5446/1823 3646/5447/1823 3643/5444/1823 3762/5443/1823
f 3765/5448/1824 3766/5449/1824 3649/5450/1824 3646/5447/1824 3764/5446/1824
f 3767/5451/1825 3768/5452/1825 3652/5453/1825 3649/5450/1825 3766/5449/1825
f 3769/5454/1826 3770/5455/1826 3655/5456/1826 3652/5453/1826 3768/5452/1826
f 3771/5457/1827 3772/5458/1827 3659/5459/1827 3655/5456/1827 3770/5455/1827
f 3611/5460/1828 3659/5459/1828 3772/5458/1828 3773/5461/1828 3774/5462/1828
f 3775/5463/1809 3704/5464/1809 3706/5359/1809 3733/5358/1809
f 3776/5465/1809 3701/5466/1809 3704/5464/1809 3775/5463/1809
f 3777/5467/1809 3698/5468/1809 3701/5466/1809 3776/5465/1809
f 3778/5469/1809 3695/5470/1809 3698/5468/1809 3777/5467/1809
f 3779/5471/1809 3692/5472/1809 3695/5470/1809 3778/5469/1809
f 3756/5398/1809 3689/5397/1809 3692/5472/1809 3779/5471/1809
f 3781/5473/1818 3624/5474/1818 3731/5475/1818 3780/5476/1818
f 3780/5476/1818 3731/5475/1818 3727/5477/1818 3782/5478/1818
f 3782/5478/1818 3727/5477/1818 3724/5479/1818 3783/5480/1818
f 3783/5480/1818 3724/5479/1818 3721/5481/1818 3784/5482/1818
f 3784/5482/1818 3721/5481/1818 3718/5483/1818 3785/5484/1818
f 3785/5484/1818 3718/5483/1818 3715/5485/1818 3786/5486/1818
f 3786/5486/1818 3715/5485/1818 3712/5487/1818 3787/5488/1818
f 3787/5488/1818 3712/5487/1818 3709/5392/1818 3754/5391/1818
f 3609/5360/1829 3612/5489/1829 3613/5490/1829 3615/5491/1829
f 3610/5403/1830 3614/5492/1830 3613/5493/1830 3612/5489/1830
f 3611/5460/1831 3615/5494/1831 3613/5495/1831 3614/5496/1831
f 3616/5363/1832 3619/5497/1832 3620/5498/1832 3622/5499/1832
f 3617/5388/1833 3621/5500/1833 3620/5501/1833 3619/5502/1833
f 3618/5412/1834 3622/5499/1834 3620/5503/1834 3621/5504/1834
f 3623/5430/1835 3626/5505/1835 3627/5506/1835 3629/5507/1835
f 3624/5474/1836 3628/5508/1836 3627/5506/1836 3626/5505/1836
f 3625/5401/1837 3629/5509/1837 3627/5506/1837 3628/5508/1837
f 3630/5421/1838 3633/5510/1838 3634/5511/1838 3636/5512/1838
f 3631/5396/1839 3635/5513/1839 3634/5511/1839 3633/5514/1839
f 3632/5393/1840 3636/5512/1840 3634/5511/1840 3635/5513/1840
f 3752/5389/1841 3617/5388/1841 3619/5502/1841 3789/5515/1841 3788/5516/1841
f 3619/5497/1842 3616/5363/1842 3735/5362/1842 3790/5517/1842 3789/5518/1842
f 3707/5404/1843 3610/5403/1843 3612/5489/1843 3708/5519/1843
f 3708/5519/1844 3612/5489/1844 3609/5360/1844 3706/5359/1844
f 3659/5459/1845 3611/5460/1845 3614/5496/1845 3660/5520/1845
f 3660/5521/1846 3614/5492/1846 3610/5403/1846 3658/5438/1846
f 3683/5383/1847 3631/5396/1847 3633/5514/1847 3684/5522/1847
f 3684/5523/1848 3633/5510/1848 3630/5421/1848 3682/5420/1848
f 3731/5475/1849 3624/5474/1849 3626/5505/1849 3732/5524/1849
f 3732/5524/1850 3626/5505/1850 3623/5430/1850 3730/5429/1850
f 3757/5402/1851 3625/5401/1851 3628/5508/1851 3791/5525/1851
f 3628/5508/1852 3624/5474/1852 3781/5473/1852 3791/5525/1852
f 3625/5401/1853 3637/5400/1853 3639/5526/1853 3629/5509/1853
f 3629/5507/1854 3639/5527/1854 3638/5431/1854 3623/5430/1854
f 3637/5400/1855 3640/5441/1855 3642/5528/1855 3639/5529/1855
f 3639/5530/1856 3642/5531/1856 3641/5432/1856 3638/5431/1856
f 3640/5441/1857 3643/5444/1857 3645/5532/1857 3642/5528/1857
f 3642/5531/1858 3645/5533/1858 3644/5433/1858 3641/5432/1858
f 3643/5444/1859 3646/5447/1859 3648/5534/1859 3645/5535/1859
f 3645/5536/1860 3648/5537/1860 3647/5434/1860 3644/5433/1860
f 3646/5447/1861 3649/5450/1861 3651/5538/1861 3648/5534/1861
f 3648/5537/1862 3651/5539/1862 3650/5435/1862 3647/5434/1862
f 3649/5450/1863 3652/5453/1863 3654/5540/1863 3651/5541/1863
f 3651/5542/1864 3654/5543/1864 3653/5436/1864 3650/5435/1864
f 3652/5453/1865 3655/5456/1865 3657/5544/1865 3654/5540/1865
f 3654/5543/1866 3657/5545/1866 3656/5437/1866 3653/5436/1866
f 3655/5456/1867 3659/5459/1867 3660/5520/1867 3657/5546/1867
f 3657/5547/1868 3660/5521/1868 3658/5438/1868 3656/5437/1868
f 3617/5388/1869 3661/5385/1869 3663/5548/1869 3621/5500/1869
f 3621/5504/1870 3663/5549/1870 3662/5413/1870 3618/5412/1870
f 3661/5385/1871 3664/5368/1871 3666/5550/1871 3663/5548/1871
f 3663/5549/1872 3666/5551/1872 3665/5414/1872 3662/5413/1872
f 3664/5368/1873 3667/5367/1873 3669/5552/1873 3666/5553/1873
f 3666/5554/1874 3669/5555/1874 3668/5415/1874 3665/5414/1874
f 3667/5367/1875 3670/5372/1875 3672/5556/1875 3669/5552/1875
f 3669/5555/1876 3672/5557/1876 3671/5416/1876 3668/5415/1876
f 3670/5372/1877 3673/5375/1877 3675/5558/1877 3672/5559/1877
f 3672/5560/1878 3675/5561/1878 3674/5417/1878 3671/5416/1878
f 3673/5375/1879 3676/5377/1879 3678/5562/1879 3675/5563/1879
f 3675/5564/1880 3678/5565/1880 3677/5418/1880 3674/5417/1880
f 3676/5377/1881 3679/5380/1881 3681/5566/1881 3678/5562/1881
f 3678/5565/1882 3681/5567/1882 3680/5419/1882 3677/5418/1882
f 3679/5380/1883 3683/5383/1883 3684/5568/1883 3681/5569/1883
f 3681/5570/1884 3684/5571/1884 3682/5420/1884 3680/5419/1884
f 3615/5494/1885 3611/5460/1885 3774/5462/1885 3792/5572/1885 3793/5573/1885
f 3609/5360/1886 3615/5491/1886 3793/5574/1886 3734/5361/1886
f 3794/5575/1887 3635/5513/1887 3631/5396/1887 3755/5395/1887
f 3632/5393/1888 3635/5513/1888 3794/5575/1888 3753/5394/1888
f 3618/5412/1843 3685/5411/1843 3687/5576/1843 3622/5499/1843
f 3622/5499/1844 3687/5576/1844 3686/5364/1844 3616/5363/1844
f 3685/5411/1843 3688/5410/1843 3690/5577/1843 3687/5576/1843
f 3687/5576/1844 3690/5577/1844 3689/5397/1844 3686/5364/1844
f 3688/5410/1843 3691/5409/1843 3693/5578/1843 3690/5577/1843
f 3690/5577/1844 3693/5578/1844 3692/5472/1844 3689/5397/1844
f 3691/5409/1843 3694/5408/1843 3696/5579/1843 3693/5578/1843
f 3693/5578/1844 3696/5579/1844 3695/5470/1844 3692/5472/1844
f 3694/5408/1843 3697/5407/1843 3699/5580/1843 3696/5579/1843
f 3696/5579/1844 3699/5580/1844 3698/5468/1844 3695/5470/1844
f 3697/5407/1843 3700/5406/1843 3702/5581/1843 3699/5580/1843
f 3699/5580/1844 3702/5581/1844 3701/5466/1844 3698/5468/1844
f 3700/5406/1843 3703/5405/1843 3705/5582/1843 3702/5581/1843
f 3702/5581/1844 3705/5582/1844 3704/5464/1844 3701/5466/1844
f 3703/5405/1843 3707/5404/1843 3708/5519/1843 3705/5582/1843
f 3705/5582/1844 3708/5519/1844 3706/5359/1844 3704/5464/1844
f 3632/5393/1849 3709/5392/1849 3711/5583/1849 3636/5512/1849
f 3636/5512/1850 3711/5583/1850 3710/5422/1850 3630/5421/1850
f 3709/5392/1849 3712/5487/1849 3714/5584/1849 3711/5583/1849
f 3711/5583/1850 3714/5584/1850 3713/5423/1850 3710/5422/1850
f 3712/5487/1849 3715/5485/1849 3717/5585/1849 3714/5584/1849
f 3714/5584/1850 3717/5585/1850 3716/5424/1850 3713/5423/1850
f 3715/5485/1849 3718/5483/1849 3720/5586/1849 3717/5585/1849
f 3717/5585/1850 3720/5586/1850 3719/5425/1850 3716/5424/1850
f 3718/5483/1849 3721/5481/1849 3723/5587/1849 3720/5586/1849
f 3720/5586/1850 3723/5587/1850 3722/5426/1850 3719/5425/1850
f 3721/5481/1849 3724/5479/1849 3726/5588/1849 3723/5587/1849
f 3723/5587/1850 3726/5588/1850 3725/5427/1850 3722/5426/1850
f 3724/5479/1849 3727/5477/1849 3729/5589/1849 3726/5588/1849
f 3726/5588/1850 3729/5589/1850 3728/5428/1850 3725/5427/1850
f 3727/5477/1849 3731/5475/1849 3732/5524/1849 3729/5589/1849
f 3729/5589/1850 3732/5524/1850 3730/5429/1850 3728/5428/1850
f 3793/5590/1889 3792/5591/1889 3774/5592/1889 3773/5593/1889 3772/5594/1889 3771/5595/1889 3770/5596/1889 3769/5597/1889 3768/5598/1889 3767/5599/1889 3766/5600/1889 3765/5601/1889 3764/5602/1889 3763/5603/1889 3762/5604/1889 3761/5605/1889 3760/5606/1889 3759/5607/1889 3758/5608/1889 3757/5609/1889 3791/5610/1889 3781/5611/1889 3780/5612/1889 3782/5613/1889 3783/5614/1889 3784/5615/1889 3785/5616/1889 3786/5617/1889 3787/5618/1889 3754/5619/1889 3753/5620/1889 3794/5621/1889 3755/5622/1889 3748/5623/1889 3747/5624/1889 3746/5625/1889 3745/5626/1889 3744/5627/1889 3743/5628/1889 3742/5629/1889 3741/5630/1889 3740/5631/1889 3739/5632/1889 3737/5633/1889 3738/5634/1889 3749/5635/1889 3750/5636/1889 3751/5637/1889 3752/5638/1889 3788/5639/1889 3789/5640/1889 3790/5641/1889 3735/5642/1889 3736/5643/1889 3756/5644/1889 3779/5645/1889 3778/5646/1889 3777/5647/1889 3776/5648/1889 3775/5649/1889 3733/5650/1889 3734/5651/1889
o Cube.019
v 3.902874 -0.940844 -0.450000
v 3.952216 -0.934877 -0.500000
v 3.951981 -0.985962 -0.450000
v 3.917326 -0.937861 -0.485356
v 3.923886 -0.967188 -0.478868
v 3.953095 -0.970906 -0.485341
v 3.917258 -0.974769 -0.450000
v 3.902875 -0.040844 -0.450000
v 3.951418 0.000196 -0.450005
v 3.952216 -0.050579 -0.500000
v 3.917093 -0.008113 -0.450003
v 3.923940 -0.016388 -0.478869
v 3.953649 -0.015048 -0.485359
v 3.917326 -0.045711 -0.485356
v 4.840367 -0.939900 -0.500000
v 4.889709 -0.940845 -0.450000
v 4.840367 -0.990845 -0.450000
v 4.875257 -0.940372 -0.485356
v 4.868855 -0.969512 -0.478868
v 4.875257 -0.976395 -0.450000
v 4.840367 -0.975727 -0.485356
v 4.840367 -0.041262 -0.500000
v 4.840367 0.009155 -0.449992
v 4.889709 -0.040845 -0.450000
v 4.840367 -0.005606 -0.485346
v 4.868855 -0.012065 -0.478867
v 4.875257 -0.005489 -0.449996
v 4.875257 -0.041053 -0.485356
v 4.780061 -0.990845 -0.450000
v 4.780061 -0.939862 -0.500000
v 4.780061 -0.975912 -0.485356
v 4.670413 -0.976121 -0.451270
v 4.670413 -0.913570 -0.500000
v 4.670413 -0.953036 -0.485727
v 4.560764 -0.990844 -0.450000
v 4.560764 -0.939756 -0.500000
v 4.560764 -0.975881 -0.485356
v 4.451116 -0.981244 -0.450581
v 4.451116 -0.922418 -0.500000
v 4.451116 -0.960829 -0.485526
v 4.341468 -0.990844 -0.450000
v 4.341468 -0.939620 -0.500000
v 4.341468 -0.975841 -0.485356
v 4.231820 -0.968473 -0.452541
v 4.231820 -0.900515 -0.500000
v 4.231820 -0.941660 -0.486100
v 4.122171 -0.990845 -0.450000
v 4.122171 -0.939648 -0.500000
v 4.122171 -0.975849 -0.485356
v 4.012523 -0.928850 -0.500000
v 4.012523 -0.984826 -0.450237
v 4.012523 -0.966409 -0.485425
v 4.012523 -0.002119 -0.450790
v 4.012523 -0.061702 -0.500000
v 4.012523 -0.023284 -0.485587
v 4.122171 0.009156 -0.450006
v 4.122171 -0.041439 -0.500000
v 4.122171 -0.005663 -0.485357
v 4.231820 -0.000451 -0.450589
v 4.231820 -0.058706 -0.500000
v 4.231820 -0.020700 -0.485528
v 4.341468 0.009156 -0.450009
v 4.341468 -0.041369 -0.500000
v 4.341468 -0.005643 -0.485358
v 4.451116 0.009156 -0.450011
v 4.451116 -0.041352 -0.500000
v 4.451116 -0.005638 -0.485359
v 4.560764 -0.004150 -0.451074
v 4.560764 -0.065104 -0.500000
v 4.560764 -0.026339 -0.485670
v 4.670413 -0.001437 -0.450689
v 4.670413 -0.060345 -0.500000
v 4.670413 -0.022191 -0.485557
v 4.780061 -0.041278 -0.500000
v 4.780061 0.009156 -0.449991
v 4.780061 -0.005616 -0.485353
v 3.952216 -0.101955 -0.500000
v 3.902875 -0.101955 -0.450000
v 3.917326 -0.101955 -0.485356
v 3.952216 -0.213067 -0.500000
v 3.902875 -0.213067 -0.450000
v 3.917326 -0.213067 -0.485356
v 3.952216 -0.324177 -0.500000
v 3.902875 -0.324177 -0.450000
v 3.917326 -0.324177 -0.485356
v 3.952216 -0.435288 -0.500000
v 3.902874 -0.435288 -0.450000
v 3.917326 -0.435288 -0.485356
v 3.952216 -0.546400 -0.500000
v 3.902874 -0.546400 -0.450000
v 3.917326 -0.546400 -0.485356
v 3.952216 -0.657511 -0.500000
v 3.902874 -0.657511 -0.450000
v 3.917326 -0.657511 -0.485356
v 3.952216 -0.768622 -0.500000
v 3.902874 -0.768622 -0.450000
v 3.917326 -0.768622 -0.485356
v 3.902874 -0.879733 -0.450000
v 3.952216 -0.879733 -0.500000
v 3.917326 -0.879733 -0.485356
v 4.889709 -0.101956 -0.450000
v 4.840367 -0.101956 -0.500000
v 4.875257 -0.101956 -0.485356
v 4.889709 -0.213067 -0.450000
v 4.840367 -0.213067 -0.500000
v 4.875257 -0.213067 -0.485356
v 4.889709 -0.324178 -0.450000
v 4.840367 -0.324178 -0.500000
v 4.875257 -0.324178 -0.485356
v 4.889709 -0.435289 -0.450000
v 4.840367 -0.435289 -0.500000
v 4.875257 -0.435289 -0.485356
v 4.889709 -0.546400 -0.450000
v 4.840367 -0.546400 -0.500000
v 4.875257 -0.546400 -0.485356
v 4.889709 -0.657511 -0.450000
v 4.840367 -0.657511 -0.500000
v 4.875257 -0.657511 -0.485356
v 4.889709 -0.768622 -0.450000
v 4.840367 -0.768622 -0.500000
v 4.875257 -0.768622 -0.485356
v 4.840367 -0.879733 -0.500000
v 4.889709 -0.879733 -0.450000
v 4.875257 -0.879733 -0.485356
v 3.902874 -0.879733 -0.391766
v 3.902874 -0.940844 -0.391766
v 3.902875 -0.040844 -0.391766
v 3.902875 -0.101955 -0.391766
v 4.127285 0.008707 -0.391766
v 4.122171 0.009156 -0.391766
v 4.231820 0.008707 -0.391766
v 4.236981 0.009156 -0.391766
v 4.341468 0.009156 -0.391766
v 4.451116 0.009156 -0.391766
v 4.456190 0.008540 -0.391766
v 4.560764 0.008540 -0.391766
v 4.565869 0.008663 -0.391766
v 4.670413 0.008663 -0.391766
v 4.675576 0.009156 -0.391766
v 4.780061 0.009156 -0.391766
v 4.017685 0.009156 -0.391766
v 4.012523 0.008632 -0.391766
v 3.955019 0.008632 -0.391766
v 3.952179 0.008734 -0.391766
v 4.889709 -0.040845 -0.391766
v 4.889709 -0.101956 -0.391766
v 4.840367 0.009155 -0.391766
v 3.902875 -0.213067 -0.391766
v 4.840367 -0.990845 -0.391766
v 4.780061 -0.990845 -0.391766
v 4.775003 -0.990165 -0.391766
v 4.670413 -0.990165 -0.391766
v 4.665250 -0.990844 -0.391766
v 4.560764 -0.990844 -0.391766
v 4.555650 -0.990397 -0.391766
v 4.451116 -0.990397 -0.391766
v 4.445953 -0.990844 -0.391766
v 4.341468 -0.990844 -0.391766
v 4.336512 -0.989833 -0.391766
v 4.231820 -0.989833 -0.391766
v 4.226657 -0.990844 -0.391766
v 4.122171 -0.990845 -0.391766
v 4.117029 -0.990562 -0.391766
v 4.012523 -0.990562 -0.391766
v 4.009673 -0.990614 -0.391766
v 3.952205 -0.990614 -0.391766
v 3.902874 -0.768622 -0.391766
v 3.902874 -0.657511 -0.391766
v 3.902874 -0.546400 -0.391766
v 3.902874 -0.435289 -0.391766
v 3.902875 -0.324177 -0.391766
v 4.889709 -0.879733 -0.391766
v 4.889709 -0.940845 -0.391766
v 4.889709 -0.768622 -0.391766
v 4.889709 -0.657511 -0.391766
v 4.889709 -0.546400 -0.391766
v 4.889709 -0.435289 -0.391766
v 4.889709 -0.324178 -0.391766
v 4.889709 -0.213067 -0.391766
v 3.950563 0.008343 -0.391766
v 3.917315 -0.005612 -0.391766
v 3.916646 -0.007153 -0.391766
v 4.875257 -0.976209 -0.391766
v 3.918958 -0.976659 -0.391766
v 3.917323 -0.976132 -0.391766
v 4.875257 -0.005489 -0.391766
vn -1.0000 -0.0000 -0.0000
vn 0.0455 0.9962 -0.0743
vn -0.0454 0.9956 -0.0815
vn -0.0000 1.0000 -0.0000
vn 0.0625 0.9928 -0.1022
vn -0.0124 0.9817 -0.1902
vn -0.0500 0.9947 -0.0897
vn -0.0532 0.9940 -0.0954
vn 0.0186 0.9867 -0.1616
vn 1.0000 -0.0000 -0.0000
vn -0.0000 -1.0000 -0.0000
vn -0.0000 -0.0000 -1.0000
vn -0.0689 -0.9912 -0.1128
vn 0.0688 -0.9900 -0.1235
vn -0.0454 -0.9962 -0.0743
vn 0.0454 -0.9956 -0.0815
vn -0.1025 -0.9804 -0.1680
vn 0.1022 -0.9777 -0.1834
vn -0.0286 -0.9985 -0.0468
vn 0.0096 -0.9960 -0.0891
vn -0.8807 -0.3268 -0.3428
vn -0.2993 -0.3244 -0.8973
vn -0.2462 -0.9044 -0.3485
vn -0.8735 0.3306 -0.3573
vn -0.1746 0.9164 -0.3603
vn -0.2774 0.3285 -0.9028
vn 0.3256 -0.3213 -0.8892
vn 0.8899 -0.3195 -0.3256
vn 0.3229 -0.8850 -0.3354
vn 0.3278 0.3229 -0.8879
vn 0.3285 0.8861 -0.3271
vn 0.8903 0.3211 -0.3230
vn -0.3099 0.9466 -0.0893
vn -0.9214 0.3885 -0.0069
vn -0.3870 -0.0000 -0.9221
vn -0.9257 -0.0000 -0.3784
vn 0.0412 -0.9029 -0.4279
vn 0.0318 -0.3687 -0.9290
vn -0.0000 0.9228 -0.3854
vn -0.0000 0.3800 -0.9250
vn 0.9257 -0.0000 -0.3784
vn 0.3870 -0.0000 -0.9221
vn 0.3847 -0.9230 0.0015
vn 0.9260 -0.3774 0.0006
vn 0.0014 -0.9203 -0.3911
vn 0.0005 -0.3774 -0.9261
vn -0.1454 -0.8689 -0.4732
vn -0.0784 -0.3565 -0.9310
vn 0.1453 -0.8687 -0.4735
vn 0.0781 -0.3562 -0.9311
vn -0.0984 -0.8889 -0.4473
vn -0.0529 -0.3634 -0.9301
vn 0.0982 -0.8887 -0.4478
vn 0.0526 -0.3630 -0.9303
vn -0.2080 -0.8362 -0.5074
vn -0.1118 -0.3440 -0.9323
vn 0.2081 -0.8362 -0.5073
vn 0.1119 -0.3440 -0.9323
vn -0.0630 -0.9020 -0.4272
vn -0.0337 -0.3681 -0.9292
vn 0.0741 0.8861 -0.4575
vn 0.0574 0.3641 -0.9296
vn -0.1144 0.8839 -0.4534
vn -0.0619 0.3640 -0.9294
vn 0.0985 0.8905 -0.4443
vn 0.0533 0.3665 -0.9289
vn -0.0986 0.8906 -0.4441
vn -0.0535 0.3667 -0.9288
vn -0.0000 0.9224 -0.3861
vn -0.0000 0.3793 -0.9253
vn 0.1330 0.8762 -0.4633
vn 0.0720 0.3616 -0.9296
vn -0.0254 0.8503 -0.5257
vn -0.0137 0.3503 -0.9365
vn -0.1081 0.8871 -0.4487
vn -0.0586 0.3660 -0.9288
vn -0.3457 -0.9372 -0.0463
vn -0.9231 -0.3846 -0.0040
vn 0.3870 0.9221 -0.0000
vn 0.9257 0.3784 -0.0000
vn -0.9257 -0.0000 -0.3783
vn -0.0000 -0.0000 1.0000
vt 0.402778 0.222942
vt 0.402778 0.237500
vt 0.387500 0.237500
vt 0.387500 0.222942
vt 0.612500 0.222942
vt 0.612500 0.237500
vt 0.597222 0.237500
vt 0.597222 0.222942
vt 0.791667 0.527058
vt 0.791667 0.512353
vt 0.819444 0.512498
vt 0.819444 0.527058
vt 0.818145 0.527051
vt 0.763889 0.527058
vt 0.763889 0.512498
vt 0.790355 0.527066
vt 0.736111 0.527058
vt 0.736111 0.512497
vt 0.708333 0.527058
vt 0.708333 0.512232
vt 0.734818 0.527045
vt 0.680556 0.527058
vt 0.680556 0.512328
vt 0.707040 0.527063
vt 0.652778 0.527058
vt 0.652778 0.512502
vt 0.679243 0.527067
vt 0.847222 0.512303
vt 0.847222 0.527058
vt 0.845909 0.527068
vt 0.862611 0.512408
vt 0.862505 0.527054
vt 0.861786 0.527052
vt 0.597222 0.527058
vt 0.597222 0.512500
vt 0.612500 0.512500
vt 0.612500 0.527058
vt 0.637500 0.527058
vt 0.637500 0.512502
vt 0.569444 0.237500
vt 0.569444 0.222942
vt 0.347222 0.527058
vt 0.347222 0.512500
vt 0.362500 0.512500
vt 0.362500 0.527058
vt 0.388338 0.262500
vt 0.402778 0.262500
vt 0.430556 0.262500
vt 0.458333 0.262500
vt 0.486111 0.262500
vt 0.513889 0.262500
vt 0.541667 0.262500
vt 0.569444 0.262500
vt 0.597222 0.262500
vt 0.611275 0.262500
vt 0.609527 0.277778
vt 0.612351 0.305556
vt 0.610029 0.333333
vt 0.612369 0.361111
vt 0.612373 0.388889
vt 0.608943 0.416667
vt 0.609777 0.444444
vt 0.612392 0.472222
vt 0.612396 0.487500
vt 0.597222 0.487500
vt 0.569444 0.487500
vt 0.541667 0.487500
vt 0.513889 0.487500
vt 0.486111 0.487500
vt 0.458333 0.487500
vt 0.430556 0.487500
vt 0.402778 0.487500
vt 0.387736 0.487500
vt 0.387746 0.472222
vt 0.391705 0.444444
vt 0.387772 0.416667
vt 0.390140 0.388889
vt 0.387806 0.361111
vt 0.394767 0.333333
vt 0.387799 0.305556
vt 0.389163 0.277778
vt 0.345932 0.527042
vt 0.319444 0.527058
vt 0.319444 0.512183
vt 0.318128 0.527075
vt 0.291667 0.527058
vt 0.291667 0.512500
vt 0.290367 0.527051
vt 0.263889 0.527058
vt 0.263889 0.512355
vt 0.262577 0.527066
vt 0.236111 0.527058
vt 0.236111 0.512500
vt 0.234835 0.527021
vt 0.208333 0.527058
vt 0.208333 0.511865
vt 0.207006 0.527094
vt 0.180556 0.527058
vt 0.180556 0.512500
vt 0.179251 0.527056
vt 0.152778 0.527058
vt 0.152778 0.512441
vt 0.137467 0.512473
vt 0.152056 0.527059
vt 0.137498 0.527057
vt 0.430556 0.222942
vt 0.430556 0.237500
vt 0.458333 0.222942
vt 0.458333 0.237500
vt 0.486111 0.222942
vt 0.486111 0.237500
vt 0.513889 0.222942
vt 0.513889 0.237500
vt 0.541667 0.222942
vt 0.541667 0.237500
vt 0.387500 0.527058
vt 0.387500 0.512500
vt 0.402778 0.512500
vt 0.402778 0.527058
vt 0.430556 0.512500
vt 0.430556 0.527058
vt 0.458333 0.512500
vt 0.458333 0.527058
vt 0.486111 0.512500
vt 0.486111 0.527058
vt 0.513889 0.512500
vt 0.513889 0.527058
vt 0.541667 0.512500
vt 0.541667 0.527058
vt 0.569444 0.512500
vt 0.569444 0.527058
vt 0.388246 0.250000
vt 0.380914 0.250000
vt 0.375000 0.237500
vt 0.375000 0.263086
vt 0.375000 0.255847
vt 0.125000 0.512500
vt 0.125000 0.505283
vt 0.138086 0.500000
vt 0.625000 0.237501
vt 0.625000 0.244717
vt 0.611283 0.250000
vt 0.861483 0.500000
vt 0.868709 0.500000
vt 0.875000 0.512499
vt 0.618614 0.250000
vt 0.625000 0.263517
vt 0.387618 0.500000
vt 0.375017 0.501761
vt 0.375000 0.487500
vt 0.375000 0.512500
vt 0.362500 0.500000
vt 0.625000 0.487500
vt 0.623232 0.500000
vt 0.612448 0.500000
vt 0.625000 0.512501
vt 0.637500 0.500000
vt 0.875000 0.527058
vt 0.863061 0.527060
vt 0.624444 0.222942
vt 0.625000 0.222942
vt 0.402778 0.250000
vt 0.152778 0.500000
vt 0.375000 0.277778
vt 0.652778 0.500000
vt 0.625000 0.472222
vt 0.402778 0.500000
vt 0.375000 0.527058
vt 0.347222 0.500000
vt 0.375000 0.472222
vt 0.319444 0.500000
vt 0.346388 0.500000
vt 0.375000 0.471388
vt 0.375000 0.444444
vt 0.292503 0.500000
vt 0.375000 0.417503
vt 0.263889 0.500000
vt 0.291098 0.500000
vt 0.375000 0.416098
vt 0.375000 0.388889
vt 0.236681 0.500000
vt 0.375000 0.361681
vt 0.208333 0.500000
vt 0.234938 0.500000
vt 0.375000 0.359938
vt 0.375000 0.333333
vt 0.181728 0.500000
vt 0.375000 0.306728
vt 0.180191 0.500000
vt 0.375000 0.305191
vt 0.847222 0.500000
vt 0.625000 0.277778
vt 0.820098 0.500000
vt 0.625000 0.304902
vt 0.791667 0.500000
vt 0.818881 0.500000
vt 0.625000 0.306119
vt 0.625000 0.333333
vt 0.764451 0.500000
vt 0.625000 0.360549
vt 0.736111 0.500000
vt 0.763889 0.500000
vt 0.625000 0.361111
vt 0.625000 0.388889
vt 0.708333 0.500000
vt 0.735354 0.500000
vt 0.625000 0.389646
vt 0.625000 0.416667
vt 0.680686 0.500000
vt 0.625000 0.444314
vt 0.653393 0.500000
vt 0.680556 0.500000
vt 0.625000 0.444444
vt 0.625000 0.471607
vt 0.125571 0.527057
vt 0.125000 0.527058
vt 0.375000 0.222942
vt 0.625000 0.527058
vt 0.597222 0.250000
vt 0.569444 0.250000
vt 0.541667 0.250000
vt 0.513889 0.250000
vt 0.486111 0.250000
vt 0.458333 0.250000
vt 0.430556 0.250000
vt 0.597222 0.500000
vt 0.569444 0.500000
vt 0.541667 0.500000
vt 0.513889 0.500000
vt 0.486111 0.500000
vt 0.458333 0.500000
vt 0.430556 0.500000
vt 0.608623 0.254398
vt 0.608537 0.254367
vt 0.606784 0.253555
vt 0.603753 0.253555
vt 0.603603 0.253558
vt 0.598091 0.253558
vt 0.597820 0.253541
vt 0.592309 0.253541
vt 0.592037 0.253600
vt 0.586516 0.253600
vt 0.586254 0.253541
vt 0.580744 0.253541
vt 0.580472 0.253567
vt 0.574959 0.253567
vt 0.574689 0.253541
vt 0.569178 0.253541
vt 0.568906 0.253581
vt 0.563390 0.253581
vt 0.563124 0.253541
vt 0.559943 0.253541
vt 0.558103 0.254393
vt 0.557341 0.256451
vt 0.557341 0.260008
vt 0.557341 0.266475
vt 0.557341 0.272941
vt 0.557341 0.279408
vt 0.557341 0.285875
vt 0.557341 0.292341
vt 0.557341 0.298808
vt 0.557341 0.305275
vt 0.557341 0.308831
vt 0.558103 0.310889
vt 0.559943 0.311741
vt 0.563123 0.311741
vt 0.568634 0.311741
vt 0.568906 0.311713
vt 0.574420 0.311713
vt 0.574689 0.311705
vt 0.580204 0.311705
vt 0.580472 0.311741
vt 0.586254 0.311741
vt 0.591765 0.311741
vt 0.592037 0.311715
vt 0.597550 0.311715
vt 0.597820 0.311741
vt 0.603330 0.311741
vt 0.603603 0.311711
vt 0.606635 0.311711
vt 0.606785 0.311717
vt 0.606870 0.311694
vt 0.608624 0.310882
vt 0.608659 0.310792
vt 0.609385 0.308831
vt 0.609385 0.305275
vt 0.609385 0.298808
vt 0.609385 0.292341
vt 0.609385 0.285875
vt 0.609385 0.279408
vt 0.609385 0.272941
vt 0.609385 0.266475
vt 0.609385 0.260008
vt 0.609385 0.256451
s 1
usemtl Material.002
f 3919/5652/1890 3892/5653/1890 3795/5654/1890 3920/5655/1890
f 3921/5656/1890 3802/5657/1890 3872/5658/1890 3922/5659/1890
f 3925/5660/1891 3853/5661/1891 3850/5662/1891 3924/5663/1891 3923/5664/1891
f 3927/5665/1892 3856/5666/1892 3853/5661/1892 3925/5660/1892 3926/5667/1892
f 3928/5668/1893 3859/5669/1893 3856/5666/1893 3927/5665/1893
f 3930/5670/1894 3862/5671/1894 3859/5669/1894 3928/5668/1894 3929/5672/1894
f 3932/5673/1895 3865/5674/1895 3862/5671/1895 3930/5670/1895 3931/5675/1895
f 3934/5676/1896 3869/5677/1896 3865/5674/1896 3932/5673/1896 3933/5678/1896
f 3924/5663/1897 3850/5662/1897 3847/5679/1897 3936/5680/1897 3935/5681/1897
f 3936/5680/1898 3847/5679/1898 3803/5682/1898 3938/5683/1898 3937/5684/1898
f 3940/5685/1899 3895/5686/1899 3818/5687/1899 3939/5688/1899
f 3941/5689/1893 3817/5690/1893 3869/5677/1893 3934/5676/1893
f 3922/5659/1890 3872/5658/1890 3875/5691/1890 3942/5692/1890
f 3944/5693/1900 3823/5694/1900 3811/5695/1900 3943/5696/1900
f 3796/5697/1901 3893/5698/1901 3889/5699/1901 3886/5700/1901 3883/5701/1901 3880/5702/1901 3877/5703/1901 3874/5704/1901 3871/5705/1901 3804/5706/1901 3848/5707/1901 3851/5708/1901 3854/5709/1901 3857/5710/1901 3860/5711/1901 3863/5712/1901 3866/5713/1901 3868/5714/1901 3816/5715/1901 3896/5716/1901 3899/5717/1901 3902/5718/1901 3905/5719/1901 3908/5720/1901 3911/5721/1901 3914/5722/1901 3916/5723/1901 3809/5724/1901 3824/5725/1901 3827/5726/1901 3830/5727/1901 3833/5728/1901 3836/5729/1901 3839/5730/1901 3842/5731/1901 3844/5732/1901
f 3945/5733/1902 3946/5734/1902 3826/5735/1902 3823/5694/1902 3944/5693/1902
f 3947/5736/1903 3948/5737/1903 3829/5738/1903 3826/5735/1903 3946/5734/1903
f 3949/5739/1904 3950/5740/1904 3832/5741/1904 3829/5738/1904 3948/5737/1904
f 3951/5742/1905 3952/5743/1905 3835/5744/1905 3832/5741/1905 3950/5740/1905
f 3953/5745/1906 3954/5746/1906 3838/5747/1906 3835/5744/1906 3952/5743/1906
f 3955/5748/1907 3956/5749/1907 3841/5750/1907 3838/5747/1907 3954/5746/1907
f 3957/5751/1908 3958/5752/1908 3845/5753/1908 3841/5750/1908 3956/5749/1908
f 3797/5754/1909 3845/5753/1909 3958/5752/1909 3959/5755/1909 3960/5756/1909
f 3961/5757/1890 3890/5758/1890 3892/5653/1890 3919/5652/1890
f 3962/5759/1890 3887/5760/1890 3890/5758/1890 3961/5757/1890
f 3963/5761/1890 3884/5762/1890 3887/5760/1890 3962/5759/1890
f 3964/5763/1890 3881/5764/1890 3884/5762/1890 3963/5761/1890
f 3965/5765/1890 3878/5766/1890 3881/5764/1890 3964/5763/1890
f 3942/5692/1890 3875/5691/1890 3878/5766/1890 3965/5765/1890
f 3967/5767/1899 3810/5768/1899 3917/5769/1899 3966/5770/1899
f 3966/5770/1899 3917/5769/1899 3913/5771/1899 3968/5772/1899
f 3968/5772/1899 3913/5771/1899 3910/5773/1899 3969/5774/1899
f 3969/5774/1899 3910/5773/1899 3907/5775/1899 3970/5776/1899
f 3970/5776/1899 3907/5775/1899 3904/5777/1899 3971/5778/1899
f 3971/5778/1899 3904/5777/1899 3901/5779/1899 3972/5780/1899
f 3972/5780/1899 3901/5779/1899 3898/5781/1899 3973/5782/1899
f 3973/5782/1899 3898/5781/1899 3895/5686/1899 3940/5685/1899
f 3795/5654/1910 3798/5783/1910 3799/5784/1910 3801/5785/1910
f 3796/5697/1911 3800/5786/1911 3799/5787/1911 3798/5783/1911
f 3797/5754/1912 3801/5788/1912 3799/5789/1912 3800/5790/1912
f 3802/5657/1913 3805/5791/1913 3806/5792/1913 3808/5793/1913
f 3803/5682/1914 3807/5794/1914 3806/5795/1914 3805/5796/1914
f 3804/5706/1915 3808/5793/1915 3806/5797/1915 3807/5798/1915
f 3809/5724/1916 3812/5799/1916 3813/5800/1916 3815/5801/1916
f 3810/5768/1917 3814/5802/1917 3813/5800/1917 3812/5799/1917
f 3811/5695/1918 3815/5803/1918 3813/5800/1918 3814/5802/1918
f 3816/5715/1919 3819/5804/1919 3820/5805/1919 3822/5806/1919
f 3817/5690/1920 3821/5807/1920 3820/5805/1920 3819/5808/1920
f 3818/5687/1921 3822/5806/1921 3820/5805/1921 3821/5807/1921
f 3938/5683/1922 3803/5682/1922 3805/5796/1922 3975/5809/1922 3974/5810/1922
f 3805/5791/1923 3802/5657/1923 3921/5656/1923 3976/5811/1923 3975/5812/1923
f 3893/5698/1924 3796/5697/1924 3798/5783/1924 3894/5813/1924
f 3894/5813/1925 3798/5783/1925 3795/5654/1925 3892/5653/1925
f 3845/5753/1926 3797/5754/1926 3800/5790/1926 3846/5814/1926
f 3846/5815/1927 3800/5786/1927 3796/5697/1927 3844/5732/1927
f 3869/5677/1928 3817/5690/1928 3819/5808/1928 3870/5816/1928
f 3870/5817/1929 3819/5804/1929 3816/5715/1929 3868/5714/1929
f 3917/5769/1930 3810/5768/1930 3812/5799/1930 3918/5818/1930
f 3918/5818/1931 3812/5799/1931 3809/5724/1931 3916/5723/1931
f 3943/5696/1932 3811/5695/1932 3814/5802/1932 3977/5819/1932
f 3814/5802/1933 3810/5768/1933 3967/5767/1933 3977/5819/1933
f 3811/5695/1934 3823/5694/1934 3825/5820/1934 3815/5803/1934
f 3815/5801/1935 3825/5821/1935 3824/5725/1935 3809/5724/1935
f 3823/5694/1936 3826/5735/1936 3828/5822/1936 3825/5823/1936
f 3825/5824/1937 3828/5825/1937 3827/5726/1937 3824/5725/1937
f 3826/5735/1938 3829/5738/1938 3831/5826/1938 3828/5822/1938
f 3828/5825/1939 3831/5827/1939 3830/5727/1939 3827/5726/1939
f 3829/5738/1940 3832/5741/1940 3834/5828/1940 3831/5829/1940
f 3831/5830/1941 3834/5831/1941 3833/5728/1941 3830/5727/1941
f 3832/5741/1942 3835/5744/1942 3837/5832/1942 3834/5828/1942
f 3834/5831/1943 3837/5833/1943 3836/5729/1943 3833/5728/1943
f 3835/5744/1944 3838/5747/1944 3840/5834/1944 3837/5835/1944
f 3837/5836/1945 3840/5837/1945 3839/5730/1945 3836/5729/1945
f 3838/5747/1946 3841/5750/1946 3843/5838/1946 3840/5834/1946
f 3840/5837/1947 3843/5839/1947 3842/5731/1947 3839/5730/1947
f 3841/5750/1948 3845/5753/1948 3846/5814/1948 3843/5840/1948
f 3843/5841/1949 3846/5815/1949 3844/5732/1949 3842/5731/1949
f 3803/5682/1950 3847/5679/1950 3849/5842/1950 3807/5794/1950
f 3807/5798/1951 3849/5843/1951 3848/5707/1951 3804/5706/1951
f 3847/5679/1952 3850/5662/1952 3852/5844/1952 3849/5842/1952
f 3849/5843/1953 3852/5845/1953 3851/5708/1953 3848/5707/1953
f 3850/5662/1954 3853/5661/1954 3855/5846/1954 3852/5847/1954
f 3852/5848/1955 3855/5849/1955 3854/5709/1955 3851/5708/1955
f 3853/5661/1956 3856/5666/1956 3858/5850/1956 3855/5846/1956
f 3855/5849/1957 3858/5851/1957 3857/5710/1957 3854/5709/1957
f 3856/5666/1958 3859/5669/1958 3861/5852/1958 3858/5853/1958
f 3858/5854/1959 3861/5855/1959 3860/5711/1959 3857/5710/1959
f 3859/5669/1960 3862/5671/1960 3864/5856/1960 3861/5857/1960
f 3861/5858/1961 3864/5859/1961 3863/5712/1961 3860/5711/1961
f 3862/5671/1962 3865/5674/1962 3867/5860/1962 3864/5856/1962
f 3864/5859/1963 3867/5861/1963 3866/5713/1963 3863/5712/1963
f 3865/5674/1964 3869/5677/1964 3870/5862/1964 3867/5863/1964
f 3867/5864/1965 3870/5865/1965 3868/5714/1965 3866/5713/1965
f 3801/5788/1966 3797/5754/1966 3960/5756/1966 3978/5866/1966 3979/5867/1966
f 3795/5654/1967 3801/5785/1967 3979/5868/1967 3920/5655/1967
f 3980/5869/1968 3821/5807/1968 3817/5690/1968 3941/5689/1968
f 3818/5687/1969 3821/5807/1969 3980/5869/1969 3939/5688/1969
f 3804/5706/1924 3871/5705/1924 3873/5870/1924 3808/5793/1924
f 3808/5793/1970 3873/5870/1970 3872/5658/1970 3802/5657/1970
f 3871/5705/1924 3874/5704/1924 3876/5871/1924 3873/5870/1924
f 3873/5870/1970 3876/5871/1970 3875/5691/1970 3872/5658/1970
f 3874/5704/1924 3877/5703/1924 3879/5872/1924 3876/5871/1924
f 3876/5871/1970 3879/5872/1925 3878/5766/1925 3875/5691/1970
f 3877/5703/1924 3880/5702/1924 3882/5873/1924 3879/5872/1924
f 3879/5872/1925 3882/5873/1925 3881/5764/1925 3878/5766/1925
f 3880/5702/1924 3883/5701/1924 3885/5874/1924 3882/5873/1924
f 3882/5873/1925 3885/5874/1925 3884/5762/1925 3881/5764/1925
f 3883/5701/1924 3886/5700/1924 3888/5875/1924 3885/5874/1924
f 3885/5874/1925 3888/5875/1925 3887/5760/1925 3884/5762/1925
f 3886/5700/1924 3889/5699/1924 3891/5876/1924 3888/5875/1924
f 3888/5875/1925 3891/5876/1925 3890/5758/1925 3887/5760/1925
f 3889/5699/1924 3893/5698/1924 3894/5813/1924 3891/5876/1924
f 3891/5876/1925 3894/5813/1925 3892/5653/1925 3890/5758/1925
f 3818/5687/1930 3895/5686/1930 3897/5877/1930 3822/5806/1930
f 3822/5806/1931 3897/5877/1931 3896/5716/1931 3816/5715/1931
f 3895/5686/1930 3898/5781/1930 3900/5878/1930 3897/5877/1930
f 3897/5877/1931 3900/5878/1931 3899/5717/1931 3896/5716/1931
f 3898/5781/1930 3901/5779/1930 3903/5879/1930 3900/5878/1930
f 3900/5878/1931 3903/5879/1931 3902/5718/1931 3899/5717/1931
f 3901/5779/1930 3904/5777/1930 3906/5880/1930 3903/5879/1930
f 3903/5879/1931 3906/5880/1931 3905/5719/1931 3902/5718/1931
f 3904/5777/1930 3907/5775/1930 3909/5881/1930 3906/5880/1930
f 3906/5880/1931 3909/5881/1931 3908/5720/1931 3905/5719/1931
f 3907/5775/1930 3910/5773/1930 3912/5882/1930 3909/5881/1930
f 3909/5881/1931 3912/5882/1931 3911/5721/1931 3908/5720/1931
f 3910/5773/1930 3913/5771/1930 3915/5883/1930 3912/5882/1930
f 3912/5882/1931 3915/5883/1931 3914/5722/1931 3911/5721/1931
f 3913/5771/1930 3917/5769/1930 3918/5818/1930 3915/5883/1930
f 3915/5883/1931 3918/5818/1931 3916/5723/1931 3914/5722/1931
f 3979/5884/1971 3978/5885/1971 3960/5886/1971 3959/5887/1971 3958/5888/1971 3957/5889/1971 3956/5890/1971 3955/5891/1971 3954/5892/1971 3953/5893/1971 3952/5894/1971 3951/5895/1971 3950/5896/1971 3949/5897/1971 3948/5898/1971 3947/5899/1971 3946/5900/1971 3945/5901/1971 3944/5902/1971 3943/5903/1971 3977/5904/1971 3967/5905/1971 3966/5906/1971 3968/5907/1971 3969/5908/1971 3970/5909/1971 3971/5910/1971 3972/5911/1971 3973/5912/1971 3940/5913/1971 3939/5914/1971 3980/5915/1971 3941/5916/1971 3934/5917/1971 3933/5918/1971 3932/5919/1971 3931/5920/1971 3930/5921/1971 3929/5922/1971 3928/5923/1971 3927/5924/1971 3926/5925/1971 3925/5926/1971 3923/5927/1971 3924/5928/1971 3935/5929/1971 3936/5930/1971 3937/5931/1971 3938/5932/1971 3974/5933/1971 3975/5934/1971 3976/5935/1971 3921/5936/1971 3922/5937/1971 3942/5938/1971 3965/5939/1971 3964/5940/1971 3963/5941/1971 3962/5942/1971 3961/5943/1971 3919/5944/1971 3920/5945/1971
o Cube.020
v -4.012155 1.102138 -0.450000
v -4.018122 1.151479 -0.500000
v -3.967036 1.151243 -0.450000
v -4.015138 1.116589 -0.485356
v -3.985811 1.123148 -0.478868
v -3.982093 1.152358 -0.485341
v -3.978230 1.116520 -0.450000
v -4.912155 1.102138 -0.450000
v -4.953195 1.150681 -0.450005
v -4.902421 1.151479 -0.500000
v -4.944886 1.116356 -0.450003
v -4.936611 1.123203 -0.478869
v -4.937951 1.152912 -0.485359
v -4.907288 1.116590 -0.485356
v -4.013099 2.039630 -0.500000
v -4.012154 2.088972 -0.450000
v -3.962154 2.039630 -0.450000
v -4.012627 2.074520 -0.485356
v -3.983487 2.068118 -0.478868
v -3.976604 2.074520 -0.450000
v -3.977272 2.039630 -0.485356
v -4.911737 2.039630 -0.500000
v -4.962154 2.039630 -0.449992
v -4.912154 2.088972 -0.450000
v -4.947392 2.039630 -0.485346
v -4.940934 2.068118 -0.478867
v -4.947510 2.074521 -0.449996
v -4.911946 2.074520 -0.485356
v -3.962154 1.979324 -0.450000
v -4.013136 1.979324 -0.500000
v -3.977087 1.979324 -0.485356
v -3.976878 1.869675 -0.451270
v -4.039429 1.869676 -0.500000
v -3.999963 1.869675 -0.485727
v -3.962154 1.760027 -0.450000
v -4.013243 1.760027 -0.500000
v -3.977118 1.760027 -0.485356
v -3.971755 1.650379 -0.450581
v -4.030581 1.650379 -0.500000
v -3.992170 1.650379 -0.485526
v -3.962154 1.540731 -0.450000
v -4.013379 1.540731 -0.500000
v -3.977158 1.540731 -0.485356
v -3.984526 1.431082 -0.452541
v -4.052484 1.431082 -0.500000
v -4.011339 1.431082 -0.486100
v -3.962154 1.321434 -0.450000
v -4.013350 1.321434 -0.500000
v -3.977149 1.321434 -0.485356
v -4.024149 1.211786 -0.500000
v -3.968173 1.211786 -0.450237
v -3.986590 1.211786 -0.485425
v -4.950880 1.211786 -0.450790
v -4.891296 1.211786 -0.500000
v -4.929715 1.211786 -0.485587
v -4.962154 1.321434 -0.450006
v -4.911560 1.321434 -0.500000
v -4.947336 1.321434 -0.485357
v -4.952548 1.431082 -0.450589
v -4.894293 1.431082 -0.500000
v -4.932299 1.431082 -0.485528
v -4.962154 1.540731 -0.450009
v -4.911630 1.540731 -0.500000
v -4.947356 1.540731 -0.485358
v -4.962154 1.650379 -0.450011
v -4.911647 1.650379 -0.500000
v -4.947361 1.650379 -0.485359
v -4.948849 1.760027 -0.451074
v -4.887895 1.760027 -0.500000
v -4.926660 1.760027 -0.485670
v -4.951562 1.869676 -0.450689
v -4.892653 1.869676 -0.500000
v -4.930808 1.869676 -0.485557
v -4.911721 1.979324 -0.500000
v -4.962155 1.979324 -0.449991
v -4.947382 1.979324 -0.485353
v -4.851044 1.151479 -0.500000
v -4.851044 1.102138 -0.450000
v -4.851044 1.116590 -0.485356
v -4.739933 1.151479 -0.500000
v -4.739933 1.102138 -0.450000
v -4.739933 1.116590 -0.485356
v -4.628821 1.151479 -0.500000
v -4.628821 1.102138 -0.450000
v -4.628821 1.116590 -0.485356
v -4.517711 1.151479 -0.500000
v -4.517711 1.102137 -0.450000
v -4.517711 1.116590 -0.485356
v -4.406600 1.151479 -0.500000
v -4.406600 1.102137 -0.450000
v -4.406600 1.116590 -0.485356
v -4.295488 1.151479 -0.500000
v -4.295488 1.102137 -0.450000
v -4.295488 1.116589 -0.485356
v -4.184377 1.151479 -0.500000
v -4.184377 1.102138 -0.450000
v -4.184377 1.116589 -0.485356
v -4.073266 1.102138 -0.450000
v -4.073266 1.151479 -0.500000
v -4.073266 1.116589 -0.485356
v -4.851043 2.088972 -0.450000
v -4.851043 2.039630 -0.500000
v -4.851043 2.074520 -0.485356
v -4.739932 2.088972 -0.450000
v -4.739932 2.039630 -0.500000
v -4.739932 2.074520 -0.485356
v -4.628821 2.088972 -0.450000
v -4.628821 2.039630 -0.500000
v -4.628821 2.074520 -0.485356
v -4.517710 2.088972 -0.450000
v -4.517710 2.039630 -0.500000
v -4.517710 2.074520 -0.485356
v -4.406599 2.088972 -0.450000
v -4.406599 2.039630 -0.500000
v -4.406599 2.074520 -0.485356
v -4.295487 2.088972 -0.450000
v -4.295487 2.039630 -0.500000
v -4.295487 2.074520 -0.485356
v -4.184377 2.088972 -0.450000
v -4.184377 2.039630 -0.500000
v -4.184377 2.074520 -0.485356
v -4.073266 2.039630 -0.500000
v -4.073266 2.088972 -0.450000
v -4.073266 2.074520 -0.485356
v -4.073266 1.102138 -0.391766
v -4.012155 1.102138 -0.391766
v -4.912155 1.102138 -0.391766
v -4.851044 1.102138 -0.391766
v -4.961707 1.326548 -0.391766
v -4.962154 1.321434 -0.391766
v -4.961707 1.431082 -0.391766
v -4.962154 1.436244 -0.391766
v -4.962154 1.540731 -0.391766
v -4.962154 1.650379 -0.391766
v -4.961539 1.655453 -0.391766
v -4.961539 1.760027 -0.391766
v -4.961661 1.765132 -0.391766
v -4.961662 1.869676 -0.391766
v -4.962155 1.874839 -0.391766
v -4.962155 1.979324 -0.391766
v -4.962155 1.216948 -0.391766
v -4.961630 1.211786 -0.391766
v -4.961630 1.154282 -0.391766
v -4.961733 1.151442 -0.391766
v -4.912154 2.088972 -0.391766
v -4.851043 2.088972 -0.391766
v -4.962154 2.039630 -0.391766
v -4.739933 1.102138 -0.391766
v -3.962154 2.039630 -0.391766
v -3.962154 1.979324 -0.391766
v -3.962834 1.974266 -0.391766
v -3.962834 1.869675 -0.391766
v -3.962154 1.864513 -0.391766
v -3.962154 1.760027 -0.391766
v -3.962602 1.754913 -0.391766
v -3.962602 1.650379 -0.391766
v -3.962154 1.645216 -0.391766
v -3.962154 1.540731 -0.391766
v -3.963166 1.535774 -0.391766
v -3.963166 1.431082 -0.391766
v -3.962154 1.425920 -0.391766
v -3.962154 1.321434 -0.391766
v -3.962437 1.316291 -0.391766
v -3.962437 1.211786 -0.391766
v -3.962384 1.208935 -0.391766
v -3.962384 1.151468 -0.391766
v -4.184377 1.102138 -0.391766
v -4.295488 1.102137 -0.391766
v -4.406600 1.102137 -0.391766
v -4.517711 1.102137 -0.391766
v -4.628821 1.102138 -0.391766
v -4.073266 2.088972 -0.391766
v -4.012154 2.088972 -0.391766
v -4.184377 2.088972 -0.391766
v -4.295487 2.088972 -0.391766
v -4.406599 2.088972 -0.391766
v -4.517710 2.088972 -0.391766
v -4.628821 2.088972 -0.391766
v -4.739932 2.088972 -0.391766
v -4.961342 1.149826 -0.391766
v -4.947387 1.116578 -0.391766
v -4.945846 1.115909 -0.391766
v -3.976790 2.074520 -0.391766
v -3.976340 1.118221 -0.391766
v -3.976867 1.116586 -0.391766
v -4.947510 2.074521 -0.391766
vn -0.0000 -1.0000 -0.0000
vn -0.9962 0.0455 -0.0743
vn -0.9956 -0.0454 -0.0815
vn -1.0000 -0.0000 -0.0000
vn -0.9928 0.0625 -0.1022
vn -0.9817 -0.0124 -0.1902
vn -0.9947 -0.0500 -0.0897
vn -0.9940 -0.0532 -0.0954
vn -0.9867 0.0186 -0.1616
vn -0.0000 1.0000 -0.0000
vn 1.0000 -0.0000 -0.0000
vn -0.0000 -0.0000 -1.0000
vn 0.9912 -0.0689 -0.1128
vn 0.9899 0.0689 -0.1235
vn 0.9962 -0.0454 -0.0743
vn 0.9956 0.0454 -0.0815
vn 0.9804 -0.1025 -0.1680
vn 0.9777 0.1022 -0.1834
vn 0.9985 -0.0286 -0.0468
vn 0.9960 0.0096 -0.0891
vn 0.3268 -0.8807 -0.3428
vn 0.3244 -0.2993 -0.8973
vn 0.9044 -0.2462 -0.3485
vn -0.3306 -0.8735 -0.3573
vn -0.9164 -0.1746 -0.3603
vn -0.3285 -0.2774 -0.9028
vn 0.3213 0.3256 -0.8892
vn 0.3195 0.8899 -0.3256
vn 0.8850 0.3229 -0.3354
vn -0.3229 0.3277 -0.8879
vn -0.8861 0.3284 -0.3271
vn -0.3211 0.8903 -0.3230
vn -0.9465 -0.3099 -0.0893
vn -0.3885 -0.9214 -0.0069
vn -0.0000 -0.3870 -0.9221
vn -0.0000 -0.9257 -0.3783
vn 0.9029 0.0413 -0.4279
vn 0.3687 0.0318 -0.9290
vn -0.9228 -0.0001 -0.3854
vn -0.3800 -0.0000 -0.9250
vn -0.0000 0.9257 -0.3784
vn -0.0000 0.3870 -0.9221
vn 0.9230 0.3847 0.0015
vn 0.3774 0.9260 0.0006
vn 0.9203 0.0014 -0.3911
vn 0.3774 0.0005 -0.9261
vn 0.8689 -0.1454 -0.4732
vn 0.3565 -0.0784 -0.9310
vn 0.8687 0.1453 -0.4735
vn 0.3562 0.0781 -0.9311
vn 0.8889 -0.0984 -0.4474
vn 0.3634 -0.0529 -0.9301
vn 0.8887 0.0982 -0.4478
vn 0.3630 0.0526 -0.9303
vn 0.8362 -0.2080 -0.5074
vn 0.3440 -0.1118 -0.9323
vn 0.8363 0.2081 -0.5073
vn 0.3440 0.1119 -0.9323
vn 0.9020 -0.0630 -0.4272
vn 0.3681 -0.0337 -0.9292
vn -0.8861 0.0741 -0.4575
vn -0.3641 0.0574 -0.9296
vn -0.8839 -0.1144 -0.4534
vn -0.3640 -0.0619 -0.9294
vn -0.8905 0.0985 -0.4442
vn -0.3665 0.0533 -0.9289
vn -0.8906 -0.0986 -0.4440
vn -0.3667 -0.0535 -0.9288
vn -0.9225 -0.0000 -0.3861
vn -0.3793 -0.0000 -0.9253
vn -0.8762 0.1330 -0.4633
vn -0.3616 0.0720 -0.9296
vn -0.8503 -0.0254 -0.5257
vn -0.3503 -0.0137 -0.9365
vn -0.8871 -0.1080 -0.4488
vn -0.3660 -0.0586 -0.9288
vn 0.9372 -0.3457 -0.0463
vn 0.3845 -0.9231 -0.0040
vn -0.9221 0.3870 -0.0000
vn -0.3783 0.9257 -0.0000
vn -0.0000 -0.9257 -0.3784
vn -0.0000 -0.9256 -0.3784
vn -0.0000 -0.0000 1.0000
vt 0.402778 0.222942
vt 0.402778 0.237500
vt 0.387500 0.237500
vt 0.387500 0.222942
vt 0.612500 0.222942
vt 0.612500 0.237500
vt 0.597222 0.237500
vt 0.597222 0.222942
vt 0.791667 0.527058
vt 0.791667 0.512353
vt 0.819444 0.512498
vt 0.819444 0.527058
vt 0.818145 0.527051
vt 0.763889 0.527058
vt 0.763889 0.512498
vt 0.790355 0.527066
vt 0.736111 0.527058
vt 0.736111 0.512497
vt 0.708333 0.527058
vt 0.708333 0.512232
vt 0.734818 0.527045
vt 0.680556 0.527058
vt 0.680556 0.512328
vt 0.707040 0.527063
vt 0.652778 0.527058
vt 0.652778 0.512502
vt 0.679243 0.527067
vt 0.847222 0.512303
vt 0.847222 0.527058
vt 0.845909 0.527068
vt 0.862611 0.512408
vt 0.862505 0.527054
vt 0.861786 0.527052
vt 0.597222 0.527058
vt 0.597222 0.512500
vt 0.612500 0.512500
vt 0.612500 0.527058
vt 0.637500 0.527058
vt 0.637500 0.512502
vt 0.569444 0.237500
vt 0.569444 0.222942
vt 0.347222 0.527058
vt 0.347222 0.512500
vt 0.362500 0.512500
vt 0.362500 0.527058
vt 0.388338 0.262500
vt 0.402778 0.262500
vt 0.430556 0.262500
vt 0.458333 0.262500
vt 0.486111 0.262500
vt 0.513889 0.262500
vt 0.541667 0.262500
vt 0.569444 0.262500
vt 0.597222 0.262500
vt 0.611275 0.262500
vt 0.609527 0.277778
vt 0.612351 0.305556
vt 0.610029 0.333333
vt 0.612369 0.361111
vt 0.612373 0.388889
vt 0.608943 0.416667
vt 0.609777 0.444444
vt 0.612392 0.472222
vt 0.612396 0.487500
vt 0.597222 0.487500
vt 0.569444 0.487500
vt 0.541667 0.487500
vt 0.513889 0.487500
vt 0.486111 0.487500
vt 0.458333 0.487500
vt 0.430556 0.487500
vt 0.402778 0.487500
vt 0.387736 0.487500
vt 0.387746 0.472222
vt 0.391705 0.444444
vt 0.387772 0.416667
vt 0.390140 0.388889
vt 0.387806 0.361111
vt 0.394767 0.333333
vt 0.387799 0.305556
vt 0.389163 0.277778
vt 0.345932 0.527042
vt 0.319444 0.527058
vt 0.319444 0.512183
vt 0.318128 0.527075
vt 0.291667 0.527058
vt 0.291667 0.512500
vt 0.290367 0.527051
vt 0.263889 0.527058
vt 0.263889 0.512355
vt 0.262577 0.527066
vt 0.236111 0.527058
vt 0.236111 0.512500
vt 0.234835 0.527021
vt 0.208333 0.527058
vt 0.208333 0.511865
vt 0.207006 0.527094
vt 0.180556 0.527058
vt 0.180556 0.512500
vt 0.179251 0.527056
vt 0.152778 0.527058
vt 0.152778 0.512441
vt 0.137467 0.512473
vt 0.152056 0.527059
vt 0.137498 0.527057
vt 0.430556 0.222942
vt 0.430556 0.237500
vt 0.458333 0.222942
vt 0.458333 0.237500
vt 0.486111 0.222942
vt 0.486111 0.237500
vt 0.513889 0.222942
vt 0.513889 0.237500
vt 0.541667 0.222942
vt 0.541667 0.237500
vt 0.387500 0.527058
vt 0.387500 0.512500
vt 0.402778 0.512500
vt 0.402778 0.527058
vt 0.430556 0.512500
vt 0.430556 0.527058
vt 0.458333 0.512500
vt 0.458333 0.527058
vt 0.486111 0.512500
vt 0.486111 0.527058
vt 0.513889 0.512500
vt 0.513889 0.527058
vt 0.541667 0.512500
vt 0.541667 0.527058
vt 0.569444 0.512500
vt 0.569444 0.527058
vt 0.388246 0.250000
vt 0.380914 0.250000
vt 0.375000 0.237500
vt 0.375000 0.263086
vt 0.375000 0.255847
vt 0.125000 0.512500
vt 0.125000 0.505283
vt 0.138086 0.500000
vt 0.625000 0.237501
vt 0.625000 0.244717
vt 0.611283 0.250000
vt 0.861483 0.500000
vt 0.868709 0.500000
vt 0.875000 0.512499
vt 0.618614 0.250000
vt 0.625000 0.263517
vt 0.387618 0.500000
vt 0.375017 0.501761
vt 0.375000 0.487500
vt 0.375000 0.512500
vt 0.362500 0.500000
vt 0.625000 0.487500
vt 0.623232 0.500000
vt 0.612448 0.500000
vt 0.625000 0.512501
vt 0.637500 0.500000
vt 0.875000 0.527058
vt 0.863061 0.527060
vt 0.624444 0.222942
vt 0.625000 0.222942
vt 0.402778 0.250000
vt 0.152778 0.500000
vt 0.375000 0.277778
vt 0.652778 0.500000
vt 0.625000 0.472222
vt 0.402778 0.500000
vt 0.375000 0.527058
vt 0.347222 0.500000
vt 0.375000 0.472222
vt 0.319444 0.500000
vt 0.346388 0.500000
vt 0.375000 0.471388
vt 0.375000 0.444444
vt 0.292503 0.500000
vt 0.375000 0.417503
vt 0.263889 0.500000
vt 0.291098 0.500000
vt 0.375000 0.416098
vt 0.375000 0.388889
vt 0.236681 0.500000
vt 0.375000 0.361681
vt 0.208333 0.500000
vt 0.234938 0.500000
vt 0.375000 0.359938
vt 0.375000 0.333333
vt 0.181728 0.500000
vt 0.375000 0.306728
vt 0.180191 0.500000
vt 0.375000 0.305191
vt 0.847222 0.500000
vt 0.625000 0.277778
vt 0.820098 0.500000
vt 0.625000 0.304902
vt 0.791667 0.500000
vt 0.818881 0.500000
vt 0.625000 0.306119
vt 0.625000 0.333333
vt 0.764451 0.500000
vt 0.625000 0.360549
vt 0.736111 0.500000
vt 0.763889 0.500000
vt 0.625000 0.361111
vt 0.625000 0.388889
vt 0.708333 0.500000
vt 0.735354 0.500000
vt 0.625000 0.389646
vt 0.625000 0.416667
vt 0.680686 0.500000
vt 0.625000 0.444314
vt 0.653393 0.500000
vt 0.680556 0.500000
vt 0.625000 0.444444
vt 0.625000 0.471607
vt 0.125571 0.527057
vt 0.125000 0.527058
vt 0.375000 0.222942
vt 0.625000 0.527058
vt 0.597222 0.250000
vt 0.569444 0.250000
vt 0.541667 0.250000
vt 0.513889 0.250000
vt 0.486111 0.250000
vt 0.458333 0.250000
vt 0.430556 0.250000
vt 0.597222 0.500000
vt 0.569444 0.500000
vt 0.541667 0.500000
vt 0.513889 0.500000
vt 0.486111 0.500000
vt 0.458333 0.500000
vt 0.430556 0.500000
vt 0.608623 0.254398
vt 0.608537 0.254367
vt 0.606784 0.253555
vt 0.603753 0.253555
vt 0.603603 0.253558
vt 0.598091 0.253558
vt 0.597820 0.253541
vt 0.592309 0.253541
vt 0.592037 0.253600
vt 0.586516 0.253600
vt 0.586254 0.253541
vt 0.580744 0.253541
vt 0.580472 0.253567
vt 0.574959 0.253567
vt 0.574689 0.253541
vt 0.569178 0.253541
vt 0.568906 0.253581
vt 0.563390 0.253581
vt 0.563124 0.253541
vt 0.559943 0.253541
vt 0.558103 0.254393
vt 0.557341 0.256451
vt 0.557341 0.260008
vt 0.557341 0.266475
vt 0.557341 0.272941
vt 0.557341 0.279408
vt 0.557341 0.285875
vt 0.557341 0.292341
vt 0.557341 0.298808
vt 0.557341 0.305275
vt 0.557341 0.308831
vt 0.558103 0.310889
vt 0.559943 0.311741
vt 0.563123 0.311741
vt 0.568634 0.311741
vt 0.568906 0.311713
vt 0.574420 0.311713
vt 0.574689 0.311705
vt 0.580204 0.311705
vt 0.580472 0.311741
vt 0.586254 0.311741
vt 0.591765 0.311741
vt 0.592037 0.311715
vt 0.597550 0.311715
vt 0.597820 0.311741
vt 0.603330 0.311741
vt 0.603603 0.311711
vt 0.606635 0.311711
vt 0.606785 0.311717
vt 0.606870 0.311694
vt 0.608624 0.310882
vt 0.608659 0.310792
vt 0.609385 0.308831
vt 0.609385 0.305275
vt 0.609385 0.298808
vt 0.609385 0.292341
vt 0.609385 0.285875
vt 0.609385 0.279408
vt 0.609385 0.272941
vt 0.609385 0.266475
vt 0.609385 0.260008
vt 0.609385 0.256451
s 1
usemtl Material.002
f 4105/5946/1972 4078/5947/1972 3981/5948/1972 4106/5949/1972
f 4107/5950/1972 3988/5951/1972 4058/5952/1972 4108/5953/1972
f 4111/5954/1973 4039/5955/1973 4036/5956/1973 4110/5957/1973 4109/5958/1973
f 4113/5959/1974 4042/5960/1974 4039/5955/1974 4111/5954/1974 4112/5961/1974
f 4114/5962/1975 4045/5963/1975 4042/5960/1975 4113/5959/1975
f 4116/5964/1976 4048/5965/1976 4045/5963/1976 4114/5962/1976 4115/5966/1976
f 4118/5967/1977 4051/5968/1977 4048/5965/1977 4116/5964/1977 4117/5969/1977
f 4120/5970/1978 4055/5971/1978 4051/5968/1978 4118/5967/1978 4119/5972/1978
f 4110/5957/1979 4036/5956/1979 4033/5973/1979 4122/5974/1979 4121/5975/1979
f 4122/5974/1980 4033/5973/1980 3989/5976/1980 4124/5977/1980 4123/5978/1980
f 4126/5979/1981 4081/5980/1981 4004/5981/1981 4125/5982/1981
f 4127/5983/1975 4003/5984/1975 4055/5971/1975 4120/5970/1975
f 4108/5953/1972 4058/5952/1972 4061/5985/1972 4128/5986/1972
f 4130/5987/1982 4009/5988/1982 3997/5989/1982 4129/5990/1982
f 3982/5991/1983 4079/5992/1983 4075/5993/1983 4072/5994/1983 4069/5995/1983 4066/5996/1983 4063/5997/1983 4060/5998/1983 4057/5999/1983 3990/6000/1983 4034/6001/1983 4037/6002/1983 4040/6003/1983 4043/6004/1983 4046/6005/1983 4049/6006/1983 4052/6007/1983 4054/6008/1983 4002/6009/1983 4082/6010/1983 4085/6011/1983 4088/6012/1983 4091/6013/1983 4094/6014/1983 4097/6015/1983 4100/6016/1983 4102/6017/1983 3995/6018/1983 4010/6019/1983 4013/6020/1983 4016/6021/1983 4019/6022/1983 4022/6023/1983 4025/6024/1983 4028/6025/1983 4030/6026/1983
f 4131/6027/1984 4132/6028/1984 4012/6029/1984 4009/5988/1984 4130/5987/1984
f 4133/6030/1985 4134/6031/1985 4015/6032/1985 4012/6029/1985 4132/6028/1985
f 4135/6033/1986 4136/6034/1986 4018/6035/1986 4015/6032/1986 4134/6031/1986
f 4137/6036/1987 4138/6037/1987 4021/6038/1987 4018/6035/1987 4136/6034/1987
f 4139/6039/1988 4140/6040/1988 4024/6041/1988 4021/6038/1988 4138/6037/1988
f 4141/6042/1989 4142/6043/1989 4027/6044/1989 4024/6041/1989 4140/6040/1989
f 4143/6045/1990 4144/6046/1990 4031/6047/1990 4027/6044/1990 4142/6043/1990
f 3983/6048/1991 4031/6047/1991 4144/6046/1991 4145/6049/1991 4146/6050/1991
f 4147/6051/1972 4076/6052/1972 4078/5947/1972 4105/5946/1972
f 4148/6053/1972 4073/6054/1972 4076/6052/1972 4147/6051/1972
f 4149/6055/1972 4070/6056/1972 4073/6054/1972 4148/6053/1972
f 4150/6057/1972 4067/6058/1972 4070/6056/1972 4149/6055/1972
f 4151/6059/1972 4064/6060/1972 4067/6058/1972 4150/6057/1972
f 4128/5986/1972 4061/5985/1972 4064/6060/1972 4151/6059/1972
f 4153/6061/1981 3996/6062/1981 4103/6063/1981 4152/6064/1981
f 4152/6064/1981 4103/6063/1981 4099/6065/1981 4154/6066/1981
f 4154/6066/1981 4099/6065/1981 4096/6067/1981 4155/6068/1981
f 4155/6068/1981 4096/6067/1981 4093/6069/1981 4156/6070/1981
f 4156/6070/1981 4093/6069/1981 4090/6071/1981 4157/6072/1981
f 4157/6072/1981 4090/6071/1981 4087/6073/1981 4158/6074/1981
f 4158/6074/1981 4087/6073/1981 4084/6075/1981 4159/6076/1981
f 4159/6076/1981 4084/6075/1981 4081/5980/1981 4126/5979/1981
f 3981/5948/1992 3984/6077/1992 3985/6078/1992 3987/6079/1992
f 3982/5991/1993 3986/6080/1993 3985/6081/1993 3984/6077/1993
f 3983/6048/1994 3987/6082/1994 3985/6083/1994 3986/6084/1994
f 3988/5951/1995 3991/6085/1995 3992/6086/1995 3994/6087/1995
f 3989/5976/1996 3993/6088/1996 3992/6089/1996 3991/6090/1996
f 3990/6000/1997 3994/6087/1997 3992/6091/1997 3993/6092/1997
f 3995/6018/1998 3998/6093/1998 3999/6094/1998 4001/6095/1998
f 3996/6062/1999 4000/6096/1999 3999/6094/1999 3998/6093/1999
f 3997/5989/2000 4001/6097/2000 3999/6094/2000 4000/6096/2000
f 4002/6009/2001 4005/6098/2001 4006/6099/2001 4008/6100/2001
f 4003/5984/2002 4007/6101/2002 4006/6099/2002 4005/6102/2002
f 4004/5981/2003 4008/6100/2003 4006/6099/2003 4007/6101/2003
f 4124/5977/2004 3989/5976/2004 3991/6090/2004 4161/6103/2004 4160/6104/2004
f 3991/6085/2005 3988/5951/2005 4107/5950/2005 4162/6105/2005 4161/6106/2005
f 4079/5992/2006 3982/5991/2006 3984/6077/2006 4080/6107/2006
f 4080/6107/2007 3984/6077/2007 3981/5948/2007 4078/5947/2007
f 4031/6047/2008 3983/6048/2008 3986/6084/2008 4032/6108/2008
f 4032/6109/2009 3986/6080/2009 3982/5991/2009 4030/6026/2009
f 4055/5971/2010 4003/5984/2010 4005/6102/2010 4056/6110/2010
f 4056/6111/2011 4005/6098/2011 4002/6009/2011 4054/6008/2011
f 4103/6063/2012 3996/6062/2012 3998/6093/2012 4104/6112/2012
f 4104/6112/2013 3998/6093/2013 3995/6018/2013 4102/6017/2013
f 4129/5990/2014 3997/5989/2014 4000/6096/2014 4163/6113/2014
f 4000/6096/2015 3996/6062/2015 4153/6061/2015 4163/6113/2015
f 3997/5989/2016 4009/5988/2016 4011/6114/2016 4001/6097/2016
f 4001/6095/2017 4011/6115/2017 4010/6019/2017 3995/6018/2017
f 4009/5988/2018 4012/6029/2018 4014/6116/2018 4011/6117/2018
f 4011/6118/2019 4014/6119/2019 4013/6020/2019 4010/6019/2019
f 4012/6029/2020 4015/6032/2020 4017/6120/2020 4014/6116/2020
f 4014/6119/2021 4017/6121/2021 4016/6021/2021 4013/6020/2021
f 4015/6032/2022 4018/6035/2022 4020/6122/2022 4017/6123/2022
f 4017/6124/2023 4020/6125/2023 4019/6022/2023 4016/6021/2023
f 4018/6035/2024 4021/6038/2024 4023/6126/2024 4020/6122/2024
f 4020/6125/2025 4023/6127/2025 4022/6023/2025 4019/6022/2025
f 4021/6038/2026 4024/6041/2026 4026/6128/2026 4023/6129/2026
f 4023/6130/2027 4026/6131/2027 4025/6024/2027 4022/6023/2027
f 4024/6041/2028 4027/6044/2028 4029/6132/2028 4026/6128/2028
f 4026/6131/2029 4029/6133/2029 4028/6025/2029 4025/6024/2029
f 4027/6044/2030 4031/6047/2030 4032/6108/2030 4029/6134/2030
f 4029/6135/2031 4032/6109/2031 4030/6026/2031 4028/6025/2031
f 3989/5976/2032 4033/5973/2032 4035/6136/2032 3993/6088/2032
f 3993/6092/2033 4035/6137/2033 4034/6001/2033 3990/6000/2033
f 4033/5973/2034 4036/5956/2034 4038/6138/2034 4035/6136/2034
f 4035/6137/2035 4038/6139/2035 4037/6002/2035 4034/6001/2035
f 4036/5956/2036 4039/5955/2036 4041/6140/2036 4038/6141/2036
f 4038/6142/2037 4041/6143/2037 4040/6003/2037 4037/6002/2037
f 4039/5955/2038 4042/5960/2038 4044/6144/2038 4041/6140/2038
f 4041/6143/2039 4044/6145/2039 4043/6004/2039 4040/6003/2039
f 4042/5960/2040 4045/5963/2040 4047/6146/2040 4044/6147/2040
f 4044/6148/2041 4047/6149/2041 4046/6005/2041 4043/6004/2041
f 4045/5963/2042 4048/5965/2042 4050/6150/2042 4047/6151/2042
f 4047/6152/2043 4050/6153/2043 4049/6006/2043 4046/6005/2043
f 4048/5965/2044 4051/5968/2044 4053/6154/2044 4050/6150/2044
f 4050/6153/2045 4053/6155/2045 4052/6007/2045 4049/6006/2045
f 4051/5968/2046 4055/5971/2046 4056/6156/2046 4053/6157/2046
f 4053/6158/2047 4056/6159/2047 4054/6008/2047 4052/6007/2047
f 3987/6082/2048 3983/6048/2048 4146/6050/2048 4164/6160/2048 4165/6161/2048
f 3981/5948/2049 3987/6079/2049 4165/6162/2049 4106/5949/2049
f 4166/6163/2050 4007/6101/2050 4003/5984/2050 4127/5983/2050
f 4004/5981/2051 4007/6101/2051 4166/6163/2051 4125/5982/2051
f 3990/6000/2006 4057/5999/2006 4059/6164/2006 3994/6087/2006
f 3994/6087/2052 4059/6164/2052 4058/5952/2052 3988/5951/2052
f 4057/5999/2006 4060/5998/2006 4062/6165/2006 4059/6164/2006
f 4059/6164/2052 4062/6165/2052 4061/5985/2052 4058/5952/2052
f 4060/5998/2006 4063/5997/2006 4065/6166/2006 4062/6165/2006
f 4062/6165/2052 4065/6166/2052 4064/6060/2052 4061/5985/2052
f 4063/5997/2006 4066/5996/2006 4068/6167/2006 4065/6166/2006
f 4065/6166/2052 4068/6167/2053 4067/6058/2053 4064/6060/2052
f 4066/5996/2006 4069/5995/2006 4071/6168/2006 4068/6167/2006
f 4068/6167/2053 4071/6168/2053 4070/6056/2053 4067/6058/2053
f 4069/5995/2006 4072/5994/2006 4074/6169/2006 4071/6168/2006
f 4071/6168/2053 4074/6169/2052 4073/6054/2052 4070/6056/2053
f 4072/5994/2006 4075/5993/2006 4077/6170/2006 4074/6169/2006
f 4074/6169/2052 4077/6170/2007 4076/6052/2007 4073/6054/2052
f 4075/5993/2006 4079/5992/2006 4080/6107/2006 4077/6170/2006
f 4077/6170/2007 4080/6107/2007 4078/5947/2007 4076/6052/2007
f 4004/5981/2012 4081/5980/2012 4083/6171/2012 4008/6100/2012
f 4008/6100/2013 4083/6171/2013 4082/6010/2013 4002/6009/2013
f 4081/5980/2012 4084/6075/2012 4086/6172/2012 4083/6171/2012
f 4083/6171/2013 4086/6172/2013 4085/6011/2013 4082/6010/2013
f 4084/6075/2012 4087/6073/2012 4089/6173/2012 4086/6172/2012
f 4086/6172/2013 4089/6173/2013 4088/6012/2013 4085/6011/2013
f 4087/6073/2012 4090/6071/2012 4092/6174/2012 4089/6173/2012
f 4089/6173/2013 4092/6174/2013 4091/6013/2013 4088/6012/2013
f 4090/6071/2012 4093/6069/2012 4095/6175/2012 4092/6174/2012
f 4092/6174/2013 4095/6175/2013 4094/6014/2013 4091/6013/2013
f 4093/6069/2012 4096/6067/2012 4098/6176/2012 4095/6175/2012
f 4095/6175/2013 4098/6176/2013 4097/6015/2013 4094/6014/2013
f 4096/6067/2012 4099/6065/2012 4101/6177/2012 4098/6176/2012
f 4098/6176/2013 4101/6177/2013 4100/6016/2013 4097/6015/2013
f 4099/6065/2012 4103/6063/2012 4104/6112/2012 4101/6177/2012
f 4101/6177/2013 4104/6112/2013 4102/6017/2013 4100/6016/2013
f 4165/6178/2054 4164/6179/2054 4146/6180/2054 4145/6181/2054 4144/6182/2054 4143/6183/2054 4142/6184/2054 4141/6185/2054 4140/6186/2054 4139/6187/2054 4138/6188/2054 4137/6189/2054 4136/6190/2054 4135/6191/2054 4134/6192/2054 4133/6193/2054 4132/6194/2054 4131/6195/2054 4130/6196/2054 4129/6197/2054 4163/6198/2054 4153/6199/2054 4152/6200/2054 4154/6201/2054 4155/6202/2054 4156/6203/2054 4157/6204/2054 4158/6205/2054 4159/6206/2054 4126/6207/2054 4125/6208/2054 4166/6209/2054 4127/6210/2054 4120/6211/2054 4119/6212/2054 4118/6213/2054 4117/6214/2054 4116/6215/2054 4115/6216/2054 4114/6217/2054 4113/6218/2054 4112/6219/2054 4111/6220/2054 4109/6221/2054 4110/6222/2054 4121/6223/2054 4122/6224/2054 4123/6225/2054 4124/6226/2054 4160/6227/2054 4161/6228/2054 4162/6229/2054 4107/6230/2054 4108/6231/2054 4128/6232/2054 4151/6233/2054 4150/6234/2054 4149/6235/2054 4148/6236/2054 4147/6237/2054 4105/6238/2054 4106/6239/2054
o Cube.021
v -4.946936 -0.940844 -0.450000
v -4.897594 -0.934877 -0.500000
v -4.897830 -0.985962 -0.450000
v -4.932484 -0.937861 -0.485356
v -4.925925 -0.967188 -0.478868
v -4.896716 -0.970906 -0.485341
v -4.932553 -0.974769 -0.450000
v -4.946936 -0.040844 -0.450000
v -4.898393 0.000196 -0.450005
v -4.897594 -0.050579 -0.500000
v -4.932718 -0.008113 -0.450003
v -4.925870 -0.016388 -0.478869
v -4.896162 -0.015048 -0.485359
v -4.932484 -0.045711 -0.485356
v -4.009443 -0.939900 -0.500000
v -3.960102 -0.940845 -0.450000
v -4.009443 -0.990845 -0.450000
v -3.974553 -0.940372 -0.485356
v -3.980956 -0.969512 -0.478868
v -3.974553 -0.976395 -0.450000
v -4.009443 -0.975727 -0.485356
v -4.009443 -0.041262 -0.500000
v -4.009443 0.009155 -0.449992
v -3.960101 -0.040845 -0.450000
v -4.009443 -0.005606 -0.485346
v -3.980955 -0.012065 -0.478867
v -3.974553 -0.005489 -0.449996
v -3.974553 -0.041053 -0.485356
v -4.069750 -0.990845 -0.450000
v -4.069750 -0.939862 -0.500000
v -4.069750 -0.975912 -0.485356
v -4.179398 -0.976121 -0.451270
v -4.179398 -0.913570 -0.500000
v -4.179398 -0.953036 -0.485727
v -4.289046 -0.990844 -0.450000
v -4.289046 -0.939756 -0.500000
v -4.289046 -0.975881 -0.485356
v -4.398695 -0.981244 -0.450581
v -4.398695 -0.922418 -0.500000
v -4.398695 -0.960829 -0.485526
v -4.508343 -0.990844 -0.450000
v -4.508343 -0.939620 -0.500000
v -4.508343 -0.975841 -0.485356
v -4.617991 -0.968473 -0.452541
v -4.617991 -0.900515 -0.500000
v -4.617991 -0.941660 -0.486100
v -4.727640 -0.990845 -0.450000
v -4.727639 -0.939648 -0.500000
v -4.727640 -0.975849 -0.485356
v -4.837288 -0.928850 -0.500000
v -4.837288 -0.984826 -0.450237
v -4.837288 -0.966409 -0.485425
v -4.837288 -0.002119 -0.450790
v -4.837288 -0.061702 -0.500000
v -4.837288 -0.023284 -0.485587
v -4.727639 0.009156 -0.450006
v -4.727639 -0.041439 -0.500000
v -4.727639 -0.005663 -0.485357
v -4.617991 -0.000451 -0.450589
v -4.617991 -0.058706 -0.500000
v -4.617991 -0.020700 -0.485528
v -4.508343 0.009156 -0.450009
v -4.508343 -0.041369 -0.500000
v -4.508343 -0.005643 -0.485358
v -4.398695 0.009156 -0.450011
v -4.398695 -0.041352 -0.500000
v -4.398695 -0.005638 -0.485359
v -4.289046 -0.004150 -0.451074
v -4.289046 -0.065104 -0.500000
v -4.289046 -0.026339 -0.485670
v -4.179398 -0.001437 -0.450689
v -4.179398 -0.060345 -0.500000
v -4.179398 -0.022191 -0.485557
v -4.069750 -0.041278 -0.500000
v -4.069750 0.009156 -0.449991
v -4.069750 -0.005616 -0.485353
v -4.897594 -0.101955 -0.500000
v -4.946936 -0.101955 -0.450000
v -4.932484 -0.101955 -0.485356
v -4.897594 -0.213067 -0.500000
v -4.946936 -0.213067 -0.450000
v -4.932484 -0.213067 -0.485356
v -4.897594 -0.324177 -0.500000
v -4.946936 -0.324177 -0.450000
v -4.932484 -0.324177 -0.485356
v -4.897594 -0.435288 -0.500000
v -4.946936 -0.435288 -0.450000
v -4.932484 -0.435288 -0.485356
v -4.897594 -0.546400 -0.500000
v -4.946936 -0.546400 -0.450000
v -4.932484 -0.546400 -0.485356
v -4.897594 -0.657511 -0.500000
v -4.946936 -0.657511 -0.450000
v -4.932484 -0.657511 -0.485356
v -4.897594 -0.768622 -0.500000
v -4.946936 -0.768622 -0.450000
v -4.932484 -0.768622 -0.485356
v -4.946936 -0.879733 -0.450000
v -4.897594 -0.879733 -0.500000
v -4.932484 -0.879733 -0.485356
v -3.960101 -0.101956 -0.450000
v -4.009443 -0.101956 -0.500000
v -3.974553 -0.101956 -0.485356
v -3.960101 -0.213067 -0.450000
v -4.009443 -0.213067 -0.500000
v -3.974553 -0.213067 -0.485356
v -3.960101 -0.324178 -0.450000
v -4.009443 -0.324178 -0.500000
v -3.974553 -0.324178 -0.485356
v -3.960101 -0.435289 -0.450000
v -4.009443 -0.435289 -0.500000
v -3.974553 -0.435289 -0.485356
v -3.960101 -0.546400 -0.450000
v -4.009443 -0.546400 -0.500000
v -3.974553 -0.546400 -0.485356
v -3.960101 -0.657511 -0.450000
v -4.009443 -0.657511 -0.500000
v -3.974553 -0.657511 -0.485356
v -3.960102 -0.768622 -0.450000
v -4.009443 -0.768622 -0.500000
v -3.974553 -0.768622 -0.485356
v -4.009443 -0.879733 -0.500000
v -3.960102 -0.879733 -0.450000
v -3.974553 -0.879733 -0.485356
v -4.946936 -0.879733 -0.391766
v -4.946936 -0.940844 -0.391766
v -4.946936 -0.040844 -0.391766
v -4.946936 -0.101955 -0.391766
v -4.722526 0.008707 -0.391766
v -4.727639 0.009156 -0.391766
v -4.617991 0.008707 -0.391766
v -4.612829 0.009156 -0.391766
v -4.508343 0.009156 -0.391766
v -4.398695 0.009156 -0.391766
v -4.393621 0.008540 -0.391766
v -4.289046 0.008540 -0.391766
v -4.283941 0.008663 -0.391766
v -4.179398 0.008663 -0.391766
v -4.174234 0.009156 -0.391766
v -4.069750 0.009156 -0.391766
v -4.832126 0.009156 -0.391766
v -4.837288 0.008632 -0.391766
v -4.894791 0.008632 -0.391766
v -4.897632 0.008734 -0.391766
v -3.960101 -0.040845 -0.391766
v -3.960101 -0.101956 -0.391766
v -4.009443 0.009155 -0.391766
v -4.946936 -0.213067 -0.391766
v -4.009443 -0.990845 -0.391766
v -4.069750 -0.990845 -0.391766
v -4.074807 -0.990165 -0.391766
v -4.179398 -0.990165 -0.391766
v -4.184561 -0.990844 -0.391766
v -4.289046 -0.990844 -0.391766
v -4.294160 -0.990397 -0.391766
v -4.398695 -0.990397 -0.391766
v -4.403857 -0.990844 -0.391766
v -4.508343 -0.990844 -0.391766
v -4.513299 -0.989833 -0.391766
v -4.617991 -0.989833 -0.391766
v -4.623154 -0.990844 -0.391766
v -4.727640 -0.990845 -0.391766
v -4.732782 -0.990562 -0.391766
v -4.837288 -0.990562 -0.391766
v -4.840138 -0.990614 -0.391766
v -4.897605 -0.990614 -0.391766
v -4.946936 -0.768622 -0.391766
v -4.946936 -0.657511 -0.391766
v -4.946936 -0.546400 -0.391766
v -4.946936 -0.435289 -0.391766
v -4.946936 -0.324177 -0.391766
v -3.960102 -0.879733 -0.391766
v -3.960102 -0.940845 -0.391766
v -3.960102 -0.768622 -0.391766
v -3.960101 -0.657511 -0.391766
v -3.960101 -0.546400 -0.391766
v -3.960101 -0.435289 -0.391766
v -3.960101 -0.324178 -0.391766
v -3.960101 -0.213067 -0.391766
v -4.899248 0.008343 -0.391766
v -4.932495 -0.005612 -0.391766
v -4.933165 -0.007153 -0.391766
v -3.974553 -0.976209 -0.391766
v -4.930852 -0.976659 -0.391766
v -4.932487 -0.976132 -0.391766
v -3.974553 -0.005489 -0.391766
vn -1.0000 -0.0000 -0.0000
vn 0.0455 0.9962 -0.0743
vn -0.0454 0.9956 -0.0815
vn -0.0000 1.0000 -0.0000
vn 0.0625 0.9928 -0.1022
vn -0.0124 0.9817 -0.1902
vn -0.0500 0.9947 -0.0897
vn -0.0532 0.9940 -0.0954
vn 0.0186 0.9867 -0.1616
vn 1.0000 -0.0000 -0.0000
vn -0.0000 -1.0000 -0.0000
vn -0.0000 -0.0000 -1.0000
vn -0.0689 -0.9912 -0.1128
vn 0.0688 -0.9900 -0.1235
vn -0.0454 -0.9962 -0.0743
vn 0.0454 -0.9956 -0.0815
vn -0.1025 -0.9804 -0.1680
vn 0.1022 -0.9777 -0.1834
vn -0.0286 -0.9985 -0.0468
vn 0.0096 -0.9960 -0.0891
vn -0.8807 -0.3268 -0.3428
vn -0.2993 -0.3244 -0.8973
vn -0.2462 -0.9044 -0.3485
vn -0.8735 0.3306 -0.3574
vn -0.1746 0.9164 -0.3603
vn -0.2774 0.3285 -0.9028
vn 0.3256 -0.3213 -0.8892
vn 0.8899 -0.3195 -0.3256
vn 0.3229 -0.8850 -0.3354
vn 0.3278 0.3229 -0.8879
vn 0.3285 0.8861 -0.3271
vn 0.8903 0.3211 -0.3230
vn -0.3099 0.9465 -0.0893
vn -0.9214 0.3885 -0.0069
vn -0.3870 -0.0000 -0.9221
vn -0.9257 -0.0000 -0.3784
vn 0.0412 -0.9029 -0.4279
vn 0.0318 -0.3687 -0.9290
vn -0.0000 0.9228 -0.3854
vn -0.0000 0.3800 -0.9250
vn 0.9257 -0.0000 -0.3783
vn 0.3870 -0.0000 -0.9221
vn 0.3847 -0.9230 0.0015
vn 0.9260 -0.3774 0.0006
vn 0.0014 -0.9203 -0.3911
vn 0.0005 -0.3773 -0.9261
vn -0.1454 -0.8689 -0.4732
vn -0.0784 -0.3565 -0.9310
vn 0.1453 -0.8687 -0.4735
vn 0.0781 -0.3562 -0.9311
vn -0.0984 -0.8889 -0.4473
vn -0.0529 -0.3634 -0.9301
vn 0.0982 -0.8887 -0.4478
vn 0.0526 -0.3630 -0.9303
vn -0.2080 -0.8362 -0.5074
vn -0.1118 -0.3440 -0.9323
vn 0.2081 -0.8362 -0.5073
vn 0.1119 -0.3440 -0.9323
vn -0.0630 -0.9020 -0.4272
vn -0.0337 -0.3681 -0.9292
vn 0.0741 0.8861 -0.4575
vn 0.0574 0.3641 -0.9296
vn -0.1144 0.8839 -0.4534
vn -0.0619 0.3640 -0.9294
vn 0.0985 0.8905 -0.4443
vn 0.0533 0.3665 -0.9289
vn -0.0986 0.8906 -0.4441
vn -0.0535 0.3667 -0.9288
vn -0.0000 0.9224 -0.3861
vn -0.0000 0.3793 -0.9253
vn 0.1330 0.8762 -0.4633
vn 0.0720 0.3616 -0.9296
vn -0.0254 0.8503 -0.5257
vn -0.0137 0.3503 -0.9365
vn -0.1081 0.8871 -0.4487
vn -0.0586 0.3660 -0.9288
vn -0.3457 -0.9372 -0.0463
vn -0.9231 -0.3845 -0.0040
vn 0.3870 0.9221 -0.0000
vn 0.9257 0.3784 -0.0000
vn 0.9257 -0.0000 -0.3784
vn -0.0000 -0.0000 1.0000
vt 0.402778 0.222942
vt 0.402778 0.237500
vt 0.387500 0.237500
vt 0.387500 0.222942
vt 0.612500 0.222942
vt 0.612500 0.237500
vt 0.597222 0.237500
vt 0.597222 0.222942
vt 0.791667 0.527058
vt 0.791667 0.512353
vt 0.819444 0.512498
vt 0.819444 0.527058
vt 0.818145 0.527051
vt 0.763889 0.527058
vt 0.763889 0.512498
vt 0.790355 0.527066
vt 0.736111 0.527058
vt 0.736111 0.512497
vt 0.708333 0.527058
vt 0.708333 0.512232
vt 0.734818 0.527045
vt 0.680556 0.527058
vt 0.680556 0.512328
vt 0.707040 0.527063
vt 0.652778 0.527058
vt 0.652778 0.512502
vt 0.679243 0.527067
vt 0.847222 0.512303
vt 0.847222 0.527058
vt 0.845909 0.527068
vt 0.862611 0.512408
vt 0.862505 0.527054
vt 0.861786 0.527052
vt 0.597222 0.527058
vt 0.597222 0.512500
vt 0.612500 0.512500
vt 0.612500 0.527058
vt 0.637500 0.527058
vt 0.637500 0.512502
vt 0.569444 0.237500
vt 0.569444 0.222942
vt 0.347222 0.527058
vt 0.347222 0.512500
vt 0.362500 0.512500
vt 0.362500 0.527058
vt 0.388338 0.262500
vt 0.402778 0.262500
vt 0.430556 0.262500
vt 0.458333 0.262500
vt 0.486111 0.262500
vt 0.513889 0.262500
vt 0.541667 0.262500
vt 0.569444 0.262500
vt 0.597222 0.262500
vt 0.611275 0.262500
vt 0.609527 0.277778
vt 0.612351 0.305556
vt 0.610029 0.333333
vt 0.612369 0.361111
vt 0.612373 0.388889
vt 0.608943 0.416667
vt 0.609777 0.444444
vt 0.612392 0.472222
vt 0.612396 0.487500
vt 0.597222 0.487500
vt 0.569444 0.487500
vt 0.541667 0.487500
vt 0.513889 0.487500
vt 0.486111 0.487500
vt 0.458333 0.487500
vt 0.430556 0.487500
vt 0.402778 0.487500
vt 0.387736 0.487500
vt 0.387746 0.472222
vt 0.391705 0.444444
vt 0.387772 0.416667
vt 0.390140 0.388889
vt 0.387806 0.361111
vt 0.394767 0.333333
vt 0.387799 0.305556
vt 0.389163 0.277778
vt 0.345932 0.527042
vt 0.319444 0.527058
vt 0.319444 0.512183
vt 0.318128 0.527075
vt 0.291667 0.527058
vt 0.291667 0.512500
vt 0.290367 0.527051
vt 0.263889 0.527058
vt 0.263889 0.512355
vt 0.262577 0.527066
vt 0.236111 0.527058
vt 0.236111 0.512500
vt 0.234835 0.527021
vt 0.208333 0.527058
vt 0.208333 0.511865
vt 0.207006 0.527094
vt 0.180556 0.527058
vt 0.180556 0.512500
vt 0.179251 0.527056
vt 0.152778 0.527058
vt 0.152778 0.512441
vt 0.137467 0.512473
vt 0.152056 0.527059
vt 0.137498 0.527057
vt 0.430556 0.222942
vt 0.430556 0.237500
vt 0.458333 0.222942
vt 0.458333 0.237500
vt 0.486111 0.222942
vt 0.486111 0.237500
vt 0.513889 0.222942
vt 0.513889 0.237500
vt 0.541667 0.222942
vt 0.541667 0.237500
vt 0.387500 0.527058
vt 0.387500 0.512500
vt 0.402778 0.512500
vt 0.402778 0.527058
vt 0.430556 0.512500
vt 0.430556 0.527058
vt 0.458333 0.512500
vt 0.458333 0.527058
vt 0.486111 0.512500
vt 0.486111 0.527058
vt 0.513889 0.512500
vt 0.513889 0.527058
vt 0.541667 0.512500
vt 0.541667 0.527058
vt 0.569444 0.512500
vt 0.569444 0.527058
vt 0.388246 0.250000
vt 0.380914 0.250000
vt 0.375000 0.237500
vt 0.375000 0.263086
vt 0.375000 0.255847
vt 0.125000 0.512500
vt 0.125000 0.505283
vt 0.138086 0.500000
vt 0.625000 0.237501
vt 0.625000 0.244717
vt 0.611283 0.250000
vt 0.861483 0.500000
vt 0.868709 0.500000
vt 0.875000 0.512499
vt 0.618614 0.250000
vt 0.625000 0.263517
vt 0.387618 0.500000
vt 0.375017 0.501761
vt 0.375000 0.487500
vt 0.375000 0.512500
vt 0.362500 0.500000
vt 0.625000 0.487500
vt 0.623232 0.500000
vt 0.612448 0.500000
vt 0.625000 0.512501
vt 0.637500 0.500000
vt 0.875000 0.527058
vt 0.863061 0.527060
vt 0.624444 0.222942
vt 0.625000 0.222942
vt 0.402778 0.250000
vt 0.152778 0.500000
vt 0.375000 0.277778
vt 0.652778 0.500000
vt 0.625000 0.472222
vt 0.402778 0.500000
vt 0.375000 0.527058
vt 0.347222 0.500000
vt 0.375000 0.472222
vt 0.319444 0.500000
vt 0.346388 0.500000
vt 0.375000 0.471388
vt 0.375000 0.444444
vt 0.292503 0.500000
vt 0.375000 0.417503
vt 0.263889 0.500000
vt 0.291098 0.500000
vt 0.375000 0.416098
vt 0.375000 0.388889
vt 0.236681 0.500000
vt 0.375000 0.361681
vt 0.208333 0.500000
vt 0.234938 0.500000
vt 0.375000 0.359938
vt 0.375000 0.333333
vt 0.181728 0.500000
vt 0.375000 0.306728
vt 0.180191 0.500000
vt 0.375000 0.305191
vt 0.847222 0.500000
vt 0.625000 0.277778
vt 0.820098 0.500000
vt 0.625000 0.304902
vt 0.791667 0.500000
vt 0.818881 0.500000
vt 0.625000 0.306119
vt 0.625000 0.333333
vt 0.764451 0.500000
vt 0.625000 0.360549
vt 0.736111 0.500000
vt 0.763889 0.500000
vt 0.625000 0.361111
vt 0.625000 0.388889
vt 0.708333 0.500000
vt 0.735354 0.500000
vt 0.625000 0.389646
vt 0.625000 0.416667
vt 0.680686 0.500000
vt 0.625000 0.444314
vt 0.653393 0.500000
vt 0.680556 0.500000
vt 0.625000 0.444444
vt 0.625000 0.471607
vt 0.125571 0.527057
vt 0.125000 0.527058
vt 0.375000 0.222942
vt 0.625000 0.527058
vt 0.597222 0.250000
vt 0.569444 0.250000
vt 0.541667 0.250000
vt 0.513889 0.250000
vt 0.486111 0.250000
vt 0.458333 0.250000
vt 0.430556 0.250000
vt 0.597222 0.500000
vt 0.569444 0.500000
vt 0.541667 0.500000
vt 0.513889 0.500000
vt 0.486111 0.500000
vt 0.458333 0.500000
vt 0.430556 0.500000
vt 0.608623 0.254398
vt 0.608537 0.254367
vt 0.606784 0.253555
vt 0.603753 0.253555
vt 0.603603 0.253558
vt 0.598091 0.253558
vt 0.597820 0.253541
vt 0.592309 0.253541
vt 0.592037 0.253600
vt 0.586516 0.253600
vt 0.586254 0.253541
vt 0.580744 0.253541
vt 0.580472 0.253567
vt 0.574959 0.253567
vt 0.574689 0.253541
vt 0.569178 0.253541
vt 0.568906 0.253581
vt 0.563390 0.253581
vt 0.563124 0.253541
vt 0.559943 0.253541
vt 0.558103 0.254393
vt 0.557341 0.256451
vt 0.557341 0.260008
vt 0.557341 0.266475
vt 0.557341 0.272941
vt 0.557341 0.279408
vt 0.557341 0.285875
vt 0.557341 0.292341
vt 0.557341 0.298808
vt 0.557341 0.305275
vt 0.557341 0.308831
vt 0.558103 0.310889
vt 0.559943 0.311741
vt 0.563123 0.311741
vt 0.568634 0.311741
vt 0.568906 0.311713
vt 0.574420 0.311713
vt 0.574689 0.311705
vt 0.580204 0.311705
vt 0.580472 0.311741
vt 0.586254 0.311741
vt 0.591765 0.311741
vt 0.592037 0.311715
vt 0.597550 0.311715
vt 0.597820 0.311741
vt 0.603330 0.311741
vt 0.603603 0.311711
vt 0.606635 0.311711
vt 0.606785 0.311717
vt 0.606870 0.311694
vt 0.608624 0.310882
vt 0.608659 0.310792
vt 0.609385 0.308831
vt 0.609385 0.305275
vt 0.609385 0.298808
vt 0.609385 0.292341
vt 0.609385 0.285875
vt 0.609385 0.279408
vt 0.609385 0.272941
vt 0.609385 0.266475
vt 0.609385 0.260008
vt 0.609385 0.256451
s 1
usemtl Material.002
f 4291/6240/2055 4264/6241/2055 4167/6242/2055 4292/6243/2055
f 4293/6244/2055 4174/6245/2055 4244/6246/2055 4294/6247/2055
f 4297/6248/2056 4225/6249/2056 4222/6250/2056 4296/6251/2056 4295/6252/2056
f 4299/6253/2057 4228/6254/2057 4225/6249/2057 4297/6248/2057 4298/6255/2057
f 4300/6256/2058 4231/6257/2058 4228/6254/2058 4299/6253/2058
f 4302/6258/2059 4234/6259/2059 4231/6257/2059 4300/6256/2059 4301/6260/2059
f 4304/6261/2060 4237/6262/2060 4234/6259/2060 4302/6258/2060 4303/6263/2060
f 4306/6264/2061 4241/6265/2061 4237/6262/2061 4304/6261/2061 4305/6266/2061
f 4296/6251/2062 4222/6250/2062 4219/6267/2062 4308/6268/2062 4307/6269/2062
f 4308/6268/2063 4219/6267/2063 4175/6270/2063 4310/6271/2063 4309/6272/2063
f 4312/6273/2064 4267/6274/2064 4190/6275/2064 4311/6276/2064
f 4313/6277/2058 4189/6278/2058 4241/6265/2058 4306/6264/2058
f 4294/6247/2055 4244/6246/2055 4247/6279/2055 4314/6280/2055
f 4316/6281/2065 4195/6282/2065 4183/6283/2065 4315/6284/2065
f 4168/6285/2066 4265/6286/2066 4261/6287/2066 4258/6288/2066 4255/6289/2066 4252/6290/2066 4249/6291/2066 4246/6292/2066 4243/6293/2066 4176/6294/2066 4220/6295/2066 4223/6296/2066 4226/6297/2066 4229/6298/2066 4232/6299/2066 4235/6300/2066 4238/6301/2066 4240/6302/2066 4188/6303/2066 4268/6304/2066 4271/6305/2066 4274/6306/2066 4277/6307/2066 4280/6308/2066 4283/6309/2066 4286/6310/2066 4288/6311/2066 4181/6312/2066 4196/6313/2066 4199/6314/2066 4202/6315/2066 4205/6316/2066 4208/6317/2066 4211/6318/2066 4214/6319/2066 4216/6320/2066
f 4317/6321/2067 4318/6322/2067 4198/6323/2067 4195/6282/2067 4316/6281/2067
f 4319/6324/2068 4320/6325/2068 4201/6326/2068 4198/6323/2068 4318/6322/2068
f 4321/6327/2069 4322/6328/2069 4204/6329/2069 4201/6326/2069 4320/6325/2069
f 4323/6330/2070 4324/6331/2070 4207/6332/2070 4204/6329/2070 4322/6328/2070
f 4325/6333/2071 4326/6334/2071 4210/6335/2071 4207/6332/2071 4324/6331/2071
f 4327/6336/2072 4328/6337/2072 4213/6338/2072 4210/6335/2072 4326/6334/2072
f 4329/6339/2073 4330/6340/2073 4217/6341/2073 4213/6338/2073 4328/6337/2073
f 4169/6342/2074 4217/6341/2074 4330/6340/2074 4331/6343/2074 4332/6344/2074
f 4333/6345/2055 4262/6346/2055 4264/6241/2055 4291/6240/2055
f 4334/6347/2055 4259/6348/2055 4262/6346/2055 4333/6345/2055
f 4335/6349/2055 4256/6350/2055 4259/6348/2055 4334/6347/2055
f 4336/6351/2055 4253/6352/2055 4256/6350/2055 4335/6349/2055
f 4337/6353/2055 4250/6354/2055 4253/6352/2055 4336/6351/2055
f 4314/6280/2055 4247/6279/2055 4250/6354/2055 4337/6353/2055
f 4339/6355/2064 4182/6356/2064 4289/6357/2064 4338/6358/2064
f 4338/6358/2064 4289/6357/2064 4285/6359/2064 4340/6360/2064
f 4340/6360/2064 4285/6359/2064 4282/6361/2064 4341/6362/2064
f 4341/6362/2064 4282/6361/2064 4279/6363/2064 4342/6364/2064
f 4342/6364/2064 4279/6363/2064 4276/6365/2064 4343/6366/2064
f 4343/6366/2064 4276/6365/2064 4273/6367/2064 4344/6368/2064
f 4344/6368/2064 4273/6367/2064 4270/6369/2064 4345/6370/2064
f 4345/6370/2064 4270/6369/2064 4267/6274/2064 4312/6273/2064
f 4167/6242/2075 4170/6371/2075 4171/6372/2075 4173/6373/2075
f 4168/6285/2076 4172/6374/2076 4171/6375/2076 4170/6371/2076
f 4169/6342/2077 4173/6376/2077 4171/6377/2077 4172/6378/2077
f 4174/6245/2078 4177/6379/2078 4178/6380/2078 4180/6381/2078
f 4175/6270/2079 4179/6382/2079 4178/6383/2079 4177/6384/2079
f 4176/6294/2080 4180/6381/2080 4178/6385/2080 4179/6386/2080
f 4181/6312/2081 4184/6387/2081 4185/6388/2081 4187/6389/2081
f 4182/6356/2082 4186/6390/2082 4185/6388/2082 4184/6387/2082
f 4183/6283/2083 4187/6391/2083 4185/6388/2083 4186/6390/2083
f 4188/6303/2084 4191/6392/2084 4192/6393/2084 4194/6394/2084
f 4189/6278/2085 4193/6395/2085 4192/6393/2085 4191/6396/2085
f 4190/6275/2086 4194/6394/2086 4192/6393/2086 4193/6395/2086
f 4310/6271/2087 4175/6270/2087 4177/6384/2087 4347/6397/2087 4346/6398/2087
f 4177/6379/2088 4174/6245/2088 4293/6244/2088 4348/6399/2088 4347/6400/2088
f 4265/6286/2089 4168/6285/2089 4170/6371/2089 4266/6401/2089
f 4266/6401/2090 4170/6371/2090 4167/6242/2090 4264/6241/2090
f 4217/6341/2091 4169/6342/2091 4172/6378/2091 4218/6402/2091
f 4218/6403/2092 4172/6374/2092 4168/6285/2092 4216/6320/2092
f 4241/6265/2093 4189/6278/2093 4191/6396/2093 4242/6404/2093
f 4242/6405/2094 4191/6392/2094 4188/6303/2094 4240/6302/2094
f 4289/6357/2095 4182/6356/2095 4184/6387/2095 4290/6406/2095
f 4290/6406/2096 4184/6387/2096 4181/6312/2096 4288/6311/2096
f 4315/6284/2097 4183/6283/2097 4186/6390/2097 4349/6407/2097
f 4186/6390/2098 4182/6356/2098 4339/6355/2098 4349/6407/2098
f 4183/6283/2099 4195/6282/2099 4197/6408/2099 4187/6391/2099
f 4187/6389/2100 4197/6409/2100 4196/6313/2100 4181/6312/2100
f 4195/6282/2101 4198/6323/2101 4200/6410/2101 4197/6411/2101
f 4197/6412/2102 4200/6413/2102 4199/6314/2102 4196/6313/2102
f 4198/6323/2103 4201/6326/2103 4203/6414/2103 4200/6410/2103
f 4200/6413/2104 4203/6415/2104 4202/6315/2104 4199/6314/2104
f 4201/6326/2105 4204/6329/2105 4206/6416/2105 4203/6417/2105
f 4203/6418/2106 4206/6419/2106 4205/6316/2106 4202/6315/2106
f 4204/6329/2107 4207/6332/2107 4209/6420/2107 4206/6416/2107
f 4206/6419/2108 4209/6421/2108 4208/6317/2108 4205/6316/2108
f 4207/6332/2109 4210/6335/2109 4212/6422/2109 4209/6423/2109
f 4209/6424/2110 4212/6425/2110 4211/6318/2110 4208/6317/2110
f 4210/6335/2111 4213/6338/2111 4215/6426/2111 4212/6422/2111
f 4212/6425/2112 4215/6427/2112 4214/6319/2112 4211/6318/2112
f 4213/6338/2113 4217/6341/2113 4218/6402/2113 4215/6428/2113
f 4215/6429/2114 4218/6403/2114 4216/6320/2114 4214/6319/2114
f 4175/6270/2115 4219/6267/2115 4221/6430/2115 4179/6382/2115
f 4179/6386/2116 4221/6431/2116 4220/6295/2116 4176/6294/2116
f 4219/6267/2117 4222/6250/2117 4224/6432/2117 4221/6430/2117
f 4221/6431/2118 4224/6433/2118 4223/6296/2118 4220/6295/2118
f 4222/6250/2119 4225/6249/2119 4227/6434/2119 4224/6435/2119
f 4224/6436/2120 4227/6437/2120 4226/6297/2120 4223/6296/2120
f 4225/6249/2121 4228/6254/2121 4230/6438/2121 4227/6434/2121
f 4227/6437/2122 4230/6439/2122 4229/6298/2122 4226/6297/2122
f 4228/6254/2123 4231/6257/2123 4233/6440/2123 4230/6441/2123
f 4230/6442/2124 4233/6443/2124 4232/6299/2124 4229/6298/2124
f 4231/6257/2125 4234/6259/2125 4236/6444/2125 4233/6445/2125
f 4233/6446/2126 4236/6447/2126 4235/6300/2126 4232/6299/2126
f 4234/6259/2127 4237/6262/2127 4239/6448/2127 4236/6444/2127
f 4236/6447/2128 4239/6449/2128 4238/6301/2128 4235/6300/2128
f 4237/6262/2129 4241/6265/2129 4242/6450/2129 4239/6451/2129
f 4239/6452/2130 4242/6453/2130 4240/6302/2130 4238/6301/2130
f 4173/6376/2131 4169/6342/2131 4332/6344/2131 4350/6454/2131 4351/6455/2131
f 4167/6242/2132 4173/6373/2132 4351/6456/2132 4292/6243/2132
f 4352/6457/2133 4193/6395/2133 4189/6278/2133 4313/6277/2133
f 4190/6275/2134 4193/6395/2134 4352/6457/2134 4311/6276/2134
f 4176/6294/2089 4243/6293/2089 4245/6458/2089 4180/6381/2089
f 4180/6381/2090 4245/6458/2090 4244/6246/2090 4174/6245/2090
f 4243/6293/2089 4246/6292/2089 4248/6459/2089 4245/6458/2089
f 4245/6458/2090 4248/6459/2090 4247/6279/2090 4244/6246/2090
f 4246/6292/2089 4249/6291/2089 4251/6460/2089 4248/6459/2089
f 4248/6459/2090 4251/6460/2090 4250/6354/2090 4247/6279/2090
f 4249/6291/2089 4252/6290/2089 4254/6461/2089 4251/6460/2089
f 4251/6460/2090 4254/6461/2090 4253/6352/2090 4250/6354/2090
f 4252/6290/2089 4255/6289/2089 4257/6462/2089 4254/6461/2089
f 4254/6461/2090 4257/6462/2090 4256/6350/2090 4253/6352/2090
f 4255/6289/2089 4258/6288/2089 4260/6463/2089 4257/6462/2089
f 4257/6462/2090 4260/6463/2090 4259/6348/2090 4256/6350/2090
f 4258/6288/2089 4261/6287/2089 4263/6464/2089 4260/6463/2089
f 4260/6463/2090 4263/6464/2090 4262/6346/2090 4259/6348/2090
f 4261/6287/2089 4265/6286/2089 4266/6401/2089 4263/6464/2089
f 4263/6464/2090 4266/6401/2090 4264/6241/2090 4262/6346/2090
f 4190/6275/2135 4267/6274/2135 4269/6465/2135 4194/6394/2135
f 4194/6394/2096 4269/6465/2096 4268/6304/2096 4188/6303/2096
f 4267/6274/2135 4270/6369/2135 4272/6466/2135 4269/6465/2135
f 4269/6465/2096 4272/6466/2096 4271/6305/2096 4268/6304/2096
f 4270/6369/2135 4273/6367/2135 4275/6467/2135 4272/6466/2135
f 4272/6466/2096 4275/6467/2096 4274/6306/2096 4271/6305/2096
f 4273/6367/2135 4276/6365/2135 4278/6468/2135 4275/6467/2135
f 4275/6467/2096 4278/6468/2096 4277/6307/2096 4274/6306/2096
f 4276/6365/2135 4279/6363/2135 4281/6469/2135 4278/6468/2135
f 4278/6468/2096 4281/6469/2096 4280/6308/2096 4277/6307/2096
f 4279/6363/2135 4282/6361/2135 4284/6470/2135 4281/6469/2135
f 4281/6469/2096 4284/6470/2096 4283/6309/2096 4280/6308/2096
f 4282/6361/2135 4285/6359/2135 4287/6471/2135 4284/6470/2135
f 4284/6470/2096 4287/6471/2096 4286/6310/2096 4283/6309/2096
f 4285/6359/2135 4289/6357/2095 4290/6406/2095 4287/6471/2135
f 4287/6471/2096 4290/6406/2096 4288/6311/2096 4286/6310/2096
f 4351/6472/2136 4350/6473/2136 4332/6474/2136 4331/6475/2136 4330/6476/2136 4329/6477/2136 4328/6478/2136 4327/6479/2136 4326/6480/2136 4325/6481/2136 4324/6482/2136 4323/6483/2136 4322/6484/2136 4321/6485/2136 4320/6486/2136 4319/6487/2136 4318/6488/2136 4317/6489/2136 4316/6490/2136 4315/6491/2136 4349/6492/2136 4339/6493/2136 4338/6494/2136 4340/6495/2136 4341/6496/2136 4342/6497/2136 4343/6498/2136 4344/6499/2136 4345/6500/2136 4312/6501/2136 4311/6502/2136 4352/6503/2136 4313/6504/2136 4306/6505/2136 4305/6506/2136 4304/6507/2136 4303/6508/2136 4302/6509/2136 4301/6510/2136 4300/6511/2136 4299/6512/2136 4298/6513/2136 4297/6514/2136 4295/6515/2136 4296/6516/2136 4307/6517/2136 4308/6518/2136 4309/6519/2136 4310/6520/2136 4346/6521/2136 4347/6522/2136 4348/6523/2136 4293/6524/2136 4294/6525/2136 4314/6526/2136 4337/6527/2136 4336/6528/2136 4335/6529/2136 4334/6530/2136 4333/6531/2136 4291/6532/2136 4292/6533/2136
o Plane
v 5.000000 -2.150000 -0.401378
v -5.000000 -2.150000 -0.401374
v 5.000000 2.150000 -0.401378
v -5.000000 2.150000 -0.401374
vn -0.0000 -0.0000 -1.0000
vt 0.000000 0.000000
vt 1.000000 0.000000
vt 1.000000 1.000000
vt 0.000000 1.000000
s 0
usemtl Material.001
f 4353/6534/2137 4354/6535/2137 4356/6536/2137 4355/6537/2137
